name,position,team,element,fixture,GW,kickoff_time,was_home,opponent_team,minutes,starts,total_points,goals_scored,assists,clean_sheets,goals_conceded,own_goals,penalties_saved,penalties_missed,yellow_cards,red_cards,saves,bonus,bps,value,selected,transfers_in,transfers_out,expected_goals,expected_assists,expected_goals_conceded,influence,creativity,threat,xP
Alex Scott,MID,Bournemouth,77,6,1,2024-08-17T14:00:00Z,False,16,62,1,2,0,0,0,1,0,0,0,0,0,0,0,11,50,4339,0,0,0.0,0.01,1.02,22.8,12.8,0.0,1.6
Carlos Miguel dos Santos Pereira,GK,Nott'm Forest,427,6,1,2024-08-17T14:00:00Z,True,3,0,0,0,0,0,0,0,0,0,0,0,0,0,0,0,45,33324,0,0,0.0,0.0,0.0,0.0,0.0,0.0,2.2
Tomiyasu Takehiro,DEF,Arsenal,22,2,1,2024-08-17T14:00:00Z,True,20,0,0,0,0,0,0,0,0,0,0,0,0,0,0,0,50,8462,0,0,0.0,0.0,0.0,0.0,0.0,0.0,0.0
Malcolm Ebiowei,MID,Crystal Palace,197,8,1,2024-08-18T13:00:00Z,False,4,0,0,0,0,0,0,0,0,0,0,0,0,0,0,0,45,716,0,0,0.0,0.0,0.0,0.0,0.0,0.0,0.0
Ben Brereton Díaz,MID,Southampton,584,5,1,2024-08-17T14:00:00Z,False,15,70,1,1,0,0,0,1,0,0,0,1,0,0,0,-2,55,66244,0,0,0.3,0.02,0.25,2.6,14.0,16.0,1.0
Pau Torres,DEF,Aston Villa,52,7,1,2024-08-17T16:30:00Z,False,19,90,1,2,0,0,0,1,0,0,0,0,0,0,0,17,45,122710,0,0,0.0,0.01,2.46,29.2,1.9,0.0,1.9
Joel Ward,DEF,Crystal Palace,215,8,1,2024-08-18T13:00:00Z,False,4,0,0,0,0,0,0,0,0,0,0,0,0,0,0,0,45,12469,0,0,0.0,0.0,0.0,0.0,0.0,0.0,1.9
Will Lankshear,FWD,Spurs,609,10,1,2024-08-19T19:00:00Z,False,11,0,0,0,0,0,0,0,0,0,0,0,0,0,0,0,45,17747,0,0,0.0,0.0,0.0,0.0,0.0,0.0,1.5
Hwang Hee-chan,MID,Wolves,550,2,1,2024-08-17T14:00:00Z,False,1,90,1,2,0,0,0,2,0,0,0,0,0,0,0,14,65,83019,0,0,0.0,0.11,1.24,6.0,16.3,4.0,1.3
Mikey Moore,MID,Spurs,610,10,1,2024-08-19T19:00:00Z,False,11,0,0,0,0,0,0,0,0,0,0,0,0,0,0,0,45,8413,0,0,0.0,0.0,0.0,0.0,0.0,0.0,1.5
Hákon Valdimarsson,GK,Brentford,109,8,1,2024-08-18T13:00:00Z,True,7,0,0,0,0,0,0,0,0,0,0,0,0,0,0,0,40,372148,0,0,0.0,0.0,0.0,0.0,0.0,0.0,1.0
Alex Paulsen,GK,Bournemouth,75,6,1,2024-08-17T14:00:00Z,False,16,0,0,0,0,0,0,0,0,0,0,0,0,0,0,0,40,5098,0,0,0.0,0.0,0.0,0.0,0.0,0.0,0.0
João Victor Gomes da Silva,MID,Wolves,553,2,1,2024-08-17T14:00:00Z,False,1,83,1,1,0,0,0,2,0,0,0,1,0,0,0,11,50,11511,0,0,0.0,0.02,1.24,8.6,3.2,0.0,0.6
Cole Palmer,MID,Chelsea,182,9,1,2024-08-18T15:30:00Z,True,13,90,1,2,0,0,0,2,0,0,0,0,0,0,0,18,105,3210033,0,0,0.07,0.19,0.77,20.4,37.8,10.0,2.4
Mitoma Kaoru,MID,Brighton,136,3,1,2024-08-17T14:00:00Z,False,8,88,1,8,1,0,1,0,0,0,0,0,0,0,0,27,65,164023,0,0,0.97,0.04,0.45,48.2,4.1,80.0,2.3
Boubakary Soumaré,MID,Leicester,285,10,1,2024-08-19T19:00:00Z,True,18,11,0,1,0,0,0,0,0,0,0,0,0,0,0,3,45,17951,0,0,0.0,0.0,0.25,0.2,0.3,0.0,0.5
Chris Wood,FWD,Nott'm Forest,447,6,1,2024-08-17T14:00:00Z,True,3,71,1,9,1,0,1,0,0,0,0,0,0,0,3,30,60,482451,0,0,0.71,0.02,0.63,32.2,5.7,21.0,2.0
Joe Worrall,DEF,Nott'm Forest,448,6,1,2024-08-17T14:00:00Z,True,3,0,0,0,0,0,0,0,0,0,0,0,0,0,0,0,45,5973,0,0,0.0,0.0,0.0,0.0,0.0,0.0,1.9
Jeffrey Schlupp,MID,Crystal Palace,214,8,1,2024-08-18T13:00:00Z,False,4,0,0,0,0,0,0,0,0,0,0,0,0,0,0,0,50,9877,0,0,0.0,0.0,0.0,0.0,0.0,0.0,1.6
Milos Kerkez,DEF,Bournemouth,70,6,1,2024-08-17T14:00:00Z,False,16,90,1,1,0,0,0,1,0,0,0,1,0,0,0,5,45,40065,0,0,0.0,0.01,1.3,12.0,12.7,2.0,1.9
Adrian Mazilu,MID,Brighton,133,3,1,2024-08-17T14:00:00Z,False,8,0,0,0,0,0,0,0,0,0,0,0,0,0,0,0,45,3835,0,0,0.0,0.0,0.0,0.0,0.0,0.0,1.0
Jason Steele,GK,Brighton,142,3,1,2024-08-17T14:00:00Z,False,8,90,1,7,0,0,1,0,0,0,0,0,0,1,1,31,45,49675,0,0,0.0,0.0,0.45,18.6,0.0,0.0,2.2
Arijanet Muric,GK,Ipswich,568,4,1,2024-08-17T11:30:00Z,True,12,0,0,0,0,0,0,0,0,0,0,0,0,0,0,0,45,39121,0,0,0.0,0.0,0.0,0.0,0.0,0.0,1.2
Carl Rushworth,GK,Brighton,615,3,1,2024-08-17T14:00:00Z,False,8,0,0,0,0,0,0,0,0,0,0,0,0,0,0,0,40,0,0,0,0.0,0.0,0.0,0.0,0.0,0.0,1.0
Ibrahim Sangaré,MID,Nott'm Forest,442,6,1,2024-08-17T14:00:00Z,True,3,90,1,2,0,0,0,1,0,0,0,0,0,0,0,13,45,185141,0,0,0.0,0.01,1.22,14.8,2.5,4.0,1.0
Hannibal Mejbri,MID,Man Utd,373,1,1,2024-08-16T19:00:00Z,True,9,0,0,0,0,0,0,0,0,0,0,0,0,0,0,0,45,11598,0,0,0.0,0.0,0.0,0.0,0.0,0.0,1.0
Brandon Austin,GK,Spurs,479,10,1,2024-08-19T19:00:00Z,False,11,0,0,0,0,0,0,0,0,0,0,0,0,0,0,0,40,33843,0,0,0.0,0.0,0.0,0.0,0.0,0.0,1.5
Conor Coady,DEF,Leicester,288,10,1,2024-08-19T19:00:00Z,True,18,0,0,0,0,0,0,0,0,0,0,0,0,0,0,0,40,24580,0,0,0.0,0.0,0.0,0.0,0.0,0.0,0.0
Wes Foderingham,GK,West Ham,522,7,1,2024-08-17T16:30:00Z,True,2,0,0,0,0,0,0,0,0,0,0,0,0,0,0,0,45,14365,0,0,0.0,0.0,0.0,0.0,0.0,0.0,2.2
Armando Broja,FWD,Chelsea,156,9,1,2024-08-18T15:30:00Z,True,13,0,0,0,0,0,0,0,0,0,0,0,0,0,0,0,55,7671,0,0,0.0,0.0,0.0,0.0,0.0,0.0,0.7
Adam Webster,DEF,Brighton,147,3,1,2024-08-17T14:00:00Z,False,8,14,0,1,0,0,0,0,0,0,0,0,0,0,0,9,45,9097,0,0,0.0,0.02,0.0,5.6,0.7,2.0,1.9
Thomas Partey,MID,Arsenal,20,2,1,2024-08-17T14:00:00Z,True,20,90,1,3,0,0,1,0,0,0,0,0,0,0,0,16,50,6975,0,0,0.06,0.06,0.47,14.4,43.6,1.0,2.6
Harry Wilson,MID,Fulham,259,1,1,2024-08-16T19:00:00Z,False,14,12,0,1,0,0,0,1,0,0,0,0,0,0,0,4,55,16297,0,0,0.0,0.01,0.87,0.2,3.9,4.0,2.0
Kasey McAteer,MID,Leicester,299,10,1,2024-08-19T19:00:00Z,True,18,4,0,1,0,0,0,0,0,0,0,0,0,0,0,3,50,3846,0,0,0.02,0.0,0.19,4.2,0.1,4.0,1.1
Curtis Jones,MID,Liverpool,324,4,1,2024-08-17T11:30:00Z,False,10,0,0,0,0,0,0,0,0,0,0,0,0,0,0,0,55,9756,0,0,0.0,0.0,0.0,0.0,0.0,0.0,3.0
Wes Burns,MID,Ipswich,264,4,1,2024-08-17T11:30:00Z,True,12,56,1,0,0,0,0,0,0,0,0,1,0,0,0,-2,50,8811,0,0,0.0,0.0,0.46,0.0,1.8,2.0,0.6
Yunus Emre Konak,MID,Brentford,97,8,1,2024-08-18T13:00:00Z,True,7,0,0,0,0,0,0,0,0,0,0,0,0,0,0,0,45,5009,0,0,0.0,0.0,0.0,0.0,0.0,0.0,1.0
Max Kilman,DEF,West Ham,524,7,1,2024-08-17T16:30:00Z,True,2,90,1,1,0,0,0,2,0,0,0,0,0,0,0,9,45,73980,0,0,0.0,0.07,2.03,31.2,11.3,2.0,1.9
Deniz Undav,FWD,Brighton,143,3,1,2024-08-17T14:00:00Z,False,8,0,0,0,0,0,0,0,0,0,0,0,0,0,0,0,55,1930,0,0,0.0,0.0,0.0,0.0,0.0,0.0,0.0
Alex Murphy,DEF,Newcastle,390,5,1,2024-08-17T14:00:00Z,True,17,0,0,0,0,0,0,0,0,0,0,0,0,0,0,0,40,69252,0,0,0.0,0.0,0.0,0.0,0.0,0.0,2.0
George Edmundson,DEF,Ipswich,269,4,1,2024-08-17T11:30:00Z,True,12,0,0,0,0,0,0,0,0,0,0,0,0,0,0,0,40,15461,0,0,0.0,0.0,0.0,0.0,0.0,0.0,0.0
Sávio 'Savinho' Moreira de Oliveira,MID,Man City,571,9,1,2024-08-18T15:30:00Z,False,6,45,1,1,0,0,0,0,0,0,0,0,0,0,0,8,65,37980,0,0,0.0,0.16,0.3,11.6,36.4,4.0,3.3
Emerson Palmieri dos Santos,DEF,West Ham,520,7,1,2024-08-17T16:30:00Z,True,2,90,1,1,0,0,0,2,0,0,0,0,0,0,0,5,45,60284,0,0,0.04,0.02,2.03,6.6,2.5,17.0,1.9
Abdoulaye Doucouré,MID,Everton,217,3,1,2024-08-17T14:00:00Z,True,5,62,1,2,0,0,0,2,0,0,0,0,0,0,0,2,55,46194,0,0,0.14,0.01,1.13,2.4,3.2,5.0,2.0
José Malheiro de Sá,GK,Wolves,554,2,1,2024-08-17T14:00:00Z,False,1,90,1,2,0,0,0,2,0,0,0,0,0,4,0,10,45,205429,0,0,0.0,0.0,1.24,31.2,0.0,0.0,1.2
Alexander Isak,FWD,Newcastle,401,5,1,2024-08-17T14:00:00Z,True,17,90,1,5,0,1,1,0,0,0,0,0,0,0,0,22,85,5199017,0,0,0.0,0.08,1.77,25.6,10.8,6.0,3.6
Yves Bissouma,MID,Spurs,482,10,1,2024-08-19T19:00:00Z,False,11,0,0,0,0,0,0,0,0,0,0,0,0,0,0,0,50,10961,0,0,0.0,0.0,0.0,0.0,0.0,0.0,0.0
Conor Gallagher,MID,Chelsea,169,9,1,2024-08-18T15:30:00Z,True,13,0,0,0,0,0,0,0,0,0,0,0,0,0,0,0,60,80385,0,0,0.0,0.0,0.0,0.0,0.0,0.0,1.2
Philip Billing,MID,Bournemouth,76,6,1,2024-08-17T14:00:00Z,False,16,6,0,1,0,0,0,0,0,0,0,0,0,0,0,1,50,6497,0,0,0.0,0.0,0.26,2.0,0.0,2.0,1.6
Gonçalo Manuel Ganchinho Guedes,MID,Wolves,548,2,1,2024-08-17T14:00:00Z,False,1,0,0,0,0,0,0,0,0,0,0,0,0,0,0,0,55,7971,0,0,0.0,0.0,0.0,0.0,0.0,0.0,1.0
Brajan Gruda,MID,Brighton,595,3,1,2024-08-17T14:00:00Z,False,8,0,0,0,0,0,0,0,0,0,0,0,0,0,0,0,55,2682,0,0,0.0,0.0,0.0,0.0,0.0,0.0,2.0
Rodrigo 'Rodri' Hernandez,MID,Man City,360,9,1,2024-08-18T15:30:00Z,False,6,0,0,0,0,0,0,0,0,0,0,0,0,0,0,0,65,443257,0,0,0.0,0.0,0.0,0.0,0.0,0.0,0.0
Đorđe Petrović,GK,Chelsea,183,9,1,2024-08-18T15:30:00Z,True,13,0,0,0,0,0,0,0,0,0,0,0,0,0,0,0,45,70701,0,0,0.0,0.0,0.0,0.0,0.0,0.0,1.2
Craig Dawson,DEF,Wolves,542,2,1,2024-08-17T14:00:00Z,False,1,6,0,1,0,0,0,0,0,0,0,0,0,0,0,2,45,16382,0,0,0.0,0.0,0.0,2.4,0.0,0.0,0.9
Jordan Ayew,MID,Crystal Palace,192,8,1,2024-08-18T13:00:00Z,False,4,20,0,0,0,0,0,1,0,0,0,1,0,0,0,-5,55,40324,0,0,0.46,0.01,0.95,0.2,12.8,7.0,2.0
Marcos Senesi,DEF,Bournemouth,79,6,1,2024-08-17T14:00:00Z,False,16,0,0,0,0,0,0,0,0,0,0,0,0,0,0,0,50,91548,0,0,0.0,0.0,0.0,0.0,0.0,0.0,2.4
Kiernan Dewsbury-Hall,MID,Chelsea,166,9,1,2024-08-18T15:30:00Z,True,13,24,0,1,0,0,0,1,0,0,0,0,0,0,0,4,60,23669,0,0,0.0,0.01,0.11,2.0,1.6,0.0,1.2
Kaine Kesler-Hayden,DEF,Aston Villa,43,7,1,2024-08-17T16:30:00Z,False,19,0,0,0,0,0,0,0,0,0,0,0,0,0,0,0,40,2538,0,0,0.0,0.0,0.0,0.0,0.0,0.0,0.0
João Cavaco Cancelo,DEF,Man City,353,9,1,2024-08-18T15:30:00Z,False,6,0,0,0,0,0,0,0,0,0,0,0,0,0,0,0,55,76789,0,0,0.0,0.0,0.0,0.0,0.0,0.0,3.8
Maxwel Cornet,MID,West Ham,515,7,1,2024-08-17T16:30:00Z,True,2,0,0,0,0,0,0,0,0,0,0,0,0,0,0,0,50,2853,0,0,0.0,0.0,0.0,0.0,0.0,0.0,1.6
Jefferson Lerma Solís,MID,Crystal Palace,206,8,1,2024-08-18T13:00:00Z,False,4,16,0,1,0,0,0,1,0,0,0,0,0,0,0,7,50,5376,0,0,0.0,0.32,0.95,3.4,14.4,0.0,1.6
Jannik Vestergaard,DEF,Leicester,307,10,1,2024-08-19T19:00:00Z,True,18,90,1,2,0,0,0,1,0,0,0,0,0,0,0,6,40,145212,0,0,0.0,0.0,1.23,15.8,0.3,0.0,0.5
Luke Thomas,DEF,Leicester,305,10,1,2024-08-19T19:00:00Z,True,18,0,0,0,0,0,0,0,0,0,0,0,0,0,0,0,40,51407,0,0,0.0,0.0,0.0,0.0,0.0,0.0,0.5
Bruno Borges Fernandes,MID,Man Utd,366,1,1,2024-08-16T19:00:00Z,True,9,90,1,3,0,0,1,0,0,0,0,0,0,0,0,10,85,1728175,0,0,1.19,0.03,0.44,15.0,8.3,49.0,2.9
Adam Smith,DEF,Bournemouth,81,6,1,2024-08-17T14:00:00Z,False,16,62,1,2,0,0,0,1,0,0,0,0,0,0,0,8,45,14466,0,0,0.0,0.01,1.02,7.8,4.5,0.0,1.9
Miodrag Pivaš,DEF,Newcastle,574,5,1,2024-08-17T14:00:00Z,True,17,0,0,0,0,0,0,0,0,0,0,0,0,0,0,0,40,10005,0,0,0.0,0.0,0.0,0.0,0.0,0.0,2.0
Billy Gilmour,MID,Brighton,124,3,1,2024-08-17T14:00:00Z,False,8,8,0,1,0,0,0,0,0,0,0,0,0,0,0,4,50,14848,0,0,0.0,0.0,0.0,0.4,7.6,0.0,1.6
Rasmus Højlund,FWD,Man Utd,375,1,1,2024-08-16T19:00:00Z,True,9,0,0,0,0,0,0,0,0,0,0,0,0,0,0,0,70,63276,0,0,0.0,0.0,0.0,0.0,0.0,0.0,0.0
Callum Wilson,FWD,Newcastle,421,5,1,2024-08-17T14:00:00Z,True,17,0,0,0,0,0,0,0,0,0,0,0,0,0,0,0,70,8597,0,0,0.0,0.0,0.0,0.0,0.0,0.0,0.0
Crysencio Summerville,MID,West Ham,587,7,1,2024-08-17T16:30:00Z,True,2,17,0,1,0,0,0,1,0,0,0,0,0,0,0,9,60,86458,0,0,0.0,0.17,0.27,8.2,29.4,6.0,2.2
Jesurun Rak-Sakyi,MID,Crystal Palace,213,8,1,2024-08-18T13:00:00Z,False,4,0,0,0,0,0,0,0,0,0,0,0,0,0,0,0,45,20807,0,0,0.0,0.0,0.0,0.0,0.0,0.0,1.0
Oliver Skipp,MID,Spurs,501,10,1,2024-08-19T19:00:00Z,False,11,0,0,0,0,0,0,0,0,0,0,0,0,0,0,0,50,3601,0,0,0.0,0.0,0.0,0.0,0.0,0.0,2.1
Tomáš Souček,MID,West Ham,530,7,1,2024-08-17T16:30:00Z,True,2,90,1,5,0,1,0,2,0,0,0,0,0,0,0,8,50,210697,0,0,1.1,0.12,2.03,3.4,20.8,35.0,1.6
Taylor Harwood-Bellis,DEF,Southampton,461,5,1,2024-08-17T14:00:00Z,False,15,90,1,1,0,0,0,1,0,0,0,1,0,0,0,6,40,934150,0,0,0.0,0.02,0.25,17.6,14.0,6.0,0.0
Alphonse Areola,GK,West Ham,513,7,1,2024-08-17T16:30:00Z,True,2,90,1,1,0,0,0,2,0,0,0,0,0,1,0,5,45,858916,0,0,0.0,0.0,2.03,10.0,0.0,0.0,2.2
Lisandro Martínez,DEF,Man Utd,380,1,1,2024-08-16T19:00:00Z,True,9,90,1,7,0,0,1,0,0,0,0,0,0,0,1,26,45,403535,0,0,0.0,0.02,0.44,19.4,11.9,0.0,1.9
Richarlison de Andrade,FWD,Spurs,497,10,1,2024-08-19T19:00:00Z,False,11,1,0,1,0,0,0,0,0,0,0,0,0,0,0,-1,70,94269,0,0,0.19,0.0,0.06,0.0,1.0,7.0,2.7
Joško Gvardiol,DEF,Man City,350,9,1,2024-08-18T15:30:00Z,False,6,90,1,7,0,0,1,0,0,0,0,0,0,0,1,30,60,2793191,0,0,0.03,0.02,1.01,23.2,3.3,5.0,4.2
Harry Clarke,DEF,Ipswich,266,4,1,2024-08-17T11:30:00Z,True,12,0,0,0,0,0,0,0,0,0,0,0,0,0,0,0,40,3114,0,0,0.0,0.0,0.0,0.0,0.0,0.0,0.0
Joachim Andersen,DEF,Crystal Palace,191,8,1,2024-08-18T13:00:00Z,False,4,90,1,0,0,0,0,2,0,0,0,1,0,0,0,3,45,1762243,0,0,0.04,0.02,1.59,18.4,2.9,7.0,1.9
Moisés Caicedo Corozo,MID,Chelsea,157,9,1,2024-08-18T15:30:00Z,True,13,90,1,1,0,0,0,2,0,0,0,1,0,0,0,12,50,57062,0,0,0.03,0.06,0.77,11.6,28.3,2.0,0.6
Carlos Henrique Casimiro,MID,Man Utd,368,1,1,2024-08-16T19:00:00Z,True,9,90,1,3,0,0,1,0,0,0,0,0,0,0,0,19,50,39317,0,0,0.16,0.5,0.44,26.8,39.9,13.0,1.6
Jhon Durán,FWD,Aston Villa,38,7,1,2024-08-17T16:30:00Z,False,19,28,0,6,1,0,0,0,0,0,0,0,0,0,1,30,60,23567,0,0,0.38,0.0,1.17,34.4,2.1,23.0,2.0
Jacob Murphy,MID,Newcastle,402,5,1,2024-08-17T14:00:00Z,True,17,29,1,1,0,0,0,0,0,0,0,0,0,0,0,9,55,193533,0,0,0.0,0.01,0.2,5.0,0.9,0.0,3.0
Sean Longstaff,MID,Newcastle,410,5,1,2024-08-17T14:00:00Z,True,17,90,1,3,0,0,1,0,0,0,0,0,0,0,0,11,50,103817,0,0,0.0,0.01,1.77,9.4,1.3,4.0,2.6
Leander Dendoncker,MID,Aston Villa,33,7,1,2024-08-17T16:30:00Z,False,19,0,0,0,0,0,0,0,0,0,0,0,0,0,0,0,45,82976,0,0,0.0,0.0,0.0,0.0,0.0,0.0,1.0
Trevoh Chalobah,DEF,Chelsea,159,9,1,2024-08-18T15:30:00Z,True,13,0,0,0,0,0,0,0,0,0,0,0,0,0,0,0,45,15983,0,0,0.0,0.0,0.0,0.0,0.0,0.0,0.9
Ryan Manning,DEF,Southampton,467,5,1,2024-08-17T14:00:00Z,False,15,0,0,0,0,0,0,0,0,0,0,0,0,0,0,0,45,6978,0,0,0.0,0.0,0.0,0.0,0.0,0.0,0.9
Vitalii Mykolenko,DEF,Everton,231,3,1,2024-08-17T14:00:00Z,True,5,90,1,1,0,0,0,3,0,0,0,0,0,0,0,-5,45,854973,0,0,0.0,0.0,1.43,4.8,1.2,2.0,1.9
Ryan Christie,MID,Bournemouth,63,6,1,2024-08-17T14:00:00Z,False,16,27,0,1,0,0,0,0,0,0,0,0,0,0,0,5,50,22131,0,0,0.0,0.01,0.28,3.6,1.1,2.0,1.6
Fábio Silva,FWD,Wolves,545,2,1,2024-08-17T14:00:00Z,False,1,0,0,0,0,0,0,0,0,0,0,0,0,0,0,0,50,27869,0,0,0.0,0.0,0.0,0.0,0.0,0.0,0.4
Kepa Arrizabalaga,GK,Chelsea,152,9,1,2024-08-18T15:30:00Z,True,13,0,0,0,0,0,0,0,0,0,0,0,0,0,0,0,45,27495,0,0,0.0,0.0,0.0,0.0,0.0,0.0,1.2
Frank Onyeka,MID,Brentford,102,8,1,2024-08-18T13:00:00Z,True,7,6,0,1,0,0,0,0,0,0,0,0,0,0,0,2,50,3770,0,0,0.0,0.0,0.56,0.0,0.0,0.0,1.6
Youssef Ramalho Chermiti,FWD,Everton,237,3,1,2024-08-17T14:00:00Z,True,5,0,0,0,0,0,0,0,0,0,0,0,0,0,0,0,50,1528,0,0,0.0,0.0,0.0,0.0,0.0,0.0,0.0
Morgan Gibbs-White,MID,Nott'm Forest,433,6,1,2024-08-17T14:00:00Z,True,3,90,1,2,0,0,0,1,0,0,0,0,0,0,0,8,65,430423,0,0,0.1,0.07,1.22,9.8,41.3,14.0,2.3
Noni Madueke,MID,Chelsea,177,9,1,2024-08-18T15:30:00Z,True,13,0,0,0,0,0,0,0,0,0,0,0,0,0,0,0,65,36421,0,0,0.0,0.0,0.0,0.0,0.0,0.0,1.3
Nélson Cabral Semedo,DEF,Wolves,559,2,1,2024-08-17T14:00:00Z,False,1,0,0,0,0,0,0,0,0,0,0,0,0,0,0,0,45,1180,0,0,0.0,0.0,0.0,0.0,0.0,0.0,0.0
Tommy Doyle,MID,Wolves,544,2,1,2024-08-17T14:00:00Z,False,1,0,0,0,0,0,0,0,0,0,0,0,0,0,0,0,50,4063,0,0,0.0,0.0,0.0,0.0,0.0,0.0,0.6
Tom Heaton,GK,Man Utd,374,1,1,2024-08-16T19:00:00Z,True,9,0,0,0,0,0,0,0,0,0,0,0,0,0,0,0,40,20061,0,0,0.0,0.0,0.0,0.0,0.0,0.0,1.0
Lucas Bergvall,MID,Spurs,481,10,1,2024-08-19T19:00:00Z,False,11,12,0,1,0,0,0,0,0,0,0,0,0,0,0,9,45,75912,0,0,0.06,0.14,0.12,11.8,19.4,5.0,1.5
Lesley Ugochukwu,MID,Chelsea,188,9,1,2024-08-18T15:30:00Z,True,13,0,0,0,0,0,0,0,0,0,0,0,0,0,0,0,45,28052,0,0,0.0,0.0,0.0,0.0,0.0,0.0,0.0
Evan Ferguson,FWD,Brighton,123,3,1,2024-08-17T14:00:00Z,False,8,0,0,0,0,0,0,0,0,0,0,0,0,0,0,0,55,9342,0,0,0.0,0.0,0.0,0.0,0.0,0.0,0.9
Christian Eriksen,MID,Man Utd,370,1,1,2024-08-16T19:00:00Z,True,9,0,0,0,0,0,0,0,0,0,0,0,0,0,0,0,55,17513,0,0,0.0,0.0,0.0,0.0,0.0,0.0,2.0
Danny Ings,FWD,West Ham,523,7,1,2024-08-17T16:30:00Z,True,2,5,0,1,0,0,0,0,0,0,0,0,0,0,0,2,50,84653,0,0,0.25,0.0,0.07,3.2,0.3,17.0,1.4
Jean-Ricner Bellegarde,MID,Wolves,535,2,1,2024-08-17T14:00:00Z,False,1,56,1,1,0,0,0,1,0,0,0,0,0,0,0,2,50,3071,0,0,0.07,0.0,0.99,0.0,1.3,1.0,0.6
Tim Ream,DEF,Fulham,253,1,1,2024-08-16T19:00:00Z,False,14,0,0,0,0,0,0,0,0,0,0,0,0,0,0,0,45,1776,0,0,0.0,0.0,0.0,0.0,0.0,0.0,0.0
Benoît Badiashile,DEF,Chelsea,153,9,1,2024-08-18T15:30:00Z,True,13,0,0,0,0,0,0,0,0,0,0,0,0,0,0,0,45,11552,0,0,0.0,0.0,0.0,0.0,0.0,0.0,0.9
Radu Drăgușin,DEF,Spurs,486,10,1,2024-08-19T19:00:00Z,False,11,0,0,0,0,0,0,0,0,0,0,0,0,0,0,0,45,20787,0,0,0.0,0.0,0.0,0.0,0.0,0.0,2.4
Jack Stephens,DEF,Southampton,472,5,1,2024-08-17T14:00:00Z,False,15,90,1,1,0,0,0,1,0,0,0,1,0,0,0,6,40,21269,0,0,0.0,0.04,0.25,12.2,16.6,4.0,0.0
Mateo Kovačić,MID,Man City,354,9,1,2024-08-18T15:30:00Z,False,6,90,1,11,1,0,1,0,0,0,0,0,0,0,3,36,55,19927,0,0,0.13,0.02,1.01,55.6,4.9,9.0,3.0
Nicolás Domínguez,MID,Nott'm Forest,431,6,1,2024-08-17T14:00:00Z,True,3,36,0,1,0,0,0,1,0,0,0,0,0,0,0,3,50,3116,0,0,0.0,0.09,0.67,6.2,5.7,4.0,1.6
Ben Doak,MID,Liverpool,318,4,1,2024-08-17T11:30:00Z,False,10,0,0,0,0,0,0,0,0,0,0,0,0,0,0,0,45,5062,0,0,0.0,0.0,0.0,0.0,0.0,0.0,2.0
Phil Foden,MID,Man City,348,9,1,2024-08-18T15:30:00Z,False,6,45,0,1,0,0,0,0,0,0,0,0,0,0,0,6,95,1585478,0,0,0.0,0.01,0.72,9.0,3.7,0.0,4.2
Mason Mount,MID,Man Utd,382,1,1,2024-08-16T19:00:00Z,True,9,60,1,2,0,0,1,0,0,0,0,1,0,0,0,-1,65,22295,0,0,0.3,0.03,0.21,10.2,22.8,25.0,2.3
Gabriel Martinelli Silva,MID,Arsenal,9,2,1,2024-08-17T14:00:00Z,True,20,90,1,3,0,0,1,0,0,0,0,0,0,0,0,16,70,253825,0,0,0.08,0.19,0.47,13.6,36.7,25.0,3.5
Yasin Ayari,MID,Brighton,600,3,1,2024-08-17T14:00:00Z,False,8,1,0,1,0,0,0,0,0,0,0,0,0,0,0,0,50,754,0,0,0.0,0.0,0.0,0.0,0.1,0.0,1.6
Facundo Buonanotte,MID,Leicester,117,10,1,2024-08-19T19:00:00Z,True,18,78,1,2,0,0,0,1,0,0,0,0,0,0,0,13,50,8082,0,0,0.0,0.19,0.98,11.4,19.9,0.0,1.1
Caoimhin Kelleher,GK,Liverpool,325,4,1,2024-08-17T11:30:00Z,False,10,0,0,0,0,0,0,0,0,0,0,0,0,0,0,0,45,25958,0,0,0.0,0.0,0.0,0.0,0.0,0.0,3.2
Odeluga Offiah,DEF,Brighton,139,3,1,2024-08-17T14:00:00Z,False,8,0,0,0,0,0,0,0,0,0,0,0,0,0,0,0,40,12397,0,0,0.0,0.0,0.0,0.0,0.0,0.0,1.0
Lino da Cruz Sousa,DEF,Aston Villa,56,7,1,2024-08-17T16:30:00Z,False,19,0,0,0,0,0,0,0,0,0,0,0,0,0,0,0,40,24385,0,0,0.0,0.0,0.0,0.0,0.0,0.0,0.0
Amario Cozier-Duberry,MID,Brighton,118,3,1,2024-08-17T14:00:00Z,False,8,0,0,0,0,0,0,0,0,0,0,0,0,0,0,0,45,13388,0,0,0.0,0.0,0.0,0.0,0.0,0.0,1.0
Emerson Leite de Souza Junior,DEF,Spurs,487,10,1,2024-08-19T19:00:00Z,False,11,0,0,0,0,0,0,0,0,0,0,0,0,0,0,0,45,3601,0,0,0.0,0.0,0.0,0.0,0.0,0.0,0.0
Kai Havertz,FWD,Arsenal,4,2,1,2024-08-17T14:00:00Z,True,20,90,1,12,1,1,1,0,0,0,0,0,0,0,3,48,80,1087445,0,0,0.45,0.04,0.47,54.8,24.1,46.0,3.5
Scott Carson,GK,Man City,344,9,1,2024-08-18T15:30:00Z,False,6,0,0,0,0,0,0,0,0,0,0,0,0,0,0,0,40,14823,0,0,0.0,0.0,0.0,0.0,0.0,0.0,2.0
Ethan Brierley,MID,Brentford,87,8,1,2024-08-18T13:00:00Z,True,7,0,0,0,0,0,0,0,0,0,0,0,0,0,0,0,45,6092,0,0,0.0,0.0,0.0,0.0,0.0,0.0,1.0
Andrey Nascimento dos Santos,MID,Chelsea,150,9,1,2024-08-18T15:30:00Z,True,13,0,0,0,0,0,0,0,0,0,0,0,0,0,0,0,45,910,0,0,0.0,0.0,0.0,0.0,0.0,0.0,0.0
Rico Henry,DEF,Brentford,92,8,1,2024-08-18T13:00:00Z,True,7,0,0,0,0,0,0,0,0,0,0,0,0,0,0,0,45,8033,0,0,0.0,0.0,0.0,0.0,0.0,0.0,0.5
Mateusz Lis,GK,Southampton,465,5,1,2024-08-17T14:00:00Z,False,15,0,0,0,0,0,0,0,0,0,0,0,0,0,0,0,40,23928,0,0,0.0,0.0,0.0,0.0,0.0,0.0,0.0
Yoane Wissa,FWD,Brentford,110,8,1,2024-08-18T13:00:00Z,True,7,83,1,11,1,1,0,1,0,0,0,1,0,0,3,47,60,232431,0,0,1.0,0.01,0.61,50.2,14.2,44.0,2.0
Daniel Iversen,GK,Leicester,294,10,1,2024-08-19T19:00:00Z,True,18,0,0,0,0,0,0,0,0,0,0,0,0,0,0,0,40,65236,0,0,0.0,0.0,0.0,0.0,0.0,0.0,0.5
Mads Hermansen,GK,Leicester,293,10,1,2024-08-19T19:00:00Z,True,18,90,1,3,0,0,0,1,0,0,0,0,0,5,0,15,45,34105,0,0,0.0,0.0,1.23,41.6,0.0,0.0,1.7
Rob Holding,DEF,Crystal Palace,202,8,1,2024-08-18T13:00:00Z,False,4,0,0,0,0,0,0,0,0,0,0,0,0,0,0,0,45,8984,0,0,0.0,0.0,0.0,0.0,0.0,0.0,1.9
Ismaïla Sarr,MID,Crystal Palace,585,8,1,2024-08-18T13:00:00Z,False,4,6,0,1,0,0,0,0,0,0,0,0,0,0,0,3,60,29330,0,0,0.0,0.0,0.0,0.2,0.3,0.0,2.2
Jarrod Bowen,MID,West Ham,514,7,1,2024-08-17T16:30:00Z,True,2,72,1,2,0,0,0,1,0,0,0,0,0,0,0,3,75,647171,0,0,0.0,0.07,1.76,4.6,16.8,2.0,2.6
Mark O’Mahony,FWD,Brighton,138,3,1,2024-08-17T14:00:00Z,False,8,0,0,0,0,0,0,0,0,0,0,0,0,0,0,0,45,47927,0,0,0.0,0.0,0.0,0.0,0.0,0.0,1.0
Ryan Sessegnon,DEF,Fulham,579,1,1,2024-08-16T19:00:00Z,False,14,0,0,0,0,0,0,0,0,0,0,0,0,0,0,0,45,18879,0,0,0.0,0.0,0.0,0.0,0.0,0.0,1.9
Josh Dasilva,MID,Brentford,90,8,1,2024-08-18T13:00:00Z,True,7,0,0,0,0,0,0,0,0,0,0,0,0,0,0,0,50,1084,0,0,0.0,0.0,0.0,0.0,0.0,0.0,0.0
Jadon Sancho,MID,Man Utd,386,1,1,2024-08-16T19:00:00Z,True,9,0,0,0,0,0,0,0,0,0,0,0,0,0,0,0,65,33031,0,0,0.0,0.0,0.0,0.0,0.0,0.0,2.3
Sam Johnstone,GK,Crystal Palace,204,8,1,2024-08-18T13:00:00Z,False,4,0,0,0,0,0,0,0,0,0,0,0,0,0,0,0,45,43430,0,0,0.0,0.0,0.0,0.0,0.0,0.0,2.2
Jonny Evans,DEF,Man Utd,371,1,1,2024-08-16T19:00:00Z,True,9,9,0,1,0,0,0,0,0,0,0,0,0,0,0,2,45,11027,0,0,0.0,0.0,0.06,1.4,0.0,0.0,1.9
Mohamed Salah,MID,Liverpool,328,4,1,2024-08-17T11:30:00Z,False,10,90,1,14,1,1,1,0,0,0,0,0,0,0,3,38,125,2894604,0,0,0.7,0.15,0.45,58.0,24.4,70.0,5.0
Timothy Castagne,DEF,Fulham,244,1,1,2024-08-16T19:00:00Z,False,14,0,0,0,0,0,0,0,0,0,0,0,0,0,0,0,45,267974,0,0,0.0,0.0,0.0,0.0,0.0,0.0,1.9
Tariq Lamptey,DEF,Brighton,131,3,1,2024-08-17T14:00:00Z,False,8,0,0,0,0,0,0,0,0,0,0,0,0,0,0,0,45,21842,0,0,0.0,0.0,0.0,0.0,0.0,0.0,1.0
Ola Aina,DEF,Nott'm Forest,422,6,1,2024-08-17T14:00:00Z,True,3,53,1,1,0,0,0,0,0,0,0,0,0,0,0,4,45,112193,0,0,0.02,0.02,0.55,5.2,2.1,1.0,1.9
Taiwo Awoniyi,FWD,Nott'm Forest,424,6,1,2024-08-17T14:00:00Z,True,3,18,0,1,0,0,0,1,0,0,0,0,0,0,0,6,60,84610,0,0,0.12,0.03,0.59,3.4,1.0,19.0,2.0
Leandro Trossard,MID,Arsenal,23,2,1,2024-08-17T14:00:00Z,True,20,10,0,1,0,0,0,0,0,0,0,0,0,0,0,2,70,192689,0,0,0.0,0.0,0.15,4.2,0.3,0.0,3.5
Jacob Greaves,DEF,Ipswich,270,4,1,2024-08-17T11:30:00Z,True,12,90,1,1,0,0,0,2,0,0,0,0,0,0,0,12,40,48563,0,0,0.1,0.0,2.65,26.2,0.8,22.0,0.0
Alfie Whiteman,GK,Spurs,510,10,1,2024-08-19T19:00:00Z,False,11,0,0,0,0,0,0,0,0,0,0,0,0,0,0,0,40,117595,0,0,0.0,0.0,0.0,0.0,0.0,0.0,1.5
Séamus Coleman,DEF,Everton,221,3,1,2024-08-17T14:00:00Z,True,5,0,0,0,0,0,0,0,0,0,0,0,0,0,0,0,45,4723,0,0,0.0,0.0,0.0,0.0,0.0,0.0,0.0
Fabian Schär,DEF,Newcastle,415,5,1,2024-08-17T14:00:00Z,True,17,27,1,-2,0,0,0,0,0,0,0,0,1,0,0,-8,55,198369,0,0,0.04,0.0,0.2,0.0,0.3,5.0,2.8
Nicolas Jackson,FWD,Chelsea,180,9,1,2024-08-18T15:30:00Z,True,13,65,1,2,0,0,0,1,0,0,0,0,0,0,0,3,75,159569,0,0,0.47,0.06,0.66,4.6,23.6,23.0,1.4
Joe White,MID,Newcastle,419,5,1,2024-08-17T14:00:00Z,True,17,0,0,0,0,0,0,0,0,0,0,0,0,0,0,0,45,31223,0,0,0.0,0.0,0.0,0.0,0.0,0.0,2.0
Jamie Vardy,FWD,Leicester,306,10,1,2024-08-19T19:00:00Z,True,18,78,1,8,1,0,0,1,0,0,0,0,0,0,2,33,55,119633,0,0,0.8,0.0,0.98,40.4,0.1,54.0,0.3
Miguel Almirón Rejala,MID,Newcastle,391,5,1,2024-08-17T14:00:00Z,True,17,0,0,0,0,0,0,0,0,0,0,0,0,0,0,0,60,84045,0,0,0.0,0.0,0.0,0.0,0.0,0.0,3.2
James Garner,MID,Everton,223,3,1,2024-08-17T14:00:00Z,True,5,0,0,0,0,0,0,0,0,0,0,0,0,0,0,0,50,2327,0,0,0.0,0.0,0.0,0.0,0.0,0.0,0.0
Marcus Tavernier,MID,Bournemouth,83,6,1,2024-08-17T14:00:00Z,False,16,90,1,2,0,0,0,1,0,0,0,0,0,0,0,14,55,14476,0,0,0.42,0.12,1.3,10.2,41.4,27.0,2.0
Lewis Dobbin,MID,Aston Villa,37,7,1,2024-08-17T16:30:00Z,False,19,0,0,0,0,0,0,0,0,0,0,0,0,0,0,0,50,478,0,0,0.0,0.0,0.0,0.0,0.0,0.0,0.0
Viljami Sinisalo,GK,Aston Villa,55,7,1,2024-08-17T16:30:00Z,False,19,0,0,0,0,0,0,0,0,0,0,0,0,0,0,0,40,153,0,0,0.0,0.0,0.0,0.0,0.0,0.0,0.0
Omari Kellyman,MID,Chelsea,173,9,1,2024-08-18T15:30:00Z,True,13,0,0,0,0,0,0,0,0,0,0,0,0,0,0,0,45,3460,0,0,0.0,0.0,0.0,0.0,0.0,0.0,0.0
Daniel Castelo Podence,MID,Wolves,562,2,1,2024-08-17T14:00:00Z,False,1,15,0,1,0,0,0,0,0,0,0,0,0,0,0,2,55,3736,0,0,0.04,0.0,0.06,0.0,0.2,1.0,1.0
Martial Godo,MID,Fulham,605,1,1,2024-08-16T19:00:00Z,False,14,0,0,0,0,0,0,0,0,0,0,0,0,0,0,0,45,1323,0,0,0.0,0.0,0.0,0.0,0.0,0.0,1.0
Harrison Reed,MID,Fulham,254,1,1,2024-08-16T19:00:00Z,False,14,1,0,1,0,0,0,0,0,0,0,0,0,0,0,4,50,3660,0,0,0.0,0.0,0.67,2.2,0.0,0.0,1.6
Guido Rodríguez,MID,West Ham,588,7,1,2024-08-17T16:30:00Z,True,2,84,1,2,0,0,0,2,0,0,0,0,0,0,0,15,50,5566,0,0,0.02,0.03,1.96,5.6,1.9,1.0,1.6
Will Alves,MID,Leicester,606,10,1,2024-08-19T19:00:00Z,True,18,0,0,0,0,0,0,0,0,0,0,0,0,0,0,0,45,4472,0,0,0.0,0.0,0.0,0.0,0.0,0.0,0.5
Carlos Baleba,MID,Brighton,115,3,1,2024-08-17T14:00:00Z,False,8,0,0,0,0,0,0,0,0,0,0,0,0,0,0,0,50,3519,0,0,0.0,0.0,0.0,0.0,0.0,0.0,1.6
James Hill,DEF,Bournemouth,68,6,1,2024-08-17T14:00:00Z,False,16,0,0,0,0,0,0,0,0,0,0,0,0,0,0,0,40,30926,0,0,0.0,0.0,0.0,0.0,0.0,0.0,1.0
David Datro Fofana,FWD,Chelsea,164,9,1,2024-08-18T15:30:00Z,True,13,0,0,0,0,0,0,0,0,0,0,0,0,0,0,0,55,11959,0,0,0.0,0.0,0.0,0.0,0.0,0.0,0.7
Ryan Fraser,MID,Newcastle,397,5,1,2024-08-17T14:00:00Z,True,17,0,0,0,0,0,0,0,0,0,0,0,0,0,0,0,50,3106,0,0,0.0,0.0,0.0,0.0,0.0,0.0,2.6
Ângelo Gabriel Borges Damaceno,MID,Chelsea,151,9,1,2024-08-18T15:30:00Z,True,13,0,0,0,0,0,0,0,0,0,0,0,0,0,0,0,45,30921,0,0,0.0,0.0,0.0,0.0,0.0,0.0,0.0
Nathan Patterson,DEF,Everton,234,3,1,2024-08-17T14:00:00Z,True,5,0,0,0,0,0,0,0,0,0,0,0,0,0,0,0,45,2504,0,0,0.0,0.0,0.0,0.0,0.0,0.0,0.0
Robin Olsen,GK,Aston Villa,51,7,1,2024-08-17T16:30:00Z,False,19,0,0,0,0,0,0,0,0,0,0,0,0,0,0,0,45,9628,0,0,0.0,0.0,0.0,0.0,0.0,0.0,1.1
Mathias Jensen,MID,Brentford,95,8,1,2024-08-18T13:00:00Z,True,7,83,1,2,0,0,0,1,0,0,0,0,0,0,0,11,55,14932,0,0,0.0,0.03,0.61,11.2,17.9,0.0,2.0
Bart Verbruggen,GK,Brighton,146,3,1,2024-08-17T14:00:00Z,False,8,0,0,0,0,0,0,0,0,0,0,0,0,0,0,0,45,45968,0,0,0.0,0.0,0.0,0.0,0.0,0.0,0.6
Dango Ouattara,MID,Bournemouth,74,6,1,2024-08-17T14:00:00Z,False,16,68,1,2,0,0,0,1,0,0,0,0,0,0,0,8,50,1977,0,0,0.22,0.01,1.02,8.2,3.0,11.0,1.6
Emmanuel Dennis,FWD,Nott'm Forest,430,6,1,2024-08-17T14:00:00Z,True,3,0,0,0,0,0,0,0,0,0,0,0,0,0,0,0,50,21102,0,0,0.0,0.0,0.0,0.0,0.0,0.0,1.4
Yehor Yarmoliuk,MID,Brentford,111,8,1,2024-08-18T13:00:00Z,True,7,0,0,0,0,0,0,0,0,0,0,0,0,0,0,0,45,263488,0,0,0.0,0.0,0.0,0.0,0.0,0.0,1.0
Julián Álvarez,FWD,Man City,352,9,1,2024-08-18T15:30:00Z,False,6,0,0,0,0,0,0,0,0,0,0,0,0,0,0,0,70,39036,0,0,0.0,0.0,0.0,0.0,0.0,0.0,0.0
Tyler Dibling,MID,Southampton,608,5,1,2024-08-17T14:00:00Z,False,15,20,0,1,0,0,0,0,0,0,0,0,0,0,0,6,45,2073,0,0,0.0,0.02,0.0,2.8,12.3,0.0,0.0
Paul Onuachu,FWD,Southampton,470,5,1,2024-08-17T14:00:00Z,False,15,0,0,0,0,0,0,0,0,0,0,0,0,0,0,0,50,9474,0,0,0.0,0.0,0.0,0.0,0.0,0.0,0.4
Bobby Clark,MID,Liverpool,315,4,1,2024-08-17T11:30:00Z,False,10,0,0,0,0,0,0,0,0,0,0,0,0,0,0,0,45,5545,0,0,0.0,0.0,0.0,0.0,0.0,0.0,2.0
Kieran Tierney,DEF,Arsenal,21,2,1,2024-08-17T14:00:00Z,True,20,0,0,0,0,0,0,0,0,0,0,0,0,0,0,0,45,5469,0,0,0.0,0.0,0.0,0.0,0.0,0.0,0.0
Darwin Núñez Ribeiro,FWD,Liverpool,316,4,1,2024-08-17T11:30:00Z,False,10,0,0,0,0,0,0,0,0,0,0,0,0,0,0,0,75,511713,0,0,0.0,0.0,0.0,0.0,0.0,0.0,3.4
Josh Bowler,MID,Nott'm Forest,426,6,1,2024-08-17T14:00:00Z,True,3,0,0,0,0,0,0,0,0,0,0,0,0,0,0,0,45,5803,0,0,0.0,0.0,0.0,0.0,0.0,0.0,1.0
Sugawara Yukinari,DEF,Southampton,474,5,1,2024-08-17T14:00:00Z,False,15,45,1,1,0,0,0,1,0,0,0,0,0,0,0,6,45,13339,0,0,0.0,0.22,0.25,6.0,15.1,2.0,0.9
Aaron Wan-Bissaka,DEF,West Ham,388,7,1,2024-08-17T16:30:00Z,True,2,0,0,0,0,0,0,0,0,0,0,0,0,0,0,0,45,168413,0,0,0.0,0.0,0.0,0.0,0.0,0.0,1.9
Bobby De Cordova-Reid,MID,Leicester,290,10,1,2024-08-19T19:00:00Z,True,18,85,1,2,0,0,0,1,0,0,0,0,0,0,0,2,55,13854,0,0,0.06,0.01,1.04,4.4,2.8,4.0,1.5
Nathan Broadhead,MID,Ipswich,262,4,1,2024-08-17T11:30:00Z,True,12,0,0,0,0,0,0,0,0,0,0,0,0,0,0,0,50,1380,0,0,0.0,0.0,0.0,0.0,0.0,0.0,0.0
Matheus Luiz Nunes,MID,Man City,356,9,1,2024-08-18T15:30:00Z,False,6,0,0,0,0,0,0,0,0,0,0,0,0,0,0,0,50,3409,0,0,0.0,0.0,0.0,0.0,0.0,0.0,2.6
Jake O'Brien,DEF,Everton,582,3,1,2024-08-17T14:00:00Z,True,5,0,0,0,0,0,0,0,0,0,0,0,0,0,0,0,50,29022,0,0,0.0,0.0,0.0,0.0,0.0,0.0,2.4
Cameron Peupion,MID,Brighton,140,3,1,2024-08-17T14:00:00Z,False,8,0,0,0,0,0,0,0,0,0,0,0,0,0,0,0,45,4299,0,0,0.0,0.0,0.0,0.0,0.0,0.0,1.0
Kosta Nedeljković,DEF,Aston Villa,50,7,1,2024-08-17T16:30:00Z,False,19,8,0,1,0,0,0,0,0,0,0,0,0,0,0,6,40,26790,0,0,0.0,0.0,1.04,4.2,0.3,0.0,1.0
Jay Stansfield,FWD,Fulham,256,1,1,2024-08-16T19:00:00Z,False,14,1,0,1,0,0,0,0,0,0,0,0,0,0,0,2,50,6640,0,0,0.0,0.0,0.67,0.0,0.0,0.0,1.4
Nikola Milenković,DEF,Nott'm Forest,573,6,1,2024-08-17T14:00:00Z,True,3,0,0,0,0,0,0,0,0,0,0,0,0,0,0,0,45,17842,0,0,0.0,0.0,0.0,0.0,0.0,0.0,1.9
Sepp van den Berg,DEF,Liverpool,338,4,1,2024-08-17T11:30:00Z,False,10,0,0,0,0,0,0,0,0,0,0,0,0,0,0,0,40,32790,0,0,0.0,0.0,0.0,0.0,0.0,0.0,2.0
Kevin Mbabu,DEF,Fulham,250,1,1,2024-08-16T19:00:00Z,False,14,0,0,0,0,0,0,0,0,0,0,0,0,0,0,0,40,41969,0,0,0.0,0.0,0.0,0.0,0.0,0.0,1.0
Malang Sarr,DEF,Chelsea,176,9,1,2024-08-18T15:30:00Z,True,13,0,0,0,0,0,0,0,0,0,0,0,0,0,0,0,45,716,0,0,0.0,0.0,0.0,0.0,0.0,0.0,0.0
Jarrad Branthwaite,DEF,Everton,219,3,1,2024-08-17T14:00:00Z,True,5,0,0,0,0,0,0,0,0,0,0,0,0,0,0,0,50,229400,0,0,0.0,0.0,0.0,0.0,0.0,0.0,0.0
Mats Wieffer,MID,Brighton,149,3,1,2024-08-17T14:00:00Z,False,8,90,1,6,0,1,1,0,0,0,0,0,0,0,0,20,50,4093,0,0,0.0,0.02,0.45,31.0,16.3,0.0,1.6
Kyle Walker,DEF,Man City,363,9,1,2024-08-18T15:30:00Z,False,6,0,0,0,0,0,0,0,0,0,0,0,0,0,0,0,55,838154,0,0,0.0,0.0,0.0,0.0,0.0,0.0,3.8
Shea Charles,MID,Southampton,458,5,1,2024-08-17T14:00:00Z,False,15,0,0,0,0,0,0,0,0,0,0,0,0,0,0,0,45,7613,0,0,0.0,0.0,0.0,0.0,0.0,0.0,0.0
Samuel Edozie,MID,Southampton,459,5,1,2024-08-17T14:00:00Z,False,15,45,0,0,0,0,0,0,0,0,0,1,0,0,0,0,50,2424,0,0,0.0,0.15,0.0,6.8,18.5,16.0,0.6
Robert Sánchez,GK,Chelsea,185,9,1,2024-08-18T15:30:00Z,True,13,90,1,2,0,0,0,2,0,0,0,0,0,3,0,7,45,226022,0,0,0.0,0.0,0.77,23.4,0.0,0.0,1.2
Sergio Reguilón,DEF,Spurs,496,10,1,2024-08-19T19:00:00Z,False,11,0,0,0,0,0,0,0,0,0,0,0,0,0,0,0,45,27926,0,0,0.0,0.0,0.0,0.0,0.0,0.0,2.4
Conor Townsend,DEF,Ipswich,583,4,1,2024-08-17T11:30:00Z,True,12,0,0,0,0,0,0,0,0,0,0,0,0,0,0,0,40,33806,0,0,0.0,0.0,0.0,0.0,0.0,0.0,0.0
Ricardo Barbosa Pereira,DEF,Leicester,302,10,1,2024-08-19T19:00:00Z,True,18,0,0,0,0,0,0,0,0,0,0,0,0,0,0,0,45,19824,0,0,0.0,0.0,0.0,0.0,0.0,0.0,1.4
Massimo Luongo,MID,Ipswich,277,4,1,2024-08-17T11:30:00Z,True,12,64,1,2,0,0,0,1,0,0,0,0,0,0,0,8,45,23647,0,0,0.0,0.0,1.45,10.8,1.3,0.0,0.0
Harvey Elliott,MID,Liverpool,319,4,1,2024-08-17T11:30:00Z,False,10,0,0,0,0,0,0,0,0,0,0,0,0,0,0,0,55,105562,0,0,0.0,0.0,0.0,0.0,0.0,0.0,3.0
Garang Kuol,MID,Newcastle,406,5,1,2024-08-17T14:00:00Z,True,17,0,0,0,0,0,0,0,0,0,0,0,0,0,0,0,45,3311,0,0,0.0,0.0,0.0,0.0,0.0,0.0,2.0
Rúben Gato Alves Dias,DEF,Man City,361,9,1,2024-08-18T15:30:00Z,False,6,90,1,6,0,0,1,0,0,0,0,0,0,0,0,27,55,293835,0,0,0.0,0.0,1.01,14.2,0.5,0.0,3.8
Romelu Lukaku Bolingoli,FWD,Chelsea,175,9,1,2024-08-18T15:30:00Z,True,13,0,0,0,0,0,0,0,0,0,0,0,0,0,0,0,65,54070,0,0,0.0,0.0,0.0,0.0,0.0,0.0,1.1
Ben Chilwell,DEF,Chelsea,160,9,1,2024-08-18T15:30:00Z,True,13,0,0,0,0,0,0,0,0,0,0,0,0,0,0,0,50,74006,0,0,0.0,0.0,0.0,0.0,0.0,0.0,1.4
George Hirst,FWD,Ipswich,272,4,1,2024-08-17T11:30:00Z,True,12,0,0,0,0,0,0,0,0,0,0,0,0,0,0,0,55,2030,0,0,0.0,0.0,0.0,0.0,0.0,0.0,0.0
Daniel Jebbison,FWD,Bournemouth,69,6,1,2024-08-17T14:00:00Z,False,16,21,0,1,0,0,0,0,0,0,0,0,0,0,0,4,45,123937,0,0,0.0,0.0,0.28,3.2,10.6,2.0,1.0
Tyrick Mitchell,DEF,Crystal Palace,210,8,1,2024-08-18T13:00:00Z,False,4,90,1,1,0,0,0,2,0,0,0,0,0,0,0,6,50,224405,0,0,0.12,0.03,1.59,13.8,27.0,6.0,2.4
Myles Peart-Harris,MID,Brentford,103,8,1,2024-08-18T13:00:00Z,True,7,0,0,0,0,0,0,0,0,0,0,0,0,0,0,0,45,4262,0,0,0.0,0.0,0.0,0.0,0.0,0.0,1.0
Mahmoud Dahoud,MID,Brighton,119,3,1,2024-08-17T14:00:00Z,False,8,0,0,0,0,0,0,0,0,0,0,0,0,0,0,0,50,2851,0,0,0.0,0.0,0.0,0.0,0.0,0.0,1.6
Jonathan Panzo,DEF,Nott'm Forest,441,6,1,2024-08-17T14:00:00Z,True,3,0,0,0,0,0,0,0,0,0,0,0,0,0,0,0,40,224,0,0,0.0,0.0,0.0,0.0,0.0,0.0,0.0
Nico O'Reilly,MID,Man City,607,9,1,2024-08-18T15:30:00Z,False,6,0,0,0,0,0,0,0,0,0,0,0,0,0,0,0,50,576,0,0,0.0,0.0,0.0,0.0,0.0,0.0,2.6
Aaron Ramsdale,GK,Arsenal,14,2,1,2024-08-17T14:00:00Z,True,20,0,0,0,0,0,0,0,0,0,0,0,0,0,0,0,45,68531,0,0,0.0,0.0,0.0,0.0,0.0,0.0,3.2
Moussa Diaby,MID,Aston Villa,34,7,1,2024-08-17T16:30:00Z,False,19,0,0,0,0,0,0,0,0,0,0,0,0,0,0,0,65,5025,0,0,0.0,0.0,0.0,0.0,0.0,0.0,0.0
Micky van de Ven,DEF,Spurs,506,10,1,2024-08-19T19:00:00Z,False,11,90,1,2,0,0,0,1,0,0,0,0,0,0,0,12,45,578525,0,0,0.0,0.02,1.02,15.0,3.3,0.0,2.4
Igor Thiago Nascimento Rodrigues,FWD,Brentford,107,8,1,2024-08-18T13:00:00Z,True,7,0,0,0,0,0,0,0,0,0,0,0,0,0,0,0,60,3171,0,0,0.0,0.0,0.0,0.0,0.0,0.0,0.0
Callum Hudson-Odoi,MID,Nott'm Forest,434,6,1,2024-08-17T14:00:00Z,True,3,71,1,3,0,0,1,0,0,0,0,0,0,0,0,13,55,315296,0,0,0.07,0.2,0.63,12.2,41.7,28.0,2.0
Armel Bella-Kotchap,DEF,Southampton,456,5,1,2024-08-17T14:00:00Z,False,15,0,0,0,0,0,0,0,0,0,0,0,0,0,0,0,40,30004,0,0,0.0,0.0,0.0,0.0,0.0,0.0,0.0
Rodrigo Martins Gomes,MID,Wolves,563,2,1,2024-08-17T14:00:00Z,False,1,74,1,2,0,0,0,2,0,0,0,0,0,0,0,6,55,13259,0,0,0.05,0.01,1.18,0.0,6.3,10.0,1.0
Lamare Bogarde,DEF,Aston Villa,598,7,1,2024-08-17T16:30:00Z,False,19,0,0,0,0,0,0,0,0,0,0,0,0,0,0,0,40,6352,0,0,0.0,0.0,0.0,0.0,0.0,0.0,1.0
Noussair Mazraoui,DEF,Man Utd,594,1,1,2024-08-16T19:00:00Z,True,9,80,1,8,0,0,1,0,0,0,0,0,0,0,2,32,45,204143,0,0,0.0,0.01,0.38,14.0,2.4,0.0,1.9
Cameron Archer,FWD,Southampton,27,5,1,2024-08-17T14:00:00Z,False,15,19,0,1,0,0,0,0,0,0,0,0,0,0,0,4,50,122810,1369,1511,0.19,0.0,0.0,1.0,0.1,22.0,0.4
Ezri Konsa Ngoyo,DEF,Aston Villa,44,7,1,2024-08-17T16:30:00Z,False,19,90,1,2,0,0,0,1,0,0,0,0,0,0,0,10,45,1165894,0,0,0.07,0.01,2.46,13.4,14.1,7.0,1.9
Pedro Porro,DEF,Spurs,495,10,1,2024-08-19T19:00:00Z,False,11,90,1,9,1,0,0,1,0,0,0,0,0,0,1,28,55,3078763,0,0,0.09,0.32,0.96,50.0,59.3,21.0,3.3
Alfie Devine,MID,Spurs,485,10,1,2024-08-19T19:00:00Z,False,11,0,0,0,0,0,0,0,0,0,0,0,0,0,0,0,45,9576,0,0,0.0,0.0,0.0,0.0,0.0,0.0,1.5
Elkan Baggott,DEF,Ipswich,261,4,1,2024-08-17T11:30:00Z,True,12,0,0,0,0,0,0,0,0,0,0,0,0,0,0,0,40,4342,0,0,0.0,0.0,0.0,0.0,0.0,0.0,0.0
Erling Haaland,FWD,Man City,351,9,1,2024-08-18T15:30:00Z,False,6,90,1,7,1,0,1,0,0,0,0,1,0,0,2,31,150,4408007,0,0,0.28,0.0,1.01,36.4,0.6,38.0,5.0
Leif Davis,DEF,Ipswich,267,4,1,2024-08-17T11:30:00Z,True,12,90,1,1,0,0,0,2,0,0,0,0,0,0,0,-1,45,155392,0,0,0.0,0.02,2.65,14.8,6.1,0.0,0.9
Virgil van Dijk,DEF,Liverpool,339,4,1,2024-08-17T11:30:00Z,False,10,90,1,6,0,0,1,0,0,0,0,0,0,0,0,24,60,1021672,0,0,0.0,0.01,0.45,8.8,1.5,4.0,4.2
Konstantinos Mavropanos,DEF,West Ham,528,7,1,2024-08-17T16:30:00Z,True,2,90,1,1,0,0,0,2,0,0,0,0,0,0,0,13,45,9711,0,0,0.02,0.0,2.03,27.8,0.9,2.0,1.9
Matt Turner,GK,Nott'm Forest,445,6,1,2024-08-17T14:00:00Z,True,3,0,0,0,0,0,0,0,0,0,0,0,0,0,0,0,40,1752814,0,0,0.0,0.0,0.0,0.0,0.0,0.0,1.0
Juan Larios López,DEF,Southampton,464,5,1,2024-08-17T14:00:00Z,False,15,0,0,0,0,0,0,0,0,0,0,0,0,0,0,0,40,7767,0,0,0.0,0.0,0.0,0.0,0.0,0.0,0.0
Harry Toffolo,DEF,Nott'm Forest,444,6,1,2024-08-17T14:00:00Z,True,3,36,0,1,0,0,0,1,0,0,0,0,0,0,0,0,45,7351,0,0,0.02,0.01,0.67,9.6,3.0,6.0,1.9
Toby Collyer,MID,Man Utd,613,1,1,2024-08-16T19:00:00Z,True,9,0,0,0,0,0,0,0,0,0,0,0,0,0,0,0,45,0,0,0,0.0,0.0,0.0,0.0,0.0,0.0,1.0
Caleb Wiley,DEF,Chelsea,575,9,1,2024-08-18T15:30:00Z,True,13,0,0,0,0,0,0,0,0,0,0,0,0,0,0,0,40,5717,0,0,0.0,0.0,0.0,0.0,0.0,0.0,0.0
Ethan Pinnock,DEF,Brentford,104,8,1,2024-08-18T13:00:00Z,True,7,90,1,0,0,0,0,1,1,0,0,0,0,0,0,3,45,37981,0,0,0.01,0.0,1.17,18.8,0.1,17.0,1.9
William Saliba,DEF,Arsenal,18,2,1,2024-08-17T14:00:00Z,True,20,90,1,6,0,0,1,0,0,0,0,0,0,0,0,26,60,3490919,0,0,0.0,0.0,0.47,14.8,0.9,0.0,4.2
Altay Bayindir,GK,Man Utd,367,1,1,2024-08-16T19:00:00Z,True,9,0,0,0,0,0,0,0,0,0,0,0,0,0,0,0,45,9227,0,0,0.0,0.0,0.0,0.0,0.0,0.0,2.2
Rodrigo Bentancur,MID,Spurs,480,10,1,2024-08-19T19:00:00Z,False,11,77,1,1,0,0,0,1,0,0,0,1,0,0,0,15,50,21555,0,0,0.27,0.04,0.9,9.8,4.8,29.0,2.1
Dominic Solanke-Mitchell,FWD,Spurs,82,10,1,2024-08-19T19:00:00Z,False,11,90,1,2,0,0,0,1,0,0,0,0,0,0,0,17,75,2587953,0,0,0.34,0.15,1.02,19.0,15.3,61.0,2.9
Chris Richards,DEF,Crystal Palace,194,8,1,2024-08-18T13:00:00Z,False,4,83,1,0,0,0,0,2,0,0,0,1,0,0,0,1,45,15846,0,0,0.0,0.01,1.59,16.4,1.8,0.0,1.9
Rayan Aït-Nouri,DEF,Wolves,533,2,1,2024-08-17T14:00:00Z,False,1,83,1,1,0,0,0,2,0,0,0,0,0,0,0,6,45,204670,0,0,0.02,0.02,1.24,9.0,3.5,1.0,0.9
James Justin,DEF,Leicester,295,10,1,2024-08-19T19:00:00Z,True,18,90,1,2,0,0,0,1,0,0,0,0,0,0,0,15,45,23101,0,0,0.06,0.01,1.23,24.0,9.1,5.0,1.4
Joshua Zirkzee,FWD,Man Utd,389,1,1,2024-08-16T19:00:00Z,True,9,29,0,8,1,0,0,0,0,0,0,0,0,0,3,33,70,172194,0,0,0.07,0.0,0.23,33.2,1.8,17.0,2.2
Martin Ødegaard,MID,Arsenal,13,2,1,2024-08-17T14:00:00Z,True,20,90,1,3,0,0,1,0,0,0,0,0,0,0,0,16,85,1391537,0,0,0.02,0.06,0.47,15.0,24.0,15.0,3.9
Cesare Casadei,MID,Chelsea,158,9,1,2024-08-18T15:30:00Z,True,13,0,0,0,0,0,0,0,0,0,0,0,0,0,0,0,45,10728,0,0,0.0,0.0,0.0,0.0,0.0,0.0,0.0
Jaden Philogene,MID,Aston Villa,569,7,1,2024-08-17T16:30:00Z,False,19,16,0,0,0,0,0,0,0,0,0,1,0,0,0,1,55,7043,0,0,0.07,0.01,1.06,0.0,1.5,4.0,2.0
Mario Lemina,MID,Wolves,557,2,1,2024-08-17T14:00:00Z,False,1,90,1,2,0,0,0,2,0,0,0,0,0,0,0,16,50,14599,0,0,0.0,0.01,1.24,29.8,1.0,0.0,0.6
Adam Wharton,MID,Crystal Palace,216,8,1,2024-08-18T13:00:00Z,False,4,73,1,2,0,0,0,1,0,0,0,0,0,0,0,18,50,43419,0,0,0.09,0.02,0.64,14.2,1.8,18.0,1.6
Luis Sinisterra,MID,Bournemouth,80,6,1,2024-08-17T14:00:00Z,False,16,63,1,2,0,0,0,1,0,0,0,0,0,0,0,7,50,17130,0,0,0.15,0.02,1.02,7.0,1.8,23.0,1.6
Michael Keane,DEF,Everton,228,3,1,2024-08-17T14:00:00Z,True,5,90,1,1,0,0,0,3,0,0,0,0,0,0,0,0,40,195758,0,0,0.01,0.01,1.43,12.2,0.4,4.0,1.0
Omar Richards,DEF,Nott'm Forest,438,6,1,2024-08-17T14:00:00Z,True,3,0,0,0,0,0,0,0,0,0,0,0,0,0,0,0,45,5640,0,0,0.0,0.0,0.0,0.0,0.0,0.0,1.9
Álex Moreno Lopera,DEF,Aston Villa,26,7,1,2024-08-17T16:30:00Z,False,19,0,0,0,0,0,0,0,0,0,0,0,0,0,0,0,45,60127,0,0,0.0,0.0,0.0,0.0,0.0,0.0,1.9
Stephy Mavididi,MID,Leicester,298,10,1,2024-08-19T19:00:00Z,True,18,11,0,1,0,0,0,0,0,0,0,0,0,0,0,4,55,46533,0,0,0.0,0.03,0.25,6.2,14.1,0.0,1.5
Anthony Gordon,MID,Newcastle,398,5,1,2024-08-17T14:00:00Z,True,17,69,1,3,0,0,1,0,0,0,0,0,0,0,0,12,75,2328887,0,0,0.0,0.02,1.33,2.4,12.8,2.0,3.6
Diego Carlos Santos Silva,DEF,Aston Villa,35,7,1,2024-08-17T16:30:00Z,False,19,0,0,0,0,0,0,0,0,0,0,0,0,0,0,0,45,50517,0,0,0.0,0.0,0.0,0.0,0.0,0.0,1.9
Facundo Pellistri Rebollo,MID,Man Utd,384,1,1,2024-08-16T19:00:00Z,True,9,0,0,0,0,0,0,0,0,0,0,0,0,0,0,0,50,2174,0,0,0.0,0.0,0.0,0.0,0.0,0.0,1.6
Trent Alexander-Arnold,DEF,Liverpool,311,4,1,2024-08-17T11:30:00Z,False,10,76,1,8,0,0,1,0,0,0,0,0,0,0,2,31,70,2560092,0,0,0.06,1.0,0.41,9.0,43.7,3.0,5.0
Josh King,MID,Fulham,604,1,1,2024-08-16T19:00:00Z,False,14,0,0,0,0,0,0,0,0,0,0,0,0,0,0,0,45,3797,0,0,0.0,0.0,0.0,0.0,0.0,0.0,1.0
Wanya Marçal-Madivádua,MID,Leicester,297,10,1,2024-08-19T19:00:00Z,True,18,0,0,0,0,0,0,0,0,0,0,0,0,0,0,0,45,4212,0,0,0.0,0.0,0.0,0.0,0.0,0.0,0.5
Jamal Lewis,DEF,Newcastle,408,5,1,2024-08-17T14:00:00Z,True,17,0,0,0,0,0,0,0,0,0,0,0,0,0,0,0,40,35029,0,0,0.0,0.0,0.0,0.0,0.0,0.0,2.0
Jørgen Strand Larsen,FWD,Wolves,566,2,1,2024-08-17T14:00:00Z,False,1,83,1,2,0,0,0,2,0,0,0,0,0,0,0,2,55,17027,0,0,0.08,0.0,1.24,2.4,1.9,23.0,0.7
Jack Harrison,MID,Everton,224,3,1,2024-08-17T14:00:00Z,True,5,84,1,2,0,0,0,2,0,0,0,0,0,0,0,9,55,15242,0,0,0.14,0.26,1.36,9.8,16.3,32.0,2.0
Riccardo Calafiori,DEF,Arsenal,578,2,1,2024-08-17T14:00:00Z,True,20,0,0,0,0,0,0,0,0,0,0,0,0,0,0,0,60,226287,0,0,0.0,0.0,0.0,0.0,0.0,0.0,4.2
Luke Cundle,MID,Wolves,540,2,1,2024-08-17T14:00:00Z,False,1,0,0,0,0,0,0,0,0,0,0,0,0,0,0,0,45,9908,0,0,0.0,0.0,0.0,0.0,0.0,0.0,0.0
Jan Bednarek,DEF,Southampton,455,5,1,2024-08-17T14:00:00Z,False,15,80,1,2,0,0,0,1,0,0,0,0,0,0,0,13,40,96706,0,0,0.0,0.03,0.25,18.4,12.7,2.0,0.0
André Onana,GK,Man Utd,383,1,1,2024-08-16T19:00:00Z,True,9,90,1,6,0,0,1,0,0,0,0,0,0,2,0,25,50,517448,0,0,0.0,0.0,0.44,16.8,0.0,0.0,3.1
Odsonne Edouard,FWD,Crystal Palace,198,8,1,2024-08-18T13:00:00Z,False,4,45,0,1,0,0,0,1,0,0,0,0,0,0,0,1,55,68403,0,0,0.05,0.02,1.09,0.0,10.7,5.0,1.7
Deivid Washington de Souza Eugênio,FWD,Chelsea,165,9,1,2024-08-18T15:30:00Z,True,13,0,0,0,0,0,0,0,0,0,0,0,0,0,0,0,50,6224,0,0,0.0,0.0,0.0,0.0,0.0,0.0,0.4
Lewis O'Brien,MID,Nott'm Forest,439,6,1,2024-08-17T14:00:00Z,True,3,0,0,0,0,0,0,0,0,0,0,0,0,0,0,0,50,205,0,0,0.0,0.0,0.0,0.0,0.0,0.0,0.0
Bukayo Saka,MID,Arsenal,17,2,1,2024-08-17T14:00:00Z,True,20,79,1,12,1,1,1,0,0,0,0,1,0,0,2,42,100,2763895,0,0,0.35,0.37,0.32,64.2,61.7,78.0,4.3
Alex Mighten,MID,Nott'm Forest,435,6,1,2024-08-17T14:00:00Z,True,3,0,0,0,0,0,0,0,0,0,0,0,0,0,0,0,45,4017,0,0,0.0,0.0,0.0,0.0,0.0,0.0,1.0
Djed Spence,DEF,Spurs,504,10,1,2024-08-19T19:00:00Z,False,11,1,0,1,0,0,0,0,0,0,0,0,0,0,0,3,45,8800,0,0,0.0,0.0,0.06,1.8,1.1,0.0,2.4
Hamza Choudhury,MID,Leicester,287,10,1,2024-08-19T19:00:00Z,True,18,0,0,0,0,0,0,0,0,0,0,0,0,0,0,0,45,26479,0,0,0.0,0.0,0.0,0.0,0.0,0.0,0.5
Wesley Fofana,DEF,Chelsea,189,9,1,2024-08-18T15:30:00Z,True,13,90,1,1,0,0,0,2,0,0,0,0,0,0,0,3,45,22753,0,0,0.04,0.01,0.77,11.6,1.3,6.0,0.9
Lucas Digne,DEF,Aston Villa,36,7,1,2024-08-17T16:30:00Z,False,19,73,1,2,0,0,0,1,0,0,0,0,0,0,0,14,45,196248,0,0,0.0,0.13,1.39,14.4,19.2,0.0,1.9
Joe Aribo,MID,Southampton,452,5,1,2024-08-17T14:00:00Z,False,15,69,1,2,0,0,0,1,0,0,0,0,0,0,0,18,50,4540,0,0,0.05,0.44,0.25,14.8,27.9,9.0,0.6
Fábio Ferreira Vieira,MID,Arsenal,1,2,1,2024-08-17T14:00:00Z,True,20,0,0,0,0,0,0,0,0,0,0,0,0,0,0,0,55,2923,0,0,0.0,0.0,0.0,0.0,0.0,0.0,2.3
Guglielmo Vicario,GK,Spurs,508,10,1,2024-08-19T19:00:00Z,False,11,90,1,2,0,0,0,1,0,0,0,0,0,2,0,16,50,355891,0,0,0.0,0.0,1.02,26.0,0.0,0.0,3.6
Nathan Fraser,FWD,Wolves,546,2,1,2024-08-17T14:00:00Z,False,1,0,0,0,0,0,0,0,0,0,0,0,0,0,0,0,45,506533,0,0,0.0,0.0,0.0,0.0,0.0,0.0,0.0
Christian Walton,GK,Ipswich,283,4,1,2024-08-17T11:30:00Z,True,12,90,1,2,0,0,0,2,0,0,0,0,0,3,0,9,45,15656,0,0,0.0,0.0,2.65,28.2,0.0,0.0,1.2
Matthijs de Ligt,DEF,Man Utd,593,1,1,2024-08-16T19:00:00Z,True,9,9,0,1,0,0,0,0,0,0,0,0,0,0,0,3,50,314129,0,0,0.0,0.0,0.06,0.2,0.0,0.0,2.4
Jack Hinshelwood,MID,Brighton,126,3,1,2024-08-17T14:00:00Z,False,8,90,1,3,0,0,1,0,0,0,0,0,0,0,0,14,50,2263,0,0,0.0,0.01,0.45,11.8,6.1,2.0,1.6
Antoine Semenyo,MID,Bournemouth,78,6,1,2024-08-17T14:00:00Z,False,16,90,1,8,1,0,0,1,0,0,0,0,0,0,1,25,55,92042,0,0,0.44,0.04,1.3,39.0,6.7,53.0,2.0
Will Dennis,GK,Bournemouth,599,6,1,2024-08-17T14:00:00Z,False,16,0,0,0,0,0,0,0,0,0,0,0,0,0,0,0,40,15836,0,0,0.0,0.0,0.0,0.0,0.0,0.0,1.0
Omari Giraud-Hutchinson,MID,Ipswich,274,4,1,2024-08-17T11:30:00Z,True,12,90,1,1,0,0,0,2,0,0,0,1,0,0,0,11,55,51791,0,0,0.27,0.02,2.65,7.2,1.8,18.0,1.0
Dane Scarlett,FWD,Spurs,500,10,1,2024-08-19T19:00:00Z,False,11,0,0,0,0,0,0,0,0,0,0,0,0,0,0,0,45,21142,0,0,0.0,0.0,0.0,0.0,0.0,0.0,0.0
Joe Lumley,GK,Southampton,466,5,1,2024-08-17T14:00:00Z,False,15,0,0,0,0,0,0,0,0,0,0,0,0,0,0,0,40,25648,0,0,0.0,0.0,0.0,0.0,0.0,0.0,0.0
Dwight McNeil,MID,Everton,230,3,1,2024-08-17T14:00:00Z,True,5,90,1,2,0,0,0,3,0,0,0,0,0,0,0,8,55,79050,0,0,0.0,0.16,1.43,9.2,19.7,0.0,2.0
Kim Ji-soo,DEF,Brentford,96,8,1,2024-08-18T13:00:00Z,True,7,0,0,0,0,0,0,0,0,0,0,0,0,0,0,0,40,20997,0,0,0.0,0.0,0.0,0.0,0.0,0.0,1.0
Andy Irving,MID,West Ham,576,7,1,2024-08-17T16:30:00Z,True,2,0,0,0,0,0,0,0,0,0,0,0,0,0,0,0,50,2056,0,0,0.0,0.0,0.0,0.0,0.0,0.0,1.6
Karl Hein,GK,Arsenal,5,2,1,2024-08-17T14:00:00Z,True,20,0,0,0,0,0,0,0,0,0,0,0,0,0,0,0,40,7300,0,0,0.0,0.0,0.0,0.0,0.0,0.0,0.0
Nathaniel Clyne,DEF,Crystal Palace,196,8,1,2024-08-18T13:00:00Z,False,4,0,0,0,0,0,0,0,0,0,0,0,0,0,0,0,45,10517,0,0,0.0,0.0,0.0,0.0,0.0,0.0,1.9
Saša Lukić,MID,Fulham,249,1,1,2024-08-16T19:00:00Z,False,14,90,1,2,0,0,0,1,0,0,0,0,0,0,0,16,50,3707,0,0,0.0,0.01,1.77,11.6,2.9,0.0,1.6
Kevin De Bruyne,MID,Man City,345,9,1,2024-08-18T15:30:00Z,False,6,90,1,3,0,0,1,0,0,0,0,0,0,0,0,14,95,627901,0,0,0.07,0.32,1.01,5.0,15.3,4.0,4.2
Norberto Murara Neto,GK,Bournemouth,73,6,1,2024-08-17T14:00:00Z,False,16,90,1,4,0,0,0,1,0,0,0,0,0,7,0,17,45,198435,0,0,0.0,0.0,1.3,47.0,0.0,0.0,2.2
Tyrell Malacia,DEF,Man Utd,379,1,1,2024-08-16T19:00:00Z,True,9,0,0,0,0,0,0,0,0,0,0,0,0,0,0,0,45,1453,0,0,0.0,0.0,0.0,0.0,0.0,0.0,0.0
Lucas Tolentino Coelho de Lima,MID,West Ham,527,7,1,2024-08-17T16:30:00Z,True,2,73,1,6,1,0,0,1,0,0,0,1,0,0,0,21,60,139323,0,0,0.79,0.04,1.76,40.4,17.0,17.0,2.2
Lewis Dunk,DEF,Brighton,120,3,1,2024-08-17T14:00:00Z,False,8,75,1,6,0,0,1,0,0,0,0,0,0,0,0,23,45,367736,0,0,0.07,0.0,0.45,7.0,0.3,6.0,1.9
Mason Holgate,DEF,Everton,225,3,1,2024-08-17T14:00:00Z,True,5,5,0,1,0,0,0,1,0,0,0,0,0,0,0,-1,40,43592,0,0,0.0,0.0,0.07,0.0,0.0,0.0,1.0
Kurt Zouma,DEF,West Ham,532,7,1,2024-08-17T16:30:00Z,True,2,0,0,0,0,0,0,0,0,0,0,0,0,0,0,0,45,50531,0,0,0.0,0.0,0.0,0.0,0.0,0.0,1.9
Sékou Mara,FWD,Southampton,468,5,1,2024-08-17T14:00:00Z,False,15,0,0,0,0,0,0,0,0,0,0,0,0,0,0,0,50,8265,0,0,0.0,0.0,0.0,0.0,0.0,0.0,0.4
Antony Matheus dos Santos,MID,Man Utd,365,1,1,2024-08-16T19:00:00Z,True,9,0,0,0,0,0,0,0,0,0,0,0,0,0,0,0,60,21896,0,0,0.0,0.0,0.0,0.0,0.0,0.0,2.2
Kalvin Phillips,MID,Ipswich,359,4,1,2024-08-17T11:30:00Z,True,12,0,0,0,0,0,0,0,0,0,0,0,0,0,0,0,50,9305,0,0,0.0,0.0,0.0,0.0,0.0,0.0,0.6
Ibrahima Konaté,DEF,Liverpool,326,4,1,2024-08-17T11:30:00Z,False,10,45,0,1,0,0,0,0,0,0,0,0,0,0,0,12,50,151453,0,0,0.0,0.0,0.15,14.2,0.3,0.0,3.4
Chadi Riad Dnanou,DEF,Crystal Palace,195,8,1,2024-08-18T13:00:00Z,False,4,0,0,0,0,0,0,0,0,0,0,0,0,0,0,0,45,12507,0,0,0.0,0.0,0.0,0.0,0.0,0.0,1.9
Freddie Ladapo,FWD,Ipswich,276,4,1,2024-08-17T11:30:00Z,True,12,0,0,0,0,0,0,0,0,0,0,0,0,0,0,0,45,179213,0,0,0.0,0.0,0.0,0.0,0.0,0.0,0.0
Levi Colwill,DEF,Chelsea,162,9,1,2024-08-18T15:30:00Z,True,13,90,1,1,0,0,0,2,0,0,0,0,0,0,0,8,45,60767,0,0,0.0,0.01,0.77,20.4,0.8,0.0,0.9
Nick Pope,GK,Newcastle,413,5,1,2024-08-17T14:00:00Z,True,17,90,1,9,0,0,1,0,0,0,0,0,0,3,2,27,50,510361,0,0,0.0,0.0,1.77,25.2,0.0,0.0,4.1
Jorge Luiz Frello Filho,MID,Arsenal,7,2,1,2024-08-17T14:00:00Z,True,20,0,0,0,0,0,0,0,0,0,0,0,0,0,0,0,50,25861,0,0,0.0,0.0,0.0,0.0,0.0,0.0,2.6
Luke Woolfenden,DEF,Ipswich,284,4,1,2024-08-17T11:30:00Z,True,12,90,1,0,0,0,0,2,0,0,0,1,0,0,0,7,40,108271,0,0,0.0,0.0,2.65,27.2,0.3,2.0,0.0
Łukasz Fabiański,GK,West Ham,521,7,1,2024-08-17T16:30:00Z,True,2,0,0,0,0,0,0,0,0,0,0,0,0,0,0,0,40,1150090,0,0,0.0,0.0,0.0,0.0,0.0,0.0,1.0
Idrissa Gueye,MID,Everton,222,3,1,2024-08-17T14:00:00Z,True,5,90,1,2,0,0,0,3,0,0,0,0,0,0,0,6,50,5446,0,0,0.02,0.01,1.43,2.4,2.8,3.0,1.6
Joe Gomez,DEF,Liverpool,322,4,1,2024-08-17T11:30:00Z,False,10,0,0,0,0,0,0,0,0,0,0,0,0,0,0,0,50,51959,0,0,0.0,0.0,0.0,0.0,0.0,0.0,3.4
Dominic Calvert-Lewin,FWD,Everton,220,3,1,2024-08-17T14:00:00Z,True,5,75,1,2,0,0,0,2,0,0,0,0,0,0,0,5,60,172226,0,0,0.0,0.01,1.36,0.0,1.8,6.0,2.0
Yerson Mosquera,DEF,Wolves,558,2,1,2024-08-17T14:00:00Z,False,1,90,1,1,0,0,0,2,0,0,0,0,0,0,0,8,40,40717,0,0,0.0,0.02,1.24,21.8,14.9,0.0,0.0
Konstantinos Tsimikas,DEF,Liverpool,337,4,1,2024-08-17T11:30:00Z,False,10,11,0,1,0,0,0,0,0,0,0,0,0,0,0,3,50,40013,0,0,0.0,0.01,0.04,1.4,1.2,0.0,3.4
Christian Nørgaard,MID,Brentford,101,8,1,2024-08-18T13:00:00Z,True,7,90,1,2,0,0,0,1,0,0,0,0,0,0,0,15,50,11239,0,0,0.0,0.01,1.17,17.8,12.3,0.0,1.6
Emiliano Martínez Romero,GK,Aston Villa,47,7,1,2024-08-17T16:30:00Z,False,19,90,1,3,0,0,0,1,0,0,0,0,0,3,0,11,50,1108383,0,0,0.0,0.0,2.46,25.8,0.0,0.0,3.1
Declan Rice,MID,Arsenal,16,2,1,2024-08-17T14:00:00Z,True,20,84,1,3,0,0,1,0,0,0,0,0,0,0,0,9,65,552723,0,0,0.09,0.05,0.32,6.6,13.4,8.0,3.3
Dejan Kulusevski,MID,Spurs,492,10,1,2024-08-19T19:00:00Z,False,11,11,0,1,0,0,0,0,0,0,0,0,0,0,0,0,65,229933,0,0,0.0,0.17,0.12,2.4,1.3,22.0,2.8
Pascal Groß,MID,Brighton,125,3,1,2024-08-17T14:00:00Z,False,8,0,0,0,0,0,0,0,0,0,0,0,0,0,0,0,65,10739,0,0,0.0,0.0,0.0,0.0,0.0,0.0,0.0
Gabriel dos Santos Magalhães,DEF,Arsenal,3,2,1,2024-08-17T14:00:00Z,True,20,90,1,6,0,0,1,0,0,0,0,0,0,0,0,22,60,1167503,0,0,0.12,0.02,0.47,13.8,1.4,8.0,4.2
Cody Gakpo,FWD,Liverpool,321,4,1,2024-08-17T11:30:00Z,False,10,11,0,0,0,0,0,0,0,0,0,1,0,0,0,-1,75,367195,0,0,0.0,0.0,0.04,0.0,1.8,6.0,3.4
Mohammed Kudus,MID,West Ham,525,7,1,2024-08-17T16:30:00Z,True,2,90,1,2,0,0,0,2,0,0,0,0,0,0,0,11,65,763274,0,0,0.08,0.47,2.03,7.6,27.5,22.0,2.3
Benicio Baker-Boaitey,MID,Brighton,114,3,1,2024-08-17T14:00:00Z,False,8,0,0,0,0,0,0,0,0,0,0,0,0,0,0,0,45,744,0,0,0.0,0.0,0.0,0.0,0.0,0.0,0.0
Vitaly Janelt,MID,Brentford,94,8,1,2024-08-18T13:00:00Z,True,7,73,1,2,0,0,0,1,0,0,0,0,0,0,0,10,50,16717,0,0,0.07,0.03,0.5,11.2,15.1,5.0,1.6
Adama Traoré,MID,Fulham,239,1,1,2024-08-16T19:00:00Z,False,14,77,1,3,0,0,1,0,0,0,0,0,0,0,0,5,50,21783,0,0,0.1,0.02,1.57,1.0,3.8,14.0,1.6
Alexis Mac Allister,MID,Liverpool,329,4,1,2024-08-17T11:30:00Z,False,10,90,1,3,0,0,1,0,0,0,0,0,0,0,0,7,65,222591,0,0,0.1,0.06,0.45,2.6,9.3,7.0,3.3
Endo Wataru,MID,Liverpool,320,4,1,2024-08-17T11:30:00Z,False,10,0,0,0,0,0,0,0,0,0,0,0,0,0,0,0,50,17472,0,0,0.0,0.0,0.0,0.0,0.0,0.0,2.6
João Pedro Ferreira Silva,MID,Nott'm Forest,596,6,1,2024-08-17T14:00:00Z,True,3,0,0,0,0,0,0,0,0,0,0,0,0,0,0,0,60,10205,0,0,0.0,0.0,0.0,0.0,0.0,0.0,2.2
Ashley Phillips,DEF,Spurs,478,10,1,2024-08-19T19:00:00Z,False,11,0,0,0,0,0,0,0,0,0,0,0,0,0,0,0,40,41050,0,0,0.0,0.0,0.0,0.0,0.0,0.0,1.5
Keane Lewis-Potter,MID,Brentford,98,8,1,2024-08-18T13:00:00Z,True,7,16,0,1,0,0,0,0,0,0,0,0,0,0,0,4,50,4328,0,0,0.0,0.0,0.67,2.0,0.5,0.0,1.6
Ben Johnson,DEF,Ipswich,275,4,1,2024-08-17T11:30:00Z,True,12,33,0,0,0,0,0,2,0,0,0,0,0,0,0,-5,40,337620,0,0,0.0,0.0,2.19,11.0,0.0,0.0,0.0
Michael Golding,MID,Leicester,292,10,1,2024-08-19T19:00:00Z,True,18,0,0,0,0,0,0,0,0,0,0,0,0,0,0,0,45,4727,0,0,0.0,0.0,0.0,0.0,0.0,0.0,0.5
Remi Matthews,GK,Crystal Palace,209,8,1,2024-08-18T13:00:00Z,False,4,0,0,0,0,0,0,0,0,0,0,0,0,0,0,0,40,90762,0,0,0.0,0.0,0.0,0.0,0.0,0.0,1.0
Alfie Gilchrist,DEF,Chelsea,170,9,1,2024-08-18T15:30:00Z,True,13,0,0,0,0,0,0,0,0,0,0,0,0,0,0,0,40,10496,0,0,0.0,0.0,0.0,0.0,0.0,0.0,0.0
Nayef Aguerd,DEF,West Ham,529,7,1,2024-08-17T16:30:00Z,True,2,0,0,0,0,0,0,0,0,0,0,0,0,0,0,0,45,12428,0,0,0.0,0.0,0.0,0.0,0.0,0.0,1.9
Emile Smith Rowe,MID,Fulham,19,1,1,2024-08-16T19:00:00Z,False,14,63,1,3,0,0,1,0,0,0,0,0,0,0,0,11,55,1427753,0,0,0.0,0.0,1.5,4.0,3.8,0.0,2.0
Enes Ünal,FWD,Bournemouth,65,6,1,2024-08-17T14:00:00Z,False,16,0,0,0,0,0,0,0,0,0,0,0,0,0,0,0,55,3455,0,0,0.0,0.0,0.0,0.0,0.0,0.0,0.0
Lucas Bergström,GK,Chelsea,154,9,1,2024-08-18T15:30:00Z,True,13,0,0,0,0,0,0,0,0,0,0,0,0,0,0,0,40,18789,0,0,0.0,0.0,0.0,0.0,0.0,0.0,0.0
Kacper Kozłowski,MID,Brighton,130,3,1,2024-08-17T14:00:00Z,False,8,0,0,0,0,0,0,0,0,0,0,0,0,0,0,0,45,156,0,0,0.0,0.0,0.0,0.0,0.0,0.0,0.0
Axel Tuanzebe,DEF,Ipswich,282,4,1,2024-08-17T11:30:00Z,True,12,73,1,1,0,0,0,2,0,0,0,0,0,0,0,1,40,100603,0,0,0.07,0.0,2.07,7.8,0.4,4.0,0.0
Gabriel Fernando de Jesus,FWD,Arsenal,2,2,1,2024-08-17T14:00:00Z,True,20,5,0,0,0,0,0,0,0,0,0,1,0,0,0,1,70,199810,0,0,0.0,0.0,0.15,0.2,0.8,0.0,3.2
Iliman Ndiaye,FWD,Everton,232,3,1,2024-08-17T14:00:00Z,True,5,27,0,1,0,0,0,1,0,0,0,0,0,0,0,3,55,14764,0,0,0.0,0.0,0.3,5.0,0.2,2.0,1.7
David Raya Martin,GK,Arsenal,15,2,1,2024-08-17T14:00:00Z,True,20,90,1,8,0,0,1,0,0,0,0,0,0,3,1,28,55,2143198,0,0,0.0,0.0,0.47,28.0,0.0,0.0,5.0
Enso González,MID,Wolves,547,2,1,2024-08-17T14:00:00Z,False,1,0,0,0,0,0,0,0,0,0,0,0,0,0,0,0,45,2764,0,0,0.0,0.0,0.0,0.0,0.0,0.0,0.0
Archie Gray,MID,Spurs,489,10,1,2024-08-19T19:00:00Z,False,11,12,0,1,0,0,0,0,0,0,0,0,0,0,0,1,50,23217,0,0,0.0,0.01,0.12,6.6,1.5,0.0,2.1
Christopher Nkunku,MID,Chelsea,181,9,1,2024-08-18T15:30:00Z,True,13,57,1,1,0,0,0,1,0,0,0,0,0,0,0,6,65,1446069,0,0,0.15,0.06,0.66,7.8,13.5,13.0,1.3
Manuel Akanji,DEF,Man City,340,9,1,2024-08-18T15:30:00Z,False,6,90,1,6,0,0,1,0,0,0,0,0,0,0,0,28,55,377453,0,0,0.0,0.01,1.01,16.2,1.6,0.0,3.8
Ryan Gravenberch,MID,Liverpool,323,4,1,2024-08-17T11:30:00Z,False,10,90,1,3,0,0,1,0,0,0,0,0,0,0,0,6,50,11117,0,0,0.0,0.39,0.45,6.2,10.4,0.0,2.6
Joe Willock,MID,Newcastle,420,5,1,2024-08-17T14:00:00Z,True,17,0,0,0,0,0,0,0,0,0,0,0,0,0,0,0,50,13992,0,0,0.0,0.0,0.0,0.0,0.0,0.0,2.6
Mark Flekken,GK,Brentford,91,8,1,2024-08-18T13:00:00Z,True,7,90,1,4,0,0,0,1,0,0,0,0,0,6,0,22,45,1005914,0,0,0.0,0.0,1.17,46.4,0.0,0.0,2.2
Lewis Cook,MID,Bournemouth,64,6,1,2024-08-17T14:00:00Z,False,16,83,1,1,0,0,0,1,0,0,0,1,0,0,0,12,50,6523,0,0,0.0,0.21,1.04,10.8,16.0,0.0,1.6
Alex Iwobi,MID,Fulham,247,1,1,2024-08-16T19:00:00Z,False,14,90,1,2,0,0,0,1,0,0,0,0,0,0,0,5,55,44896,0,0,0.04,0.15,2.43,11.0,10.9,13.0,2.0
Ethan Nwaneri,MID,Arsenal,12,2,1,2024-08-17T14:00:00Z,True,20,0,0,0,0,0,0,0,0,0,0,0,0,0,0,0,45,16484,0,0,0.0,0.0,0.0,0.0,0.0,0.0,2.0
Ross Stewart,FWD,Southampton,473,5,1,2024-08-17T14:00:00Z,False,15,0,0,0,0,0,0,0,0,0,0,0,0,0,0,0,45,64653,0,0,0.0,0.0,0.0,0.0,0.0,0.0,0.0
Matt Doherty,DEF,Wolves,543,2,1,2024-08-17T14:00:00Z,False,1,90,1,1,0,0,0,2,0,0,0,0,0,0,0,7,45,18088,0,0,0.08,0.01,1.24,12.2,2.7,9.0,0.9
Alejo Véliz,FWD,Spurs,507,10,1,2024-08-19T19:00:00Z,False,11,0,0,0,0,0,0,0,0,0,0,0,0,0,0,0,50,1545,0,0,0.0,0.0,0.0,0.0,0.0,0.0,0.0
Isaac Hayden,MID,Newcastle,400,5,1,2024-08-17T14:00:00Z,True,17,0,0,0,0,0,0,0,0,0,0,0,0,0,0,0,45,5826,0,0,0.0,0.0,0.0,0.0,0.0,0.0,2.0
Wilson Odobert,MID,Spurs,612,10,1,2024-08-19T19:00:00Z,False,11,0,0,0,0,0,0,0,0,0,0,0,0,0,0,0,55,954,0,0,0.0,0.0,0.0,0.0,0.0,0.0,2.5
Conor Bradley,DEF,Liverpool,313,4,1,2024-08-17T11:30:00Z,False,10,13,0,1,0,0,0,0,0,0,0,0,0,0,0,3,50,54579,0,0,0.24,0.02,0.04,7.4,1.9,40.0,3.4
Tom Cairney,MID,Fulham,243,1,1,2024-08-16T19:00:00Z,False,14,26,0,0,0,0,0,1,0,0,0,1,0,0,0,2,50,3772,0,0,0.0,0.05,0.94,3.8,11.7,4.0,1.6
Jarell Quansah,DEF,Liverpool,333,4,1,2024-08-17T11:30:00Z,False,10,45,1,1,0,0,0,0,0,0,0,0,0,0,0,7,45,567784,0,0,0.0,0.0,0.31,15.8,0.5,0.0,2.9
Jacob Ramsey,MID,Aston Villa,53,7,1,2024-08-17T16:30:00Z,False,19,28,0,4,0,1,0,0,0,0,0,0,0,0,0,18,55,22089,0,0,0.06,0.13,1.17,18.4,12.3,7.0,2.0
Emiliano Buendía Stati,MID,Aston Villa,31,7,1,2024-08-17T16:30:00Z,False,19,0,0,0,0,0,0,0,0,0,0,0,0,0,0,0,55,12149,0,0,0.0,0.0,0.0,0.0,0.0,0.0,2.0
James McAtee,MID,Man City,357,9,1,2024-08-18T15:30:00Z,False,6,0,0,0,0,0,0,0,0,0,0,0,0,0,0,0,50,7920,0,0,0.0,0.0,0.0,0.0,0.0,0.0,2.6
Andrew Robertson,DEF,Liverpool,335,4,1,2024-08-17T11:30:00Z,False,10,78,1,6,0,0,1,0,0,0,0,0,0,0,0,24,60,392551,0,0,0.0,0.13,0.41,12.0,17.1,4.0,4.2
Luke Harris,MID,Fulham,246,1,1,2024-08-16T19:00:00Z,False,14,0,0,0,0,0,0,0,0,0,0,0,0,0,0,0,45,1375,0,0,0.0,0.0,0.0,0.0,0.0,0.0,0.0
Youri Tielemans,MID,Aston Villa,57,7,1,2024-08-17T16:30:00Z,False,19,90,1,7,0,1,0,1,0,0,0,0,0,0,2,33,55,49190,0,0,0.18,0.24,2.46,32.4,42.5,4.0,2.0
João Neves Virgínia,GK,Everton,227,3,1,2024-08-17T14:00:00Z,True,5,0,0,0,0,0,0,0,0,0,0,0,0,0,0,0,40,59289,0,0,0.0,0.0,0.0,0.0,0.0,0.0,1.0
Oleksandr Zinchenko,DEF,Arsenal,25,2,1,2024-08-17T14:00:00Z,True,20,68,1,6,0,0,1,0,0,0,0,0,0,0,0,22,50,230223,0,0,0.0,0.04,0.32,7.2,4.9,6.0,3.4
Francisco Jorge Tomás Oliveira,MID,Wolves,537,2,1,2024-08-17T14:00:00Z,False,1,6,0,1,0,0,0,0,0,0,0,0,0,0,0,4,45,16796,0,0,0.0,0.05,0.0,3.0,14.3,2.0,0.0
Ederson Santana de Moraes,GK,Man City,347,9,1,2024-08-18T15:30:00Z,False,6,90,1,8,0,0,1,0,0,0,0,0,0,3,1,30,55,557560,0,0,0.0,0.0,1.01,19.6,0.0,0.0,5.0
Andrew Omobamidele,DEF,Nott'm Forest,440,6,1,2024-08-17T14:00:00Z,True,3,0,0,0,0,0,0,0,0,0,0,0,0,0,0,0,45,6608,0,0,0.0,0.0,0.0,0.0,0.0,0.0,1.9
Norberto Bercique Gomes Betuncal,FWD,Everton,218,3,1,2024-08-17T14:00:00Z,True,5,14,0,1,0,0,0,1,0,0,0,0,0,0,0,2,50,36900,0,0,0.0,0.0,0.07,0.0,0.0,0.0,1.4
Diogo Dalot Teixeira,DEF,Man Utd,369,1,1,2024-08-16T19:00:00Z,True,9,90,1,7,0,0,1,0,0,0,0,0,0,0,1,26,50,701512,0,0,0.0,0.02,0.44,13.4,4.8,0.0,2.4
Pape Matar Sarr,MID,Spurs,499,10,1,2024-08-19T19:00:00Z,False,11,77,1,2,0,0,0,1,0,0,0,0,0,0,0,12,50,23419,0,0,0.01,0.04,0.9,7.0,15.6,6.0,2.1
Danny Welbeck,FWD,Brighton,148,3,1,2024-08-17T14:00:00Z,False,8,90,1,12,1,1,1,0,0,0,0,0,0,0,3,41,55,64656,0,0,0.2,0.04,0.45,61.4,24.8,25.0,1.7
Yankuba Minteh,MID,Brighton,135,3,1,2024-08-17T14:00:00Z,False,8,45,1,4,0,1,0,0,0,0,0,0,0,0,0,18,55,119994,0,0,0.0,0.65,0.25,25.0,31.4,8.0,2.0
Nathan Aké,DEF,Man City,341,9,1,2024-08-18T15:30:00Z,False,6,0,0,0,0,0,0,0,0,0,0,0,0,0,0,0,55,231353,0,0,0.0,0.0,0.0,0.0,0.0,0.0,3.8
Bernd Leno,GK,Fulham,248,1,1,2024-08-16T19:00:00Z,False,14,90,1,3,0,0,0,1,0,0,0,0,0,4,0,12,50,215262,0,0,0.0,0.0,2.43,33.0,0.0,0.0,3.1
Jamaal Lascelles,DEF,Newcastle,407,5,1,2024-08-17T14:00:00Z,True,17,0,0,0,0,0,0,0,0,0,0,0,0,0,0,0,45,399,0,0,0.0,0.0,0.0,0.0,0.0,0.0,0.0
Axel Disasi,DEF,Chelsea,167,9,1,2024-08-18T15:30:00Z,True,13,0,0,0,0,0,0,0,0,0,0,0,0,0,0,0,45,39895,0,0,0.0,0.0,0.0,0.0,0.0,0.0,0.9
Kevin Schade,MID,Brentford,106,8,1,2024-08-18T13:00:00Z,True,7,73,1,2,0,0,0,1,0,0,0,0,0,0,0,-2,55,6235,0,0,0.13,0.01,0.5,6.8,0.9,8.0,2.0
Victor Kristiansen,DEF,Leicester,296,10,1,2024-08-19T19:00:00Z,True,18,90,1,2,0,0,0,1,0,0,0,0,0,0,0,9,45,9441,0,0,0.0,0.03,1.23,22.2,8.9,0.0,1.4
Kyle Walker-Peters,DEF,Southampton,476,5,1,2024-08-17T14:00:00Z,False,15,80,1,2,0,0,0,1,0,0,0,0,0,0,0,8,45,40395,0,0,0.06,0.08,0.25,2.0,10.9,8.0,0.9
Daniel Bentley,GK,Wolves,536,2,1,2024-08-17T14:00:00Z,False,1,0,0,0,0,0,0,0,0,0,0,0,0,0,0,0,40,194160,0,0,0.0,0.0,0.0,0.0,0.0,0.0,0.0
Ivan Toney,FWD,Brentford,108,8,1,2024-08-18T13:00:00Z,True,7,0,0,0,0,0,0,0,0,0,0,0,0,0,0,0,75,809422,0,0,0.0,0.0,0.0,0.0,0.0,0.0,2.4
Antonee Robinson,DEF,Fulham,255,1,1,2024-08-16T19:00:00Z,False,14,90,1,2,0,0,0,1,0,0,0,0,0,0,0,15,45,774506,0,0,0.0,0.01,2.43,29.2,1.5,2.0,1.9
Romain Faivre,MID,Bournemouth,66,6,1,2024-08-17T14:00:00Z,False,16,0,0,0,0,0,0,0,0,0,0,0,0,0,0,0,50,1707,0,0,0.0,0.0,0.0,0.0,0.0,0.0,1.6
James Ward-Prowse,MID,West Ham,531,7,1,2024-08-17T16:30:00Z,True,2,16,0,1,0,0,0,1,0,0,0,0,0,0,0,3,65,172416,0,0,0.0,0.0,0.27,3.4,1.4,0.0,2.3
Patson Daka,FWD,Leicester,289,10,1,2024-08-19T19:00:00Z,True,18,0,0,0,0,0,0,0,0,0,0,0,0,0,0,0,50,30123,0,0,0.0,0.0,0.0,0.0,0.0,0.0,0.0
Illia Zabarnyi,DEF,Bournemouth,85,6,1,2024-08-17T14:00:00Z,False,16,90,1,2,0,0,0,1,0,0,0,0,0,0,0,9,45,37460,0,0,0.0,0.02,1.3,15.6,1.1,0.0,1.9
Gavin Bazunu,GK,Southampton,454,5,1,2024-08-17T14:00:00Z,False,15,0,0,0,0,0,0,0,0,0,0,0,0,0,0,0,45,28798,0,0,0.0,0.0,0.0,0.0,0.0,0.0,1.2
Sven Botman,DEF,Newcastle,393,5,1,2024-08-17T14:00:00Z,True,17,0,0,0,0,0,0,0,0,0,0,0,0,0,0,0,45,1632,0,0,0.0,0.0,0.0,0.0,0.0,0.0,0.0
Hugo Bueno López,DEF,Wolves,549,2,1,2024-08-17T14:00:00Z,False,1,0,0,0,0,0,0,0,0,0,0,0,0,0,0,0,45,2509,0,0,0.0,0.0,0.0,0.0,0.0,0.0,0.0
Danny Ward,GK,Leicester,308,10,1,2024-08-19T19:00:00Z,True,18,0,0,0,0,0,0,0,0,0,0,0,0,0,0,0,40,227087,0,0,0.0,0.0,0.0,0.0,0.0,0.0,0.5
Samuel Amo-Ameyaw,MID,Southampton,451,5,1,2024-08-17T14:00:00Z,False,15,9,0,1,0,0,0,0,0,0,0,0,0,0,0,4,45,8926,0,0,0.02,0.13,0.0,4.0,15.0,6.0,0.0
Joe Gauci,GK,Aston Villa,39,7,1,2024-08-17T16:30:00Z,False,19,0,0,0,0,0,0,0,0,0,0,0,0,0,0,0,40,37657,0,0,0.0,0.0,0.0,0.0,0.0,0.0,1.0
João Pedro Junqueira de Jesus,FWD,Brighton,129,3,1,2024-08-17T14:00:00Z,False,8,81,1,2,0,0,1,0,0,0,0,0,0,0,0,9,55,1623770,0,0,0.03,0.02,0.45,5.0,10.8,7.0,1.7
Justin Kluivert,MID,Bournemouth,71,6,1,2024-08-17T14:00:00Z,False,16,26,0,0,0,0,0,0,0,0,0,1,0,0,0,0,55,38451,0,0,0.0,0.02,0.28,1.8,6.7,6.0,2.0
Martin Dúbravka,GK,Newcastle,396,5,1,2024-08-17T14:00:00Z,True,17,0,0,0,0,0,0,0,0,0,0,0,0,0,0,0,45,114645,0,0,0.0,0.0,0.0,0.0,0.0,0.0,3.2
Flynn Downes,MID,Southampton,518,5,1,2024-08-17T14:00:00Z,False,15,90,1,2,0,0,0,1,0,0,0,0,0,0,0,12,50,5433,0,0,0.11,0.1,0.25,19.4,43.3,7.0,0.6
Alejandro Garnacho,MID,Man Utd,372,1,1,2024-08-16T19:00:00Z,True,9,29,0,4,0,1,0,0,0,0,0,0,0,0,0,11,65,1548926,0,0,0.68,0.09,0.23,21.2,25.0,9.0,2.3
Ronnie Edwards,DEF,Southampton,460,5,1,2024-08-17T14:00:00Z,False,15,0,0,0,0,0,0,0,0,0,0,0,0,0,0,0,40,14950,0,0,0.0,0.0,0.0,0.0,0.0,0.0,0.0
Edson Álvarez Velázquez,MID,West Ham,511,7,1,2024-08-17T16:30:00Z,True,2,0,0,0,0,0,0,0,0,0,0,0,0,0,0,0,50,9327,0,0,0.0,0.0,0.0,0.0,0.0,0.0,0.4
Jack Grealish,MID,Man City,349,9,1,2024-08-18T15:30:00Z,False,6,0,0,0,0,0,0,0,0,0,0,0,0,0,0,0,65,15825,0,0,0.0,0.0,0.0,0.0,0.0,0.0,2.5
Marcus Myers-Harness,MID,Ipswich,271,4,1,2024-08-17T11:30:00Z,True,12,25,0,1,0,0,0,1,0,0,0,0,0,0,0,1,50,2261,0,0,0.0,0.03,1.21,5.4,1.6,4.0,0.6
Jack Taylor,MID,Ipswich,281,4,1,2024-08-17T11:30:00Z,True,12,25,0,1,0,0,0,1,0,0,0,0,0,0,0,3,50,2848,0,0,0.02,0.01,1.21,3.2,0.9,2.0,0.6
Simon Adingra,MID,Brighton,113,3,1,2024-08-17T14:00:00Z,False,8,45,0,6,1,0,0,0,0,0,0,0,0,0,0,24,55,42304,0,0,0.17,0.05,0.21,39.6,6.5,26.0,2.0
Ben Mee,DEF,Brentford,100,8,1,2024-08-18T13:00:00Z,True,7,1,0,1,0,0,0,0,0,0,0,0,0,0,0,3,45,79075,0,0,0.0,0.0,0.0,0.0,0.1,0.0,1.9
Leon Chiwome,FWD,Wolves,539,2,1,2024-08-17T14:00:00Z,False,1,0,0,0,0,0,0,0,0,0,0,0,0,0,0,0,45,9106,0,0,0.0,0.0,0.0,0.0,0.0,0.0,0.0
Eric da Silva Moreira,MID,Nott'm Forest,428,6,1,2024-08-17T14:00:00Z,True,3,0,0,0,0,0,0,0,0,0,0,0,0,0,0,0,45,6089,0,0,0.0,0.0,0.0,0.0,0.0,0.0,1.0
Luis Guilherme Lira dos Santos,MID,West Ham,526,7,1,2024-08-17T16:30:00Z,True,2,0,0,0,0,0,0,0,0,0,0,0,0,0,0,0,50,3225,0,0,0.0,0.0,0.0,0.0,0.0,0.0,1.6
Joe Hodge,MID,Wolves,551,2,1,2024-08-17T14:00:00Z,False,1,0,0,0,0,0,0,0,0,0,0,0,0,0,0,0,45,39994,0,0,0.0,0.0,0.0,0.0,0.0,0.0,0.0
Harrison Armstrong,MID,Everton,603,3,1,2024-08-17T14:00:00Z,True,5,0,0,0,0,0,0,0,0,0,0,0,0,0,0,0,45,8422,0,0,0.0,0.0,0.0,0.0,0.0,0.0,1.0
Carney Chukwuemeka,MID,Chelsea,161,9,1,2024-08-18T15:30:00Z,True,13,0,0,0,0,0,0,0,0,0,0,0,0,0,0,0,50,5259,0,0,0.0,0.0,0.0,0.0,0.0,0.0,0.6
Tom King,GK,Wolves,556,2,1,2024-08-17T14:00:00Z,False,1,0,0,0,0,0,0,0,0,0,0,0,0,0,0,0,40,96111,0,0,0.0,0.0,0.0,0.0,0.0,0.0,0.0
Wout Faes,DEF,Leicester,291,10,1,2024-08-19T19:00:00Z,True,18,90,1,1,0,0,0,1,0,0,0,1,0,0,0,7,40,616143,0,0,0.0,0.0,1.23,15.4,0.3,0.0,0.5
Leny Yoro,DEF,Man Utd,572,1,1,2024-08-16T19:00:00Z,True,9,0,0,0,0,0,0,0,0,0,0,0,0,0,0,0,45,19850,0,0,0.0,0.0,0.0,0.0,0.0,0.0,0.0
Pedro Lomba Neto,MID,Chelsea,560,9,1,2024-08-18T15:30:00Z,True,13,32,0,1,0,0,0,1,0,0,0,0,0,0,0,6,65,100779,0,0,0.04,0.16,0.11,7.4,26.7,9.0,1.3
Ian Maatsen,DEF,Aston Villa,45,7,1,2024-08-17T16:30:00Z,False,19,16,0,1,0,0,0,0,0,0,0,0,0,0,0,5,50,328876,0,0,0.0,0.04,1.06,8.8,10.5,0.0,2.4
Harry Winks,MID,Leicester,309,10,1,2024-08-19T19:00:00Z,True,18,90,1,2,0,0,0,1,0,0,0,0,0,0,0,17,45,1202141,0,0,0.0,0.03,1.23,18.6,15.9,0.0,0.5
Mads Roerslev Rasmussen,DEF,Brentford,105,8,1,2024-08-18T13:00:00Z,True,7,90,1,2,0,0,0,1,0,0,0,0,0,0,0,4,45,8169,0,0,0.0,0.0,1.17,7.6,1.2,0.0,1.9
Jurriën Timber,DEF,Arsenal,6,2,1,2024-08-17T14:00:00Z,True,20,21,0,1,0,0,0,0,0,0,0,0,0,0,0,2,55,73714,0,0,0.02,0.01,0.15,0.0,0.8,8.0,3.8
Saša Kalajdžić,FWD,Wolves,555,2,1,2024-08-17T14:00:00Z,False,1,0,0,0,0,0,0,0,0,0,0,0,0,0,0,0,50,8814,0,0,0.0,0.0,0.0,0.0,0.0,0.0,0.4
Anthony Elanga,MID,Nott'm Forest,432,6,1,2024-08-17T14:00:00Z,True,3,53,1,1,0,0,0,0,0,0,0,0,0,0,0,13,55,214240,0,0,0.02,0.16,0.55,10.4,25.1,9.0,2.0
Julio Enciso,MID,Brighton,121,3,1,2024-08-17T14:00:00Z,False,8,0,0,0,0,0,0,0,0,0,0,0,0,0,0,0,55,6559,0,0,0.0,0.0,0.0,0.0,0.0,0.0,0.5
Naouirou Ahamada,MID,Crystal Palace,190,8,1,2024-08-18T13:00:00Z,False,4,0,0,0,0,0,0,0,0,0,0,0,0,0,0,0,45,33112,0,0,0.0,0.0,0.0,0.0,0.0,0.0,1.0
Jeremy Sarmiento Morante,MID,Brighton,141,3,1,2024-08-17T14:00:00Z,False,8,8,0,1,0,0,0,0,0,0,0,0,0,0,0,3,50,2792,0,0,0.0,0.0,0.0,0.2,0.8,0.0,1.6
Vladimír Coufal,DEF,West Ham,516,7,1,2024-08-17T16:30:00Z,True,2,84,1,1,0,0,0,2,0,0,0,0,0,0,0,-1,45,76370,0,0,0.0,0.1,1.96,18.0,15.2,0.0,1.9
Marc Cucurella Saseta,DEF,Chelsea,163,9,1,2024-08-18T15:30:00Z,True,13,79,1,2,0,0,0,1,0,0,0,0,0,0,0,16,50,521204,0,0,0.0,0.02,0.69,18.0,4.0,2.0,1.4
Toti António Gomes,DEF,Wolves,567,2,1,2024-08-17T14:00:00Z,False,1,90,1,0,0,0,0,2,0,0,0,1,0,0,0,-6,45,21377,0,0,0.0,0.01,1.24,8.4,1.3,6.0,0.9
Cristian Romero,DEF,Spurs,498,10,1,2024-08-19T19:00:00Z,False,11,90,1,2,0,0,0,1,0,0,0,0,0,0,0,13,50,434560,0,0,0.09,0.03,1.02,13.6,2.9,4.0,2.9
Dan Burn,DEF,Newcastle,395,5,1,2024-08-17T14:00:00Z,True,17,90,1,5,0,0,1,0,0,0,0,1,0,0,0,18,45,1462975,0,0,0.0,0.0,1.77,17.4,0.0,0.0,2.9
Destiny Udogie,DEF,Spurs,505,10,1,2024-08-19T19:00:00Z,False,11,90,1,2,0,0,0,1,0,0,0,0,0,0,0,2,50,331696,0,0,0.0,0.06,1.02,15.6,7.8,10.0,2.9
Jordan Pickford,GK,Everton,235,3,1,2024-08-17T14:00:00Z,True,5,90,1,1,0,0,0,3,0,0,0,0,0,2,0,2,50,1450939,0,0,0.0,0.02,1.43,23.8,0.0,0.0,3.1
Boubacar Traoré,MID,Wolves,534,2,1,2024-08-17T14:00:00Z,False,1,0,0,0,0,0,0,0,0,0,0,0,0,0,0,0,50,5450,0,0,0.0,0.0,0.0,0.0,0.0,0.0,0.6
Stefan Bajčetić Maquieira,MID,Liverpool,312,4,1,2024-08-17T11:30:00Z,False,10,0,0,0,0,0,0,0,0,0,0,0,0,0,0,0,45,16261,0,0,0.0,0.0,0.0,0.0,0.0,0.0,2.0
Mikkel Damsgaard,MID,Brentford,89,8,1,2024-08-18T13:00:00Z,True,7,16,0,1,0,0,0,0,0,0,0,0,0,0,0,3,50,6304,0,0,0.0,0.0,0.67,1.8,1.3,0.0,1.6
Luis Díaz,MID,Liverpool,327,4,1,2024-08-17T11:30:00Z,False,10,90,1,3,0,0,1,0,0,0,0,0,0,0,0,13,75,745699,0,0,0.46,0.38,0.45,9.6,37.1,31.0,3.6
Enzo Barrenechea,MID,Aston Villa,30,7,1,2024-08-17T16:30:00Z,False,19,0,0,0,0,0,0,0,0,0,0,0,0,0,0,0,50,4608,0,0,0.0,0.0,0.0,0.0,0.0,0.0,1.6
Carlos Vinícius Alves Morais,FWD,Fulham,258,1,1,2024-08-16T19:00:00Z,False,14,0,0,0,0,0,0,0,0,0,0,0,0,0,0,0,50,53449,0,0,0.0,0.0,0.0,0.0,0.0,0.0,1.4
Pervis Estupiñán,DEF,Brighton,122,3,1,2024-08-17T14:00:00Z,False,8,0,0,0,0,0,0,0,0,0,0,0,0,0,0,0,50,9056,0,0,0.0,0.0,0.0,0.0,0.0,0.0,1.2
James Milner,MID,Brighton,134,3,1,2024-08-17T14:00:00Z,False,8,81,1,2,0,0,1,0,0,0,0,1,0,0,0,10,50,5694,0,0,0.0,0.11,0.45,22.4,43.8,4.0,1.6
Ryan Trevitt,MID,Brentford,602,8,1,2024-08-18T13:00:00Z,True,7,0,0,0,0,0,0,0,0,0,0,0,0,0,0,0,45,2327,0,0,0.0,0.0,0.0,0.0,0.0,0.0,1.0
Enzo Fernández,MID,Chelsea,168,9,1,2024-08-18T15:30:00Z,True,13,90,1,2,0,0,0,2,0,0,0,0,0,0,0,16,50,118384,0,0,0.22,0.08,0.77,9.6,10.0,26.0,0.6
Luke Shaw,DEF,Man Utd,387,1,1,2024-08-16T19:00:00Z,True,9,0,0,0,0,0,0,0,0,0,0,0,0,0,0,0,50,74935,0,0,0.0,0.0,0.0,0.0,0.0,0.0,0.0
Fábio Freitas Gouveia Carvalho,MID,Brentford,314,8,1,2024-08-18T13:00:00Z,True,7,6,0,1,0,0,0,0,0,0,0,0,0,0,0,5,50,130410,0,0,0.0,0.0,0.56,2.2,0.3,0.0,1.6
Jérémy Doku,MID,Man City,346,9,1,2024-08-18T15:30:00Z,False,6,90,1,3,0,0,1,0,0,0,0,0,0,0,0,20,65,280527,0,0,0.13,0.09,1.01,12.8,23.3,29.0,3.3
Marcus Bettinelli,GK,Chelsea,155,9,1,2024-08-18T15:30:00Z,True,13,0,0,0,0,0,0,0,0,0,0,0,0,0,0,0,40,33631,0,0,0.0,0.0,0.0,0.0,0.0,0.0,0.0
Alisson Ramses Becker,GK,Liverpool,310,4,1,2024-08-17T11:30:00Z,False,10,90,1,7,0,0,1,0,0,0,0,0,0,2,1,28,55,892671,0,0,0.0,0.0,0.45,18.4,0.0,0.0,5.0
Aaron Hickey,DEF,Brentford,93,8,1,2024-08-18T13:00:00Z,True,7,0,0,0,0,0,0,0,0,0,0,0,0,0,0,0,45,3440,0,0,0.0,0.0,0.0,0.0,0.0,0.0,0.0
Alex McCarthy,GK,Southampton,469,5,1,2024-08-17T14:00:00Z,False,15,90,1,2,0,0,0,1,0,0,0,0,0,0,0,2,45,13740,0,0,0.0,0.0,0.25,0.0,0.0,0.0,1.2
Neal Maupay,FWD,Everton,229,3,1,2024-08-17T14:00:00Z,True,5,0,0,0,0,0,0,0,0,0,0,0,0,0,0,0,50,154002,0,0,0.0,0.0,0.0,0.0,0.0,0.0,1.4
Steven Benda,GK,Fulham,242,1,1,2024-08-16T19:00:00Z,False,14,0,0,0,0,0,0,0,0,0,0,0,0,0,0,0,40,38417,0,0,0.0,0.0,0.0,0.0,0.0,0.0,1.0
Dean Henderson,GK,Crystal Palace,201,8,1,2024-08-18T13:00:00Z,False,4,90,1,2,0,0,0,2,0,0,0,0,0,3,0,5,45,1563145,0,0,0.0,0.0,1.59,26.4,0.0,0.0,2.2
Ki-Jana Hoever,DEF,Wolves,552,2,1,2024-08-17T14:00:00Z,False,1,0,0,0,0,0,0,0,0,0,0,0,0,0,0,0,40,27953,0,0,0.0,0.0,0.0,0.0,0.0,0.0,0.0
Cheick Doucouré,MID,Crystal Palace,193,8,1,2024-08-18T13:00:00Z,False,4,6,0,1,0,0,0,0,0,0,0,0,0,0,0,4,50,8122,0,0,0.0,0.0,0.0,0.4,2.8,0.0,1.6
Scott McTominay,MID,Man Utd,381,1,1,2024-08-16T19:00:00Z,True,9,6,0,1,0,0,0,0,0,0,0,0,0,0,0,3,50,93204,0,0,0.0,0.0,0.06,0.6,0.1,0.0,1.6
Wilfred Ndidi,MID,Leicester,300,10,1,2024-08-19T19:00:00Z,True,18,90,1,2,0,0,0,1,0,0,0,0,0,0,0,14,50,12929,0,0,0.07,0.01,1.23,24.0,1.1,23.0,1.1
John Ruddy,GK,Newcastle,414,5,1,2024-08-17T14:00:00Z,True,17,0,0,0,0,0,0,0,0,0,0,0,0,0,0,0,40,23963,0,0,0.0,0.0,0.0,0.0,0.0,0.0,2.0
Caleb Okoli,DEF,Leicester,301,10,1,2024-08-19T19:00:00Z,True,18,0,0,0,0,0,0,0,0,0,0,0,0,0,0,0,40,17350,0,0,0.0,0.0,0.0,0.0,0.0,0.0,0.5
Odysseas Vlachodimos,GK,Newcastle,412,5,1,2024-08-17T14:00:00Z,True,17,0,0,0,0,0,0,0,0,0,0,0,0,0,0,0,45,12498,0,0,0.0,0.0,0.0,0.0,0.0,0.0,3.2
George Earthy,MID,West Ham,519,7,1,2024-08-17T16:30:00Z,True,2,0,0,0,0,0,0,0,0,0,0,0,0,0,0,0,45,10475,0,0,0.0,0.0,0.0,0.0,0.0,0.0,0.0
Daichi Kamada,MID,Crystal Palace,205,8,1,2024-08-18T13:00:00Z,False,4,69,1,1,0,0,0,1,0,0,0,1,0,0,0,2,55,50612,0,0,0.0,0.06,0.64,7.8,25.0,4.0,2.0
Reece James,DEF,Chelsea,172,9,1,2024-08-18T15:30:00Z,True,13,0,0,0,0,0,0,0,0,0,0,0,0,0,0,0,50,9795,0,0,0.0,0.0,0.0,0.0,0.0,0.0,0.0
Conor Chaplin,MID,Ipswich,265,4,1,2024-08-17T11:30:00Z,True,12,64,1,2,0,0,0,1,0,0,0,0,0,0,0,12,55,22047,0,0,0.0,0.01,1.45,4.2,2.5,2.0,1.0
Santiago Bueno,DEF,Wolves,564,2,1,2024-08-17T14:00:00Z,False,1,0,0,0,0,0,0,0,0,0,0,0,0,0,0,0,45,7482,0,0,0.0,0.0,0.0,0.0,0.0,0.0,0.9
Corrie Ndaba,DEF,Ipswich,279,4,1,2024-08-17T11:30:00Z,True,12,0,0,0,0,0,0,0,0,0,0,0,0,0,0,0,40,1045,0,0,0.0,0.0,0.0,0.0,0.0,0.0,0.0
Kenny Tete,DEF,Fulham,257,1,1,2024-08-16T19:00:00Z,False,14,90,1,2,0,0,0,1,0,0,0,0,0,0,0,7,45,10690,0,0,0.09,0.0,2.43,10.0,1.2,14.0,1.9
Pablo Sarabia,MID,Wolves,565,2,1,2024-08-17T14:00:00Z,False,1,6,0,1,0,0,0,0,0,0,0,0,0,0,0,6,55,20559,0,0,0.08,0.01,0.0,7.4,1.3,17.0,1.0
Diogo Teixeira da Silva,MID,Liverpool,317,4,1,2024-08-17T11:30:00Z,False,10,78,1,8,1,0,1,0,0,0,0,0,0,0,0,24,75,1433531,0,0,0.95,0.04,0.41,36.8,4.9,41.0,3.6
Kortney Hause,DEF,Aston Villa,40,7,1,2024-08-17T16:30:00Z,False,19,0,0,0,0,0,0,0,0,0,0,0,0,0,0,0,40,46204,0,0,0.0,0.0,0.0,0.0,0.0,0.0,1.0
Liam Delap,FWD,Ipswich,268,4,1,2024-08-17T11:30:00Z,True,12,73,1,2,0,0,0,2,0,0,0,0,0,0,0,8,55,35272,0,0,0.0,0.0,2.07,6.4,20.7,8.0,0.7
Tino Livramento,DEF,Newcastle,409,5,1,2024-08-17T14:00:00Z,True,17,90,1,7,0,0,1,0,0,0,0,0,0,0,1,25,45,100126,0,0,0.0,0.0,1.77,20.0,0.6,0.0,2.9
Tyler Adams,MID,Bournemouth,60,6,1,2024-08-17T14:00:00Z,False,16,0,0,0,0,0,0,0,0,0,0,0,0,0,0,0,50,792,0,0,0.0,0.0,0.0,0.0,0.0,0.0,0.0
Danilo dos Santos de Oliveira,MID,Nott'm Forest,429,6,1,2024-08-17T14:00:00Z,True,3,14,1,1,0,0,0,0,0,0,0,0,0,0,0,1,50,5769,0,0,0.0,0.0,0.28,0.0,0.1,0.0,1.6
Jenson Metcalfe,MID,Everton,614,3,1,2024-08-17T14:00:00Z,True,5,0,0,0,0,0,0,0,0,0,0,0,0,0,0,0,45,0,0,0,0.0,0.0,0.0,0.0,0.0,0.0,1.0
Marcus Rashford,MID,Man Utd,385,1,1,2024-08-16T19:00:00Z,True,9,90,1,3,0,0,1,0,0,0,0,0,0,0,0,5,70,410469,0,0,0.0,0.11,0.44,4.6,14.8,8.0,2.5
James Maddison,MID,Spurs,494,10,1,2024-08-19T19:00:00Z,False,11,78,1,5,0,1,0,1,0,0,0,0,0,0,0,25,75,373759,0,0,0.02,0.98,0.9,31.6,52.8,15.0,3.1
Daniel Muñoz,DEF,Crystal Palace,211,8,1,2024-08-18T13:00:00Z,False,4,90,1,4,0,1,0,2,0,0,0,0,0,0,0,11,50,387466,0,0,0.0,0.02,1.59,12.2,13.4,6.0,2.4
Bruno Guimarães Rodriguez Moura,MID,Newcastle,394,5,1,2024-08-17T14:00:00Z,True,17,90,1,3,0,0,1,0,0,0,0,0,0,0,0,14,65,297465,0,0,0.0,0.04,1.77,21.2,1.8,0.0,3.3
Fraser Forster,GK,Spurs,488,10,1,2024-08-19T19:00:00Z,False,11,0,0,0,0,0,0,0,0,0,0,0,0,0,0,0,45,21470,0,0,0.0,0.0,0.0,0.0,0.0,0.0,2.7
Elliot Anderson,MID,Nott'm Forest,423,6,1,2024-08-17T14:00:00Z,True,3,18,0,1,0,0,0,1,0,0,0,0,0,0,0,4,50,14127,0,0,0.0,0.01,0.59,5.4,1.5,8.0,1.6
Charlie Taylor,DEF,Southampton,475,5,1,2024-08-17T14:00:00Z,False,15,0,0,0,0,0,0,0,0,0,0,0,0,0,0,0,40,514848,0,0,0.0,0.0,0.0,0.0,0.0,0.0,0.0
Bryan Mbeumo,MID,Brentford,99,8,1,2024-08-18T13:00:00Z,True,7,89,1,9,1,0,0,1,0,0,0,0,0,0,2,35,70,360975,0,0,0.09,0.45,1.17,40.8,50.2,17.0,2.5
Matty Cash,DEF,Aston Villa,32,7,1,2024-08-17T16:30:00Z,False,19,81,1,2,0,0,0,1,0,0,0,0,0,0,0,7,45,263349,0,0,0.0,0.01,1.41,9.0,12.4,2.0,1.9
Adam Lallana,MID,Southampton,463,5,1,2024-08-17T14:00:00Z,False,15,0,0,0,0,0,0,0,0,0,0,0,0,0,0,0,50,3466,0,0,0.0,0.0,0.0,0.0,0.0,0.0,0.0
Sandro Tonali,MID,Newcastle,417,5,1,2024-08-17T14:00:00Z,True,17,0,0,0,0,0,0,0,0,0,0,0,0,0,0,0,55,4653,0,0,0.0,0.0,0.0,0.0,0.0,0.0,0.0
Issa Diop,DEF,Fulham,245,1,1,2024-08-16T19:00:00Z,False,14,90,1,2,0,0,0,1,0,0,0,0,0,0,0,13,45,12977,0,0,0.0,0.0,2.43,25.4,0.2,0.0,1.9
Igor Julio dos Santos de Paulo,DEF,Brighton,128,3,1,2024-08-17T14:00:00Z,False,8,0,0,0,0,0,0,0,0,0,0,0,0,0,0,0,45,9855,0,0,0.0,0.0,0.0,0.0,0.0,0.0,1.9
Joelinton Cássio Apolinário de Lira,MID,Newcastle,403,5,1,2024-08-17T14:00:00Z,True,17,90,1,11,1,0,1,0,0,0,0,0,0,0,3,34,60,35765,0,0,0.22,0.01,1.77,53.8,1.2,24.0,3.2
John McGinn,MID,Aston Villa,48,7,1,2024-08-17T16:30:00Z,False,19,61,1,2,0,0,0,1,0,0,0,0,0,0,0,6,55,204217,0,0,0.3,0.01,1.28,1.6,2.6,15.0,2.0
Oscar Bobb,MID,Man City,343,9,1,2024-08-18T15:30:00Z,False,6,0,0,0,0,0,0,0,0,0,0,0,0,0,0,0,50,31717,0,0,0.0,0.0,0.0,0.0,0.0,0.0,0.0
Pedro Cardoso de Lima,DEF,Wolves,561,2,1,2024-08-17T14:00:00Z,False,1,0,0,0,0,0,0,0,0,0,0,0,0,0,0,0,40,123257,0,0,0.0,0.0,0.0,0.0,0.0,0.0,0.0
Pierre-Emile Højbjerg,MID,Spurs,490,10,1,2024-08-19T19:00:00Z,False,11,0,0,0,0,0,0,0,0,0,0,0,0,0,0,0,50,824,0,0,0.0,0.0,0.0,0.0,0.0,0.0,0.0
Nathan Collins,DEF,Brentford,88,8,1,2024-08-18T13:00:00Z,True,7,90,1,6,0,1,0,1,0,0,0,0,0,0,1,23,45,31553,0,0,0.22,0.0,1.17,39.4,0.5,17.0,1.9
Jesper Lindstrøm,MID,Everton,577,3,1,2024-08-17T14:00:00Z,True,5,0,0,0,0,0,0,0,0,0,0,0,0,0,0,0,55,13030,0,0,0.0,0.0,0.0,0.0,0.0,0.0,2.0
Marc Guéhi,DEF,Crystal Palace,200,8,1,2024-08-18T13:00:00Z,False,4,90,1,0,0,0,0,2,0,0,0,1,0,0,0,9,45,643172,0,0,0.0,0.02,1.59,21.0,2.6,0.0,1.9
Mathias Jorgensen,DEF,Brentford,112,8,1,2024-08-18T13:00:00Z,True,7,0,0,0,0,0,0,0,0,0,0,0,0,0,0,0,45,5300,0,0,0.0,0.0,0.0,0.0,0.0,0.0,0.0
William Osula,FWD,Newcastle,590,5,1,2024-08-17T14:00:00Z,True,17,0,0,0,0,0,0,0,0,0,0,0,0,0,0,0,50,9145,0,0,0.0,0.0,0.0,0.0,0.0,0.0,2.4
Harry Souttar,DEF,Leicester,303,10,1,2024-08-19T19:00:00Z,True,18,0,0,0,0,0,0,0,0,0,0,0,0,0,0,0,40,2362,0,0,0.0,0.0,0.0,0.0,0.0,0.0,0.0
Jean-Philippe Mateta,FWD,Crystal Palace,207,8,1,2024-08-18T13:00:00Z,False,4,45,1,1,0,0,0,1,0,0,0,0,0,0,0,1,75,542468,0,0,0.0,0.01,0.5,0.0,3.1,4.0,2.4
Ben Nelson,DEF,Leicester,616,10,1,2024-08-19T19:00:00Z,True,18,0,0,0,0,0,0,0,0,0,0,0,0,0,0,0,40,0,0,0,0.0,0.0,0.0,0.0,0.0,0.0,0.5
Bernardo Veiga de Carvalho e Silva,MID,Man City,342,9,1,2024-08-18T15:30:00Z,False,6,90,1,6,0,1,1,0,0,0,0,0,0,0,0,26,65,372293,0,0,0.13,0.2,1.01,32.0,38.1,30.0,3.3
Filip Jørgensen,GK,Chelsea,581,9,1,2024-08-18T15:30:00Z,True,13,0,0,0,0,0,0,0,0,0,0,0,0,0,0,0,45,30077,0,0,0.0,0.0,0.0,0.0,0.0,0.0,1.2
David Brooks,MID,Bournemouth,62,6,1,2024-08-17T14:00:00Z,False,16,0,0,0,0,0,0,0,0,0,0,0,0,0,0,0,50,1134,0,0,0.0,0.0,0.0,0.0,0.0,0.0,0.0
Son Heung-min,MID,Spurs,503,10,1,2024-08-19T19:00:00Z,False,11,90,1,2,0,0,0,1,0,0,0,0,0,0,0,18,100,871012,0,0,0.03,0.3,0.96,12.6,32.2,22.0,3.8
Solly March,MID,Brighton,132,3,1,2024-08-17T14:00:00Z,False,8,0,0,0,0,0,0,0,0,0,0,0,0,0,0,0,65,612,0,0,0.0,0.0,0.0,0.0,0.0,0.0,0.0
Manor Solomon,MID,Spurs,502,10,1,2024-08-19T19:00:00Z,False,11,0,0,0,0,0,0,0,0,0,0,0,0,0,0,0,55,5690,0,0,0.0,0.0,0.0,0.0,0.0,0.0,2.5
Nathaniel Phillips,DEF,Liverpool,332,4,1,2024-08-17T11:30:00Z,False,10,0,0,0,0,0,0,0,0,0,0,0,0,0,0,0,40,14539,0,0,0.0,0.0,0.0,0.0,0.0,0.0,2.0
Kieran Trippier,DEF,Newcastle,418,5,1,2024-08-17T14:00:00Z,True,17,0,0,0,0,0,0,0,0,0,0,0,0,0,0,0,60,1193630,0,0,0.0,0.0,0.0,0.0,0.0,0.0,4.2
John Stones,DEF,Man City,362,9,1,2024-08-18T15:30:00Z,False,6,0,0,0,0,0,0,0,0,0,0,0,0,0,0,0,55,195172,0,0,0.0,0.0,0.0,0.0,0.0,0.0,3.8
Sam Morsy,MID,Ipswich,278,4,1,2024-08-17T11:30:00Z,True,12,90,1,2,0,0,0,2,0,0,0,0,0,0,0,14,50,16799,0,0,0.0,0.08,2.65,16.2,15.9,2.0,0.6
Lewis Hall,DEF,Newcastle,399,5,1,2024-08-17T14:00:00Z,True,17,69,1,5,0,0,1,0,0,0,0,1,0,0,0,17,45,431511,0,0,0.0,0.02,1.33,14.2,14.7,2.0,2.9
Marc Guiu Paz,FWD,Chelsea,178,9,1,2024-08-18T15:30:00Z,True,13,24,0,1,0,0,0,1,0,0,0,0,0,0,0,2,50,62388,0,0,0.0,0.0,0.11,0.0,0.3,0.0,0.4
Tom Cannon,FWD,Leicester,286,10,1,2024-08-19T19:00:00Z,True,18,0,0,0,0,0,0,0,0,0,0,0,0,0,0,0,45,116261,0,0,0.0,0.0,0.0,0.0,0.0,0.0,0.5
Ben Davies,DEF,Spurs,484,10,1,2024-08-19T19:00:00Z,False,11,0,0,0,0,0,0,0,0,0,0,0,0,0,0,0,45,18554,0,0,0.0,0.0,0.0,0.0,0.0,0.0,2.4
Tyler Morton,MID,Liverpool,331,4,1,2024-08-17T11:30:00Z,False,10,0,0,0,0,0,0,0,0,0,0,0,0,0,0,0,45,4200,0,0,0.0,0.0,0.0,0.0,0.0,0.0,2.0
Matheus França de Oliveira,MID,Crystal Palace,208,8,1,2024-08-18T13:00:00Z,False,4,0,0,0,0,0,0,0,0,0,0,0,0,0,0,0,45,11416,0,0,0.0,0.0,0.0,0.0,0.0,0.0,0.0
Calvin Bassey,DEF,Fulham,241,1,1,2024-08-16T19:00:00Z,False,14,90,1,1,0,0,0,1,0,0,0,1,0,0,0,5,45,26833,0,0,0.1,0.03,2.43,9.2,0.8,8.0,1.9
Eddie Nketiah,FWD,Arsenal,11,2,1,2024-08-17T14:00:00Z,True,20,0,0,0,0,0,0,0,0,0,0,0,0,0,0,0,60,31675,0,0,0.0,0.0,0.0,0.0,0.0,0.0,3.0
Andreas Hoelgebaum Pereira,MID,Fulham,240,1,1,2024-08-16T19:00:00Z,False,14,90,1,1,0,0,0,1,0,0,0,1,0,0,0,15,55,356810,0,0,0.0,0.16,1.77,11.0,83.0,2.0,2.0
Matheus Santos Carneiro Da Cunha,FWD,Wolves,541,2,1,2024-08-17T14:00:00Z,False,1,33,0,1,0,0,0,1,0,0,0,0,0,0,0,9,65,197434,0,0,0.06,0.02,0.25,13.8,16.2,17.0,1.1
Amadou Onana,MID,Aston Villa,233,7,1,2024-08-17T16:30:00Z,False,19,90,1,10,1,0,0,1,0,0,0,0,0,0,3,38,50,74901,0,0,0.55,0.01,2.46,48.2,4.3,33.0,1.6
Morgan Rogers,MID,Aston Villa,54,7,1,2024-08-17T16:30:00Z,False,19,90,1,2,0,0,0,1,0,0,0,0,0,0,0,14,50,786621,0,0,0.21,0.08,2.46,17.8,23.3,16.0,1.6
Reiss Nelson,MID,Arsenal,10,2,1,2024-08-17T14:00:00Z,True,20,0,0,0,0,0,0,0,0,0,0,0,0,0,0,0,50,3576,0,0,0.0,0.0,0.0,0.0,0.0,0.0,2.6
Tosin Adarabioyo,DEF,Chelsea,187,9,1,2024-08-18T15:30:00Z,True,13,0,0,0,0,0,0,0,0,0,0,0,0,0,0,0,45,23505,0,0,0.0,0.0,0.0,0.0,0.0,0.0,0.9
Matt Targett,DEF,Newcastle,416,5,1,2024-08-17T14:00:00Z,True,17,0,0,0,0,0,0,0,0,0,0,0,0,0,0,0,40,39033,0,0,0.0,0.0,0.0,0.0,0.0,0.0,0.5
Filip Marschall,GK,Aston Villa,46,7,1,2024-08-17T16:30:00Z,False,19,0,0,0,0,0,0,0,0,0,0,0,0,0,0,0,40,165,0,0,0.0,0.0,0.0,0.0,0.0,0.0,0.0
Jan Paul van Hecke,DEF,Brighton,144,3,1,2024-08-17T14:00:00Z,False,8,90,1,6,0,0,1,0,0,0,0,0,0,0,0,28,45,21316,0,0,0.0,0.0,0.45,18.8,0.5,0.0,1.9
Jean-Clair Todibo,DEF,West Ham,591,7,1,2024-08-17T16:30:00Z,True,2,5,0,1,0,0,0,0,0,0,0,0,0,0,0,2,45,39237,0,0,0.0,0.0,0.07,3.0,0.0,0.0,1.9
Chris Mepham,DEF,Bournemouth,72,6,1,2024-08-17T14:00:00Z,False,16,0,0,0,0,0,0,0,0,0,0,0,0,0,0,0,45,6641,0,0,0.0,0.0,0.0,0.0,0.0,0.0,1.9
Ollie Watkins,FWD,Aston Villa,58,7,1,2024-08-17T16:30:00Z,False,19,61,1,2,0,0,0,1,0,0,0,0,0,0,0,3,90,3152729,0,0,0.0,0.0,1.28,0.0,0.2,4.0,2.7
Jorge Cuenca Barreno,DEF,Fulham,586,1,1,2024-08-16T19:00:00Z,False,14,0,0,0,0,0,0,0,0,0,0,0,0,0,0,0,45,4853,0,0,0.0,0.0,0.0,0.0,0.0,0.0,1.9
Rico Lewis,DEF,Man City,355,9,1,2024-08-18T15:30:00Z,False,6,90,1,6,0,0,1,0,0,0,0,0,0,0,0,22,45,40016,0,0,0.0,0.01,1.01,15.0,3.3,8.0,2.9
Julián Araujo Zúñiga,DEF,Bournemouth,592,6,1,2024-08-17T14:00:00Z,False,16,27,0,1,0,0,0,0,0,0,0,0,0,0,0,4,45,14951,0,0,0.0,0.01,0.28,4.2,1.3,0.0,1.9
Murillo Santiago Costa dos Santos,DEF,Nott'm Forest,436,6,1,2024-08-17T14:00:00Z,True,3,90,1,2,0,0,0,1,0,0,0,0,0,0,0,14,45,44981,0,0,0.0,0.0,1.22,19.8,1.0,0.0,1.9
James Tarkowski,DEF,Everton,236,3,1,2024-08-17T14:00:00Z,True,5,90,1,0,0,0,0,3,0,0,0,1,0,0,0,-4,50,204385,0,0,0.01,0.01,1.43,17.4,10.8,4.0,2.4
Joël Veltman,DEF,Brighton,145,3,1,2024-08-17T14:00:00Z,False,8,90,1,8,0,0,1,0,0,0,0,0,0,0,2,34,45,15104,0,0,0.0,0.0,0.45,20.6,1.3,0.0,1.9
Jaidon Anthony,MID,Bournemouth,61,6,1,2024-08-17T14:00:00Z,False,16,0,0,0,0,0,0,0,0,0,0,0,0,0,0,0,45,41159,0,0,0.0,0.0,0.0,0.0,0.0,0.0,1.0
Kamaldeen Sulemana,MID,Southampton,462,5,1,2024-08-17T14:00:00Z,False,15,0,0,0,0,0,0,0,0,0,0,0,0,0,0,0,50,587,0,0,0.0,0.0,0.0,0.0,0.0,0.0,0.0
Timo Werner,MID,Spurs,509,10,1,2024-08-19T19:00:00Z,False,11,12,0,1,0,0,0,0,0,0,0,0,0,0,0,3,65,25680,0,0,0.0,0.02,0.12,2.2,5.8,4.0,2.8
Tyrone Mings,DEF,Aston Villa,49,7,1,2024-08-17T16:30:00Z,False,19,0,0,0,0,0,0,0,0,0,0,0,0,0,0,0,45,7726,0,0,0.0,0.0,0.0,0.0,0.0,0.0,0.0
Matz Sels,GK,Nott'm Forest,443,6,1,2024-08-17T14:00:00Z,True,3,90,1,3,0,0,0,1,0,0,0,0,0,3,0,13,45,100200,0,0,0.0,0.0,1.22,23.8,0.0,0.0,2.2
Ryan Yates,MID,Nott'm Forest,449,6,1,2024-08-17T14:00:00Z,True,3,75,0,7,0,1,0,1,0,0,0,0,0,0,2,29,50,4944,0,0,0.24,0.03,0.94,12.4,16.9,36.0,1.6
Amad Diallo,MID,Man Utd,364,1,1,2024-08-16T19:00:00Z,True,9,60,1,3,0,0,1,0,0,0,0,0,0,0,0,11,50,313496,0,0,0.0,0.13,0.21,7.4,19.1,6.0,1.6
Sam Szmodics,MID,Ipswich,611,4,1,2024-08-17T11:30:00Z,True,12,16,0,1,0,0,0,0,0,0,0,0,0,0,0,2,60,10540,0,0,0.0,0.02,0.58,3.4,10.3,0.0,1.2
Malo Gusto,DEF,Chelsea,171,9,1,2024-08-18T15:30:00Z,True,13,90,1,1,0,0,0,2,0,0,0,0,0,0,0,0,50,265669,0,0,0.0,0.07,0.77,7.0,2.8,6.0,1.4
Hwang Ui-jo,FWD,Nott'm Forest,446,6,1,2024-08-17T14:00:00Z,True,3,0,0,0,0,0,0,0,0,0,0,0,0,0,0,0,45,130081,0,0,0.0,0.0,0.0,0.0,0.0,0.0,1.0
Jakub Stolarczyk,GK,Leicester,304,10,1,2024-08-19T19:00:00Z,True,18,0,0,0,0,0,0,0,0,0,0,0,0,0,0,0,40,4282,0,0,0.0,0.0,0.0,0.0,0.0,0.0,0.0
Lloyd Kelly,DEF,Newcastle,404,5,1,2024-08-17T14:00:00Z,True,17,20,0,1,0,0,0,0,0,0,0,0,0,0,0,4,45,12480,0,0,0.0,0.0,0.44,9.2,0.0,0.0,2.9
Valentín Barco,DEF,Brighton,116,3,1,2024-08-17T14:00:00Z,False,8,0,0,0,0,0,0,0,0,0,0,0,0,0,0,0,40,2127451,0,0,0.0,0.0,0.0,0.0,0.0,0.0,1.0
Dean Huijsen,DEF,Bournemouth,580,6,1,2024-08-17T14:00:00Z,False,16,90,1,2,0,0,0,1,0,0,0,0,0,0,0,9,45,9224,0,0,0.0,0.01,1.3,24.8,0.4,0.0,1.9
Max Aarons,DEF,Bournemouth,59,6,1,2024-08-17T14:00:00Z,False,16,0,0,0,0,0,0,0,0,0,0,0,0,0,0,0,45,22340,0,0,0.0,0.0,0.0,0.0,0.0,0.0,1.9
Rhys Williams,DEF,Liverpool,334,4,1,2024-08-17T11:30:00Z,False,10,0,0,0,0,0,0,0,0,0,0,0,0,0,0,0,40,15921,0,0,0.0,0.0,0.0,0.0,0.0,0.0,2.0
Michail Antonio,FWD,West Ham,512,7,1,2024-08-17T16:30:00Z,True,2,72,1,2,0,0,0,1,0,0,0,0,0,0,0,4,55,121442,0,0,0.15,0.0,1.76,0.0,0.4,11.0,1.7
Ibrahim Osman,MID,Brighton,127,3,1,2024-08-17T14:00:00Z,False,8,0,0,0,0,0,0,0,0,0,0,0,0,0,0,0,50,1515,0,0,0.0,0.0,0.0,0.0,0.0,0.0,0.0
Lewis Miley,MID,Newcastle,411,5,1,2024-08-17T14:00:00Z,True,17,0,0,0,0,0,0,0,0,0,0,0,0,0,0,0,50,232,0,0,0.0,0.0,0.0,0.0,0.0,0.0,0.0
Nathan Wood-Gordon,DEF,Southampton,477,5,1,2024-08-17T14:00:00Z,False,15,0,0,0,0,0,0,0,0,0,0,0,0,0,0,0,40,101631,0,0,0.0,0.0,0.0,0.0,0.0,0.0,0.0
Rodrigo Muniz Carvalho,FWD,Fulham,251,1,1,2024-08-16T19:00:00Z,False,14,77,1,2,0,0,1,0,0,0,0,0,0,0,0,10,60,598942,0,0,0.11,0.0,1.57,9.4,20.4,28.0,2.0
Benjamin White,DEF,Arsenal,24,2,1,2024-08-17T14:00:00Z,True,20,90,1,6,0,0,1,0,0,0,0,0,0,0,0,22,65,927335,0,0,0.07,0.06,0.47,5.8,1.3,8.0,4.6
Cameron Burgess,DEF,Ipswich,263,4,1,2024-08-17T11:30:00Z,True,12,0,0,0,0,0,0,0,0,0,0,0,0,0,0,0,40,31764,0,0,0.0,0.0,0.0,0.0,0.0,0.0,0.0
Abdul Fatawu,MID,Leicester,570,10,1,2024-08-19T19:00:00Z,True,18,90,1,8,0,1,0,1,0,0,0,0,0,0,3,37,55,29601,0,0,0.0,0.6,1.23,45.0,32.5,2.0,1.5
Dominik Szoboszlai,MID,Liverpool,336,4,1,2024-08-17T11:30:00Z,False,10,90,1,7,0,1,1,0,0,0,0,0,0,0,1,28,65,170256,0,0,0.15,0.24,0.45,10.4,41.2,15.0,3.3
Tim Iroegbunam,MID,Everton,226,3,1,2024-08-17T14:00:00Z,True,5,90,1,2,0,0,0,3,0,0,0,0,0,0,0,6,45,14609,0,0,0.14,0.01,1.43,18.8,2.5,10.0,1.0
Neco Williams,DEF,Nott'm Forest,437,6,1,2024-08-17T14:00:00Z,True,3,90,1,1,0,0,0,1,0,0,0,1,0,0,0,9,45,43912,0,0,0.03,0.13,1.22,21.8,30.9,6.0,1.9
Roméo Lavia,MID,Chelsea,174,9,1,2024-08-18T15:30:00Z,True,13,65,1,2,0,0,0,1,0,0,0,0,0,0,0,18,45,77766,0,0,0.0,0.18,0.66,15.2,13.5,0.0,0.0
Leon Bailey,MID,Aston Villa,28,7,1,2024-08-17T16:30:00Z,False,19,73,1,1,0,0,0,1,0,0,0,1,0,0,0,1,65,328252,0,0,0.21,0.21,1.39,0.0,30.5,13.0,2.3
Niclas Füllkrug,FWD,West Ham,589,7,1,2024-08-17T16:30:00Z,True,2,17,0,1,0,0,0,1,0,0,0,0,0,0,0,2,70,362778,0,0,0.0,0.0,0.27,1.2,0.4,0.0,2.2
Harvey Barnes,MID,Newcastle,392,5,1,2024-08-17T14:00:00Z,True,17,20,0,1,0,0,0,0,0,0,0,0,0,0,0,1,65,42382,0,0,0.0,0.0,0.44,0.0,0.0,0.0,3.3
Brennan Johnson,MID,Spurs,491,10,1,2024-08-19T19:00:00Z,False,11,77,1,2,0,0,0,1,0,0,0,0,0,0,0,8,65,64515,0,0,0.12,0.08,0.9,13.6,14.4,31.0,2.8
Andrew Moran,MID,Brighton,601,3,1,2024-08-17T14:00:00Z,False,8,0,0,0,0,0,0,0,0,0,0,0,0,0,0,0,50,486,0,0,0.0,0.0,0.0,0.0,0.0,0.0,1.6
Harry Maguire,DEF,Man Utd,377,1,1,2024-08-16T19:00:00Z,True,9,80,1,5,0,0,1,0,0,0,0,1,0,0,0,22,50,39835,0,0,0.0,0.01,0.38,19.6,1.6,0.0,2.4
Mark Travers,GK,Bournemouth,84,6,1,2024-08-17T14:00:00Z,False,16,0,0,0,0,0,0,0,0,0,0,0,0,0,0,0,45,14323,0,0,0.0,0.0,0.0,0.0,0.0,0.0,2.2
Will Smallbone,MID,Southampton,471,5,1,2024-08-17T14:00:00Z,False,15,90,1,2,0,0,0,1,0,0,0,0,0,0,0,13,50,4947,0,0,0.31,0.25,0.25,4.8,7.7,28.0,0.6
Mykhailo Mudryk,MID,Chelsea,179,9,1,2024-08-18T15:30:00Z,True,13,0,0,0,0,0,0,0,0,0,0,0,0,0,0,0,65,29901,0,0,0.0,0.0,0.0,0.0,0.0,0.0,1.3
Hamed Traorè,MID,Bournemouth,67,6,1,2024-08-17T14:00:00Z,False,16,0,0,0,0,0,0,0,0,0,0,0,0,0,0,0,45,17000,0,0,0.0,0.0,0.0,0.0,0.0,0.0,1.0
Stefan Ortega Moreno,GK,Man City,358,9,1,2024-08-18T15:30:00Z,False,6,0,0,0,0,0,0,0,0,0,0,0,0,0,0,0,55,77703,0,0,0.0,0.0,0.0,0.0,0.0,0.0,5.0
Renato Palma Veiga,MID,Chelsea,184,9,1,2024-08-18T15:30:00Z,True,13,10,0,1,0,0,0,1,0,0,0,0,0,0,0,2,45,7438,0,0,0.0,0.0,0.08,0.0,0.5,0.0,0.0
Eberechi Eze,MID,Crystal Palace,199,8,1,2024-08-18T13:00:00Z,False,4,90,1,2,0,0,0,2,0,0,0,0,0,0,0,14,70,2972520,0,0,0.41,0.05,1.59,12.4,6.8,65.0,2.5
Samuel Iling-Junior,MID,Aston Villa,41,7,1,2024-08-17T16:30:00Z,False,19,0,0,0,0,0,0,0,0,0,0,0,0,0,0,0,55,6971,0,0,0.0,0.0,0.0,0.0,0.0,0.0,2.0
Boubacar Kamara,MID,Aston Villa,42,7,1,2024-08-17T16:30:00Z,False,19,0,0,0,0,0,0,0,0,0,0,0,0,0,0,0,50,287,0,0,0.0,0.0,0.0,0.0,0.0,0.0,0.0
Ali Al-Hamadi,FWD,Ipswich,260,4,1,2024-08-17T11:30:00Z,True,12,16,0,1,0,0,0,0,0,0,0,0,0,0,0,2,50,32399,0,0,0.0,0.0,0.58,2.0,0.0,2.0,0.4
Willy Boly,DEF,Nott'm Forest,425,6,1,2024-08-17T14:00:00Z,True,3,90,1,2,0,0,0,1,0,0,0,0,0,0,0,10,45,21461,0,0,0.07,0.0,1.22,32.0,0.1,17.0,1.9
Carlos Alcaraz Durán,MID,Southampton,450,5,1,2024-08-17T14:00:00Z,False,15,9,0,1,0,0,0,0,0,0,0,0,0,0,0,4,50,9504,0,0,0.07,0.03,0.0,8.4,15.9,19.0,0.6
Victor Lindelöf,DEF,Man Utd,376,1,1,2024-08-16T19:00:00Z,True,9,0,0,0,0,0,0,0,0,0,0,0,0,0,0,0,45,17901,0,0,0.0,0.0,0.0,0.0,0.0,0.0,1.9
Ross Barkley,MID,Aston Villa,29,7,1,2024-08-17T16:30:00Z,False,19,0,0,0,0,0,0,0,0,0,0,0,0,0,0,0,55,77081,0,0,0.0,0.0,0.0,0.0,0.0,0.0,2.0
James McConnell,MID,Liverpool,330,4,1,2024-08-17T11:30:00Z,False,10,0,0,0,0,0,0,0,0,0,0,0,0,0,0,0,45,3147,0,0,0.0,0.0,0.0,0.0,0.0,0.0,2.0
Kobbie Mainoo,MID,Man Utd,378,1,1,2024-08-16T19:00:00Z,True,9,83,1,3,0,0,1,0,0,0,0,0,0,0,0,21,55,533586,0,0,0.03,0.01,0.38,12.0,3.7,1.0,2.0
Adam Armstrong,FWD,Southampton,453,5,1,2024-08-17T14:00:00Z,False,15,90,1,2,0,0,0,1,0,0,0,0,0,0,0,5,55,147689,0,0,0.71,0.08,0.25,7.8,12.9,37.0,0.7
Aaron Cresswell,DEF,West Ham,517,7,1,2024-08-17T16:30:00Z,True,2,0,0,0,0,0,0,0,0,0,0,0,0,0,0,0,40,215475,0,0,0.0,0.0,0.0,0.0,0.0,0.0,1.0
Emil Krafth,DEF,Newcastle,405,5,1,2024-08-17T14:00:00Z,True,17,60,0,6,0,0,1,0,0,0,0,0,0,0,0,21,45,6327,0,0,0.0,0.0,1.58,16.0,0.0,6.0,2.9
Jakub Kiwior,DEF,Arsenal,8,2,1,2024-08-17T14:00:00Z,True,20,0,0,0,0,0,0,0,0,0,0,0,0,0,0,0,50,16779,0,0,0.0,0.0,0.0,0.0,0.0,0.0,3.4
Kristoffer Ajer,DEF,Brentford,86,8,1,2024-08-18T13:00:00Z,True,7,90,1,2,0,0,0,1,0,0,0,0,0,0,0,4,45,32185,0,0,0.28,0.0,1.17,7.8,1.3,33.0,1.9
Will Hughes,MID,Crystal Palace,203,8,1,2024-08-18T13:00:00Z,False,4,83,1,2,0,0,0,2,0,0,0,0,0,0,0,10,50,4041,0,0,0.0,0.05,1.59,14.2,14.0,4.0,1.6
David Ozoh,MID,Crystal Palace,212,8,1,2024-08-18T13:00:00Z,False,4,0,0,0,0,0,0,0,0,0,0,0,0,0,0,0,45,417,0,0,0.0,0.0,0.0,0.0,0.0,0.0,0.0
Jakub Moder,MID,Brighton,137,3,1,2024-08-17T14:00:00Z,False,8,0,0,0,0,0,0,0,0,0,0,0,0,0,0,0,45,32773,0,0,0.0,0.0,0.0,0.0,0.0,0.0,1.0
Cieran Slicker,GK,Ipswich,280,4,1,2024-08-17T11:30:00Z,True,12,0,0,0,0,0,0,0,0,0,0,0,0,0,0,0,40,78508,0,0,0.0,0.0,0.0,0.0,0.0,0.0,0.0
Raheem Sterling,MID,Chelsea,186,9,1,2024-08-18T15:30:00Z,True,13,0,0,0,0,0,0,0,0,0,0,0,0,0,0,0,70,164846,0,0,0.0,0.0,0.0,0.0,0.0,0.0,1.5
Raúl Jiménez,FWD,Fulham,252,1,1,2024-08-16T19:00:00Z,False,14,12,0,1,0,0,0,1,0,0,0,0,0,0,0,3,55,42210,0,0,0.0,0.0,0.87,0.2,0.3,0.0,1.7
Bryan Gil Salvatierra,MID,Spurs,483,10,1,2024-08-19T19:00:00Z,False,11,0,0,0,0,0,0,0,0,0,0,0,0,0,0,0,50,267,0,0,0.0,0.0,0.0,0.0,0.0,0.0,0.0
Myles Lewis-Skelly,MID,Arsenal,597,2,1,2024-08-17T14:00:00Z,True,20,0,0,0,0,0,0,0,0,0,0,0,0,0,0,0,45,1740,0,0,0.0,0.0,0.0,0.0,0.0,0.0,2.0
Giovani Lo Celso,MID,Spurs,493,10,1,2024-08-19T19:00:00Z,False,11,0,0,0,0,0,0,0,0,0,0,0,0,0,0,0,50,8584,0,0,0.0,0.0,0.0,0.0,0.0,0.0,2.1
Tawanda Chirewa,MID,Wolves,538,2,1,2024-08-17T14:00:00Z,False,1,0,0,0,0,0,0,0,0,0,0,0,0,0,0,0,45,7608,0,0,0.0,0.0,0.0,0.0,0.0,0.0,0.0
Cameron Humphreys,MID,Ipswich,273,4,1,2024-08-17T11:30:00Z,True,12,0,0,0,0,0,0,0,0,0,0,0,0,0,0,0,45,4842,0,0,0.0,0.0,0.0,0.0,0.0,0.0,0.0
Ashley Young,DEF,Everton,238,3,1,2024-08-17T14:00:00Z,True,5,65,1,-2,0,0,0,3,0,0,0,0,1,0,0,-10,45,19370,0,0,0.0,0.17,1.23,9.8,15.2,0.0,1.9
James Bree,DEF,Southampton,457,5,1,2024-08-17T14:00:00Z,False,15,0,0,0,0,0,0,0,0,0,0,0,0,0,0,0,40,13216,0,0,0.0,0.0,0.0,0.0,0.0,0.0,0.0
Alex Scott,MID,Bournemouth,77,12,2,2024-08-25T13:00:00Z,True,15,26,0,1,0,0,0,1,0,0,0,0,0,0,0,3,50,5356,382,548,0.02,0.01,1.36,3.4,0.3,1.0,1.0
Carlos Miguel dos Santos Pereira,GK,Nott'm Forest,427,18,2,2024-08-24T14:00:00Z,False,17,0,0,0,0,0,0,0,0,0,0,0,0,0,0,0,44,29244,528,7164,0.0,0.0,0.0,0.0,0.0,0.0,0.5
Tomiyasu Takehiro,DEF,Arsenal,22,11,2,2024-08-24T16:30:00Z,False,2,0,0,0,0,0,0,0,0,0,0,0,0,0,0,0,49,5694,49,2967,0.0,0.0,0.0,0.0,0.0,0.0,0.0
Malcolm Ebiowei,MID,Crystal Palace,197,14,2,2024-08-24T14:00:00Z,True,19,0,0,0,0,0,0,0,0,0,0,0,0,0,0,0,45,530,0,181,0.0,0.0,0.0,0.0,0.0,0.0,0.0
Ben Brereton Díaz,MID,Southampton,584,18,2,2024-08-24T14:00:00Z,True,16,90,1,2,0,0,0,1,0,0,0,0,0,0,0,12,55,72863,8960,7976,0.0,0.06,2.45,7.0,30.4,4.0,1.0
Pau Torres,DEF,Aston Villa,52,11,2,2024-08-24T16:30:00Z,True,1,90,1,1,0,0,0,2,0,0,0,0,0,0,0,3,45,134146,8313,10362,0.0,0.01,0.87,8.4,1.0,0.0,0.5
Joel Ward,DEF,Crystal Palace,215,14,2,2024-08-24T14:00:00Z,True,19,0,0,0,0,0,0,0,0,0,0,0,0,0,0,0,45,13440,305,1625,0.0,0.0,0.0,0.0,0.0,0.0,0.0
Will Lankshear,FWD,Spurs,609,19,2,2024-08-24T14:00:00Z,True,8,0,0,0,0,0,0,0,0,0,0,0,0,0,0,0,45,35240,9694,4535,0.0,0.0,0.0,0.0,0.0,0.0,0.0
Hwang Hee-chan,MID,Wolves,550,20,2,2024-08-25T13:00:00Z,True,6,58,1,1,0,0,0,4,0,0,0,0,0,0,0,3,65,83241,4051,11332,0.0,0.01,0.93,3.4,1.0,2.0,1.5
Mikey Moore,MID,Spurs,610,19,2,2024-08-24T14:00:00Z,True,8,0,0,0,0,0,0,0,0,0,0,0,0,0,0,0,45,16047,3591,2024,0.0,0.0,0.0,0.0,0.0,0.0,0.0
Hákon Valdimarsson,GK,Brentford,109,16,2,2024-08-25T15:30:00Z,False,12,0,0,0,0,0,0,0,0,0,0,0,0,0,0,0,40,395031,11418,7453,0.0,0.0,0.0,0.0,0.0,0.0,-0.5
Alex Paulsen,GK,Bournemouth,75,12,2,2024-08-25T13:00:00Z,True,15,0,0,0,0,0,0,0,0,0,0,0,0,0,0,0,40,4476,0,589,0.0,0.0,0.0,0.0,0.0,0.0,0.0
João Victor Gomes da Silva,MID,Wolves,553,20,2,2024-08-25T13:00:00Z,True,6,90,1,2,0,0,0,6,0,0,0,0,0,0,0,7,50,12488,765,1515,0.02,0.02,1.56,13.2,6.2,1.0,1.5
Cole Palmer,MID,Chelsea,182,20,2,2024-08-25T13:00:00Z,False,20,82,1,17,1,3,0,2,0,0,0,1,0,0,2,61,105,3258422,66076,255350,0.67,0.15,1.8,82.8,43.8,21.0,9.5
Mitoma Kaoru,MID,Brighton,136,13,2,2024-08-24T11:30:00Z,True,14,89,1,6,0,1,0,1,0,0,0,0,0,0,1,20,65,442452,182528,29659,0.0,0.58,1.32,16.6,13.5,6.0,7.0
Boubakary Soumaré,MID,Leicester,285,15,2,2024-08-24T14:00:00Z,False,9,0,0,0,0,0,0,0,0,0,0,0,0,0,0,0,45,20681,2329,2002,0.0,0.0,0.0,0.0,0.0,0.0,0.0
Chris Wood,FWD,Nott'm Forest,447,18,2,2024-08-24T14:00:00Z,False,17,74,1,1,0,0,1,0,0,0,0,1,0,0,0,5,61,801636,275401,36209,0.24,0.09,0.14,6.2,16.9,40.0,5.5
Joe Worrall,DEF,Nott'm Forest,448,18,2,2024-08-24T14:00:00Z,False,17,0,0,0,0,0,0,0,0,0,0,0,0,0,0,0,45,6270,48,962,0.0,0.0,0.0,0.0,0.0,0.0,0.5
Jeffrey Schlupp,MID,Crystal Palace,214,14,2,2024-08-24T14:00:00Z,True,19,9,0,1,0,0,0,0,0,0,0,0,0,0,0,3,50,9169,261,1828,0.0,0.0,0.26,0.4,0.7,0.0,0.5
Milos Kerkez,DEF,Bournemouth,70,12,2,2024-08-25T13:00:00Z,True,15,90,1,2,0,0,0,1,0,0,0,0,0,0,0,4,45,41715,1374,3848,0.0,0.01,1.61,14.8,2.9,2.0,1.0
Adrian Mazilu,MID,Brighton,133,13,2,2024-08-24T11:30:00Z,True,14,0,0,0,0,0,0,0,0,0,0,0,0,0,0,0,45,4284,320,488,0.0,0.0,0.0,0.0,0.0,0.0,0.0
Jason Steele,GK,Brighton,142,13,2,2024-08-24T11:30:00Z,True,14,90,1,2,0,0,0,1,0,0,0,0,0,2,0,15,45,140871,53541,11392,0.0,0.0,1.43,21.8,0.0,0.0,4.5
Arijanet Muric,GK,Ipswich,568,17,2,2024-08-24T14:00:00Z,False,13,90,1,0,0,0,0,4,0,0,0,0,0,1,0,-12,45,34541,355,6428,0.0,0.0,3.34,3.8,0.0,0.0,-1.1
Carl Rushworth,GK,Brighton,615,13,2,2024-08-24T11:30:00Z,True,14,0,0,0,0,0,0,0,0,0,0,0,0,0,0,0,40,5374,2290,552,0.0,0.0,0.0,0.0,0.0,0.0,0.0
Ibrahim Sangaré,MID,Nott'm Forest,442,18,2,2024-08-24T14:00:00Z,False,17,65,1,2,0,0,1,0,0,0,0,1,0,0,0,9,45,230565,36428,17103,0.02,0.04,0.14,9.6,2.1,11.0,2.5
Hannibal Mejbri,MID,Man Utd,373,13,2,2024-08-24T11:30:00Z,False,5,0,0,0,0,0,0,0,0,0,0,0,0,0,0,0,45,12064,764,1797,0.0,0.0,0.0,0.0,0.0,0.0,0.0
Brandon Austin,GK,Spurs,479,19,2,2024-08-24T14:00:00Z,True,8,0,0,0,0,0,0,0,0,0,0,0,0,0,0,0,40,42643,2895,1883,0.0,0.0,0.0,0.0,0.0,0.0,0.0
Conor Coady,DEF,Leicester,288,15,2,2024-08-24T14:00:00Z,False,9,0,0,0,0,0,0,0,0,0,0,0,0,0,0,0,40,20817,239,4175,0.0,0.0,0.0,0.0,0.0,0.0,0.0
Wes Foderingham,GK,West Ham,522,14,2,2024-08-24T14:00:00Z,False,7,0,0,0,0,0,0,0,0,0,0,0,0,0,0,0,45,15298,237,1684,0.0,0.0,0.0,0.0,0.0,0.0,0.0
Armando Broja,FWD,Chelsea,156,20,2,2024-08-25T13:00:00Z,False,20,0,0,0,0,0,0,0,0,0,0,0,0,0,0,0,55,9793,1701,1910,0.0,0.0,0.0,0.0,0.0,0.0,0.0
Adam Webster,DEF,Brighton,147,13,2,2024-08-24T11:30:00Z,True,14,0,0,0,0,0,0,0,0,0,0,0,0,0,0,0,45,10757,409,1087,0.0,0.0,0.0,0.0,0.0,0.0,0.5
Thomas Partey,MID,Arsenal,20,11,2,2024-08-24T16:30:00Z,False,2,90,1,11,1,0,1,0,0,0,0,0,0,0,3,27,50,14479,4346,2072,0.1,0.08,1.28,39.4,7.5,8.0,8.0
Harry Wilson,MID,Fulham,259,15,2,2024-08-24T14:00:00Z,True,11,21,0,0,0,0,0,0,0,0,0,1,0,0,0,0,55,17199,677,2439,0.0,0.01,0.27,0.0,1.3,8.0,1.0
Kasey McAteer,MID,Leicester,299,15,2,2024-08-24T14:00:00Z,False,9,5,0,1,0,0,0,0,0,0,0,0,0,0,0,1,50,4153,222,671,0.0,0.0,0.0,1.0,0.3,0.0,0.5
Curtis Jones,MID,Liverpool,324,16,2,2024-08-25T15:30:00Z,True,4,0,0,0,0,0,0,0,0,0,0,0,0,0,0,0,55,9808,401,2350,0.0,0.0,0.0,0.0,0.0,0.0,0.5
Wes Burns,MID,Ipswich,264,17,2,2024-08-24T14:00:00Z,False,13,0,0,0,0,0,0,0,0,0,0,0,0,0,0,0,50,6696,194,2826,0.0,0.0,0.0,0.0,0.0,0.0,0.0
Yunus Emre Konak,MID,Brentford,97,16,2,2024-08-25T15:30:00Z,False,12,0,0,0,0,0,0,0,0,0,0,0,0,0,0,0,45,5815,453,683,0.0,0.0,0.0,0.0,0.0,0.0,-0.5
Max Kilman,DEF,West Ham,524,14,2,2024-08-24T14:00:00Z,False,7,90,1,12,0,1,1,0,0,0,0,0,0,0,3,40,45,77290,3315,5210,0.06,0.01,1.35,39.2,21.0,4.0,6.5
Deniz Undav,FWD,Brighton,143,13,2,2024-08-24T11:30:00Z,True,14,0,0,0,0,0,0,0,0,0,0,0,0,0,0,0,55,1068,0,841,0.0,0.0,0.0,0.0,0.0,0.0,0.0
Alex Murphy,DEF,Newcastle,390,12,2,2024-08-25T13:00:00Z,False,3,0,0,0,0,0,0,0,0,0,0,0,0,0,0,0,40,81253,7943,8312,0.0,0.0,0.0,0.0,0.0,0.0,0.5
George Edmundson,DEF,Ipswich,269,17,2,2024-08-24T14:00:00Z,False,13,1,0,1,0,0,0,0,0,0,0,0,0,0,0,3,40,16722,517,1690,0.0,0.0,0.0,0.0,0.0,0.0,-1.0
Sávio 'Savinho' Moreira de Oliveira,MID,Man City,571,17,2,2024-08-24T14:00:00Z,True,10,70,1,9,0,2,0,1,0,0,0,0,0,0,1,36,65,40739,10580,14071,0.0,0.2,0.29,29.2,33.8,14.0,4.9
Emerson Palmieri dos Santos,DEF,West Ham,520,14,2,2024-08-24T14:00:00Z,False,7,88,1,6,0,0,1,0,0,0,0,0,0,0,0,27,45,66134,3770,4504,0.0,0.01,1.32,17.6,1.6,0.0,3.5
Abdoulaye Doucouré,MID,Everton,217,19,2,2024-08-24T14:00:00Z,False,18,56,1,1,0,0,0,2,0,0,0,0,0,0,0,3,55,43259,1812,8375,0.07,0.0,1.66,1.6,1.4,7.0,1.5
José Malheiro de Sá,GK,Wolves,554,20,2,2024-08-25T13:00:00Z,True,6,90,1,-1,0,0,0,6,0,0,0,0,0,2,0,-11,45,226059,9648,11993,0.0,0.01,1.56,21.8,10.0,0.0,0.5
Alexander Isak,FWD,Newcastle,401,12,2,2024-08-25T13:00:00Z,False,3,90,1,2,0,0,0,1,0,0,0,0,0,0,0,8,85,5525861,163637,186132,0.26,0.03,2.23,6.6,11.6,49.0,4.0
Yves Bissouma,MID,Spurs,482,19,2,2024-08-24T14:00:00Z,True,8,71,1,9,1,0,1,0,0,0,0,0,0,0,1,40,50,8142,516,3788,0.1,0.04,1.0,43.8,6.5,7.0,4.5
Conor Gallagher,MID,Chelsea,169,20,2,2024-08-25T13:00:00Z,False,20,0,0,0,0,0,0,0,0,0,0,0,0,0,0,0,59,53060,1567,33130,0.0,0.0,0.0,0.0,0.0,0.0,0.0
Philip Billing,MID,Bournemouth,76,12,2,2024-08-25T13:00:00Z,True,15,0,0,0,0,0,0,0,0,0,0,0,0,0,0,0,50,6880,275,968,0.0,0.0,0.0,0.0,0.0,0.0,0.0
Gonçalo Manuel Ganchinho Guedes,MID,Wolves,548,20,2,2024-08-25T13:00:00Z,True,6,0,0,0,0,0,0,0,0,0,0,0,0,0,0,0,55,8590,382,1634,0.0,0.0,0.0,0.0,0.0,0.0,0.0
Brajan Gruda,MID,Brighton,595,13,2,2024-08-24T11:30:00Z,True,14,0,0,0,0,0,0,0,0,0,0,0,0,0,0,0,55,3660,267,590,0.0,0.0,0.0,0.0,0.0,0.0,0.0
Rodrigo 'Rodri' Hernandez,MID,Man City,360,17,2,2024-08-24T14:00:00Z,True,10,0,0,0,0,0,0,0,0,0,0,0,0,0,0,0,64,235845,1307,208137,0.0,0.0,0.0,0.0,0.0,0.0,0.4
Đorđe Petrović,GK,Chelsea,183,20,2,2024-08-25T13:00:00Z,False,20,0,0,0,0,0,0,0,0,0,0,0,0,0,0,0,45,65970,1038,11596,0.0,0.0,0.0,0.0,0.0,0.0,0.0
Craig Dawson,DEF,Wolves,542,20,2,2024-08-25T13:00:00Z,True,6,23,0,1,0,0,0,1,0,0,0,0,0,0,0,0,45,17717,356,1633,0.0,0.0,0.32,3.0,0.1,0.0,1.0
Jordan Ayew,MID,Leicester,192,15,2,2024-08-24T14:00:00Z,False,9,27,0,1,0,0,0,1,0,0,0,0,0,0,0,7,55,36654,191,1277,0.09,0.04,0.22,3.2,16.7,1.0,0.0
Marcos Senesi,DEF,Bournemouth,79,12,2,2024-08-25T13:00:00Z,True,15,90,1,1,0,0,0,1,0,0,0,1,0,0,0,11,50,80441,1473,17400,0.0,0.03,1.61,29.4,5.3,2.0,0.0
Kiernan Dewsbury-Hall,MID,Chelsea,166,20,2,2024-08-25T13:00:00Z,False,20,14,0,1,0,0,0,0,0,0,0,0,0,0,0,1,60,23100,1245,4835,0.0,0.0,0.12,0.0,0.2,0.0,1.0
Kaine Kesler-Hayden,DEF,Aston Villa,43,11,2,2024-08-24T16:30:00Z,True,1,0,0,0,0,0,0,0,0,0,0,0,0,0,0,0,40,1937,0,587,0.0,0.0,0.0,0.0,0.0,0.0,0.0
João Cavaco Cancelo,DEF,Man City,353,17,2,2024-08-24T14:00:00Z,True,10,0,0,0,0,0,0,0,0,0,0,0,0,0,0,0,54,75764,3024,20124,0.0,0.0,0.0,0.0,0.0,0.0,1.5
Maxwel Cornet,MID,West Ham,515,14,2,2024-08-24T14:00:00Z,False,7,0,0,0,0,0,0,0,0,0,0,0,0,0,0,0,50,3128,135,532,0.0,0.0,0.0,0.0,0.0,0.0,0.0
Jefferson Lerma Solís,MID,Crystal Palace,206,14,2,2024-08-24T14:00:00Z,True,19,62,1,2,0,0,1,0,0,0,0,1,0,0,0,5,50,5650,217,850,0.02,0.01,0.83,6.2,1.3,2.0,1.5
Jannik Vestergaard,DEF,Leicester,307,15,2,2024-08-24T14:00:00Z,False,9,90,1,0,0,0,0,2,0,0,0,1,0,0,0,1,40,267915,88272,13735,0.01,0.0,1.78,22.0,0.3,7.0,0.5
Luke Thomas,DEF,Leicester,305,15,2,2024-08-24T14:00:00Z,False,9,0,0,0,0,0,0,0,0,0,0,0,0,0,0,0,40,53651,1630,4516,0.0,0.0,0.0,0.0,0.0,0.0,-0.5
Bruno Borges Fernandes,MID,Man Utd,366,13,2,2024-08-24T11:30:00Z,False,5,78,1,2,0,0,0,1,0,0,0,0,0,0,0,15,85,1776620,57914,144064,0.07,0.73,1.5,10.4,37.7,11.0,2.5
Adam Smith,DEF,Bournemouth,81,12,2,2024-08-25T13:00:00Z,True,15,4,0,1,0,0,0,0,0,0,0,0,0,0,0,3,45,17671,808,1413,0.0,0.0,0.06,2.0,0.0,0.0,1.0
Miodrag Pivaš,DEF,Newcastle,574,12,2,2024-08-25T13:00:00Z,False,3,0,0,0,0,0,0,0,0,0,0,0,0,0,0,0,40,12425,600,1337,0.0,0.0,0.0,0.0,0.0,0.0,0.5
Billy Gilmour,MID,Brighton,124,13,2,2024-08-24T11:30:00Z,True,14,89,1,2,0,0,0,1,0,0,0,0,0,0,0,17,50,14953,550,2243,0.08,0.04,1.32,11.0,4.3,2.0,1.5
Rasmus Højlund,FWD,Man Utd,375,13,2,2024-08-24T11:30:00Z,False,5,0,0,0,0,0,0,0,0,0,0,0,0,0,0,0,70,44364,534,21180,0.0,0.0,0.0,0.0,0.0,0.0,0.0
Callum Wilson,FWD,Newcastle,421,12,2,2024-08-25T13:00:00Z,False,3,0,0,0,0,0,0,0,0,0,0,0,0,0,0,0,70,5926,114,3114,0.0,0.0,0.0,0.0,0.0,0.0,0.0
Crysencio Summerville,MID,West Ham,587,14,2,2024-08-24T14:00:00Z,False,7,0,0,0,0,0,0,0,0,0,0,0,0,0,0,0,60,84926,5711,17530,0.0,0.0,0.0,0.0,0.0,0.0,0.5
Jesurun Rak-Sakyi,MID,Crystal Palace,213,14,2,2024-08-24T14:00:00Z,True,19,0,0,0,0,0,0,0,0,0,0,0,0,0,0,0,45,17585,755,4835,0.0,0.0,0.0,0.0,0.0,0.0,0.0
Oliver Skipp,MID,Leicester,501,15,2,2024-08-24T14:00:00Z,False,9,19,0,1,0,0,0,0,0,0,0,0,0,0,0,4,50,4283,388,720,0.0,0.0,0.04,1.8,0.6,0.0,0.0
Tomáš Souček,MID,West Ham,530,14,2,2024-08-24T14:00:00Z,False,7,77,1,8,1,0,1,0,0,0,0,1,0,0,1,28,50,237434,22938,13659,0.15,0.1,1.32,36.0,14.8,33.0,6.5
Taylor Harwood-Bellis,DEF,Southampton,461,18,2,2024-08-24T14:00:00Z,True,16,75,1,2,0,0,0,1,0,0,0,0,0,0,0,5,40,1043860,86990,27090,0.0,0.01,2.26,17.0,2.1,0.0,1.0
Alphonse Areola,GK,West Ham,513,14,2,2024-08-24T14:00:00Z,False,7,90,1,6,0,0,1,0,0,0,0,0,0,2,0,24,45,895317,27253,37920,0.0,0.0,1.35,15.8,0.0,0.0,3.5
Lisandro Martínez,DEF,Man Utd,380,13,2,2024-08-24T11:30:00Z,False,5,90,1,1,0,0,0,2,0,0,0,0,0,0,0,8,45,589233,85495,22270,0.0,0.19,2.09,10.2,4.3,0.0,4.0
Richarlison de Andrade,FWD,Spurs,497,19,2,2024-08-24T14:00:00Z,True,8,24,0,1,0,0,0,0,0,0,0,0,0,0,0,5,70,124974,33153,22092,0.0,0.0,0.0,3.2,1.2,0.0,1.0
Joško Gvardiol,DEF,Man City,350,17,2,2024-08-24T14:00:00Z,True,10,90,1,2,0,0,0,1,0,0,0,0,0,0,0,14,60,3282799,260981,69908,0.0,0.04,0.29,15.4,7.8,2.0,6.0
Harry Clarke,DEF,Ipswich,266,17,2,2024-08-24T14:00:00Z,False,13,0,0,0,0,0,0,0,0,0,0,0,0,0,0,0,40,2851,242,604,0.0,0.0,0.0,0.0,0.0,0.0,0.0
Joachim Andersen,DEF,Fulham,191,15,2,2024-08-24T14:00:00Z,True,11,0,0,0,0,0,0,0,0,0,0,0,0,0,0,0,45,1637435,28857,192531,0.0,0.0,0.0,0.0,0.0,0.0,0.5
Moisés Caicedo Corozo,MID,Chelsea,157,20,2,2024-08-25T13:00:00Z,False,20,75,1,2,0,0,0,2,0,0,0,0,0,0,0,8,50,64673,6335,8922,0.0,0.02,1.8,8.8,3.9,0.0,1.5
Carlos Henrique Casimiro,MID,Man Utd,368,13,2,2024-08-24T11:30:00Z,False,5,90,1,2,0,0,0,2,0,0,0,0,0,0,0,13,50,70647,17943,7832,0.1,0.02,2.09,12.6,4.7,16.0,2.5
Roman Dixon,DEF,Everton,627,19,2,2024-08-24T14:00:00Z,False,18,90,1,0,0,0,0,4,0,0,0,0,0,0,0,0,40,0,0,0,0.0,0.0,2.43,15.4,0.3,0.0,1.0
Jhon Durán,FWD,Aston Villa,38,11,2,2024-08-24T16:30:00Z,True,1,25,0,1,0,0,0,2,0,0,0,0,0,0,0,1,60,61234,23795,6386,0.1,0.14,0.51,2.6,3.4,7.0,2.5
Jacob Murphy,MID,Newcastle,402,12,2,2024-08-25T13:00:00Z,False,3,57,1,1,0,0,0,1,0,0,0,0,0,0,0,3,55,184726,6437,21408,0.0,0.01,1.16,3.0,12.8,0.0,1.5
Sean Longstaff,MID,Newcastle,410,12,2,2024-08-25T13:00:00Z,False,3,69,1,2,0,0,0,1,0,0,0,0,0,0,0,17,50,105177,5548,8937,0.0,0.01,1.81,3.8,12.7,2.0,3.0
Leander Dendoncker,MID,Aston Villa,33,11,2,2024-08-24T16:30:00Z,True,1,0,0,0,0,0,0,0,0,0,0,0,0,0,0,0,45,87218,5094,9356,0.0,0.0,0.0,0.0,0.0,0.0,-1.0
Trevoh Chalobah,DEF,Chelsea,159,20,2,2024-08-25T13:00:00Z,False,20,0,0,0,0,0,0,0,0,0,0,0,0,0,0,0,45,17610,791,2865,0.0,0.0,0.0,0.0,0.0,0.0,0.0
Ryan Manning,DEF,Southampton,467,18,2,2024-08-24T14:00:00Z,True,16,0,0,0,0,0,0,0,0,0,0,0,0,0,0,0,45,7563,112,991,0.0,0.0,0.0,0.0,0.0,0.0,-0.5
Vitalii Mykolenko,DEF,Everton,231,19,2,2024-08-24T14:00:00Z,False,18,90,1,0,0,0,0,4,0,0,0,0,0,0,0,0,45,762373,6286,111634,0.0,0.02,2.43,13.0,1.8,0.0,0.5
Ryan Christie,MID,Bournemouth,63,12,2,2024-08-25T13:00:00Z,True,15,63,1,2,0,0,1,0,0,0,0,1,0,0,0,7,50,20506,330,2753,0.0,0.03,0.25,8.4,32.3,2.0,1.0
Fábio Silva,FWD,Wolves,545,20,2,2024-08-25T13:00:00Z,True,6,0,0,0,0,0,0,0,0,0,0,0,0,0,0,0,50,31835,3044,5019,0.0,0.0,0.0,0.0,0.0,0.0,0.0
Kepa Arrizabalaga,GK,Chelsea,152,20,2,2024-08-25T13:00:00Z,False,20,0,0,0,0,0,0,0,0,0,0,0,0,0,0,0,45,30908,1457,4264,0.0,0.0,0.0,0.0,0.0,0.0,0.0
Frank Onyeka,MID,Brentford,102,16,2,2024-08-25T15:30:00Z,False,12,17,0,1,0,0,0,0,0,0,0,0,0,0,0,1,50,3946,190,683,0.0,0.02,0.13,0.0,0.5,0.0,0.5
Youssef Ramalho Chermiti,FWD,Everton,237,19,2,2024-08-24T14:00:00Z,False,18,0,0,0,0,0,0,0,0,0,0,0,0,0,0,0,50,1433,186,381,0.0,0.0,0.0,0.0,0.0,0.0,0.0
Morgan Gibbs-White,MID,Nott'm Forest,433,18,2,2024-08-24T14:00:00Z,False,17,90,1,10,1,0,1,0,0,0,0,0,0,0,2,35,65,414290,14421,46689,0.47,0.02,0.14,48.8,34.2,55.0,6.5
Noni Madueke,MID,Chelsea,177,20,2,2024-08-25T13:00:00Z,False,20,90,1,20,3,0,0,2,0,0,0,0,0,0,3,76,64,35046,2609,9605,0.54,0.11,1.92,110.6,15.4,88.0,10.0
Nélson Cabral Semedo,DEF,Wolves,559,20,2,2024-08-25T13:00:00Z,True,6,0,0,0,0,0,0,0,0,0,0,0,0,0,0,0,45,1142,45,239,0.0,0.0,0.0,0.0,0.0,0.0,0.0
Tommy Doyle,MID,Wolves,544,20,2,2024-08-25T13:00:00Z,True,6,1,0,1,0,0,0,0,0,0,0,0,0,0,0,3,50,4267,98,565,0.0,0.0,0.0,1.6,11.2,0.0,0.5
Tom Heaton,GK,Man Utd,374,13,2,2024-08-24T11:30:00Z,False,5,0,0,0,0,0,0,0,0,0,0,0,0,0,0,0,40,22959,1180,1164,0.0,0.0,0.0,0.0,0.0,0.0,0.0
Lucas Bergvall,MID,Spurs,481,19,2,2024-08-24T14:00:00Z,True,8,11,0,1,0,0,0,0,0,0,0,0,0,0,0,1,45,88305,10044,5721,0.0,0.02,0.0,1.0,5.0,0.0,1.0
Lesley Ugochukwu,MID,Southampton,188,18,2,2024-08-24T14:00:00Z,True,16,0,0,0,0,0,0,0,0,0,0,0,0,0,0,0,45,33245,4872,3784,0.0,0.0,0.0,0.0,0.0,0.0,-0.5
Evan Ferguson,FWD,Brighton,123,13,2,2024-08-24T11:30:00Z,True,14,0,0,0,0,0,0,0,0,0,0,0,0,0,0,0,55,10259,747,1705,0.0,0.0,0.0,0.0,0.0,0.0,0.0
Christian Eriksen,MID,Man Utd,370,13,2,2024-08-24T11:30:00Z,False,5,0,0,0,0,0,0,0,0,0,0,0,0,0,0,0,55,18722,1077,4291,0.0,0.0,0.0,0.0,0.0,0.0,0.0
Danny Ings,FWD,West Ham,523,14,2,2024-08-24T14:00:00Z,False,7,0,0,0,0,0,0,0,0,0,0,0,0,0,0,0,50,107343,15287,13665,0.0,0.0,0.0,0.0,0.0,0.0,0.5
Jean-Ricner Bellegarde,MID,Wolves,535,20,2,2024-08-25T13:00:00Z,True,6,67,1,2,0,0,0,5,0,0,0,0,0,0,0,4,50,3919,478,464,0.0,0.01,1.24,2.4,0.8,2.0,1.5
Tim Ream,DEF,Fulham,253,15,2,2024-08-24T14:00:00Z,True,11,0,0,0,0,0,0,0,0,0,0,0,0,0,0,0,45,1194,0,563,0.0,0.0,0.0,0.0,0.0,0.0,0.0
Benoît Badiashile,DEF,Chelsea,153,20,2,2024-08-25T13:00:00Z,False,20,0,0,0,0,0,0,0,0,0,0,0,0,0,0,0,45,13206,982,2247,0.0,0.0,0.0,0.0,0.0,0.0,0.0
Radu Drăgușin,DEF,Spurs,486,19,2,2024-08-24T14:00:00Z,True,8,0,0,0,0,0,0,0,0,0,0,0,0,0,0,0,45,21143,689,3574,0.0,0.0,0.0,0.0,0.0,0.0,0.0
Jack Stephens,DEF,Southampton,472,18,2,2024-08-24T14:00:00Z,True,16,90,1,2,0,0,0,1,0,0,0,0,0,0,0,7,40,34328,6819,2254,0.0,0.03,2.45,16.4,4.7,0.0,1.0
Mateo Kovačić,MID,Man City,354,17,2,2024-08-24T14:00:00Z,True,10,49,1,1,0,0,0,1,0,0,0,0,0,0,0,18,55,249050,162586,12829,0.0,0.06,0.29,11.6,25.8,0.0,7.5
Nicolás Domínguez,MID,Nott'm Forest,431,18,2,2024-08-24T14:00:00Z,False,17,15,0,0,0,0,0,0,0,0,0,1,0,0,0,-3,50,3296,96,470,0.12,0.0,0.0,4.6,10.2,1.0,1.0
Ben Doak,MID,Liverpool,318,16,2,2024-08-25T15:30:00Z,True,4,0,0,0,0,0,0,0,0,0,0,0,0,0,0,0,45,5452,456,799,0.0,0.0,0.0,0.0,0.0,0.0,0.5
Phil Foden,MID,Man City,348,17,2,2024-08-24T14:00:00Z,True,10,0,0,0,0,0,0,0,0,0,0,0,0,0,0,0,95,1628706,92072,169574,0.0,0.0,0.0,0.0,0.0,0.0,2.0
Mason Mount,MID,Man Utd,382,13,2,2024-08-24T11:30:00Z,False,5,45,1,1,0,0,0,1,0,0,0,0,0,0,0,3,65,26288,1642,3539,0.09,0.0,0.81,2.8,0.9,17.0,1.5
Gabriel Martinelli Silva,MID,Arsenal,9,11,2,2024-08-24T16:30:00Z,False,2,64,1,3,0,0,1,0,0,0,0,0,0,0,0,9,70,275265,21172,33930,0.0,0.41,1.12,6.4,26.3,10.0,4.0
Yasin Ayari,MID,Brighton,600,13,2,2024-08-24T11:30:00Z,True,14,1,0,1,0,0,0,0,0,0,0,0,0,0,0,3,50,1513,282,170,0.02,0.03,0.1,5.4,0.3,5.0,1.0
Facundo Buonanotte,MID,Leicester,117,15,2,2024-08-24T14:00:00Z,False,9,70,1,5,0,1,0,2,0,0,0,0,0,0,0,19,50,11229,2588,1209,0.0,0.19,1.74,25.8,38.5,2.0,3.0
Caoimhin Kelleher,GK,Liverpool,325,16,2,2024-08-25T15:30:00Z,True,4,0,0,0,0,0,0,0,0,0,0,0,0,0,0,0,45,26815,577,3844,0.0,0.0,0.0,0.0,0.0,0.0,0.5
Odeluga Offiah,DEF,Brighton,139,13,2,2024-08-24T11:30:00Z,True,14,0,0,0,0,0,0,0,0,0,0,0,0,0,0,0,40,14564,711,1483,0.0,0.0,0.0,0.0,0.0,0.0,0.0
Lino da Cruz Sousa,DEF,Aston Villa,56,11,2,2024-08-24T16:30:00Z,True,1,0,0,0,0,0,0,0,0,0,0,0,0,0,0,0,40,16536,0,7607,0.0,0.0,0.0,0.0,0.0,0.0,0.0
Amario Cozier-Duberry,MID,Brighton,118,13,2,2024-08-24T11:30:00Z,True,14,0,0,0,0,0,0,0,0,0,0,0,0,0,0,0,45,13322,655,1712,0.0,0.0,0.0,0.0,0.0,0.0,0.0
Emerson Leite de Souza Junior,DEF,Spurs,487,19,2,2024-08-24T14:00:00Z,True,8,0,0,0,0,0,0,0,0,0,0,0,0,0,0,0,45,2073,0,1494,0.0,0.0,0.0,0.0,0.0,0.0,0.0
Kai Havertz,FWD,Arsenal,4,11,2,2024-08-24T16:30:00Z,False,2,90,1,2,0,0,1,0,0,0,0,0,0,0,0,-2,81,1638743,350954,65128,0.21,0.03,1.28,0.0,6.1,15.0,8.0
Scott Carson,GK,Man City,344,17,2,2024-08-24T14:00:00Z,True,10,0,0,0,0,0,0,0,0,0,0,0,0,0,0,0,40,17745,1270,1310,0.0,0.0,0.0,0.0,0.0,0.0,1.5
Ethan Brierley,MID,Brentford,87,16,2,2024-08-25T15:30:00Z,False,12,0,0,0,0,0,0,0,0,0,0,0,0,0,0,0,45,7278,702,879,0.0,0.0,0.0,0.0,0.0,0.0,-0.5
Andrey Nascimento dos Santos,MID,Chelsea,150,20,2,2024-08-25T13:00:00Z,False,20,0,0,0,0,0,0,0,0,0,0,0,0,0,0,0,45,653,0,241,0.0,0.0,0.0,0.0,0.0,0.0,0.0
Rico Henry,DEF,Brentford,92,16,2,2024-08-25T15:30:00Z,False,12,0,0,0,0,0,0,0,0,0,0,0,0,0,0,0,45,6426,58,1813,0.0,0.0,0.0,0.0,0.0,0.0,-0.1
Mateusz Lis,GK,Southampton,465,18,2,2024-08-24T14:00:00Z,True,16,0,0,0,0,0,0,0,0,0,0,0,0,0,0,0,40,25145,888,1737,0.0,0.0,0.0,0.0,0.0,0.0,0.0
Yoane Wissa,FWD,Brentford,110,16,2,2024-08-25T15:30:00Z,False,12,72,1,2,0,0,0,2,0,0,0,0,0,0,0,7,60,417530,135516,30661,0.0,0.01,2.52,5.0,0.8,2.0,6.0
Daniel Iversen,GK,Leicester,294,15,2,2024-08-24T14:00:00Z,False,9,0,0,0,0,0,0,0,0,0,0,0,0,0,0,0,40,71540,2677,2255,0.0,0.0,0.0,0.0,0.0,0.0,-0.5
Mads Hermansen,GK,Leicester,293,15,2,2024-08-24T14:00:00Z,False,9,90,1,2,0,0,0,2,0,0,0,0,0,4,0,11,45,49255,8304,2850,0.0,0.0,1.78,37.0,0.0,0.0,2.0
Rob Holding,DEF,Crystal Palace,202,14,2,2024-08-24T14:00:00Z,True,19,0,0,0,0,0,0,0,0,0,0,0,0,0,0,0,45,9987,241,1333,0.0,0.0,0.0,0.0,0.0,0.0,0.0
Ismaïla Sarr,MID,Crystal Palace,585,14,2,2024-08-24T14:00:00Z,True,19,19,0,1,0,0,0,1,0,0,0,0,0,0,0,6,60,29102,1726,6058,0.1,0.17,0.36,1.4,15.0,6.0,1.0
Jarrod Bowen,MID,West Ham,514,14,2,2024-08-24T14:00:00Z,False,7,90,1,8,1,0,1,0,0,0,0,0,0,0,0,26,75,628805,16308,79490,0.1,0.25,1.35,47.2,63.1,21.0,5.0
Mark O’Mahony,FWD,Brighton,138,13,2,2024-08-24T11:30:00Z,True,14,0,0,0,0,0,0,0,0,0,0,0,0,0,0,0,45,62240,9961,7132,0.0,0.0,0.0,0.0,0.0,0.0,0.0
Ryan Sessegnon,DEF,Fulham,579,15,2,2024-08-24T14:00:00Z,True,11,0,0,0,0,0,0,0,0,0,0,0,0,0,0,0,45,18924,261,2603,0.0,0.0,0.0,0.0,0.0,0.0,0.5
Josh Dasilva,MID,Brentford,90,16,2,2024-08-25T15:30:00Z,False,12,0,0,0,0,0,0,0,0,0,0,0,0,0,0,0,50,755,22,375,0.0,0.0,0.0,0.0,0.0,0.0,0.0
Jadon Sancho,MID,Man Utd,386,13,2,2024-08-24T11:30:00Z,False,5,0,0,0,0,0,0,0,0,0,0,0,0,0,0,0,64,28027,1053,11079,0.0,0.0,0.0,0.0,0.0,0.0,0.0
Sam Johnstone,GK,Crystal Palace,204,14,2,2024-08-24T14:00:00Z,True,19,0,0,0,0,0,0,0,0,0,0,0,0,0,0,0,45,41187,612,6363,0.0,0.0,0.0,0.0,0.0,0.0,0.0
Jonny Evans,DEF,Man Utd,371,13,2,2024-08-24T11:30:00Z,False,5,0,0,0,0,0,0,0,0,0,0,0,0,0,0,0,45,12326,467,1727,0.0,0.0,0.0,0.0,0.0,0.0,0.5
Mohamed Salah,MID,Liverpool,328,16,2,2024-08-25T15:30:00Z,True,4,82,1,10,1,0,1,0,0,0,0,0,0,0,2,34,125,3503305,262302,64190,0.5,0.25,0.36,38.8,6.2,52.0,12.5
Timothy Castagne,DEF,Fulham,244,15,2,2024-08-24T14:00:00Z,True,11,0,0,0,0,0,0,0,0,0,0,0,0,0,0,0,45,228766,2120,45142,0.0,0.0,0.0,0.0,0.0,0.0,0.5
Tariq Lamptey,DEF,Brighton,131,13,2,2024-08-24T11:30:00Z,True,14,0,0,0,0,0,0,0,0,0,0,0,0,0,0,0,45,16809,109,5471,0.0,0.0,0.0,0.0,0.0,0.0,0.0
Ola Aina,DEF,Nott'm Forest,422,18,2,2024-08-24T14:00:00Z,False,17,90,1,9,0,0,1,0,0,0,0,0,0,0,3,37,45,90573,986,24841,0.0,0.09,0.14,20.4,13.5,2.0,4.1
Taiwo Awoniyi,FWD,Nott'm Forest,424,18,2,2024-08-24T14:00:00Z,False,17,15,0,1,0,0,0,0,0,0,0,0,0,0,0,4,60,77258,5508,20768,0.0,0.0,0.0,4.4,1.5,2.0,1.5
Leandro Trossard,MID,Arsenal,23,11,2,2024-08-24T16:30:00Z,False,2,25,0,7,1,0,0,0,0,0,0,0,0,0,1,25,69,165221,3440,46842,0.18,0.02,0.16,33.6,0.5,26.0,5.0
Jacob Greaves,DEF,Ipswich,270,17,2,2024-08-24T14:00:00Z,False,13,90,1,0,0,0,0,4,0,0,0,0,0,0,0,-1,40,85247,32017,7153,0.0,0.0,3.34,12.4,0.3,0.0,-1.0
Issa Kaboré,DEF,Man City,626,17,2,2024-08-24T14:00:00Z,True,10,0,0,0,0,0,0,0,0,0,0,0,0,0,0,0,45,0,0,0,0.0,0.0,0.0,0.0,0.0,0.0,3.4
Alfie Whiteman,GK,Spurs,510,19,2,2024-08-24T14:00:00Z,True,8,0,0,0,0,0,0,0,0,0,0,0,0,0,0,0,40,144603,8509,5194,0.0,0.0,0.0,0.0,0.0,0.0,0.0
Séamus Coleman,DEF,Everton,221,19,2,2024-08-24T14:00:00Z,False,18,0,0,0,0,0,0,0,0,0,0,0,0,0,0,0,45,3344,48,1520,0.0,0.0,0.0,0.0,0.0,0.0,0.0
Fabian Schär,DEF,Newcastle,415,12,2,2024-08-25T13:00:00Z,False,3,0,0,0,0,0,0,0,0,0,0,0,0,0,0,0,54,122684,306,75474,0.0,0.0,0.0,0.0,0.0,0.0,0.0
Nicolas Jackson,FWD,Chelsea,180,20,2,2024-08-25T13:00:00Z,False,20,67,1,10,1,1,0,2,0,0,0,0,0,0,1,39,75,241660,79561,25912,0.17,0.01,1.8,52.2,24.0,39.0,6.0
Joe White,MID,Newcastle,419,12,2,2024-08-25T13:00:00Z,False,3,0,0,0,0,0,0,0,0,0,0,0,0,0,0,0,45,40112,4716,5210,0.0,0.0,0.0,0.0,0.0,0.0,0.5
Jamie Vardy,FWD,Leicester,306,15,2,2024-08-24T14:00:00Z,False,9,70,1,2,0,0,0,2,0,0,0,0,0,0,0,3,56,533898,320113,29608,0.0,0.0,1.74,0.0,1.6,0.0,4.5
Miguel Almirón Rejala,MID,Newcastle,391,12,2,2024-08-25T13:00:00Z,False,3,1,0,1,0,0,0,0,0,0,0,0,0,0,0,3,59,75527,5640,25479,0.0,0.0,0.08,0.4,0.3,0.0,1.0
James Garner,MID,Everton,223,19,2,2024-08-24T14:00:00Z,False,18,0,0,0,0,0,0,0,0,0,0,0,0,0,0,0,50,1612,8,740,0.0,0.0,0.0,0.0,0.0,0.0,0.0
Marcus Tavernier,MID,Bournemouth,83,12,2,2024-08-25T13:00:00Z,True,15,84,1,9,1,0,0,1,0,0,0,0,0,0,2,32,55,15285,673,2004,0.84,0.04,1.56,46.4,48.8,35.0,5.0
Lewis Dobbin,MID,Aston Villa,37,11,2,2024-08-24T16:30:00Z,True,1,0,0,0,0,0,0,0,0,0,0,0,0,0,0,0,50,347,0,125,0.0,0.0,0.0,0.0,0.0,0.0,0.0
Viljami Sinisalo,GK,Aston Villa,55,11,2,2024-08-24T16:30:00Z,True,1,0,0,0,0,0,0,0,0,0,0,0,0,0,0,0,40,140,0,13,0.0,0.0,0.0,0.0,0.0,0.0,0.0
Omari Kellyman,MID,Chelsea,173,20,2,2024-08-25T13:00:00Z,False,20,0,0,0,0,0,0,0,0,0,0,0,0,0,0,0,45,4106,297,473,0.0,0.0,0.0,0.0,0.0,0.0,0.0
Daniel Castelo Podence,MID,Wolves,562,20,2,2024-08-25T13:00:00Z,True,6,31,0,1,0,0,0,2,0,0,0,0,0,0,0,7,55,5003,291,550,0.0,0.01,0.64,3.0,0.9,0.0,1.0
Martial Godo,MID,Fulham,605,15,2,2024-08-24T14:00:00Z,True,11,0,0,0,0,0,0,0,0,0,0,0,0,0,0,0,45,2460,442,304,0.0,0.0,0.0,0.0,0.0,0.0,0.5
Harrison Reed,MID,Fulham,254,15,2,2024-08-24T14:00:00Z,True,11,4,0,1,0,0,0,0,0,0,0,0,0,0,0,3,50,4144,223,586,0.0,0.01,0.14,0.0,0.8,2.0,1.5
Guido Rodríguez,MID,West Ham,588,14,2,2024-08-24T14:00:00Z,False,7,90,1,3,0,0,1,0,0,0,0,0,0,0,0,11,50,7203,675,759,0.02,0.0,1.35,9.6,0.5,4.0,2.5
Will Alves,MID,Leicester,606,15,2,2024-08-24T14:00:00Z,False,9,0,0,0,0,0,0,0,0,0,0,0,0,0,0,0,45,7416,1383,763,0.0,0.0,0.0,0.0,0.0,0.0,-0.5
Carlos Baleba,MID,Brighton,115,13,2,2024-08-24T11:30:00Z,True,14,17,0,1,0,0,0,0,0,0,0,0,0,0,0,8,50,3809,293,785,0.0,0.0,0.1,3.6,0.9,0.0,0.5
James Hill,DEF,Bournemouth,68,12,2,2024-08-25T13:00:00Z,True,15,0,0,0,0,0,0,0,0,0,0,0,0,0,0,0,40,35672,2017,2971,0.0,0.0,0.0,0.0,0.0,0.0,-0.5
David Datro Fofana,FWD,Chelsea,164,20,2,2024-08-25T13:00:00Z,False,20,0,0,0,0,0,0,0,0,0,0,0,0,0,0,0,55,13012,1057,2695,0.0,0.0,0.0,0.0,0.0,0.0,0.0
Ryan Fraser,MID,Newcastle,397,12,2,2024-08-25T13:00:00Z,False,3,0,0,0,0,0,0,0,0,0,0,0,0,0,0,0,50,3446,153,598,0.0,0.0,0.0,0.0,0.0,0.0,0.5
Ângelo Gabriel Borges Damaceno,MID,Chelsea,151,20,2,2024-08-25T13:00:00Z,False,20,0,0,0,0,0,0,0,0,0,0,0,0,0,0,0,45,31997,1442,3522,0.0,0.0,0.0,0.0,0.0,0.0,0.0
Nathan Patterson,DEF,Everton,234,19,2,2024-08-24T14:00:00Z,False,18,0,0,0,0,0,0,0,0,0,0,0,0,0,0,0,45,1844,36,727,0.0,0.0,0.0,0.0,0.0,0.0,0.0
Robin Olsen,GK,Aston Villa,51,11,2,2024-08-24T16:30:00Z,True,1,0,0,0,0,0,0,0,0,0,0,0,0,0,0,0,45,8728,60,1240,0.0,0.0,0.0,0.0,0.0,0.0,-0.5
Mathias Jensen,MID,Brentford,95,16,2,2024-08-25T15:30:00Z,False,12,65,1,1,0,0,0,1,0,0,0,1,0,0,0,4,55,15630,624,1993,0.02,0.13,1.99,3.8,32.8,1.0,1.0
Bart Verbruggen,GK,Brighton,146,13,2,2024-08-24T11:30:00Z,True,14,0,0,0,0,0,0,0,0,0,0,0,0,0,0,0,45,39629,245,7378,0.0,0.0,0.0,0.0,0.0,0.0,0.0
Dango Ouattara,MID,Bournemouth,74,12,2,2024-08-25T13:00:00Z,True,15,18,0,1,0,0,0,1,0,0,0,0,0,0,0,6,50,2712,300,323,0.26,0.0,1.03,5.4,0.3,7.0,1.0
Emmanuel Dennis,FWD,Nott'm Forest,430,18,2,2024-08-24T14:00:00Z,False,17,0,0,0,0,0,0,0,0,0,0,0,0,0,0,0,50,22067,1782,3976,0.0,0.0,0.0,0.0,0.0,0.0,0.5
Yehor Yarmoliuk,MID,Brentford,111,16,2,2024-08-25T15:30:00Z,False,12,0,0,0,0,0,0,0,0,0,0,0,0,0,0,0,45,266565,12619,25077,0.0,0.0,0.0,0.0,0.0,0.0,-0.5
Julián Álvarez,FWD,Man City,352,17,2,2024-08-24T14:00:00Z,True,10,0,0,0,0,0,0,0,0,0,0,0,0,0,0,0,70,18611,0,20024,0.0,0.0,0.0,0.0,0.0,0.0,0.0
Tyler Dibling,MID,Southampton,608,18,2,2024-08-24T14:00:00Z,True,16,6,0,1,0,0,0,0,0,0,0,0,0,0,0,6,45,5153,1421,587,0.0,0.0,0.0,4.0,0.6,2.0,0.5
Paul Onuachu,FWD,Southampton,470,18,2,2024-08-24T14:00:00Z,True,16,0,0,0,0,0,0,0,0,0,0,0,0,0,0,0,50,10265,674,1876,0.0,0.0,0.0,0.0,0.0,0.0,-0.5
Bobby Clark,MID,Liverpool,315,16,2,2024-08-25T15:30:00Z,True,4,0,0,0,0,0,0,0,0,0,0,0,0,0,0,0,45,5135,444,1487,0.0,0.0,0.0,0.0,0.0,0.0,0.0
Kieran Tierney,DEF,Arsenal,21,11,2,2024-08-24T16:30:00Z,False,2,0,0,0,0,0,0,0,0,0,0,0,0,0,0,0,45,3883,52,1784,0.0,0.0,0.0,0.0,0.0,0.0,0.0
Darwin Núñez Ribeiro,FWD,Liverpool,316,16,2,2024-08-25T15:30:00Z,True,4,18,0,1,0,0,0,0,0,0,0,0,0,0,0,2,74,418852,26453,156010,0.0,0.0,0.0,1.4,3.8,2.0,1.0
Josh Bowler,MID,Nott'm Forest,426,18,2,2024-08-24T14:00:00Z,False,17,0,0,0,0,0,0,0,0,0,0,0,0,0,0,0,45,6320,437,809,0.0,0.0,0.0,0.0,0.0,0.0,0.5
Sugawara Yukinari,DEF,Southampton,474,18,2,2024-08-24T14:00:00Z,True,16,71,1,2,0,0,0,1,0,0,0,0,0,0,0,13,45,14982,851,1169,0.02,0.07,2.14,17.8,6.1,1.0,1.0
Aaron Wan-Bissaka,DEF,West Ham,388,14,2,2024-08-24T14:00:00Z,False,7,28,0,1,0,0,0,0,0,0,0,0,0,0,0,4,45,179384,7149,20075,0.0,0.0,0.56,4.2,0.1,0.0,0.5
Bobby De Cordova-Reid,MID,Leicester,290,15,2,2024-08-24T14:00:00Z,False,9,62,1,2,0,0,0,1,0,0,0,0,0,0,0,8,55,14702,1108,1842,0.02,0.03,1.56,4.2,0.7,7.0,1.5
Nathan Broadhead,MID,Ipswich,262,17,2,2024-08-24T14:00:00Z,False,13,0,0,0,0,0,0,0,0,0,0,0,0,0,0,0,50,1067,43,390,0.0,0.0,0.0,0.0,0.0,0.0,0.0
Matheus Luiz Nunes,MID,Man City,356,17,2,2024-08-24T14:00:00Z,True,10,1,0,1,0,0,0,0,0,0,0,0,0,0,0,3,50,3895,385,778,0.0,0.0,0.0,0.2,0.6,0.0,2.0
Jake O'Brien,DEF,Everton,582,19,2,2024-08-24T14:00:00Z,False,18,0,0,0,0,0,0,0,0,0,0,0,0,0,0,0,50,27578,749,5467,0.0,0.0,0.0,0.0,0.0,0.0,0.0
Cameron Peupion,MID,Brighton,140,13,2,2024-08-24T11:30:00Z,True,14,0,0,0,0,0,0,0,0,0,0,0,0,0,0,0,45,4903,383,577,0.0,0.0,0.0,0.0,0.0,0.0,0.0
Kosta Nedeljković,DEF,Aston Villa,50,11,2,2024-08-24T16:30:00Z,True,1,74,0,1,0,0,0,2,0,0,0,0,0,0,0,1,40,44397,9069,3334,0.0,0.01,0.75,15.6,5.2,0.0,0.0
Jay Stansfield,FWD,Fulham,256,15,2,2024-08-24T14:00:00Z,True,11,0,0,0,0,0,0,0,0,0,0,0,0,0,0,0,50,10928,2219,1462,0.0,0.0,0.0,0.0,0.0,0.0,1.0
Nikola Milenković,DEF,Nott'm Forest,573,18,2,2024-08-24T14:00:00Z,False,17,90,1,6,0,0,1,0,0,0,0,0,0,0,0,16,45,17601,234,2517,0.98,0.01,0.14,11.2,10.8,19.0,3.5
Sepp van den Berg,DEF,Brentford,338,16,2,2024-08-25T15:30:00Z,False,12,0,0,0,0,0,0,0,0,0,0,0,0,0,0,0,40,49721,13247,5375,0.0,0.0,0.0,0.0,0.0,0.0,-0.5
Kevin Mbabu,DEF,Fulham,250,15,2,2024-08-24T14:00:00Z,True,11,0,0,0,0,0,0,0,0,0,0,0,0,0,0,0,40,48982,3447,4063,0.0,0.0,0.0,0.0,0.0,0.0,0.5
Malang Sarr,DEF,Chelsea,176,20,2,2024-08-25T13:00:00Z,False,20,0,0,0,0,0,0,0,0,0,0,0,0,0,0,0,45,494,0,218,0.0,0.0,0.0,0.0,0.0,0.0,0.0
Jarrad Branthwaite,DEF,Everton,219,19,2,2024-08-24T14:00:00Z,False,18,0,0,0,0,0,0,0,0,0,0,0,0,0,0,0,50,152117,368,76762,0.0,0.0,0.0,0.0,0.0,0.0,0.0
Mats Wieffer,MID,Brighton,149,13,2,2024-08-24T11:30:00Z,True,14,0,0,0,0,0,0,0,0,0,0,0,0,0,0,0,50,17112,9078,2098,0.0,0.0,0.0,0.0,0.0,0.0,3.0
Kyle Walker,DEF,Man City,363,17,2,2024-08-24T14:00:00Z,True,10,0,0,0,0,0,0,0,0,0,0,0,0,0,0,0,55,815493,24633,124903,0.0,0.0,0.0,0.0,0.0,0.0,1.5
Shea Charles,MID,Southampton,458,18,2,2024-08-24T14:00:00Z,True,16,0,0,0,0,0,0,0,0,0,0,0,0,0,0,0,45,8476,545,959,0.0,0.0,0.0,0.0,0.0,0.0,-0.5
Samuel Edozie,MID,Southampton,459,18,2,2024-08-24T14:00:00Z,True,16,19,0,1,0,0,0,0,0,0,0,0,0,0,0,6,50,2667,150,422,0.0,0.0,0.31,3.0,0.5,6.0,0.0
Robert Sánchez,GK,Chelsea,185,20,2,2024-08-25T13:00:00Z,False,20,90,1,1,0,0,0,2,0,0,0,0,0,2,0,8,45,312954,65395,18465,0.0,0.0,1.92,15.0,0.0,0.0,1.5
Sergio Reguilón,DEF,Spurs,496,19,2,2024-08-24T14:00:00Z,True,8,0,0,0,0,0,0,0,0,0,0,0,0,0,0,0,45,26984,642,4785,0.0,0.0,0.0,0.0,0.0,0.0,0.0
Asmir Begovic,GK,Everton,624,19,2,2024-08-24T14:00:00Z,False,18,0,0,0,0,0,0,0,0,0,0,0,0,0,0,0,40,1653,768,75,0.0,0.0,0.0,0.0,0.0,0.0,1.0
Conor Townsend,DEF,Ipswich,583,17,2,2024-08-24T14:00:00Z,False,13,0,0,0,0,0,0,0,0,0,0,0,0,0,0,0,40,38894,2338,3219,0.0,0.0,0.0,0.0,0.0,0.0,-1.5
Ricardo Barbosa Pereira,DEF,Leicester,302,15,2,2024-08-24T14:00:00Z,False,9,0,0,0,0,0,0,0,0,0,0,0,0,0,0,0,45,19671,454,2906,0.0,0.0,0.0,0.0,0.0,0.0,-0.5
Massimo Luongo,MID,Ipswich,277,17,2,2024-08-24T14:00:00Z,False,13,71,1,2,0,0,0,3,0,0,0,0,0,0,0,6,45,36889,9260,3730,0.0,0.0,3.2,6.0,2.7,0.0,0.5
Harvey Elliott,MID,Liverpool,319,16,2,2024-08-25T15:30:00Z,True,4,7,0,1,0,0,0,0,0,0,0,0,0,0,0,3,54,90851,4406,28130,0.0,0.02,0.0,0.0,2.0,2.0,1.0
Garang Kuol,MID,Newcastle,406,12,2,2024-08-25T13:00:00Z,False,3,0,0,0,0,0,0,0,0,0,0,0,0,0,0,0,45,3799,275,498,0.0,0.0,0.0,0.0,0.0,0.0,0.5
Rúben Gato Alves Dias,DEF,Man City,361,17,2,2024-08-24T14:00:00Z,True,10,90,1,1,0,0,0,1,0,0,0,1,0,0,0,8,55,448988,79811,20495,0.0,0.05,0.29,19.2,8.5,0.0,5.0
Romelu Lukaku Bolingoli,FWD,Chelsea,175,20,2,2024-08-25T13:00:00Z,False,20,0,0,0,0,0,0,0,0,0,0,0,0,0,0,0,64,53668,4282,19789,0.0,0.0,0.0,0.0,0.0,0.0,0.0
Ben Chilwell,DEF,Chelsea,160,20,2,2024-08-25T13:00:00Z,False,20,0,0,0,0,0,0,0,0,0,0,0,0,0,0,0,50,76659,3945,17379,0.0,0.0,0.0,0.0,0.0,0.0,0.0
George Hirst,FWD,Ipswich,272,17,2,2024-08-24T14:00:00Z,False,13,0,0,0,0,0,0,0,0,0,0,0,0,0,0,0,55,1717,224,637,0.0,0.0,0.0,0.0,0.0,0.0,0.0
Daniel Jebbison,FWD,Bournemouth,69,12,2,2024-08-25T13:00:00Z,True,15,5,0,1,0,0,0,0,0,0,0,0,0,0,0,3,45,227529,76066,23659,0.0,0.0,0.06,0.0,0.0,0.0,0.5
Tyrick Mitchell,DEF,Crystal Palace,210,14,2,2024-08-24T14:00:00Z,True,19,90,1,1,0,0,0,2,0,0,0,0,0,0,0,7,50,222969,7337,18925,0.0,0.08,1.39,22.0,28.8,4.0,1.0
Myles Peart-Harris,MID,Brentford,103,16,2,2024-08-25T15:30:00Z,False,12,0,0,0,0,0,0,0,0,0,0,0,0,0,0,0,45,4813,355,572,0.0,0.0,0.0,0.0,0.0,0.0,-0.5
Mahmoud Dahoud,MID,Brighton,119,13,2,2024-08-24T11:30:00Z,True,14,0,0,0,0,0,0,0,0,0,0,0,0,0,0,0,50,3002,131,620,0.0,0.0,0.0,0.0,0.0,0.0,0.0
Jonathan Panzo,DEF,Nott'm Forest,441,18,2,2024-08-24T14:00:00Z,False,17,0,0,0,0,0,0,0,0,0,0,0,0,0,0,0,40,178,0,44,0.0,0.0,0.0,0.0,0.0,0.0,0.0
Nico O'Reilly,MID,Man City,607,17,2,2024-08-24T14:00:00Z,True,10,0,0,0,0,0,0,0,0,0,0,0,0,0,0,0,50,1008,95,164,0.0,0.0,0.0,0.0,0.0,0.0,1.5
Aaron Ramsdale,GK,Arsenal,14,11,2,2024-08-24T16:30:00Z,False,2,0,0,0,0,0,0,0,0,0,0,0,0,0,0,0,45,74765,2378,12047,0.0,0.0,0.0,0.0,0.0,0.0,1.0
Moussa Diaby,MID,Aston Villa,34,11,2,2024-08-24T16:30:00Z,True,1,0,0,0,0,0,0,0,0,0,0,0,0,0,0,0,65,3043,0,1929,0.0,0.0,0.0,0.0,0.0,0.0,0.0
Micky van de Ven,DEF,Spurs,506,19,2,2024-08-24T14:00:00Z,True,8,90,1,9,0,1,1,0,0,0,0,0,0,0,0,39,45,623739,30640,30300,0.0,0.04,1.0,30.4,11.2,0.0,5.5
Igor Thiago Nascimento Rodrigues,FWD,Brentford,107,16,2,2024-08-25T15:30:00Z,False,12,0,0,0,0,0,0,0,0,0,0,0,0,0,0,0,60,2479,77,955,0.0,0.0,0.0,0.0,0.0,0.0,0.0
Callum Hudson-Odoi,MID,Nott'm Forest,434,18,2,2024-08-24T14:00:00Z,False,17,90,1,3,0,0,1,0,0,0,0,0,0,0,0,24,55,328588,20746,25190,0.04,0.34,0.14,21.0,53.9,21.0,3.5
Armel Bella-Kotchap,DEF,Southampton,456,18,2,2024-08-24T14:00:00Z,True,16,0,0,0,0,0,0,0,0,0,0,0,0,0,0,0,40,32035,1326,2692,0.0,0.0,0.0,0.0,0.0,0.0,-0.5
Rodrigo Martins Gomes,MID,Wolves,563,20,2,2024-08-25T13:00:00Z,True,6,22,0,1,0,0,0,1,0,0,0,0,0,0,0,3,55,14430,619,1384,0.01,0.0,0.32,0.0,0.1,4.0,1.5
Lamare Bogarde,DEF,Aston Villa,598,11,2,2024-08-24T16:30:00Z,True,1,0,0,0,0,0,0,0,0,0,0,0,0,0,0,0,40,11734,1524,916,0.0,0.0,0.0,0.0,0.0,0.0,-1.0
Noussair Mazraoui,DEF,Man Utd,594,13,2,2024-08-24T11:30:00Z,False,5,90,1,4,0,1,0,2,0,0,0,0,0,0,0,12,45,884774,488859,28034,0.0,0.02,2.09,24.2,21.8,6.0,6.0
Cameron Archer,FWD,Southampton,27,18,2,2024-08-24T14:00:00Z,True,16,18,0,1,0,0,0,0,0,0,0,0,0,0,0,3,50,126495,12175,13196,0.0,0.02,0.31,0.2,0.5,0.0,0.5
Ezri Konsa Ngoyo,DEF,Aston Villa,44,11,2,2024-08-24T16:30:00Z,True,1,90,1,1,0,0,0,2,0,0,0,0,0,0,0,7,45,1183107,40166,72009,0.0,0.01,0.87,11.2,1.0,2.0,0.5
Pedro Porro,DEF,Spurs,495,19,2,2024-08-24T14:00:00Z,True,8,90,1,6,0,0,1,0,0,0,0,0,0,0,0,23,55,3281105,165086,164352,0.03,0.11,1.0,25.2,21.5,1.0,7.5
Alfie Devine,MID,Spurs,485,19,2,2024-08-24T14:00:00Z,True,8,0,0,0,0,0,0,0,0,0,0,0,0,0,0,0,45,10930,945,1365,0.0,0.0,0.0,0.0,0.0,0.0,0.0
Elkan Baggott,DEF,Ipswich,261,17,2,2024-08-24T14:00:00Z,False,13,0,0,0,0,0,0,0,0,0,0,0,0,0,0,0,40,3440,0,863,0.0,0.0,0.0,0.0,0.0,0.0,0.0
Erling Haaland,FWD,Man City,351,17,2,2024-08-24T14:00:00Z,True,10,89,1,17,3,0,0,1,0,0,0,0,0,0,3,80,150,5207729,275319,52604,1.79,0.04,0.29,97.2,3.3,83.0,13.5
Leif Davis,DEF,Ipswich,267,17,2,2024-08-24T14:00:00Z,False,13,90,1,0,0,0,0,4,0,0,0,0,0,0,0,-9,45,157771,6110,11576,0.0,0.1,3.34,5.4,0.4,4.0,-1.0
Virgil van Dijk,DEF,Liverpool,339,16,2,2024-08-25T15:30:00Z,True,4,90,1,7,0,0,1,0,0,0,0,0,0,0,1,31,60,1229968,61004,46514,0.02,0.01,0.36,20.0,1.1,17.0,7.0
Konstantinos Mavropanos,DEF,West Ham,528,14,2,2024-08-24T14:00:00Z,False,7,90,1,8,0,0,1,0,0,0,0,0,0,0,2,30,45,11402,566,1000,0.0,0.0,1.35,33.0,0.2,2.0,4.5
Matt Turner,GK,Nott'm Forest,445,18,2,2024-08-24T14:00:00Z,False,17,0,0,0,0,0,0,0,0,0,0,0,0,0,0,0,40,1804369,31793,57412,0.0,0.0,0.0,0.0,0.0,0.0,0.5
Juan Larios López,DEF,Southampton,464,18,2,2024-08-24T14:00:00Z,True,16,0,0,0,0,0,0,0,0,0,0,0,0,0,0,0,40,6084,69,1787,0.0,0.0,0.0,0.0,0.0,0.0,-0.1
Harry Toffolo,DEF,Nott'm Forest,444,18,2,2024-08-24T14:00:00Z,False,17,0,0,0,0,0,0,0,0,0,0,0,0,0,0,0,45,8050,111,834,0.0,0.0,0.0,0.0,0.0,0.0,1.0
Toby Collyer,MID,Man Utd,613,13,2,2024-08-24T11:30:00Z,False,5,0,0,0,0,0,0,0,0,0,0,0,0,0,0,0,45,1112,470,118,0.0,0.0,0.0,0.0,0.0,0.0,0.0
Caleb Wiley,DEF,Chelsea,575,20,2,2024-08-25T13:00:00Z,False,20,0,0,0,0,0,0,0,0,0,0,0,0,0,0,0,40,4415,0,1267,0.0,0.0,0.0,0.0,0.0,0.0,0.0
Ethan Pinnock,DEF,Brentford,104,16,2,2024-08-25T15:30:00Z,False,12,90,1,1,0,0,0,2,0,0,0,0,0,0,0,7,45,37415,1160,5084,0.0,0.0,2.65,15.4,0.2,0.0,0.0
William Saliba,DEF,Arsenal,18,11,2,2024-08-24T16:30:00Z,False,2,90,1,6,0,0,1,0,0,0,0,0,0,0,0,24,60,3770895,71155,125546,0.0,0.01,1.28,23.8,1.2,0.0,7.0
Altay Bayindir,GK,Man Utd,367,13,2,2024-08-24T11:30:00Z,False,5,0,0,0,0,0,0,0,0,0,0,0,0,0,0,0,45,10125,175,1374,0.0,0.0,0.0,0.0,0.0,0.0,0.0
Rodrigo Bentancur,MID,Spurs,480,19,2,2024-08-24T14:00:00Z,True,8,0,0,0,0,0,0,0,0,0,0,0,0,0,0,0,50,18581,2176,7933,0.0,0.0,0.0,0.0,0.0,0.0,0.0
Dominic Solanke-Mitchell,FWD,Spurs,82,19,2,2024-08-24T14:00:00Z,True,8,0,0,0,0,0,0,0,0,0,0,0,0,0,0,0,75,1825260,143667,999533,0.0,0.0,0.0,0.0,0.0,0.0,0.0
Chris Richards,DEF,Crystal Palace,194,14,2,2024-08-24T14:00:00Z,True,19,80,1,1,0,0,0,2,0,0,0,0,0,0,0,1,45,17278,898,2097,0.12,0.0,1.13,4.8,1.1,4.0,0.5
Rayan Aït-Nouri,DEF,Wolves,533,20,2,2024-08-25T13:00:00Z,True,6,67,1,2,0,1,0,5,0,0,0,1,0,0,0,-4,45,221512,12481,14854,0.06,0.16,1.24,14.0,10.7,6.0,1.5
James Justin,DEF,Leicester,295,15,2,2024-08-24T14:00:00Z,False,9,90,1,1,0,0,0,2,0,0,0,0,0,0,0,10,45,30080,4340,2075,0.0,0.0,1.78,17.8,0.5,0.0,1.0
Joshua Zirkzee,FWD,Man Utd,389,13,2,2024-08-24T11:30:00Z,False,5,45,0,1,0,0,0,1,0,0,0,0,0,0,0,5,71,482527,232248,25649,0.0,0.03,1.28,11.4,11.0,4.0,4.5
Martin Ødegaard,MID,Arsenal,13,11,2,2024-08-24T16:30:00Z,False,2,90,1,2,0,0,1,0,0,0,0,1,0,0,0,4,85,1384608,28847,156689,0.26,0.6,1.28,9.4,34.2,20.0,3.5
Cesare Casadei,MID,Chelsea,158,20,2,2024-08-25T13:00:00Z,False,20,0,0,0,0,0,0,0,0,0,0,0,0,0,0,0,45,12362,1390,1775,0.0,0.0,0.0,0.0,0.0,0.0,0.0
Jaden Philogene,MID,Aston Villa,569,11,2,2024-08-24T16:30:00Z,True,1,0,0,0,0,0,0,0,0,0,0,0,0,0,0,0,55,7332,251,1475,0.0,0.0,0.0,0.0,0.0,0.0,-1.0
Mario Lemina,MID,Wolves,557,20,2,2024-08-25T13:00:00Z,True,6,89,1,2,0,0,0,6,0,0,0,0,0,0,0,6,50,14851,646,1510,0.05,0.05,1.56,5.6,1.8,4.0,2.0
Adam Wharton,MID,Crystal Palace,216,14,2,2024-08-24T14:00:00Z,True,19,90,1,2,0,0,0,2,0,0,0,0,0,0,0,16,50,46716,3201,4150,0.02,0.17,1.39,15.4,29.5,1.0,2.0
Luis Sinisterra,MID,Bournemouth,80,12,2,2024-08-25T13:00:00Z,True,15,18,0,1,0,0,0,1,0,0,0,0,0,0,0,7,50,18377,1319,1894,0.04,0.05,1.03,10.0,10.8,19.0,1.0
Michael Keane,DEF,Everton,228,19,2,2024-08-24T14:00:00Z,False,18,90,1,0,0,0,0,4,0,0,0,0,0,0,0,-1,40,222239,21029,13465,0.0,0.01,2.43,20.8,10.6,2.0,0.5
Omar Richards,DEF,Nott'm Forest,438,18,2,2024-08-24T14:00:00Z,False,17,0,0,0,0,0,0,0,0,0,0,0,0,0,0,0,45,5238,33,1441,0.0,0.0,0.0,0.0,0.0,0.0,0.0
Álex Moreno Lopera,DEF,Nott'm Forest,26,18,2,2024-08-24T14:00:00Z,False,17,0,0,0,0,0,0,0,0,0,0,0,0,0,0,0,45,61450,4358,12017,0.0,0.0,0.0,0.0,0.0,0.0,0.5
Stephy Mavididi,MID,Leicester,298,15,2,2024-08-24T14:00:00Z,False,9,19,0,1,0,0,0,0,0,0,0,0,0,0,0,3,55,42999,1878,8461,0.0,0.0,0.04,2.4,0.4,0.0,0.5
Anthony Gordon,MID,Newcastle,398,12,2,2024-08-25T13:00:00Z,False,3,88,1,10,1,0,0,1,0,0,0,0,0,0,3,38,75,2231462,40305,219727,0.65,0.38,2.15,45.8,59.8,40.0,7.0
Diego Carlos Santos Silva,DEF,Aston Villa,35,11,2,2024-08-24T16:30:00Z,True,1,0,0,0,0,0,0,0,0,0,0,0,0,0,0,0,45,54467,2713,9099,0.0,0.0,0.0,0.0,0.0,0.0,-1.0
Facundo Pellistri Rebollo,MID,Man Utd,384,13,2,2024-08-24T11:30:00Z,False,5,0,0,0,0,0,0,0,0,0,0,0,0,0,0,0,50,1935,61,716,0.0,0.0,0.0,0.0,0.0,0.0,0.0
Trent Alexander-Arnold,DEF,Liverpool,311,16,2,2024-08-25T15:30:00Z,True,4,71,1,6,0,0,1,0,0,0,0,0,0,0,0,29,70,2966829,143724,67070,0.1,0.53,0.36,20.4,46.0,12.0,7.5
Josh King,MID,Fulham,604,15,2,2024-08-24T14:00:00Z,True,11,0,0,0,0,0,0,0,0,0,0,0,0,0,0,0,45,6690,1273,813,0.0,0.0,0.0,0.0,0.0,0.0,0.5
Wanya Marçal-Madivádua,MID,Leicester,297,15,2,2024-08-24T14:00:00Z,False,9,0,0,0,0,0,0,0,0,0,0,0,0,0,0,0,45,4706,339,553,0.0,0.0,0.0,0.0,0.0,0.0,-0.5
Jamal Lewis,DEF,Newcastle,408,12,2,2024-08-25T13:00:00Z,False,3,0,0,0,0,0,0,0,0,0,0,0,0,0,0,0,40,40776,3290,4304,0.0,0.0,0.0,0.0,0.0,0.0,0.5
Jørgen Strand Larsen,FWD,Wolves,566,20,2,2024-08-25T13:00:00Z,True,6,90,1,6,1,0,0,6,0,0,0,0,0,0,0,35,55,22849,4865,2087,0.58,0.16,1.56,44.2,11.8,25.0,4.0
Jack Harrison,MID,Everton,224,19,2,2024-08-24T14:00:00Z,False,18,56,1,1,0,0,0,2,0,0,0,0,0,0,0,1,55,16267,972,2508,0.54,0.0,1.66,0.0,0.3,12.0,1.5
Riccardo Calafiori,DEF,Arsenal,578,11,2,2024-08-24T16:30:00Z,False,2,11,0,1,0,0,0,0,0,0,0,0,0,0,0,2,59,206409,4067,50864,0.0,0.0,0.16,0.4,0.0,0.0,1.5
Luke Cundle,MID,Wolves,540,20,2,2024-08-25T13:00:00Z,True,6,0,0,0,0,0,0,0,0,0,0,0,0,0,0,0,45,12367,1684,1603,0.0,0.0,0.0,0.0,0.0,0.0,0.0
Jan Bednarek,DEF,Southampton,455,18,2,2024-08-24T14:00:00Z,True,16,90,1,1,0,0,0,1,0,0,0,1,0,0,0,9,40,211257,85761,13159,0.0,0.01,2.45,19.2,12.2,2.0,1.0
André Onana,GK,Man Utd,383,13,2,2024-08-24T11:30:00Z,False,5,90,1,1,0,0,0,2,0,0,0,0,0,2,0,14,50,610690,39700,32449,0.0,0.0,2.09,25.4,0.0,0.0,3.5
Odsonne Edouard,FWD,Crystal Palace,198,14,2,2024-08-24T14:00:00Z,True,19,70,1,2,0,0,0,1,0,0,0,0,0,0,0,2,55,67168,5280,12355,0.34,0.01,1.03,0.8,2.3,27.0,1.5
Deivid Washington de Souza Eugênio,FWD,Chelsea,165,20,2,2024-08-25T13:00:00Z,False,20,0,0,0,0,0,0,0,0,0,0,0,0,0,0,0,50,9469,1092,1543,0.0,0.0,0.0,0.0,0.0,0.0,0.0
Lewis O'Brien,MID,Nott'm Forest,439,18,2,2024-08-24T14:00:00Z,False,17,0,0,0,0,0,0,0,0,0,0,0,0,0,0,0,50,148,0,55,0.0,0.0,0.0,0.0,0.0,0.0,0.0
Bukayo Saka,MID,Arsenal,17,11,2,2024-08-24T16:30:00Z,False,2,87,1,6,0,1,1,0,0,0,0,0,0,0,0,21,100,3227441,240288,98346,0.05,0.1,1.25,27.8,27.4,27.0,10.0
Alex Mighten,MID,Nott'm Forest,435,18,2,2024-08-24T14:00:00Z,False,17,0,0,0,0,0,0,0,0,0,0,0,0,0,0,0,45,4421,302,539,0.0,0.0,0.0,0.0,0.0,0.0,0.5
Djed Spence,DEF,Spurs,504,19,2,2024-08-24T14:00:00Z,True,8,17,0,1,0,0,0,0,0,0,0,0,0,0,0,5,45,9656,239,1087,0.0,0.0,0.0,2.0,1.3,2.0,1.0
Hamza Choudhury,MID,Leicester,287,15,2,2024-08-24T14:00:00Z,False,9,0,0,0,0,0,0,0,0,0,0,0,0,0,0,0,45,27224,1395,2614,0.0,0.0,0.0,0.0,0.0,0.0,-0.5
Wesley Fofana,DEF,Chelsea,189,20,2,2024-08-25T13:00:00Z,False,20,90,1,1,0,0,0,2,0,0,0,0,0,0,0,2,45,39642,9961,3785,0.0,0.0,1.92,4.2,0.3,0.0,1.0
Lucas Digne,DEF,Aston Villa,36,11,2,2024-08-24T16:30:00Z,True,1,75,1,2,0,0,0,1,0,0,0,0,0,0,0,8,45,214862,11294,14427,0.0,0.03,0.49,18.6,1.8,0.0,1.0
Joe Aribo,MID,Southampton,452,18,2,2024-08-24T14:00:00Z,True,16,75,1,2,0,0,0,1,0,0,0,0,0,0,0,10,50,6306,1104,739,0.0,0.03,2.26,9.0,6.2,6.0,1.5
Fábio Ferreira Vieira,MID,Arsenal,1,11,2,2024-08-24T16:30:00Z,False,2,0,0,0,0,0,0,0,0,0,0,0,0,0,0,0,55,2321,84,874,0.0,0.0,0.0,0.0,0.0,0.0,0.8
Guglielmo Vicario,GK,Spurs,508,19,2,2024-08-24T14:00:00Z,True,8,90,1,6,0,0,1,0,0,0,0,0,0,1,0,30,50,393735,19469,25777,0.0,0.0,1.0,13.0,0.0,0.0,4.0
Nathan Fraser,FWD,Wolves,546,20,2,2024-08-25T13:00:00Z,True,6,0,0,0,0,0,0,0,0,0,0,0,0,0,0,0,45,561240,44392,41566,0.0,0.0,0.0,0.0,0.0,0.0,0.0
Christian Walton,GK,Ipswich,283,17,2,2024-08-24T14:00:00Z,False,13,0,0,0,0,0,0,0,0,0,0,0,0,0,0,0,45,23242,2993,1647,0.0,0.0,0.0,0.0,0.0,0.0,-0.5
Matthijs de Ligt,DEF,Man Utd,593,13,2,2024-08-24T11:30:00Z,False,5,11,0,1,0,0,0,1,0,0,0,0,0,0,0,1,50,367361,30305,54258,0.0,0.0,0.6,9.6,0.2,0.0,1.0
Jack Hinshelwood,MID,Brighton,126,13,2,2024-08-24T11:30:00Z,True,14,90,1,2,0,0,0,1,0,0,0,0,0,0,0,13,50,3821,757,448,0.0,0.19,1.43,5.0,12.8,4.0,2.5
Antoine Semenyo,MID,Bournemouth,78,12,2,2024-08-25T13:00:00Z,True,15,90,1,5,0,1,0,1,0,0,0,0,0,0,0,20,55,153277,46515,12235,0.27,1.23,1.61,26.0,33.9,38.0,6.0
Will Dennis,GK,Bournemouth,599,12,2,2024-08-25T13:00:00Z,True,15,0,0,0,0,0,0,0,0,0,0,0,0,0,0,0,40,26709,3749,1054,0.0,0.0,0.0,0.0,0.0,0.0,-0.5
Omari Giraud-Hutchinson,MID,Ipswich,274,17,2,2024-08-24T14:00:00Z,False,13,88,1,2,0,0,0,4,0,0,0,0,0,0,0,5,55,52172,3013,6789,0.0,0.0,3.34,1.2,0.4,0.0,0.0
Dane Scarlett,FWD,Spurs,500,19,2,2024-08-24T14:00:00Z,True,8,0,0,0,0,0,0,0,0,0,0,0,0,0,0,0,45,15790,0,5155,0.0,0.0,0.0,0.0,0.0,0.0,0.0
Joe Lumley,GK,Southampton,466,18,2,2024-08-24T14:00:00Z,True,16,0,0,0,0,0,0,0,0,0,0,0,0,0,0,0,40,28294,1136,872,0.0,0.0,0.0,0.0,0.0,0.0,-0.5
Dwight McNeil,MID,Everton,230,19,2,2024-08-24T14:00:00Z,False,18,90,1,2,0,0,0,4,0,0,0,0,0,0,0,22,55,69461,740,12282,0.03,0.64,2.43,22.4,89.1,9.0,2.0
Kim Ji-soo,DEF,Brentford,96,16,2,2024-08-25T15:30:00Z,False,12,0,0,0,0,0,0,0,0,0,0,0,0,0,0,0,40,23426,943,2194,0.0,0.0,0.0,0.0,0.0,0.0,-0.5
Andy Irving,MID,West Ham,576,14,2,2024-08-24T14:00:00Z,False,7,0,0,0,0,0,0,0,0,0,0,0,0,0,0,0,50,2411,79,327,0.0,0.0,0.0,0.0,0.0,0.0,0.0
Karl Hein,GK,Arsenal,5,11,2,2024-08-24T16:30:00Z,False,2,0,0,0,0,0,0,0,0,0,0,0,0,0,0,0,40,6016,0,1230,0.0,0.0,0.0,0.0,0.0,0.0,0.0
Nathaniel Clyne,DEF,Crystal Palace,196,14,2,2024-08-24T14:00:00Z,True,19,0,0,0,0,0,0,0,0,0,0,0,0,0,0,0,45,11426,302,1555,0.0,0.0,0.0,0.0,0.0,0.0,0.0
Saša Lukić,MID,Fulham,249,15,2,2024-08-24T14:00:00Z,True,11,90,1,2,0,0,0,1,0,0,0,0,0,0,0,13,50,5501,669,569,0.0,0.03,0.61,10.2,15.0,0.0,2.5
Kevin De Bruyne,MID,Man City,345,17,2,2024-08-24T14:00:00Z,True,10,89,1,12,1,1,0,1,0,0,0,0,0,0,2,48,95,832545,99862,52478,0.81,0.65,0.29,61.4,71.8,17.0,9.0
Norberto Murara Neto,GK,Bournemouth,73,12,2,2024-08-25T13:00:00Z,True,15,90,1,3,0,0,0,1,0,0,0,0,0,4,0,13,45,229120,15125,10888,0.0,0.0,1.61,30.8,0.0,0.0,3.0
Tyrell Malacia,DEF,Man Utd,379,13,2,2024-08-24T11:30:00Z,False,5,0,0,0,0,0,0,0,0,0,0,0,0,0,0,0,45,1100,41,445,0.0,0.0,0.0,0.0,0.0,0.0,0.0
Lucas Tolentino Coelho de Lima,MID,West Ham,527,14,2,2024-08-24T14:00:00Z,False,7,90,1,3,0,0,1,0,0,0,0,0,0,0,0,13,60,224261,53577,17922,0.13,0.02,1.35,13.0,7.8,9.0,4.5
Lewis Dunk,DEF,Brighton,120,13,2,2024-08-24T11:30:00Z,True,14,90,1,2,0,0,0,1,0,0,0,0,0,0,0,11,45,462381,50113,21186,0.0,0.01,1.43,16.2,11.1,0.0,4.0
Mason Holgate,DEF,Everton,225,19,2,2024-08-24T14:00:00Z,False,18,0,0,0,0,0,0,0,0,0,0,0,0,0,0,0,40,57099,6673,3712,0.0,0.0,0.0,0.0,0.0,0.0,0.5
Kurt Zouma,DEF,West Ham,532,14,2,2024-08-24T14:00:00Z,False,7,0,0,0,0,0,0,0,0,0,0,0,0,0,0,0,45,50663,1621,8266,0.0,0.0,0.0,0.0,0.0,0.0,0.0
Sékou Mara,FWD,Southampton,468,18,2,2024-08-24T14:00:00Z,True,16,0,0,0,0,0,0,0,0,0,0,0,0,0,0,0,50,8662,467,1713,0.0,0.0,0.0,0.0,0.0,0.0,-0.5
Antony Matheus dos Santos,MID,Man Utd,365,13,2,2024-08-24T11:30:00Z,False,5,1,0,1,0,0,0,1,0,0,0,0,0,0,0,3,59,22609,1653,6238,0.0,0.05,0.6,3.0,10.3,2.0,0.5
Kalvin Phillips,MID,Ipswich,359,17,2,2024-08-24T14:00:00Z,False,13,0,0,0,0,0,0,0,0,0,0,0,0,0,0,0,50,8223,382,2480,0.0,0.0,0.0,0.0,0.0,0.0,0.0
Ibrahima Konaté,DEF,Liverpool,326,16,2,2024-08-25T15:30:00Z,True,4,90,1,7,0,0,1,0,0,0,0,0,0,0,1,31,50,176352,19413,25832,0.19,0.02,0.36,26.0,2.9,21.0,4.5
Chadi Riad Dnanou,DEF,Crystal Palace,195,14,2,2024-08-24T14:00:00Z,True,19,90,1,1,0,0,0,2,0,0,0,0,0,0,0,3,45,13718,675,2327,0.0,0.02,1.39,18.2,1.3,0.0,0.5
Freddie Ladapo,FWD,Ipswich,276,17,2,2024-08-24T14:00:00Z,False,13,0,0,0,0,0,0,0,0,0,0,0,0,0,0,0,45,193441,15978,17382,0.0,0.0,0.0,0.0,0.0,0.0,-1.5
Levi Colwill,DEF,Chelsea,162,20,2,2024-08-25T13:00:00Z,False,20,90,1,1,0,0,0,2,0,0,0,0,0,0,0,10,45,87669,22761,8402,0.0,0.0,1.92,21.2,0.4,0.0,1.0
Nick Pope,GK,Newcastle,413,12,2,2024-08-25T13:00:00Z,False,3,90,1,3,0,0,0,1,0,0,0,0,0,3,0,14,50,855716,181570,30113,0.0,0.0,2.23,25.6,0.0,0.0,6.5
Jorge Luiz Frello Filho,MID,Arsenal,7,11,2,2024-08-24T16:30:00Z,False,2,0,0,0,0,0,0,0,0,0,0,0,0,0,0,0,50,28506,2615,6764,0.0,0.0,0.0,0.0,0.0,0.0,1.0
Luke Woolfenden,DEF,Ipswich,284,17,2,2024-08-24T14:00:00Z,False,13,90,1,0,0,0,0,4,0,0,0,0,0,0,0,-2,40,130603,10974,8418,0.0,0.0,3.34,11.6,0.2,0.0,-1.5
Łukasz Fabiański,GK,West Ham,521,14,2,2024-08-24T14:00:00Z,False,7,0,0,0,0,0,0,0,0,0,0,0,0,0,0,0,40,1236799,39627,35920,0.0,0.0,0.0,0.0,0.0,0.0,0.0
Idrissa Gueye,MID,Everton,222,19,2,2024-08-24T14:00:00Z,False,18,90,1,2,0,0,0,4,0,0,0,0,0,0,0,8,50,5938,306,949,0.0,0.01,2.43,16.2,4.3,0.0,2.0
Joe Gomez,DEF,Liverpool,322,16,2,2024-08-25T15:30:00Z,True,4,0,0,0,0,0,0,0,0,0,0,0,0,0,0,0,50,49776,1820,11839,0.0,0.0,0.0,0.0,0.0,0.0,0.5
Dominic Calvert-Lewin,FWD,Everton,220,19,2,2024-08-24T14:00:00Z,False,18,71,1,2,0,0,0,3,0,0,0,0,0,0,0,2,60,159462,8178,35943,0.05,0.0,2.18,3.4,1.8,7.0,2.0
Yerson Mosquera,DEF,Wolves,558,20,2,2024-08-25T13:00:00Z,True,6,90,1,-2,0,0,0,6,0,0,0,1,0,0,0,-14,40,80785,29351,6664,0.25,0.0,1.56,16.2,0.3,4.0,-0.5
Konstantinos Tsimikas,DEF,Liverpool,337,16,2,2024-08-25T15:30:00Z,True,4,0,0,0,0,0,0,0,0,0,0,0,0,0,0,0,49,33639,1306,11570,0.0,0.0,0.0,0.0,0.0,0.0,1.0
Christian Nørgaard,MID,Brentford,101,16,2,2024-08-25T15:30:00Z,False,12,90,1,1,0,0,0,2,0,0,0,1,0,0,0,7,50,12265,760,1402,0.1,0.02,2.65,7.2,4.1,4.0,1.0
Emiliano Martínez Romero,GK,Aston Villa,47,11,2,2024-08-24T16:30:00Z,True,1,90,1,1,0,0,0,2,0,0,0,0,0,2,0,10,50,1197783,30065,72680,0.0,0.0,0.87,18.4,0.0,0.0,1.0
Declan Rice,MID,Arsenal,16,11,2,2024-08-24T16:30:00Z,False,2,90,1,2,0,0,1,0,0,0,0,1,0,0,0,18,65,573607,25416,69713,0.07,0.11,1.28,18.8,12.3,21.0,3.5
Dejan Kulusevski,MID,Spurs,492,19,2,2024-08-24T14:00:00Z,True,8,66,1,6,0,1,1,0,0,0,0,0,0,0,0,21,65,207712,11585,47704,0.0,0.11,1.0,25.6,48.8,8.0,3.5
Pascal Groß,MID,Brighton,125,13,2,2024-08-24T11:30:00Z,True,14,0,0,0,0,0,0,0,0,0,0,0,0,0,0,0,65,5818,0,4814,0.0,0.0,0.0,0.0,0.0,0.0,0.0
Gabriel dos Santos Magalhães,DEF,Arsenal,3,11,2,2024-08-24T16:30:00Z,False,2,90,1,6,0,0,1,0,0,0,0,1,0,0,1,25,60,1248259,36723,61907,0.0,0.02,1.28,21.4,1.9,0.0,7.0
Cody Gakpo,FWD,Liverpool,321,16,2,2024-08-25T15:30:00Z,True,4,18,0,1,0,0,0,0,0,0,0,0,0,0,0,3,74,309876,17819,106567,0.03,0.01,0.0,2.2,1.1,4.0,1.0
Mohammed Kudus,MID,West Ham,525,14,2,2024-08-24T14:00:00Z,False,7,87,1,3,0,0,1,0,0,0,0,0,0,0,0,9,65,779757,37199,86583,0.08,0.16,1.32,7.4,8.8,9.0,2.5
Benicio Baker-Boaitey,MID,Brighton,114,13,2,2024-08-24T11:30:00Z,True,14,0,0,0,0,0,0,0,0,0,0,0,0,0,0,0,45,563,0,173,0.0,0.0,0.0,0.0,0.0,0.0,0.0
Vitaly Janelt,MID,Brentford,94,16,2,2024-08-25T15:30:00Z,False,12,72,1,2,0,0,0,2,0,0,0,0,0,0,0,10,50,15913,337,1836,0.0,0.01,2.52,4.2,1.3,2.0,1.5
Adama Traoré,MID,Fulham,239,15,2,2024-08-24T14:00:00Z,True,11,68,1,5,0,1,0,1,0,0,0,0,0,0,0,26,50,69340,34446,8261,0.21,0.5,0.34,29.6,45.5,30.0,4.5
Jens Cajuste,MID,Ipswich,619,17,2,2024-08-24T14:00:00Z,False,13,0,0,0,0,0,0,0,0,0,0,0,0,0,0,0,45,741,450,48,0.0,0.0,0.0,0.0,0.0,0.0,-0.5
Alexis Mac Allister,MID,Liverpool,329,16,2,2024-08-25T15:30:00Z,True,4,90,1,3,0,0,1,0,0,0,0,0,0,0,0,13,65,243753,16312,33533,0.0,0.11,0.36,12.2,26.1,8.0,3.5
Endo Wataru,MID,Liverpool,320,16,2,2024-08-25T15:30:00Z,True,4,1,0,1,0,0,0,0,0,0,0,0,0,0,0,3,49,17449,1497,4866,0.0,0.0,0.0,0.0,0.0,0.0,1.0
João Pedro Ferreira Silva,MID,Nott'm Forest,596,18,2,2024-08-24T14:00:00Z,False,17,1,0,1,0,0,0,0,0,0,0,0,0,0,0,3,60,10664,1063,3620,0.0,0.0,0.0,2.2,0.0,0.0,1.0
Ashley Phillips,DEF,Spurs,478,19,2,2024-08-24T14:00:00Z,True,8,0,0,0,0,0,0,0,0,0,0,0,0,0,0,0,40,50765,4520,4872,0.0,0.0,0.0,0.0,0.0,0.0,0.0
Keane Lewis-Potter,MID,Brentford,98,16,2,2024-08-25T15:30:00Z,False,12,65,1,2,0,0,0,1,0,0,0,0,0,0,0,10,50,4592,122,557,0.06,0.02,1.99,7.8,11.6,9.0,1.0
Ben Johnson,DEF,Ipswich,275,17,2,2024-08-24T14:00:00Z,False,13,90,1,3,0,1,0,4,0,0,0,0,0,0,0,2,40,335628,6756,18064,0.0,0.2,3.34,31.4,17.8,0.0,0.0
Michael Golding,MID,Leicester,292,15,2,2024-08-24T14:00:00Z,False,9,0,0,0,0,0,0,0,0,0,0,0,0,0,0,0,45,5109,329,639,0.0,0.0,0.0,0.0,0.0,0.0,-0.5
João Félix Sequeira,MID,Chelsea,621,20,2,2024-08-25T13:00:00Z,False,20,22,0,6,1,0,0,0,0,0,0,0,0,0,0,25,65,16637,11987,1424,0.19,0.01,0.12,34.6,0.8,22.0,2.3
Remi Matthews,GK,Crystal Palace,209,14,2,2024-08-24T14:00:00Z,True,19,0,0,0,0,0,0,0,0,0,0,0,0,0,0,0,40,97633,3237,2464,0.0,0.0,0.0,0.0,0.0,0.0,0.0
Alfie Gilchrist,DEF,Chelsea,170,20,2,2024-08-25T13:00:00Z,False,20,0,0,0,0,0,0,0,0,0,0,0,0,0,0,0,40,8337,0,2062,0.0,0.0,0.0,0.0,0.0,0.0,0.0
Nayef Aguerd,DEF,West Ham,529,14,2,2024-08-24T14:00:00Z,False,7,0,0,0,0,0,0,0,0,0,0,0,0,0,0,0,45,13425,557,2441,0.0,0.0,0.0,0.0,0.0,0.0,0.0
Emile Smith Rowe,MID,Fulham,19,15,2,2024-08-24T14:00:00Z,True,11,68,1,10,1,0,0,1,0,0,0,0,0,0,3,32,55,1585044,127942,71591,0.53,0.03,0.34,35.8,7.2,27.0,7.0
Enes Ünal,FWD,Bournemouth,65,12,2,2024-08-25T13:00:00Z,True,15,0,0,0,0,0,0,0,0,0,0,0,0,0,0,0,55,2449,86,1169,0.0,0.0,0.0,0.0,0.0,0.0,0.0
Lucas Bergström,GK,Chelsea,154,20,2,2024-08-25T13:00:00Z,False,20,0,0,0,0,0,0,0,0,0,0,0,0,0,0,0,40,24365,1850,1018,0.0,0.0,0.0,0.0,0.0,0.0,0.0
Kacper Kozłowski,MID,Brighton,130,13,2,2024-08-24T11:30:00Z,True,14,0,0,0,0,0,0,0,0,0,0,0,0,0,0,0,45,124,0,31,0.0,0.0,0.0,0.0,0.0,0.0,0.0
Francisco Evanilson de Lima Barbosa,FWD,Bournemouth,617,12,2,2024-08-25T13:00:00Z,True,15,71,1,2,0,0,1,0,0,0,0,0,0,0,0,7,60,10269,8938,937,0.75,0.0,0.59,11.2,2.8,35.0,1.5
Axel Tuanzebe,DEF,Ipswich,282,17,2,2024-08-24T14:00:00Z,False,13,88,1,0,0,0,0,4,0,0,0,0,0,0,0,-6,40,125550,15520,6787,0.0,0.0,3.34,18.6,0.7,0.0,-1.0
Gabriel Fernando de Jesus,FWD,Arsenal,2,11,2,2024-08-24T16:30:00Z,False,2,0,0,0,0,0,0,0,0,0,0,0,0,0,0,0,69,176166,12170,66145,0.0,0.0,0.0,0.0,0.0,0.0,1.0
Iliman Ndiaye,FWD,Everton,232,19,2,2024-08-24T14:00:00Z,False,18,33,0,1,0,0,0,2,0,0,0,0,0,0,0,-4,55,14175,605,2602,0.04,0.02,0.77,10.2,1.1,13.0,1.0
David Raya Martin,GK,Arsenal,15,11,2,2024-08-24T16:30:00Z,False,2,90,1,10,0,0,1,0,0,0,0,0,0,3,3,27,55,2377063,71675,88278,0.0,0.0,1.28,28.2,0.0,0.0,10.0
Enso González,MID,Wolves,547,20,2,2024-08-25T13:00:00Z,True,6,0,0,0,0,0,0,0,0,0,0,0,0,0,0,0,45,2468,226,694,0.0,0.0,0.0,0.0,0.0,0.0,0.0
Archie Gray,MID,Spurs,489,19,2,2024-08-24T14:00:00Z,True,8,18,0,1,0,0,0,0,0,0,0,0,0,0,0,4,50,23602,1409,3273,0.0,0.0,0.0,0.6,1.1,0.0,1.0
Christopher Nkunku,MID,Chelsea,181,20,2,2024-08-25T13:00:00Z,False,20,7,0,1,0,0,0,0,0,0,0,0,0,0,0,6,65,1472829,80208,131574,0.0,0.02,0.12,4.0,10.3,0.0,1.0
Manuel Akanji,DEF,Man City,340,17,2,2024-08-24T14:00:00Z,True,10,90,1,2,0,0,0,1,0,0,0,0,0,0,0,13,55,538683,100054,22682,0.0,0.16,0.29,23.4,28.8,2.0,5.5
Ryan Gravenberch,MID,Liverpool,323,16,2,2024-08-25T15:30:00Z,True,4,90,1,2,0,0,1,0,0,0,0,1,0,0,0,16,50,26610,10755,2987,0.0,0.05,0.36,11.2,7.2,0.0,3.0
Joe Willock,MID,Newcastle,420,12,2,2024-08-25T13:00:00Z,False,3,20,0,1,0,0,0,0,0,0,0,0,0,0,0,4,50,14514,953,2823,0.08,0.01,0.42,1.4,2.3,9.0,1.0
Mark Flekken,GK,Brentford,91,16,2,2024-08-25T15:30:00Z,False,12,90,1,3,0,0,0,2,0,0,0,0,0,6,0,16,45,1017809,28809,50733,0.0,0.0,2.65,54.8,0.0,0.0,3.0
Lewis Cook,MID,Bournemouth,64,12,2,2024-08-25T13:00:00Z,True,15,90,1,2,0,0,0,1,0,0,0,0,0,0,0,14,50,7191,396,918,0.0,0.3,1.61,17.2,22.1,0.0,1.0
Alex Iwobi,MID,Fulham,247,15,2,2024-08-24T14:00:00Z,True,11,90,1,8,1,0,0,1,0,0,0,0,0,0,1,30,55,60258,12245,7191,0.21,0.05,0.61,39.2,16.2,36.0,5.5
Ethan Nwaneri,MID,Arsenal,12,11,2,2024-08-24T16:30:00Z,False,2,0,0,0,0,0,0,0,0,0,0,0,0,0,0,0,45,20276,2466,2918,0.0,0.0,0.0,0.0,0.0,0.0,1.0
Ross Stewart,FWD,Southampton,473,18,2,2024-08-24T14:00:00Z,True,16,0,0,0,0,0,0,0,0,0,0,0,0,0,0,0,45,57433,1227,9022,0.0,0.0,0.0,0.0,0.0,0.0,-0.1
Matt Doherty,DEF,Wolves,543,20,2,2024-08-25T13:00:00Z,True,6,90,1,-1,0,0,0,6,0,0,0,0,0,0,0,-8,45,21053,875,1596,0.0,0.06,1.56,18.8,11.8,6.0,0.0
Alejo Véliz,FWD,Spurs,507,19,2,2024-08-24T14:00:00Z,True,8,0,0,0,0,0,0,0,0,0,0,0,0,0,0,0,50,1070,0,466,0.0,0.0,0.0,0.0,0.0,0.0,0.0
Ilkay Gündogan,MID,Man City,625,17,2,2024-08-24T14:00:00Z,True,10,19,0,1,0,0,0,0,0,0,0,0,0,0,0,2,65,8404,6488,609,0.0,0.05,0.0,0.0,4.1,4.0,3.8
Isaac Hayden,MID,Newcastle,400,12,2,2024-08-25T13:00:00Z,False,3,0,0,0,0,0,0,0,0,0,0,0,0,0,0,0,45,7113,544,767,0.0,0.0,0.0,0.0,0.0,0.0,0.5
Wilson Odobert,MID,Spurs,612,19,2,2024-08-24T14:00:00Z,True,8,65,1,3,0,0,1,0,0,0,0,0,0,0,0,4,55,2391,558,322,0.05,0.03,1.0,6.2,15.2,16.0,1.5
Conor Bradley,DEF,Liverpool,313,16,2,2024-08-25T15:30:00Z,True,4,18,0,1,0,0,0,0,0,0,0,0,0,0,0,4,50,54482,2833,9985,0.0,0.01,0.0,2.6,1.7,2.0,1.5
Tom Cairney,MID,Fulham,243,15,2,2024-08-24T14:00:00Z,True,11,21,0,0,0,0,0,0,0,0,0,1,0,0,0,0,50,4007,198,671,0.0,0.0,0.27,2.8,0.7,0.0,0.5
Jarell Quansah,DEF,Liverpool,333,16,2,2024-08-25T15:30:00Z,True,4,0,0,0,0,0,0,0,0,0,0,0,0,0,0,0,44,415075,13922,179875,0.0,0.0,0.0,0.0,0.0,0.0,0.8
Jacob Ramsey,MID,Aston Villa,53,11,2,2024-08-24T16:30:00Z,True,1,25,0,1,0,0,0,2,0,0,0,0,0,0,0,7,55,31422,3567,3000,0.03,0.01,0.51,7.2,11.4,23.0,1.5
Emiliano Buendía Stati,MID,Aston Villa,31,11,2,2024-08-24T16:30:00Z,True,1,0,0,0,0,0,0,0,0,0,0,0,0,0,0,0,55,12294,538,2617,0.0,0.0,0.0,0.0,0.0,0.0,-1.0
James McAtee,MID,Man City,357,17,2,2024-08-24T14:00:00Z,True,10,1,0,1,0,0,0,0,0,0,0,0,0,0,0,3,50,7008,300,1834,0.0,0.02,0.0,0.2,1.0,2.0,2.0
Andrew Robertson,DEF,Liverpool,335,16,2,2024-08-25T15:30:00Z,True,4,90,1,6,0,0,1,0,0,0,0,0,0,0,0,29,60,472797,45348,27872,0.3,0.19,0.36,22.0,47.1,52.0,6.5
Luke Harris,MID,Fulham,246,15,2,2024-08-24T14:00:00Z,True,11,0,0,0,0,0,0,0,0,0,0,0,0,0,0,0,45,1046,0,316,0.0,0.0,0.0,0.0,0.0,0.0,0.0
Youri Tielemans,MID,Aston Villa,57,11,2,2024-08-24T16:30:00Z,True,1,90,1,2,0,0,0,2,0,0,0,0,0,0,0,8,55,99391,28228,8302,0.0,0.04,0.87,21.0,25.1,0.0,3.5
João Neves Virgínia,GK,Everton,227,19,2,2024-08-24T14:00:00Z,False,18,0,0,0,0,0,0,0,0,0,0,0,0,0,0,0,40,61712,1424,2065,0.0,0.0,0.0,0.0,0.0,0.0,0.0
Oleksandr Zinchenko,DEF,Arsenal,25,11,2,2024-08-24T16:30:00Z,False,2,0,0,0,0,0,0,0,0,0,0,0,0,0,0,0,50,312806,46003,22390,0.0,0.0,0.0,0.0,0.0,0.0,4.0
Francisco Jorge Tomás Oliveira,MID,Wolves,537,20,2,2024-08-25T13:00:00Z,True,6,0,0,0,0,0,0,0,0,0,0,0,0,0,0,0,45,23743,4338,2295,0.0,0.0,0.0,0.0,0.0,0.0,0.5
Ederson Santana de Moraes,GK,Man City,347,17,2,2024-08-24T14:00:00Z,True,10,90,1,2,0,0,0,1,0,0,0,0,0,0,0,3,55,817354,105221,30267,0.0,0.0,0.29,3.8,0.0,0.0,6.5
Andrew Omobamidele,DEF,Nott'm Forest,440,18,2,2024-08-24T14:00:00Z,False,17,0,0,0,0,0,0,0,0,0,0,0,0,0,0,0,45,6912,36,964,0.0,0.0,0.0,0.0,0.0,0.0,0.5
Norberto Bercique Gomes Betuncal,FWD,Everton,218,19,2,2024-08-24T14:00:00Z,False,18,18,0,1,0,0,0,1,0,0,0,0,0,0,0,0,50,43569,6626,6983,0.0,0.0,0.25,1.0,0.0,0.0,1.0
Diogo Dalot Teixeira,DEF,Man Utd,369,13,2,2024-08-24T11:30:00Z,False,5,90,1,1,0,0,0,2,0,0,0,0,0,0,0,19,50,875857,101648,43708,0.02,0.05,2.09,20.4,18.8,1.0,4.0
Pape Matar Sarr,MID,Spurs,499,19,2,2024-08-24T14:00:00Z,True,8,23,0,1,0,0,0,0,0,0,0,0,0,0,0,1,50,25577,2361,3036,0.0,0.0,0.0,3.8,0.5,2.0,1.5
Danny Welbeck,FWD,Brighton,148,13,2,2024-08-24T11:30:00Z,True,14,78,1,9,1,0,0,1,0,0,0,0,0,0,3,38,55,412889,251535,31415,1.11,0.02,1.32,40.8,23.7,59.0,10.5
Yankuba Minteh,MID,Brighton,135,13,2,2024-08-24T11:30:00Z,True,14,89,1,2,0,0,0,1,0,0,0,0,0,0,0,4,55,132136,18206,13431,0.08,0.24,1.32,8.8,29.3,29.0,3.0
Nathan Aké,DEF,Man City,341,17,2,2024-08-24T14:00:00Z,True,10,0,0,0,0,0,0,0,0,0,0,0,0,0,0,0,55,233474,8017,39057,0.0,0.0,0.0,0.0,0.0,0.0,1.5
Bernd Leno,GK,Fulham,248,15,2,2024-08-24T14:00:00Z,True,11,90,1,3,0,0,0,1,0,0,0,0,0,3,0,14,50,287111,41404,16676,0.0,0.0,0.61,21.2,0.0,0.0,3.5
Jamaal Lascelles,DEF,Newcastle,407,12,2,2024-08-25T13:00:00Z,False,3,0,0,0,0,0,0,0,0,0,0,0,0,0,0,0,45,382,25,93,0.0,0.0,0.0,0.0,0.0,0.0,0.0
Axel Disasi,DEF,Chelsea,167,20,2,2024-08-25T13:00:00Z,False,20,0,0,0,0,0,0,0,0,0,0,0,0,0,0,0,45,38989,1551,7661,0.0,0.0,0.0,0.0,0.0,0.0,0.0
Kevin Schade,MID,Brentford,106,16,2,2024-08-25T15:30:00Z,False,12,17,0,1,0,0,0,0,0,0,0,0,0,0,0,3,55,6818,374,981,0.0,0.0,0.13,0.0,0.5,0.0,1.0
Victor Kristiansen,DEF,Leicester,296,15,2,2024-08-24T14:00:00Z,False,9,84,1,0,0,0,0,2,0,0,0,1,0,0,0,6,45,13361,1720,986,0.0,0.0,1.78,14.0,1.1,0.0,0.5
Kyle Walker-Peters,DEF,Southampton,476,18,2,2024-08-24T14:00:00Z,True,16,90,1,2,0,0,0,1,0,0,0,0,0,0,0,13,45,47081,3516,2842,0.1,0.02,2.45,21.0,4.2,20.0,1.5
Daniel Bentley,GK,Wolves,536,20,2,2024-08-25T13:00:00Z,True,6,0,0,0,0,0,0,0,0,0,0,0,0,0,0,0,40,207455,5762,5492,0.0,0.0,0.0,0.0,0.0,0.0,0.0
Ivan Toney,FWD,Brentford,108,16,2,2024-08-25T15:30:00Z,False,12,0,0,0,0,0,0,0,0,0,0,0,0,0,0,0,74,581058,19997,302798,0.0,0.0,0.0,0.0,0.0,0.0,-0.5
Antonee Robinson,DEF,Fulham,255,15,2,2024-08-24T14:00:00Z,True,11,90,1,7,0,1,0,1,0,0,0,0,0,0,2,31,45,985917,173546,29155,0.0,0.11,0.61,42.4,31.4,2.0,5.0
Romain Faivre,MID,Bournemouth,66,12,2,2024-08-25T13:00:00Z,True,15,0,0,0,0,0,0,0,0,0,0,0,0,0,0,0,50,1416,23,603,0.0,0.0,0.0,0.0,0.0,0.0,0.0
James Ward-Prowse,MID,West Ham,531,14,2,2024-08-24T14:00:00Z,False,7,0,0,0,0,0,0,0,0,0,0,0,0,0,0,0,65,158814,2684,28070,0.0,0.0,0.0,0.0,0.0,0.0,0.5
Patson Daka,FWD,Leicester,289,15,2,2024-08-24T14:00:00Z,False,9,0,0,0,0,0,0,0,0,0,0,0,0,0,0,0,50,21390,293,9083,0.0,0.0,0.0,0.0,0.0,0.0,0.0
Illia Zabarnyi,DEF,Bournemouth,85,12,2,2024-08-25T13:00:00Z,True,15,90,1,2,0,0,0,1,0,0,0,0,0,0,0,13,45,38888,979,2789,0.0,0.01,1.61,16.6,0.6,0.0,1.5
Gavin Bazunu,GK,Southampton,454,18,2,2024-08-24T14:00:00Z,True,16,0,0,0,0,0,0,0,0,0,0,0,0,0,0,0,45,26908,510,5053,0.0,0.0,0.0,0.0,0.0,0.0,0.0
Sven Botman,DEF,Newcastle,393,12,2,2024-08-25T13:00:00Z,False,3,0,0,0,0,0,0,0,0,0,0,0,0,0,0,0,45,1628,92,421,0.0,0.0,0.0,0.0,0.0,0.0,0.0
Hugo Bueno López,DEF,Wolves,549,20,2,2024-08-25T13:00:00Z,True,6,0,0,0,0,0,0,0,0,0,0,0,0,0,0,0,45,1612,0,870,0.0,0.0,0.0,0.0,0.0,0.0,0.0
Danny Ward,GK,Leicester,308,15,2,2024-08-24T14:00:00Z,False,9,0,0,0,0,0,0,0,0,0,0,0,0,0,0,0,40,251295,10897,7982,0.0,0.0,0.0,0.0,0.0,0.0,-0.5
Samuel Amo-Ameyaw,MID,Southampton,451,18,2,2024-08-24T14:00:00Z,True,16,0,0,0,0,0,0,0,0,0,0,0,0,0,0,0,45,12749,2454,1280,0.0,0.0,0.0,0.0,0.0,0.0,0.0
Joe Gauci,GK,Aston Villa,39,11,2,2024-08-24T16:30:00Z,True,1,0,0,0,0,0,0,0,0,0,0,0,0,0,0,0,40,60885,7895,2685,0.0,0.0,0.0,0.0,0.0,0.0,-1.0
João Pedro Junqueira de Jesus,FWD,Brighton,129,13,2,2024-08-24T11:30:00Z,True,14,90,1,8,1,0,0,1,0,0,0,0,0,0,2,36,55,1655021,94118,154739,0.53,0.12,1.43,45.6,16.4,53.0,5.0
Justin Kluivert,MID,Bournemouth,71,12,2,2024-08-25T13:00:00Z,True,15,71,1,3,0,0,1,0,0,0,0,0,0,0,0,2,54,34210,1050,8426,0.04,0.13,0.59,1.8,25.9,11.0,1.0
Martin Dúbravka,GK,Newcastle,396,12,2,2024-08-25T13:00:00Z,False,3,0,0,0,0,0,0,0,0,0,0,0,0,0,0,0,44,99602,1867,24221,0.0,0.0,0.0,0.0,0.0,0.0,0.5
Flynn Downes,MID,Southampton,518,18,2,2024-08-24T14:00:00Z,True,16,90,1,1,0,0,0,1,0,0,0,1,0,0,0,13,50,6240,360,487,0.0,0.06,2.45,17.6,14.9,2.0,1.0
Alejandro Garnacho,MID,Man Utd,372,13,2,2024-08-24T11:30:00Z,False,5,25,0,1,0,0,0,1,0,0,0,0,0,0,0,0,65,1644956,95475,137053,0.71,0.06,0.76,3.4,11.4,16.0,2.5
Ronnie Edwards,DEF,Southampton,460,18,2,2024-08-24T14:00:00Z,True,16,0,0,0,0,0,0,0,0,0,0,0,0,0,0,0,40,17177,685,1466,0.0,0.0,0.0,0.0,0.0,0.0,-0.5
Edson Álvarez Velázquez,MID,West Ham,511,14,2,2024-08-24T14:00:00Z,False,7,12,0,1,0,0,0,0,0,0,0,0,0,0,0,2,50,7446,135,2406,0.01,0.21,0.03,4.4,3.2,1.0,0.2
Jack Grealish,MID,Man City,349,17,2,2024-08-24T14:00:00Z,True,10,19,0,0,0,0,0,0,0,0,0,1,0,0,0,0,65,17745,1391,2744,0.1,0.01,0.0,1.2,2.4,9.0,1.5
Marcus Myers-Harness,MID,Ipswich,271,17,2,2024-08-24T14:00:00Z,False,13,18,0,1,0,0,0,1,0,0,0,0,0,0,0,3,50,2379,112,446,0.0,0.02,0.15,4.0,0.3,2.0,-0.5
Jack Taylor,MID,Ipswich,281,17,2,2024-08-24T14:00:00Z,False,13,18,0,1,0,0,0,1,0,0,0,0,0,0,0,5,50,3140,121,466,0.0,0.0,0.15,7.0,0.0,0.0,-0.5
Simon Adingra,MID,Brighton,113,13,2,2024-08-24T11:30:00Z,True,14,1,0,4,0,1,0,0,0,0,0,0,0,0,0,14,55,78578,28196,8103,0.09,0.56,0.1,15.2,10.8,9.0,5.0
Ben Mee,DEF,Brentford,100,16,2,2024-08-25T15:30:00Z,False,12,0,0,0,0,0,0,0,0,0,0,0,0,0,0,0,45,78481,1724,9389,0.0,0.0,0.0,0.0,0.0,0.0,0.0
Leon Chiwome,FWD,Wolves,539,20,2,2024-08-25T13:00:00Z,True,6,0,0,0,0,0,0,0,0,0,0,0,0,0,0,0,45,8078,529,1849,0.0,0.0,0.0,0.0,0.0,0.0,0.0
Eric da Silva Moreira,MID,Nott'm Forest,428,18,2,2024-08-24T14:00:00Z,False,17,0,0,0,0,0,0,0,0,0,0,0,0,0,0,0,45,6624,396,732,0.0,0.0,0.0,0.0,0.0,0.0,0.5
Luis Guilherme Lira dos Santos,MID,West Ham,526,14,2,2024-08-24T14:00:00Z,False,7,0,0,0,0,0,0,0,0,0,0,0,0,0,0,0,50,3121,73,645,0.0,0.0,0.0,0.0,0.0,0.0,0.0
Joe Hodge,MID,Wolves,551,20,2,2024-08-25T13:00:00Z,True,6,0,0,0,0,0,0,0,0,0,0,0,0,0,0,0,45,51984,7354,6371,0.0,0.0,0.0,0.0,0.0,0.0,0.0
Harrison Armstrong,MID,Everton,603,19,2,2024-08-24T14:00:00Z,False,18,1,0,1,0,0,0,0,0,0,0,0,0,0,0,4,45,13540,2764,1719,0.0,0.0,0.0,0.0,0.1,2.0,0.5
Carney Chukwuemeka,MID,Chelsea,161,20,2,2024-08-25T13:00:00Z,False,20,0,0,0,0,0,0,0,0,0,0,0,0,0,0,0,50,5581,307,1056,0.0,0.0,0.0,0.0,0.0,0.0,0.0
Tom King,GK,Wolves,556,20,2,2024-08-25T13:00:00Z,True,6,0,0,0,0,0,0,0,0,0,0,0,0,0,0,0,40,121816,6712,4357,0.0,0.0,0.0,0.0,0.0,0.0,0.0
Wout Faes,DEF,Leicester,291,15,2,2024-08-24T14:00:00Z,False,9,90,1,7,1,0,0,2,0,0,0,0,0,0,0,20,40,693649,59746,23268,0.33,0.0,1.78,60.4,0.3,44.0,3.5
Leny Yoro,DEF,Man Utd,572,13,2,2024-08-24T11:30:00Z,False,5,0,0,0,0,0,0,0,0,0,0,0,0,0,0,0,44,13220,168,6955,0.0,0.0,0.0,0.0,0.0,0.0,0.0
Pedro Lomba Neto,MID,Chelsea,560,20,2,2024-08-25T13:00:00Z,False,20,45,0,4,0,1,0,0,0,0,0,0,0,0,0,12,65,106044,11121,18800,0.0,0.05,0.17,21.6,13.3,6.0,2.5
Ian Maatsen,DEF,Aston Villa,45,11,2,2024-08-24T16:30:00Z,True,1,14,0,1,0,0,0,1,0,0,0,0,0,0,0,0,50,323572,11415,42612,0.0,0.09,0.38,4.4,15.1,0.0,0.0
Harry Winks,MID,Leicester,309,15,2,2024-08-24T14:00:00Z,False,9,90,1,2,0,0,0,2,0,0,0,0,0,0,0,14,45,1336305,96013,53980,0.0,0.09,1.78,8.4,19.7,0.0,1.5
Mads Roerslev Rasmussen,DEF,Brentford,105,16,2,2024-08-25T15:30:00Z,False,12,90,1,1,0,0,0,2,0,0,0,0,0,0,0,-1,45,9080,269,888,0.01,0.0,2.65,5.4,1.4,3.0,1.0
Jurriën Timber,DEF,Arsenal,6,11,2,2024-08-24T16:30:00Z,False,2,78,1,6,0,0,1,0,0,0,0,0,0,0,0,24,55,77673,4299,11982,0.0,0.01,1.12,3.4,4.7,2.0,4.5
Saša Kalajdžić,FWD,Wolves,555,20,2,2024-08-25T13:00:00Z,True,6,0,0,0,0,0,0,0,0,0,0,0,0,0,0,0,50,8284,384,2297,0.0,0.0,0.0,0.0,0.0,0.0,0.0
Anthony Elanga,MID,Nott'm Forest,432,18,2,2024-08-24T14:00:00Z,False,17,90,1,3,0,0,1,0,0,0,0,0,0,0,0,11,55,163934,1884,54774,0.22,0.24,0.14,17.0,40.7,29.0,1.9
Julio Enciso,MID,Brighton,121,13,2,2024-08-24T11:30:00Z,True,14,11,0,1,0,0,0,0,0,0,0,0,0,0,0,2,54,4634,74,2118,0.03,0.0,0.1,0.0,4.4,3.0,0.1
Naouirou Ahamada,MID,Crystal Palace,190,14,2,2024-08-24T14:00:00Z,True,19,0,0,0,0,0,0,0,0,0,0,0,0,0,0,0,45,35509,2798,3790,0.0,0.0,0.0,0.0,0.0,0.0,0.0
Jeremy Sarmiento Morante,MID,Brighton,141,13,2,2024-08-24T11:30:00Z,True,14,0,0,0,0,0,0,0,0,0,0,0,0,0,0,0,50,3133,128,407,0.0,0.0,0.0,0.0,0.0,0.0,0.5
Vladimír Coufal,DEF,West Ham,516,14,2,2024-08-24T14:00:00Z,False,7,62,1,6,0,0,1,0,0,0,0,0,0,0,0,17,45,78558,2876,5892,0.02,0.0,0.79,0.0,1.0,1.0,3.5
Marc Cucurella Saseta,DEF,Chelsea,163,20,2,2024-08-25T13:00:00Z,False,20,82,1,0,0,0,0,2,0,0,0,1,0,0,0,7,50,627897,57092,49296,0.0,0.18,1.8,9.2,5.2,0.0,1.0
Toti António Gomes,DEF,Wolves,567,20,2,2024-08-25T13:00:00Z,True,6,90,1,2,0,1,0,6,0,0,0,0,0,0,0,3,45,21092,427,3053,0.0,0.22,1.56,26.6,10.4,2.0,1.0
Cristian Romero,DEF,Spurs,498,19,2,2024-08-24T14:00:00Z,True,8,90,1,14,1,0,1,0,0,0,0,0,0,0,2,53,50,490910,31903,35060,0.53,0.3,1.0,63.0,17.3,54.0,8.0
Dan Burn,DEF,Newcastle,395,12,2,2024-08-25T13:00:00Z,False,3,90,1,1,0,0,0,1,0,0,0,1,0,0,0,3,45,1627229,110885,50753,0.28,0.01,2.23,24.2,1.3,27.0,3.5
Destiny Udogie,DEF,Spurs,505,19,2,2024-08-24T14:00:00Z,True,8,72,1,6,0,0,1,0,0,0,0,0,0,0,0,30,50,362955,23518,25019,0.0,0.01,1.0,5.0,4.2,4.0,4.0
Jordan Pickford,GK,Everton,235,19,2,2024-08-24T14:00:00Z,False,18,90,1,1,0,0,0,4,0,0,0,0,0,3,0,-5,50,1338340,10658,185743,0.0,0.0,2.43,21.2,0.1,0.0,1.0
Boubacar Traoré,MID,Wolves,534,20,2,2024-08-25T13:00:00Z,True,6,0,0,0,0,0,0,0,0,0,0,0,0,0,0,0,50,6267,483,1042,0.0,0.0,0.0,0.0,0.0,0.0,0.0
Stefan Bajčetić Maquieira,MID,Liverpool,312,16,2,2024-08-25T15:30:00Z,True,4,0,0,0,0,0,0,0,0,0,0,0,0,0,0,0,45,16565,1186,2407,0.0,0.0,0.0,0.0,0.0,0.0,0.5
Mikkel Damsgaard,MID,Brentford,89,16,2,2024-08-25T15:30:00Z,False,12,24,0,1,0,0,0,1,0,0,0,0,0,0,0,5,50,6771,361,1034,0.0,0.0,0.67,2.0,0.6,0.0,0.5
Luis Díaz,MID,Liverpool,327,16,2,2024-08-25T15:30:00Z,True,4,71,1,14,1,1,1,0,0,0,0,0,0,0,3,51,75,757065,34770,93724,0.87,0.17,0.36,68.6,48.7,44.0,9.0
Enzo Barrenechea,MID,Aston Villa,30,11,2,2024-08-24T16:30:00Z,True,1,0,0,0,0,0,0,0,0,0,0,0,0,0,0,0,50,5246,363,954,0.0,0.0,0.0,0.0,0.0,0.0,-1.0
Carlos Vinícius Alves Morais,FWD,Fulham,258,15,2,2024-08-24T14:00:00Z,True,11,0,0,0,0,0,0,0,0,0,0,0,0,0,0,0,50,57064,5477,10417,0.0,0.0,0.0,0.0,0.0,0.0,0.5
Pervis Estupiñán,DEF,Brighton,122,13,2,2024-08-24T11:30:00Z,True,14,0,0,0,0,0,0,0,0,0,0,0,0,0,0,0,50,10409,787,1700,0.0,0.0,0.0,0.0,0.0,0.0,0.0
James Milner,MID,Brighton,134,13,2,2024-08-24T11:30:00Z,True,14,72,1,2,0,0,0,1,0,0,0,0,0,0,0,12,50,8409,1078,913,0.16,0.04,1.32,6.2,22.4,8.0,2.0
Ryan Trevitt,MID,Brentford,602,16,2,2024-08-25T15:30:00Z,False,12,0,0,0,0,0,0,0,0,0,0,0,0,0,0,0,45,4029,733,474,0.0,0.0,0.0,0.0,0.0,0.0,-0.5
Enzo Fernández,MID,Chelsea,168,20,2,2024-08-25T13:00:00Z,False,20,90,1,2,0,0,0,2,0,0,0,0,0,0,0,15,50,164902,32397,19819,0.0,0.04,1.92,20.8,25.4,4.0,2.0
Luke Shaw,DEF,Man Utd,387,13,2,2024-08-24T11:30:00Z,False,5,0,0,0,0,0,0,0,0,0,0,0,0,0,0,0,49,45042,120,30122,0.0,0.0,0.0,0.0,0.0,0.0,0.0
Fábio Freitas Gouveia Carvalho,MID,Brentford,314,16,2,2024-08-25T15:30:00Z,False,12,24,0,1,0,0,0,1,0,0,0,0,0,0,0,2,50,127341,6717,16584,0.0,0.01,0.67,0.6,1.7,2.0,0.5
Jérémy Doku,MID,Man City,346,17,2,2024-08-24T14:00:00Z,True,10,70,1,2,0,0,0,1,0,0,0,0,0,0,0,14,65,494364,174178,34467,0.0,0.44,0.29,10.4,26.6,6.0,4.0
Marcus Bettinelli,GK,Chelsea,155,20,2,2024-08-25T13:00:00Z,False,20,0,0,0,0,0,0,0,0,0,0,0,0,0,0,0,40,37192,1258,1298,0.0,0.0,0.0,0.0,0.0,0.0,0.0
Alisson Ramses Becker,GK,Liverpool,310,16,2,2024-08-25T15:30:00Z,True,4,90,1,6,0,0,1,0,0,0,0,0,0,2,0,25,55,1033748,44468,46178,0.0,0.0,0.36,16.4,0.0,0.0,7.0
Aaron Hickey,DEF,Brentford,93,16,2,2024-08-25T15:30:00Z,False,12,0,0,0,0,0,0,0,0,0,0,0,0,0,0,0,45,2680,33,835,0.0,0.0,0.0,0.0,0.0,0.0,0.0
Alex McCarthy,GK,Southampton,469,18,2,2024-08-24T14:00:00Z,True,16,90,1,4,0,0,0,1,0,0,0,0,0,7,0,19,45,18825,2760,1557,0.0,0.0,2.45,52.0,0.0,0.0,2.5
Neal Maupay,FWD,Everton,229,19,2,2024-08-24T14:00:00Z,False,18,0,0,0,0,0,0,0,0,0,0,0,0,0,0,0,50,149992,8545,24140,0.0,0.0,0.0,0.0,0.0,0.0,0.0
Steven Benda,GK,Fulham,242,15,2,2024-08-24T14:00:00Z,True,11,0,0,0,0,0,0,0,0,0,0,0,0,0,0,0,40,46108,3275,2091,0.0,0.0,0.0,0.0,0.0,0.0,0.5
Dean Henderson,GK,Crystal Palace,201,14,2,2024-08-24T14:00:00Z,True,19,90,1,1,0,0,0,2,0,0,0,0,0,1,0,1,45,1652313,58251,49294,0.0,0.0,1.39,11.4,0.0,0.0,1.5
Ki-Jana Hoever,DEF,Wolves,552,20,2,2024-08-25T13:00:00Z,True,6,0,0,0,0,0,0,0,0,0,0,0,0,0,0,0,40,32530,1689,2668,0.0,0.0,0.0,0.0,0.0,0.0,0.0
Cheick Doucouré,MID,Crystal Palace,193,14,2,2024-08-24T14:00:00Z,True,19,0,0,0,0,0,0,0,0,0,0,0,0,0,0,0,50,8765,657,1394,0.0,0.0,0.0,0.0,0.0,0.0,0.5
Scott McTominay,MID,Man Utd,381,13,2,2024-08-24T11:30:00Z,False,5,11,0,1,0,0,0,1,0,0,0,0,0,0,0,1,50,87147,2645,14230,0.07,0.0,0.6,2.6,0.2,5.0,1.0
Wilfred Ndidi,MID,Leicester,300,15,2,2024-08-24T14:00:00Z,False,9,90,1,2,0,0,0,2,0,0,0,0,0,0,0,18,50,15977,1831,1895,0.09,0.01,1.78,20.4,12.4,17.0,1.5
John Ruddy,GK,Newcastle,414,12,2,2024-08-25T13:00:00Z,False,3,0,0,0,0,0,0,0,0,0,0,0,0,0,0,0,40,28304,1317,1236,0.0,0.0,0.0,0.0,0.0,0.0,0.5
Caleb Okoli,DEF,Leicester,301,15,2,2024-08-24T14:00:00Z,False,9,0,0,0,0,0,0,0,0,0,0,0,0,0,0,0,40,19024,820,1813,0.0,0.0,0.0,0.0,0.0,0.0,-0.5
Odysseas Vlachodimos,GK,Newcastle,412,12,2,2024-08-25T13:00:00Z,False,3,0,0,0,0,0,0,0,0,0,0,0,0,0,0,0,45,12974,99,1566,0.0,0.0,0.0,0.0,0.0,0.0,0.5
George Earthy,MID,West Ham,519,14,2,2024-08-24T14:00:00Z,False,7,0,0,0,0,0,0,0,0,0,0,0,0,0,0,0,45,7495,0,2882,0.0,0.0,0.0,0.0,0.0,0.0,0.0
Daichi Kamada,MID,Crystal Palace,205,14,2,2024-08-24T14:00:00Z,True,19,27,0,1,0,0,0,2,0,0,0,0,0,0,0,7,55,50513,2787,6054,0.0,0.03,0.56,9.8,23.9,0.0,1.0
Reece James,DEF,Chelsea,172,20,2,2024-08-25T13:00:00Z,False,20,0,0,0,0,0,0,0,0,0,0,0,0,0,0,0,50,9284,264,1916,0.0,0.0,0.0,0.0,0.0,0.0,0.0
Georginio Rutter,MID,Brighton,618,13,2,2024-08-24T11:30:00Z,True,14,1,0,1,0,0,0,0,0,0,0,0,0,0,0,4,55,2247,1740,212,0.0,0.01,0.1,1.6,0.8,0.0,2.0
Conor Chaplin,MID,Ipswich,265,17,2,2024-08-24T14:00:00Z,False,13,1,0,1,0,0,0,0,0,0,0,0,0,0,0,3,55,23357,1130,3067,0.0,0.0,0.0,0.0,0.1,0.0,0.0
Santiago Bueno,DEF,Wolves,564,20,2,2024-08-25T13:00:00Z,True,6,0,0,0,0,0,0,0,0,0,0,0,0,0,0,0,45,8254,114,1035,0.0,0.0,0.0,0.0,0.0,0.0,0.0
Corrie Ndaba,DEF,Ipswich,279,17,2,2024-08-24T14:00:00Z,False,13,0,0,0,0,0,0,0,0,0,0,0,0,0,0,0,40,803,0,229,0.0,0.0,0.0,0.0,0.0,0.0,0.0
Kenny Tete,DEF,Fulham,257,15,2,2024-08-24T14:00:00Z,True,11,90,1,2,0,0,0,1,0,0,0,0,0,0,0,0,45,35936,12067,2603,0.19,0.02,0.61,9.8,4.2,11.0,2.5
Pablo Sarabia,MID,Wolves,565,20,2,2024-08-25T13:00:00Z,True,6,22,0,1,0,0,0,1,0,0,0,0,0,0,0,7,55,19657,632,3728,0.02,0.01,0.32,8.4,1.9,19.0,1.0
Diogo Teixeira da Silva,MID,Liverpool,317,16,2,2024-08-25T15:30:00Z,True,4,71,1,6,0,1,1,0,0,0,0,0,0,0,0,19,76,1891263,320750,50343,0.59,0.06,0.36,17.6,24.9,26.0,7.5
Kortney Hause,DEF,Aston Villa,40,11,2,2024-08-24T16:30:00Z,True,1,0,0,0,0,0,0,0,0,0,0,0,0,0,0,0,40,56634,4439,4879,0.0,0.0,0.0,0.0,0.0,0.0,-1.0
Liam Delap,FWD,Ipswich,268,17,2,2024-08-24T14:00:00Z,False,13,82,1,2,0,0,0,3,0,0,0,0,0,0,0,-3,55,38623,4468,5639,0.0,0.01,3.3,1.6,0.9,6.0,0.5
Tino Livramento,DEF,Newcastle,409,12,2,2024-08-25T13:00:00Z,False,3,57,1,1,0,0,0,1,0,0,0,0,0,0,0,5,45,268138,110019,13837,0.0,0.01,1.16,9.8,2.3,0.0,4.5
Tyler Adams,MID,Bournemouth,60,12,2,2024-08-25T13:00:00Z,True,15,0,0,0,0,0,0,0,0,0,0,0,0,0,0,0,50,730,59,221,0.0,0.0,0.0,0.0,0.0,0.0,0.0
Danilo dos Santos de Oliveira,MID,Nott'm Forest,429,18,2,2024-08-24T14:00:00Z,False,17,0,0,0,0,0,0,0,0,0,0,0,0,0,0,0,49,3613,127,2592,0.0,0.0,0.0,0.0,0.0,0.0,0.0
Jenson Metcalfe,MID,Everton,614,19,2,2024-08-24T14:00:00Z,False,18,0,0,0,0,0,0,0,0,0,0,0,0,0,0,0,45,598,226,47,0.0,0.0,0.0,0.0,0.0,0.0,0.0
Marcus Rashford,MID,Man Utd,385,13,2,2024-08-24T11:30:00Z,False,5,64,1,2,0,0,0,1,0,0,0,0,0,0,0,4,70,412866,21693,55677,0.0,0.01,1.33,0.0,7.3,4.0,2.5
James Maddison,MID,Spurs,494,19,2,2024-08-24T14:00:00Z,True,8,78,1,6,0,1,1,0,0,0,0,0,0,0,0,25,75,495594,69307,33257,0.41,0.38,1.0,38.6,41.8,31.0,5.5
Daniel Muñoz,DEF,Crystal Palace,211,14,2,2024-08-24T14:00:00Z,True,19,90,1,1,0,0,0,2,0,0,0,0,0,0,0,9,50,434799,36687,22129,0.0,0.02,1.39,11.8,4.2,4.0,2.5
Bruno Guimarães Rodriguez Moura,MID,Newcastle,394,12,2,2024-08-25T13:00:00Z,False,3,90,1,2,0,0,0,1,0,0,0,0,0,0,0,17,65,311788,15376,33381,0.1,0.23,2.23,22.6,26.9,11.0,3.0
Fraser Forster,GK,Spurs,488,19,2,2024-08-24T14:00:00Z,True,8,0,0,0,0,0,0,0,0,0,0,0,0,0,0,0,45,23716,702,2531,0.0,0.0,0.0,0.0,0.0,0.0,0.0
Elliot Anderson,MID,Nott'm Forest,423,18,2,2024-08-24T14:00:00Z,False,17,74,1,3,0,0,1,0,0,0,0,0,0,0,0,17,50,14707,695,1652,0.05,0.03,0.14,16.8,12.7,11.0,2.5
Charlie Taylor,DEF,Southampton,475,18,2,2024-08-24T14:00:00Z,True,16,14,0,1,0,0,0,0,0,0,0,0,0,0,0,3,40,508089,9161,33248,0.0,0.01,0.19,0.8,1.6,2.0,0.0
Bryan Mbeumo,MID,Brentford,99,16,2,2024-08-25T15:30:00Z,False,12,90,1,1,0,0,0,2,0,0,0,1,0,0,0,6,70,449513,61882,37957,0.03,0.12,2.65,5.4,17.7,7.0,4.5
Matty Cash,DEF,Aston Villa,32,11,2,2024-08-24T16:30:00Z,True,1,15,1,1,0,0,0,0,0,0,0,0,0,0,0,3,45,314450,28026,25019,0.0,0.0,0.12,0.6,0.0,2.0,0.5
Adam Lallana,MID,Southampton,463,18,2,2024-08-24T14:00:00Z,True,16,0,0,0,0,0,0,0,0,0,0,0,0,0,0,0,50,2405,22,1110,0.0,0.0,0.0,0.0,0.0,0.0,-0.1
Sandro Tonali,MID,Newcastle,417,12,2,2024-08-25T13:00:00Z,False,3,0,0,0,0,0,0,0,0,0,0,0,0,0,0,0,55,5004,299,553,0.0,0.0,0.0,0.0,0.0,0.0,0.0
Issa Diop,DEF,Fulham,245,15,2,2024-08-24T14:00:00Z,True,11,90,1,2,0,0,0,1,0,0,0,0,0,0,0,5,45,28544,5499,1856,0.0,0.01,0.61,7.4,0.8,2.0,2.5
Igor Julio dos Santos de Paulo,DEF,Brighton,128,13,2,2024-08-24T11:30:00Z,True,14,0,0,0,0,0,0,0,0,0,0,0,0,0,0,0,45,10586,322,1673,0.0,0.0,0.0,0.0,0.0,0.0,0.0
Joelinton Cássio Apolinário de Lira,MID,Newcastle,403,12,2,2024-08-25T13:00:00Z,False,3,90,1,1,0,0,0,1,0,0,0,1,0,0,0,5,60,304116,169544,18464,0.07,0.03,2.23,14.8,16.5,17.0,6.5
John McGinn,MID,Aston Villa,48,11,2,2024-08-24T16:30:00Z,True,1,64,1,3,0,0,1,0,0,0,0,0,0,0,0,10,55,200015,7255,24170,0.0,0.01,0.36,0.6,2.0,0.0,1.5
Oscar Bobb,MID,Man City,343,17,2,2024-08-24T14:00:00Z,True,10,0,0,0,0,0,0,0,0,0,0,0,0,0,0,0,49,18555,329,13724,0.0,0.0,0.0,0.0,0.0,0.0,0.0
Pedro Cardoso de Lima,DEF,Wolves,561,20,2,2024-08-25T13:00:00Z,True,6,0,0,0,0,0,0,0,0,0,0,0,0,0,0,0,40,143202,9927,10532,0.0,0.0,0.0,0.0,0.0,0.0,0.0
Pierre-Emile Højbjerg,MID,Spurs,490,19,2,2024-08-24T14:00:00Z,True,8,0,0,0,0,0,0,0,0,0,0,0,0,0,0,0,50,547,0,272,0.0,0.0,0.0,0.0,0.0,0.0,0.0
Nathan Collins,DEF,Brentford,88,16,2,2024-08-25T15:30:00Z,False,12,90,1,1,0,0,0,2,0,0,0,0,0,0,0,10,45,56031,12902,4005,0.15,0.0,2.65,42.6,0.6,40.0,3.0
Jesper Lindstrøm,MID,Everton,577,19,2,2024-08-24T14:00:00Z,False,18,33,0,1,0,0,0,2,0,0,0,0,0,0,0,4,54,12039,221,2798,0.04,0.01,0.77,9.0,4.4,17.0,0.5
Marc Guéhi,DEF,Crystal Palace,200,14,2,2024-08-24T14:00:00Z,True,19,90,1,1,0,0,0,2,0,0,0,0,0,0,0,6,45,655527,20803,53246,0.0,0.02,1.39,34.8,0.8,0.0,0.5
Mathias Jorgensen,DEF,Brentford,112,16,2,2024-08-25T15:30:00Z,False,12,0,0,0,0,0,0,0,0,0,0,0,0,0,0,0,45,3173,0,2084,0.0,0.0,0.0,0.0,0.0,0.0,0.0
William Osula,FWD,Newcastle,590,12,2,2024-08-25T13:00:00Z,False,3,0,0,0,0,0,0,0,0,0,0,0,0,0,0,0,50,11203,1164,2044,0.0,0.0,0.0,0.0,0.0,0.0,0.5
Harry Souttar,DEF,Leicester,303,15,2,2024-08-24T14:00:00Z,False,9,0,0,0,0,0,0,0,0,0,0,0,0,0,0,0,40,1828,0,513,0.0,0.0,0.0,0.0,0.0,0.0,0.0
Jean-Philippe Mateta,FWD,Crystal Palace,207,14,2,2024-08-24T14:00:00Z,True,19,90,1,2,0,0,0,2,0,0,0,0,0,0,0,5,75,593804,94580,84214,0.3,0.23,1.39,4.8,25.3,8.0,1.5
Ben Nelson,DEF,Leicester,616,15,2,2024-08-24T14:00:00Z,False,9,0,0,0,0,0,0,0,0,0,0,0,0,0,0,0,40,2240,693,89,0.0,0.0,0.0,0.0,0.0,0.0,-0.5
Bernardo Veiga de Carvalho e Silva,MID,Man City,342,17,2,2024-08-24T14:00:00Z,True,10,90,1,2,0,0,0,1,0,0,0,0,0,0,0,9,66,688863,252419,39373,0.11,0.07,0.29,1.6,12.5,15.0,5.5
Filip Jørgensen,GK,Chelsea,581,20,2,2024-08-25T13:00:00Z,False,20,0,0,0,0,0,0,0,0,0,0,0,0,0,0,0,45,32295,1509,4106,0.0,0.0,0.0,0.0,0.0,0.0,0.0
David Brooks,MID,Bournemouth,62,12,2,2024-08-25T13:00:00Z,True,15,0,0,0,0,0,0,0,0,0,0,0,0,0,0,0,50,856,26,338,0.0,0.0,0.0,0.0,0.0,0.0,0.0
Son Heung-min,MID,Spurs,503,19,2,2024-08-24T14:00:00Z,True,8,90,1,16,2,0,1,0,0,0,0,0,0,0,3,55,100,871942,33013,100641,1.14,0.05,1.0,75.8,15.8,43.0,9.0
Solly March,MID,Brighton,132,13,2,2024-08-24T11:30:00Z,True,14,0,0,0,0,0,0,0,0,0,0,0,0,0,0,0,65,602,61,164,0.0,0.0,0.0,0.0,0.0,0.0,0.0
Manor Solomon,MID,Spurs,502,19,2,2024-08-24T14:00:00Z,True,8,0,0,0,0,0,0,0,0,0,0,0,0,0,0,0,55,6128,235,1102,0.0,0.0,0.0,0.0,0.0,0.0,0.0
Nathaniel Phillips,DEF,Liverpool,332,16,2,2024-08-25T15:30:00Z,True,4,0,0,0,0,0,0,0,0,0,0,0,0,0,0,0,40,17285,1154,2066,0.0,0.0,0.0,0.0,0.0,0.0,0.5
Kieran Trippier,DEF,Newcastle,418,12,2,2024-08-25T13:00:00Z,False,3,32,0,1,0,0,0,0,0,0,0,0,0,0,0,4,59,1018843,15134,282289,0.0,0.02,1.07,7.2,4.9,0.0,1.0
John Stones,DEF,Man City,362,17,2,2024-08-24T14:00:00Z,True,10,40,0,1,0,0,0,0,0,0,0,0,0,0,0,6,55,201862,6368,29115,0.0,0.01,0.0,6.0,5.4,2.0,2.0
Sam Morsy,MID,Ipswich,278,17,2,2024-08-24T14:00:00Z,False,13,90,1,1,0,0,0,4,0,0,0,1,0,0,0,14,50,19566,1556,2686,0.0,0.0,3.34,23.8,2.8,0.0,0.0
Lewis Hall,DEF,Newcastle,399,12,2,2024-08-25T13:00:00Z,False,3,21,0,1,0,0,0,0,0,0,0,0,0,0,0,6,45,484565,40839,20342,0.0,0.1,0.42,17.2,15.3,2.0,3.5
Marc Guiu Paz,FWD,Chelsea,178,20,2,2024-08-25T13:00:00Z,False,20,0,0,0,0,0,0,0,0,0,0,0,0,0,0,0,50,77517,12951,11472,0.0,0.0,0.0,0.0,0.0,0.0,0.5
Tom Cannon,FWD,Leicester,286,15,2,2024-08-24T14:00:00Z,False,9,0,0,0,0,0,0,0,0,0,0,0,0,0,0,0,45,135066,15916,12791,0.0,0.0,0.0,0.0,0.0,0.0,-0.5
Ben Davies,DEF,Spurs,484,19,2,2024-08-24T14:00:00Z,True,8,0,0,0,0,0,0,0,0,0,0,0,0,0,0,0,45,21315,1048,2762,0.0,0.0,0.0,0.0,0.0,0.0,0.0
Tyler Morton,MID,Liverpool,331,16,2,2024-08-25T15:30:00Z,True,4,0,0,0,0,0,0,0,0,0,0,0,0,0,0,0,45,4837,352,599,0.0,0.0,0.0,0.0,0.0,0.0,0.5
Matheus França de Oliveira,MID,Crystal Palace,208,14,2,2024-08-24T14:00:00Z,True,19,0,0,0,0,0,0,0,0,0,0,0,0,0,0,0,45,8714,115,2791,0.0,0.0,0.0,0.0,0.0,0.0,0.0
Calvin Bassey,DEF,Fulham,241,15,2,2024-08-24T14:00:00Z,True,11,90,1,2,0,0,0,1,0,0,0,0,0,0,0,9,45,36794,6159,3581,0.0,0.0,0.61,14.0,1.3,0.0,2.0
Eddie Nketiah,FWD,Arsenal,11,11,2,2024-08-24T16:30:00Z,False,2,0,0,0,0,0,0,0,0,0,0,0,0,0,0,0,59,31476,2396,9349,0.0,0.0,0.0,0.0,0.0,0.0,1.0
Andreas Hoelgebaum Pereira,MID,Fulham,240,15,2,2024-08-24T14:00:00Z,True,11,85,1,2,0,0,0,1,0,0,0,0,0,0,0,22,55,358428,23636,36183,0.06,0.37,0.47,17.2,96.3,5.0,2.0
Matheus Santos Carneiro Da Cunha,FWD,Wolves,541,20,2,2024-08-25T13:00:00Z,True,6,67,1,6,1,0,0,5,0,0,0,0,0,0,0,34,65,188122,11678,34133,0.93,0.2,1.24,39.6,26.8,44.0,3.5
Amadou Onana,MID,Aston Villa,233,11,2,2024-08-24T16:30:00Z,True,1,75,1,1,0,0,0,1,0,0,0,1,0,0,0,2,50,309609,151861,22530,0.11,0.01,0.49,0.6,2.0,6.0,4.5
Morgan Rogers,MID,Aston Villa,54,11,2,2024-08-24T16:30:00Z,True,1,90,1,2,0,0,0,2,0,0,0,0,0,0,0,16,50,831058,54529,46164,0.11,0.07,0.87,14.4,23.4,15.0,1.0
Reiss Nelson,MID,Arsenal,10,11,2,2024-08-24T16:30:00Z,False,2,2,0,1,0,0,0,0,0,0,0,0,0,0,0,3,50,4193,252,801,0.0,0.0,0.02,2.0,0.0,0.0,1.5
Tosin Adarabioyo,DEF,Chelsea,187,20,2,2024-08-25T13:00:00Z,False,20,0,0,0,0,0,0,0,0,0,0,0,0,0,0,0,45,21937,337,4042,0.0,0.0,0.0,0.0,0.0,0.0,0.0
Matt Targett,DEF,Newcastle,416,12,2,2024-08-25T13:00:00Z,False,3,0,0,0,0,0,0,0,0,0,0,0,0,0,0,0,40,43200,3861,4917,0.0,0.0,0.0,0.0,0.0,0.0,0.5
Filip Marschall,GK,Aston Villa,46,11,2,2024-08-24T16:30:00Z,True,1,0,0,0,0,0,0,0,0,0,0,0,0,0,0,0,40,148,0,16,0.0,0.0,0.0,0.0,0.0,0.0,0.0
Jan Paul van Hecke,DEF,Brighton,144,13,2,2024-08-24T11:30:00Z,True,14,90,1,1,0,0,0,1,0,0,0,1,0,0,0,7,45,34486,6479,2296,0.0,0.02,1.43,20.8,1.0,4.0,3.5
Jean-Clair Todibo,DEF,West Ham,591,14,2,2024-08-24T14:00:00Z,False,7,2,0,1,0,0,0,0,0,0,0,0,0,0,0,3,45,43788,1860,4168,0.0,0.0,0.03,2.0,0.0,0.0,1.0
Chris Mepham,DEF,Bournemouth,72,12,2,2024-08-25T13:00:00Z,True,15,0,0,0,0,0,0,0,0,0,0,0,0,0,0,0,45,7211,77,994,0.0,0.0,0.0,0.0,0.0,0.0,-0.5
Ollie Watkins,FWD,Aston Villa,58,11,2,2024-08-24T16:30:00Z,True,1,64,1,2,0,0,1,0,0,0,0,0,0,0,0,-1,90,3019969,47103,362121,0.87,0.0,0.36,3.2,21.3,23.0,1.0
Jorge Cuenca Barreno,DEF,Fulham,586,15,2,2024-08-24T14:00:00Z,True,11,0,0,0,0,0,0,0,0,0,0,0,0,0,0,0,45,5565,101,831,0.0,0.0,0.0,0.0,0.0,0.0,0.5
Rico Lewis,DEF,Man City,355,17,2,2024-08-24T14:00:00Z,True,10,90,1,2,0,0,0,1,0,0,0,0,0,0,0,9,45,206433,144875,15635,0.53,0.06,0.29,7.0,8.8,24.0,5.5
Julián Araujo Zúñiga,DEF,Bournemouth,592,12,2,2024-08-25T13:00:00Z,True,15,85,1,2,0,0,0,1,0,0,0,0,0,0,0,4,45,19567,1282,2020,0.0,0.0,1.56,7.4,0.9,0.0,1.0
Murillo Santiago Costa dos Santos,DEF,Nott'm Forest,436,18,2,2024-08-24T14:00:00Z,False,17,90,1,7,0,0,1,0,0,0,0,0,0,0,1,28,45,47827,2005,3159,0.0,0.11,0.14,9.0,10.8,4.0,5.0
James Tarkowski,DEF,Everton,236,19,2,2024-08-24T14:00:00Z,False,18,90,1,0,0,0,0,4,0,0,0,0,0,0,0,-7,50,169697,1954,43273,0.23,0.19,2.43,8.2,10.6,23.0,0.0
Joël Veltman,DEF,Brighton,145,13,2,2024-08-24T11:30:00Z,True,14,90,1,2,0,0,0,1,0,0,0,0,0,0,0,16,45,211869,111524,12406,0.0,0.45,1.43,16.6,25.9,2.0,5.0
Jaidon Anthony,MID,Bournemouth,61,12,2,2024-08-25T13:00:00Z,True,15,0,0,0,0,0,0,0,0,0,0,0,0,0,0,0,45,45639,3692,4999,0.0,0.0,0.0,0.0,0.0,0.0,-0.5
Kamaldeen Sulemana,MID,Southampton,462,18,2,2024-08-24T14:00:00Z,True,16,0,0,0,0,0,0,0,0,0,0,0,0,0,0,0,50,423,11,191,0.0,0.0,0.0,0.0,0.0,0.0,-0.1
Timo Werner,MID,Spurs,509,19,2,2024-08-24T14:00:00Z,True,8,0,0,0,0,0,0,0,0,0,0,0,0,0,0,0,65,25989,1105,5015,0.0,0.0,0.0,0.0,0.0,0.0,0.5
Tyrone Mings,DEF,Aston Villa,49,11,2,2024-08-24T16:30:00Z,True,1,0,0,0,0,0,0,0,0,0,0,0,0,0,0,0,45,6091,65,2032,0.0,0.0,0.0,0.0,0.0,0.0,0.0
Matz Sels,GK,Nott'm Forest,443,18,2,2024-08-24T14:00:00Z,False,17,90,1,6,0,0,1,0,0,0,0,0,0,1,0,21,45,118001,14750,7846,0.0,0.0,0.14,5.0,0.0,0.0,5.0
Ryan Yates,MID,Nott'm Forest,449,18,2,2024-08-24T14:00:00Z,False,17,24,0,1,0,0,0,0,0,0,0,0,0,0,0,8,50,35817,21017,4282,0.02,0.0,0.0,5.0,10.7,1.0,4.5
Amad Diallo,MID,Man Utd,364,13,2,2024-08-24T11:30:00Z,False,5,89,1,6,1,0,0,1,0,0,0,1,0,0,0,19,50,322984,28221,37329,0.33,0.11,1.5,34.8,18.4,23.0,4.5
Sam Szmodics,MID,Ipswich,611,17,2,2024-08-24T14:00:00Z,False,13,71,1,6,1,0,0,3,0,0,0,1,0,0,0,21,60,14925,2851,2128,0.29,0.0,3.2,34.6,0.3,7.0,2.0
Malo Gusto,DEF,Chelsea,171,20,2,2024-08-25T13:00:00Z,False,20,90,1,0,0,0,0,2,0,0,0,1,0,0,0,6,50,316102,34210,22528,0.0,0.03,1.92,16.4,16.4,2.0,0.5
Hwang Ui-jo,FWD,Nott'm Forest,446,18,2,2024-08-24T14:00:00Z,False,17,0,0,0,0,0,0,0,0,0,0,0,0,0,0,0,45,161281,22827,16081,0.0,0.0,0.0,0.0,0.0,0.0,0.5
Jakub Stolarczyk,GK,Leicester,304,15,2,2024-08-24T14:00:00Z,False,9,0,0,0,0,0,0,0,0,0,0,0,0,0,0,0,40,4488,265,310,0.0,0.0,0.0,0.0,0.0,0.0,0.0
Lloyd Kelly,DEF,Newcastle,404,12,2,2024-08-25T13:00:00Z,False,3,68,1,2,0,0,0,1,0,0,0,0,0,0,0,6,45,13293,272,1574,0.0,0.01,1.81,10.0,1.3,0.0,2.0
Mateus Gonçalo Espanha Fernandes,MID,Southampton,623,18,2,2024-08-24T14:00:00Z,True,16,14,0,1,0,0,0,0,0,0,0,0,0,0,0,4,50,199,93,3,0.0,0.01,0.19,1.4,3.8,4.0,1.1
Valentín Barco,DEF,Brighton,116,13,2,2024-08-24T11:30:00Z,True,14,0,0,0,0,0,0,0,0,0,0,0,0,0,0,0,40,1927993,34238,291521,0.0,0.0,0.0,0.0,0.0,0.0,0.0
Dean Huijsen,DEF,Bournemouth,580,12,2,2024-08-25T13:00:00Z,True,15,0,0,0,0,0,0,0,0,0,0,0,0,0,0,0,45,12187,1087,847,0.0,0.0,0.0,0.0,0.0,0.0,0.5
Max Aarons,DEF,Bournemouth,59,12,2,2024-08-25T13:00:00Z,True,15,0,0,0,0,0,0,0,0,0,0,0,0,0,0,0,45,23692,1325,3695,0.0,0.0,0.0,0.0,0.0,0.0,-0.5
Rhys Williams,DEF,Liverpool,334,16,2,2024-08-25T15:30:00Z,True,4,0,0,0,0,0,0,0,0,0,0,0,0,0,0,0,40,16101,828,3381,0.0,0.0,0.0,0.0,0.0,0.0,0.0
Michail Antonio,FWD,West Ham,512,14,2,2024-08-24T14:00:00Z,False,7,61,1,2,0,0,1,0,0,0,0,0,0,0,0,-2,55,145902,18638,19870,0.56,0.01,0.79,0.0,4.0,14.0,2.0
Ibrahim Osman,MID,Brighton,127,13,2,2024-08-24T11:30:00Z,True,14,0,0,0,0,0,0,0,0,0,0,0,0,0,0,0,50,830,0,665,0.0,0.0,0.0,0.0,0.0,0.0,0.0
Lewis Miley,MID,Newcastle,411,12,2,2024-08-25T13:00:00Z,False,3,0,0,0,0,0,0,0,0,0,0,0,0,0,0,0,50,216,20,59,0.0,0.0,0.0,0.0,0.0,0.0,0.0
Nathan Wood-Gordon,DEF,Southampton,477,18,2,2024-08-24T14:00:00Z,True,16,0,0,0,0,0,0,0,0,0,0,0,0,0,0,0,40,122200,9930,8544,0.0,0.0,0.0,0.0,0.0,0.0,-0.5
Rodrigo Muniz Carvalho,FWD,Fulham,251,15,2,2024-08-24T14:00:00Z,True,11,79,1,2,0,0,0,1,0,0,0,0,0,0,0,8,61,948530,344688,50134,0.58,0.01,0.46,7.6,20.8,72.0,2.5
Benjamin White,DEF,Arsenal,24,11,2,2024-08-24T16:30:00Z,False,2,90,1,6,0,0,1,0,0,0,0,0,0,0,0,23,65,962999,19032,53659,0.0,0.02,1.28,9.2,6.8,4.0,7.0
Cameron Burgess,DEF,Ipswich,263,17,2,2024-08-24T14:00:00Z,False,13,0,0,0,0,0,0,0,0,0,0,0,0,0,0,0,40,32534,1161,3464,0.0,0.0,0.0,0.0,0.0,0.0,-1.5
Abdul Fatawu,MID,Leicester,570,15,2,2024-08-24T14:00:00Z,False,9,90,1,2,0,0,0,2,0,0,0,0,0,0,0,11,55,75093,33719,5512,0.06,0.0,1.78,13.4,4.8,20.0,4.5
Dominik Szoboszlai,MID,Liverpool,336,16,2,2024-08-25T15:30:00Z,True,4,90,1,2,0,0,1,0,0,0,0,1,0,0,0,9,65,262538,61722,20702,0.06,0.41,0.36,15.6,31.4,13.0,5.0
Tim Iroegbunam,MID,Everton,226,19,2,2024-08-24T14:00:00Z,False,18,90,1,2,0,0,0,4,0,0,0,0,0,0,0,2,45,33039,14015,4350,0.0,0.01,2.43,0.0,0.8,4.0,2.0
Neco Williams,DEF,Nott'm Forest,437,18,2,2024-08-24T14:00:00Z,False,17,90,1,6,0,0,1,0,0,0,0,0,0,0,0,25,45,48362,3034,3604,0.28,0.02,0.14,19.6,6.3,26.0,4.0
Roméo Lavia,MID,Chelsea,174,20,2,2024-08-25T13:00:00Z,False,20,0,0,0,0,0,0,0,0,0,0,0,0,0,0,0,45,165554,66189,16046,0.0,0.0,0.0,0.0,0.0,0.0,1.0
Leon Bailey,MID,Aston Villa,28,11,2,2024-08-24T16:30:00Z,True,1,90,1,2,0,0,0,2,0,0,0,0,0,0,0,10,65,310648,15599,53365,0.04,0.02,0.87,14.6,14.5,17.0,0.5
Niclas Füllkrug,FWD,West Ham,589,14,2,2024-08-24T14:00:00Z,False,7,27,0,1,0,0,0,0,0,0,0,0,0,0,0,-1,70,361419,27400,70940,0.25,0.0,0.56,1.2,0.3,23.0,1.0
Harvey Barnes,MID,Newcastle,392,12,2,2024-08-25T13:00:00Z,False,3,32,0,5,0,1,0,0,0,0,0,0,0,0,1,21,65,39809,1528,9029,0.17,0.31,1.07,21.6,30.3,10.0,3.5
Brennan Johnson,MID,Spurs,491,19,2,2024-08-24T14:00:00Z,True,8,90,1,3,0,0,1,0,0,0,0,0,0,0,0,3,65,65871,5485,9203,0.18,0.03,1.0,0.6,2.4,14.0,2.5
Andrew Moran,MID,Brighton,601,13,2,2024-08-24T11:30:00Z,True,14,0,0,0,0,0,0,0,0,0,0,0,0,0,0,0,50,653,24,156,0.0,0.0,0.0,0.0,0.0,0.0,0.0
Harry Maguire,DEF,Man Utd,377,13,2,2024-08-24T11:30:00Z,False,5,78,1,2,0,0,0,1,0,0,0,0,0,0,0,12,50,72691,11444,4142,0.04,0.0,1.5,15.4,12.0,4.0,3.5
Mark Travers,GK,Bournemouth,84,12,2,2024-08-25T13:00:00Z,True,15,0,0,0,0,0,0,0,0,0,0,0,0,0,0,0,45,15135,189,1706,0.0,0.0,0.0,0.0,0.0,0.0,-0.5
Will Smallbone,MID,Southampton,471,18,2,2024-08-24T14:00:00Z,True,16,83,1,2,0,0,0,1,0,0,0,0,0,0,0,9,50,5840,579,547,0.0,0.01,2.45,0.0,7.8,0.0,1.5
Mykhailo Mudryk,MID,Chelsea,179,20,2,2024-08-25T13:00:00Z,False,20,45,1,1,0,0,0,2,0,0,0,0,0,0,0,1,65,31317,1351,6447,0.0,0.01,1.75,0.0,1.1,0.0,0.5
Hamed Traorè,MID,Bournemouth,67,12,2,2024-08-25T13:00:00Z,True,15,0,0,0,0,0,0,0,0,0,0,0,0,0,0,0,45,19609,1680,2272,0.0,0.0,0.0,0.0,0.0,0.0,-0.5
Stefan Ortega Moreno,GK,Man City,358,17,2,2024-08-24T14:00:00Z,True,10,0,0,0,0,0,0,0,0,0,0,0,0,0,0,0,55,73048,476,11429,0.0,0.0,0.0,0.0,0.0,0.0,1.5
Renato Palma Veiga,MID,Chelsea,184,20,2,2024-08-25T13:00:00Z,False,20,7,0,1,0,0,0,0,0,0,0,0,0,0,0,4,45,11457,2453,1286,0.0,0.0,0.12,3.4,0.4,0.0,1.0
Eberechi Eze,MID,Crystal Palace,199,14,2,2024-08-24T14:00:00Z,True,19,90,1,2,0,0,0,2,0,0,0,0,0,0,0,14,70,3069358,117964,204950,0.45,0.17,1.39,16.8,56.2,36.0,2.0
Samuel Iling-Junior,MID,Aston Villa,41,11,2,2024-08-24T16:30:00Z,True,1,0,0,0,0,0,0,0,0,0,0,0,0,0,0,0,55,6881,179,1639,0.0,0.0,0.0,0.0,0.0,0.0,-1.0
Boubacar Kamara,MID,Aston Villa,42,11,2,2024-08-24T16:30:00Z,True,1,0,0,0,0,0,0,0,0,0,0,0,0,0,0,0,50,331,23,61,0.0,0.0,0.0,0.0,0.0,0.0,0.0
Ali Al-Hamadi,FWD,Ipswich,260,17,2,2024-08-24T14:00:00Z,False,13,7,0,0,0,0,0,1,0,0,0,1,0,0,0,-2,50,37937,4845,5710,0.0,0.0,0.04,0.0,0.0,0.0,-1.0
Willy Boly,DEF,Nott'm Forest,425,18,2,2024-08-24T14:00:00Z,False,17,1,0,1,0,0,0,0,0,0,0,0,0,0,0,3,45,26683,2978,2164,0.0,0.0,0.0,0.0,0.1,0.0,2.0
Carlos Alcaraz Durán,MID,Southampton,450,18,2,2024-08-24T14:00:00Z,True,16,0,0,0,0,0,0,0,0,0,0,0,0,0,0,0,50,10045,587,1409,0.0,0.0,0.0,0.0,0.0,0.0,0.0
Victor Lindelöf,DEF,Man Utd,376,13,2,2024-08-24T11:30:00Z,False,5,0,0,0,0,0,0,0,0,0,0,0,0,0,0,0,45,15721,219,4541,0.0,0.0,0.0,0.0,0.0,0.0,0.0
Ross Barkley,MID,Aston Villa,29,11,2,2024-08-24T16:30:00Z,True,1,14,0,1,0,0,0,1,0,0,0,0,0,0,0,2,54,69201,2526,17509,0.02,0.01,0.38,0.0,1.6,1.0,-0.5
James McConnell,MID,Liverpool,330,16,2,2024-08-25T15:30:00Z,True,4,0,0,0,0,0,0,0,0,0,0,0,0,0,0,0,45,3607,241,517,0.0,0.0,0.0,0.0,0.0,0.0,0.5
Kobbie Mainoo,MID,Man Utd,378,13,2,2024-08-24T11:30:00Z,False,5,90,1,1,0,0,0,2,0,0,0,1,0,0,0,18,55,591550,39563,54609,0.0,0.01,2.09,14.4,1.3,4.0,2.0
Ramón Sosa,MID,Nott'm Forest,620,18,2,2024-08-24T14:00:00Z,False,17,0,0,0,0,0,0,0,0,0,0,0,0,0,0,0,55,504,113,19,0.0,0.0,0.0,0.0,0.0,0.0,2.5
Sander Berge,MID,Fulham,622,15,2,2024-08-24T14:00:00Z,True,11,0,0,0,0,0,0,0,0,0,0,0,0,0,0,0,50,685,466,42,0.0,0.0,0.0,0.0,0.0,0.0,2.1
Adam Armstrong,FWD,Southampton,453,18,2,2024-08-24T14:00:00Z,True,16,70,1,1,0,0,0,1,0,0,0,1,0,0,0,1,55,180975,37679,17395,0.02,0.01,2.14,2.2,2.9,9.0,1.0
Aaron Cresswell,DEF,West Ham,517,14,2,2024-08-24T14:00:00Z,False,7,1,0,1,0,0,0,0,0,0,0,0,0,0,0,3,40,227554,10331,16944,0.0,0.0,0.03,0.0,0.0,0.0,0.5
Emil Krafth,DEF,Newcastle,405,12,2,2024-08-25T13:00:00Z,False,3,90,1,2,0,0,0,1,0,0,0,0,0,0,0,9,45,16820,3986,912,0.0,0.03,2.23,9.0,10.8,0.0,4.5
Jakub Kiwior,DEF,Arsenal,8,11,2,2024-08-24T16:30:00Z,False,2,0,0,0,0,0,0,0,0,0,0,0,0,0,0,0,50,17038,708,3950,0.0,0.0,0.0,0.0,0.0,0.0,1.0
Kristoffer Ajer,DEF,Brentford,86,16,2,2024-08-25T15:30:00Z,False,12,90,1,1,0,0,0,2,0,0,0,0,0,0,0,-2,45,37758,2879,3320,0.0,0.01,2.65,11.8,11.6,2.0,1.0
Will Hughes,MID,Crystal Palace,203,14,2,2024-08-24T14:00:00Z,True,19,0,0,0,0,0,0,0,0,0,0,0,0,0,0,0,50,4497,420,705,0.0,0.0,0.0,0.0,0.0,0.0,0.8
David Ozoh,MID,Crystal Palace,212,14,2,2024-08-24T14:00:00Z,True,19,0,0,0,0,0,0,0,0,0,0,0,0,0,0,0,45,305,0,110,0.0,0.0,0.0,0.0,0.0,0.0,0.0
Jakub Moder,MID,Brighton,137,13,2,2024-08-24T11:30:00Z,True,14,0,0,0,0,0,0,0,0,0,0,0,0,0,0,0,45,31450,976,3619,0.0,0.0,0.0,0.0,0.0,0.0,0.0
Cieran Slicker,GK,Ipswich,280,17,2,2024-08-24T14:00:00Z,False,13,0,0,0,0,0,0,0,0,0,0,0,0,0,0,0,40,85579,2911,2609,0.0,0.0,0.0,0.0,0.0,0.0,-1.5
Raheem Sterling,MID,Chelsea,186,20,2,2024-08-25T13:00:00Z,False,20,0,0,0,0,0,0,0,0,0,0,0,0,0,0,0,69,142291,2709,39539,0.0,0.0,0.0,0.0,0.0,0.0,0.0
Raúl Jiménez,FWD,Fulham,252,15,2,2024-08-24T14:00:00Z,True,11,10,0,1,0,0,0,0,0,0,0,0,0,0,0,2,55,42883,4165,9397,0.0,0.0,0.15,0.2,0.3,0.0,1.5
Bryan Gil Salvatierra,MID,Spurs,483,19,2,2024-08-24T14:00:00Z,True,8,0,0,0,0,0,0,0,0,0,0,0,0,0,0,0,50,196,0,65,0.0,0.0,0.0,0.0,0.0,0.0,0.0
Myles Lewis-Skelly,MID,Arsenal,597,11,2,2024-08-24T16:30:00Z,False,2,0,0,0,0,0,0,0,0,0,0,0,0,0,0,0,45,3587,742,511,0.0,0.0,0.0,0.0,0.0,0.0,1.0
Giovani Lo Celso,MID,Spurs,493,19,2,2024-08-24T14:00:00Z,True,8,0,0,0,0,0,0,0,0,0,0,0,0,0,0,0,50,9366,720,1933,0.0,0.0,0.0,0.0,0.0,0.0,0.0
Tawanda Chirewa,MID,Wolves,538,20,2,2024-08-25T13:00:00Z,True,6,0,0,0,0,0,0,0,0,0,0,0,0,0,0,0,45,8897,916,1211,0.0,0.0,0.0,0.0,0.0,0.0,0.0
Cameron Humphreys,MID,Ipswich,273,17,2,2024-08-24T14:00:00Z,False,13,0,0,0,0,0,0,0,0,0,0,0,0,0,0,0,45,5456,651,951,0.0,0.0,0.0,0.0,0.0,0.0,0.0
Ashley Young,DEF,Everton,238,19,2,2024-08-24T14:00:00Z,False,18,0,0,0,0,0,0,0,0,0,0,0,0,0,0,0,45,13810,181,6825,0.0,0.0,0.0,0.0,0.0,0.0,0.0
James Bree,DEF,Southampton,457,18,2,2024-08-24T14:00:00Z,True,16,0,0,0,0,0,0,0,0,0,0,0,0,0,0,0,40,15272,638,1414,0.0,0.0,0.0,0.0,0.0,0.0,-0.5
Alex Scott,MID,Bournemouth,77,24,3,2024-08-31T14:00:00Z,False,8,24,0,1,0,0,0,0,0,0,0,0,0,0,0,4,50,5140,349,923,0.0,0.01,0.26,12.6,2.4,0.0,1.3
Carlos Miguel dos Santos Pereira,GK,Nott'm Forest,427,29,3,2024-08-31T14:00:00Z,True,20,0,0,0,0,0,0,0,0,0,0,0,0,0,0,0,44,26693,1540,4860,0.0,0.0,0.0,0.0,0.0,0.0,0.0
Tomiyasu Takehiro,DEF,Arsenal,22,21,3,2024-08-31T11:30:00Z,True,5,0,0,0,0,0,0,0,0,0,0,0,0,0,0,0,49,4687,86,1257,0.0,0.0,0.0,0.0,0.0,0.0,0.0
Malcolm Ebiowei,MID,Crystal Palace,197,23,3,2024-09-01T12:30:00Z,False,6,0,0,0,0,0,0,0,0,0,0,0,0,0,0,0,45,448,0,87,0.0,0.0,0.0,0.0,0.0,0.0,0.0
Ben Brereton Díaz,MID,Southampton,584,22,3,2024-08-31T14:00:00Z,False,4,90,1,2,0,0,0,3,0,0,0,0,0,0,0,7,55,60838,3403,15844,0.2,0.03,2.78,0.8,6.7,33.0,1.2
Pau Torres,DEF,Aston Villa,52,26,3,2024-08-31T14:00:00Z,False,11,90,1,2,0,0,0,1,0,0,0,0,0,0,0,7,45,181453,57871,21133,0.0,0.0,0.45,8.8,1.1,0.0,2.2
Joel Ward,DEF,Crystal Palace,215,23,3,2024-09-01T12:30:00Z,False,6,0,0,0,0,0,0,0,0,0,0,0,0,0,0,0,45,12695,269,1827,0.0,0.0,0.0,0.0,0.0,0.0,0.0
Will Lankshear,FWD,Spurs,609,28,3,2024-09-01T12:30:00Z,False,15,0,0,0,0,0,0,0,0,0,0,0,0,0,0,0,45,77278,41458,12828,0.0,0.0,0.0,0.0,0.0,0.0,-0.5
Hwang Hee-chan,MID,Wolves,550,29,3,2024-08-31T14:00:00Z,False,16,30,0,1,0,0,0,0,0,0,0,0,0,0,0,3,64,73088,5169,17541,0.0,0.01,0.68,4.4,10.6,2.0,1.3
Mikey Moore,MID,Spurs,610,28,3,2024-09-01T12:30:00Z,False,15,0,0,0,0,0,0,0,0,0,0,0,0,0,0,0,45,20895,6169,4361,0.0,0.0,0.0,0.0,0.0,0.0,-0.5
Hákon Valdimarsson,GK,Brentford,109,22,3,2024-08-31T14:00:00Z,True,17,0,0,0,0,0,0,0,0,0,0,0,0,0,0,0,40,419186,39613,22705,0.0,0.0,0.0,0.0,0.0,0.0,0.5
Alex Paulsen,GK,Bournemouth,75,24,3,2024-08-31T14:00:00Z,False,8,0,0,0,0,0,0,0,0,0,0,0,0,0,0,0,40,4141,0,339,0.0,0.0,0.0,0.0,0.0,0.0,0.0
João Victor Gomes da Silva,MID,Wolves,553,29,3,2024-08-31T14:00:00Z,False,16,59,1,0,0,0,0,1,0,0,0,1,0,0,0,-3,50,12372,956,1807,0.06,0.01,0.36,3.4,3.5,1.0,1.0
Cole Palmer,MID,Chelsea,182,23,3,2024-09-01T12:30:00Z,True,7,90,1,6,0,1,0,1,0,0,0,1,0,0,2,29,106,4154208,830573,154858,0.11,0.7,0.44,30.8,62.2,14.0,8.3
Mitoma Kaoru,MID,Brighton,136,21,3,2024-08-31T11:30:00Z,False,1,84,1,2,0,0,0,1,0,0,0,0,0,0,0,13,66,672158,291730,116398,0.04,0.14,2.08,5.8,27.0,12.0,4.3
Boubakary Soumaré,MID,Leicester,285,26,3,2024-08-31T14:00:00Z,True,2,0,0,0,0,0,0,0,0,0,0,0,0,0,0,0,45,20154,2419,3633,0.0,0.0,0.0,0.0,0.0,0.0,-0.2
Chris Wood,FWD,Nott'm Forest,447,29,3,2024-08-31T14:00:00Z,True,20,90,1,9,1,0,0,1,0,0,0,0,0,0,3,31,61,789654,112136,131492,0.47,0.01,0.74,41.2,7.3,81.0,6.3
Joe Worrall,DEF,Nott'm Forest,448,29,3,2024-08-31T14:00:00Z,True,20,0,0,0,0,0,0,0,0,0,0,0,0,0,0,0,45,4935,23,1573,0.0,0.0,0.0,0.0,0.0,0.0,0.0
Jeffrey Schlupp,MID,Crystal Palace,214,23,3,2024-09-01T12:30:00Z,False,6,2,0,1,0,0,0,0,0,0,0,0,0,0,0,3,49,9507,2030,2376,0.0,0.0,0.29,0.4,0.3,0.0,0.7
Milos Kerkez,DEF,Bournemouth,70,24,3,2024-08-31T14:00:00Z,False,8,65,1,1,0,0,0,2,0,0,0,0,0,0,0,3,45,46129,6136,4239,0.01,0.06,1.71,8.2,19.6,4.0,1.3
Adrian Mazilu,MID,Brighton,133,21,3,2024-08-31T11:30:00Z,False,1,0,0,0,0,0,0,0,0,0,0,0,0,0,0,0,45,3823,400,999,0.0,0.0,0.0,0.0,0.0,0.0,0.0
Jason Steele,GK,Brighton,142,21,3,2024-08-31T11:30:00Z,False,1,0,0,0,0,0,0,0,0,0,0,0,0,0,0,0,45,243067,131835,48629,0.0,0.0,0.0,0.0,0.0,0.0,2.0
Arijanet Muric,GK,Ipswich,568,25,3,2024-08-31T14:00:00Z,True,9,90,1,3,0,0,0,1,0,0,0,0,0,3,0,12,44,35217,3108,3863,0.0,0.0,0.95,28.6,0.0,0.0,0.5
Carl Rushworth,GK,Brighton,615,21,3,2024-08-31T11:30:00Z,False,1,0,0,0,0,0,0,0,0,0,0,0,0,0,0,0,40,9795,4408,2031,0.0,0.0,0.0,0.0,0.0,0.0,0.0
Ibrahim Sangaré,MID,Nott'm Forest,442,29,3,2024-08-31T14:00:00Z,True,20,57,1,0,0,0,0,1,0,0,0,1,0,0,0,4,45,268272,68764,41979,0.0,0.01,0.62,14.4,11.8,4.0,1.3
Hannibal Mejbri,MID,Man Utd,373,27,3,2024-09-01T15:00:00Z,True,12,0,0,0,0,0,0,0,0,0,0,0,0,0,0,0,45,10746,976,2676,0.0,0.0,0.0,0.0,0.0,0.0,0.0
Brandon Austin,GK,Spurs,479,28,3,2024-09-01T12:30:00Z,False,15,0,0,0,0,0,0,0,0,0,0,0,0,0,0,0,40,48890,5915,3365,0.0,0.0,0.0,0.0,0.0,0.0,-0.5
Conor Coady,DEF,Leicester,288,26,3,2024-08-31T14:00:00Z,True,2,0,0,0,0,0,0,0,0,0,0,0,0,0,0,0,40,21015,1962,2626,0.0,0.0,0.0,0.0,0.0,0.0,-0.5
Wes Foderingham,GK,West Ham,522,30,3,2024-08-31T16:30:00Z,True,13,0,0,0,0,0,0,0,0,0,0,0,0,0,0,0,45,15140,379,1710,0.0,0.0,0.0,0.0,0.0,0.0,-1.0
Armando Broja,FWD,Everton,156,24,3,2024-08-31T14:00:00Z,True,3,0,0,0,0,0,0,0,0,0,0,0,0,0,0,0,55,9731,1887,2696,0.0,0.0,0.0,0.0,0.0,0.0,0.0
Adam Webster,DEF,Brighton,147,21,3,2024-08-31T11:30:00Z,False,1,0,0,0,0,0,0,0,0,0,0,0,0,0,0,0,45,10444,494,1641,0.0,0.0,0.0,0.0,0.0,0.0,-0.7
Thomas Partey,MID,Arsenal,20,21,3,2024-08-31T11:30:00Z,True,5,90,1,1,0,0,0,1,0,0,0,1,0,0,0,8,50,147597,120463,21758,0.0,0.0,1.83,17.0,0.6,0.0,6.0
Harry Wilson,MID,Fulham,259,25,3,2024-08-31T14:00:00Z,False,10,3,0,1,0,0,0,0,0,0,0,0,0,0,0,3,54,15210,993,3856,0.0,0.0,0.09,0.0,0.0,0.0,1.2
Kasey McAteer,MID,Leicester,299,26,3,2024-08-31T14:00:00Z,True,2,1,0,1,0,0,0,0,0,0,0,0,0,0,0,2,49,3965,304,773,0.0,0.0,0.01,0.0,0.1,2.0,0.5
Curtis Jones,MID,Liverpool,324,27,3,2024-09-01T15:00:00Z,False,14,0,0,0,0,0,0,0,0,0,0,0,0,0,0,0,54,7851,380,2744,0.0,0.0,0.0,0.0,0.0,0.0,0.1
Wes Burns,MID,Ipswich,264,25,3,2024-08-31T14:00:00Z,True,9,0,0,0,0,0,0,0,0,0,0,0,0,0,0,0,49,4792,104,2074,0.0,0.0,0.0,0.0,0.0,0.0,0.0
Gustavo Nunes Fernandes Gomes,MID,Brentford,634,22,3,2024-08-31T14:00:00Z,True,17,0,0,0,0,0,0,0,0,0,0,0,0,0,0,0,50,83,43,5,0.0,0.0,0.0,0.0,0.0,0.0,2.1
Yunus Emre Konak,MID,Brentford,97,22,3,2024-08-31T14:00:00Z,True,17,0,0,0,0,0,0,0,0,0,0,0,0,0,0,0,45,6154,920,937,0.0,0.0,0.0,0.0,0.0,0.0,0.5
Max Kilman,DEF,West Ham,524,30,3,2024-08-31T16:30:00Z,True,13,90,1,0,0,0,0,3,0,0,0,1,0,0,0,-5,45,237740,146272,29725,0.22,0.0,3.0,15.0,0.3,7.0,3.3
Deniz Undav,FWD,Brighton,143,21,3,2024-08-31T11:30:00Z,False,1,0,0,0,0,0,0,0,0,0,0,0,0,0,0,0,55,825,0,270,0.0,0.0,0.0,0.0,0.0,0.0,0.0
Alex Murphy,DEF,Newcastle,390,28,3,2024-09-01T12:30:00Z,True,18,0,0,0,0,0,0,0,0,0,0,0,0,0,0,0,40,89171,12523,9952,0.0,0.0,0.0,0.0,0.0,0.0,0.5
George Edmundson,DEF,Ipswich,269,25,3,2024-08-31T14:00:00Z,True,9,0,0,0,0,0,0,0,0,0,0,0,0,0,0,0,40,17982,1559,1760,0.0,0.0,0.0,0.0,0.0,0.0,0.0
Sávio 'Savinho' Moreira de Oliveira,MID,Man City,571,30,3,2024-08-31T16:30:00Z,False,19,0,0,0,0,0,0,0,0,0,0,0,0,0,0,0,65,234408,205392,41607,0.0,0.0,0.0,0.0,0.0,0.0,4.3
Emerson Palmieri dos Santos,DEF,West Ham,520,30,3,2024-08-31T16:30:00Z,True,13,70,1,0,0,0,0,2,0,0,0,1,0,0,0,-1,45,70586,6740,7242,0.0,0.06,2.24,8.2,11.3,4.0,1.3
Abdoulaye Doucouré,MID,Everton,217,24,3,2024-08-31T14:00:00Z,True,3,7,0,1,0,0,0,3,0,0,0,0,0,0,0,4,54,37931,2669,9092,0.0,0.01,1.54,1.2,1.9,2.0,1.3
José Malheiro de Sá,GK,Wolves,554,29,3,2024-08-31T14:00:00Z,False,16,0,0,0,0,0,0,0,0,0,0,0,0,0,0,0,45,220696,10722,22412,0.0,0.0,0.0,0.0,0.0,0.0,0.3
Alexander Isak,FWD,Newcastle,401,28,3,2024-09-01T12:30:00Z,True,18,90,1,9,1,0,0,1,0,0,0,0,0,0,3,32,85,4766539,106505,902617,1.0,0.01,1.26,34.6,1.3,45.0,5.8
Yves Bissouma,MID,Spurs,482,28,3,2024-09-01T12:30:00Z,False,15,81,1,1,0,0,0,2,0,0,0,1,0,0,0,15,50,49892,37438,7488,0.0,0.06,1.57,11.6,29.0,2.0,2.8
Conor Gallagher,MID,Chelsea,169,23,3,2024-09-01T12:30:00Z,True,7,0,0,0,0,0,0,0,0,0,0,0,0,0,0,0,59,28395,0,25295,0.0,0.0,0.0,0.0,0.0,0.0,0.0
Philip Billing,MID,Bournemouth,76,24,3,2024-08-31T14:00:00Z,False,8,0,0,0,0,0,0,0,0,0,0,0,0,0,0,0,49,5786,248,1561,0.0,0.0,0.0,0.0,0.0,0.0,0.2
Gonçalo Manuel Ganchinho Guedes,MID,Wolves,548,29,3,2024-08-31T14:00:00Z,False,16,15,0,1,0,0,0,0,0,0,0,0,0,0,0,6,54,8464,893,1780,0.0,0.0,0.35,3.2,0.1,0.0,0.3
Brajan Gruda,MID,Brighton,595,21,3,2024-08-31T11:30:00Z,False,1,0,0,0,0,0,0,0,0,0,0,0,0,0,0,0,55,3354,155,890,0.0,0.0,0.0,0.0,0.0,0.0,-0.5
Rodrigo 'Rodri' Hernandez,MID,Man City,360,30,3,2024-08-31T16:30:00Z,False,19,0,0,0,0,0,0,0,0,0,0,0,0,0,0,0,64,181931,1957,62969,0.0,0.0,0.0,0.0,0.0,0.0,0.8
Đorđe Petrović,GK,Chelsea,183,23,3,2024-09-01T12:30:00Z,True,7,0,0,0,0,0,0,0,0,0,0,0,0,0,0,0,44,57289,1715,12300,0.0,0.0,0.0,0.0,0.0,0.0,0.0
Justin Devenny,MID,Crystal Palace,645,23,3,2024-09-01T12:30:00Z,False,6,0,0,0,0,0,0,0,0,0,0,0,0,0,0,0,45,0,0,0,0.0,0.0,0.0,0.0,0.0,0.0,1.1
Craig Dawson,DEF,Wolves,542,29,3,2024-08-31T14:00:00Z,False,16,90,1,2,0,0,0,1,0,0,0,0,0,0,0,11,45,17648,636,1762,0.0,0.0,1.04,26.6,0.3,4.0,1.3
Jordan Ayew,MID,Leicester,192,26,3,2024-08-31T14:00:00Z,True,2,66,1,2,0,0,0,2,0,0,0,0,0,0,0,13,54,30593,1367,7608,0.04,0.04,1.46,8.4,21.3,1.0,0.5
Marcos Senesi,DEF,Bournemouth,79,24,3,2024-08-31T14:00:00Z,False,8,76,1,1,0,0,0,2,0,0,0,0,0,0,0,6,49,79136,6489,10796,0.0,0.05,1.89,19.4,5.3,2.0,0.7
Kiernan Dewsbury-Hall,MID,Chelsea,166,23,3,2024-09-01T12:30:00Z,True,7,0,0,0,0,0,0,0,0,0,0,0,0,0,0,0,59,19280,1220,6052,0.0,0.0,0.0,0.0,0.0,0.0,0.7
Kaine Kesler-Hayden,DEF,Aston Villa,43,26,3,2024-08-31T14:00:00Z,False,11,0,0,0,0,0,0,0,0,0,0,0,0,0,0,0,40,1661,0,280,0.0,0.0,0.0,0.0,0.0,0.0,0.0
João Cavaco Cancelo,DEF,Man City,353,30,3,2024-08-31T16:30:00Z,False,19,0,0,0,0,0,0,0,0,0,0,0,0,0,0,0,53,51693,1630,27802,0.0,0.0,0.0,0.0,0.0,0.0,0.0
Maxwel Cornet,MID,Southampton,515,22,3,2024-08-31T14:00:00Z,False,4,0,0,0,0,0,0,0,0,0,0,0,0,0,0,0,49,3096,327,618,0.0,0.0,0.0,0.0,0.0,0.0,-0.5
Jefferson Lerma Solís,MID,Crystal Palace,206,23,3,2024-09-01T12:30:00Z,False,6,0,0,0,0,0,0,0,0,0,0,0,0,0,0,0,49,6216,940,984,0.0,0.0,0.0,0.0,0.0,0.0,1.0
Jannik Vestergaard,DEF,Leicester,307,26,3,2024-08-31T14:00:00Z,True,2,0,0,0,0,0,0,0,0,0,0,0,0,0,0,0,40,302305,62563,33519,0.0,0.0,0.0,0.0,0.0,0.0,0.2
Luke Thomas,DEF,Leicester,305,26,3,2024-08-31T14:00:00Z,True,2,0,0,0,0,0,0,0,0,0,0,0,0,0,0,0,40,51914,2276,6205,0.0,0.0,0.0,0.0,0.0,0.0,-0.5
Bruno Borges Fernandes,MID,Man Utd,366,27,3,2024-09-01T15:00:00Z,True,12,90,1,2,0,0,0,3,0,0,0,0,0,0,0,16,84,1345830,27002,477724,0.02,0.07,1.73,11.6,9.6,3.0,1.8
Adam Smith,DEF,Bournemouth,81,24,3,2024-08-31T14:00:00Z,False,8,13,0,1,0,0,0,0,0,0,0,0,0,0,0,5,45,17855,1192,2010,0.0,0.0,0.08,5.4,10.0,0.0,1.3
Miodrag Pivaš,DEF,Newcastle,574,28,3,2024-09-01T12:30:00Z,True,18,0,0,0,0,0,0,0,0,0,0,0,0,0,0,0,40,13407,1033,1486,0.0,0.0,0.0,0.0,0.0,0.0,0.5
Billy Gilmour,MID,Brighton,124,21,3,2024-08-31T11:30:00Z,False,1,0,0,0,0,0,0,0,0,0,0,0,0,0,0,0,50,14605,2090,3425,0.0,0.0,0.0,0.0,0.0,0.0,0.0
Rasmus Højlund,FWD,Man Utd,375,27,3,2024-09-01T15:00:00Z,True,12,0,0,0,0,0,0,0,0,0,0,0,0,0,0,0,69,37780,999,8916,0.0,0.0,0.0,0.0,0.0,0.0,0.0
Callum Wilson,FWD,Newcastle,421,28,3,2024-09-01T12:30:00Z,True,18,0,0,0,0,0,0,0,0,0,0,0,0,0,0,0,69,4858,179,1431,0.0,0.0,0.0,0.0,0.0,0.0,0.0
Crysencio Summerville,MID,West Ham,587,30,3,2024-08-31T16:30:00Z,True,13,4,0,1,0,0,0,0,0,0,0,0,0,0,0,5,59,61287,2798,28814,0.06,0.0,0.22,3.0,0.3,19.0,-0.3
Jesurun Rak-Sakyi,MID,Crystal Palace,213,23,3,2024-09-01T12:30:00Z,False,6,0,0,0,0,0,0,0,0,0,0,0,0,0,0,0,45,12620,0,4978,0.0,0.0,0.0,0.0,0.0,0.0,0.0
Oliver Skipp,MID,Leicester,501,26,3,2024-08-31T14:00:00Z,True,2,67,1,1,0,0,0,2,0,0,0,1,0,0,0,13,50,4224,279,721,0.05,0.02,1.46,8.8,4.4,7.0,0.2
Tomáš Souček,MID,West Ham,530,30,3,2024-08-31T16:30:00Z,True,13,13,0,1,0,0,0,1,0,0,0,0,0,0,0,2,50,326006,113077,43386,0.13,0.08,0.76,0.0,0.5,8.0,3.7
Taylor Harwood-Bellis,DEF,Southampton,461,22,3,2024-08-31T14:00:00Z,False,4,55,1,0,0,0,0,1,0,0,0,1,0,0,0,-1,40,1136280,155073,82314,0.0,0.04,1.21,9.4,17.4,0.0,0.5
Alphonse Areola,GK,West Ham,513,30,3,2024-08-31T16:30:00Z,True,13,45,1,1,0,0,0,2,0,0,0,0,0,3,0,2,45,906421,66034,78395,0.0,0.0,1.71,21.4,0.0,0.0,1.7
Lisandro Martínez,DEF,Man Utd,380,27,3,2024-09-01T15:00:00Z,True,12,90,1,0,0,0,0,3,0,0,0,1,0,0,0,-5,45,549345,23873,76114,0.34,0.01,1.73,9.6,1.3,4.0,2.2
Richarlison de Andrade,FWD,Spurs,497,28,3,2024-09-01T12:30:00Z,False,15,0,0,0,0,0,0,0,0,0,0,0,0,0,0,0,70,88492,8301,48374,0.0,0.0,0.0,0.0,0.0,0.0,0.0
Joško Gvardiol,DEF,Man City,350,30,3,2024-08-31T16:30:00Z,False,19,87,1,2,0,0,0,1,0,0,0,0,0,0,0,15,60,3142610,138109,332335,0.1,0.45,0.64,21.8,8.6,33.0,4.7
Harry Clarke,DEF,Ipswich,266,25,3,2024-08-31T14:00:00Z,True,9,0,0,0,0,0,0,0,0,0,0,0,0,0,0,0,40,2630,245,525,0.0,0.0,0.0,0.0,0.0,0.0,0.0
Joachim Andersen,DEF,Fulham,191,25,3,2024-08-31T14:00:00Z,False,10,0,0,0,0,0,0,0,0,0,0,0,0,0,0,0,45,1426373,36048,255624,0.0,0.0,0.0,0.0,0.0,0.0,0.5
Moisés Caicedo Corozo,MID,Chelsea,157,23,3,2024-09-01T12:30:00Z,True,7,90,1,2,0,0,0,1,0,0,0,0,0,0,0,18,50,60944,5780,12497,0.0,0.03,0.44,20.8,4.2,0.0,1.7
Carlos Henrique Casimiro,MID,Man Utd,368,27,3,2024-09-01T15:00:00Z,True,12,45,1,1,0,0,0,2,0,0,0,0,0,0,0,5,50,66794,8341,16775,0.0,0.0,0.7,0.0,0.5,0.0,1.5
Roman Dixon,DEF,Everton,627,24,3,2024-08-31T14:00:00Z,True,3,0,0,0,0,0,0,0,0,0,0,0,0,0,0,0,40,2749,1676,356,0.0,0.0,0.0,0.0,0.0,0.0,0.0
Jhon Durán,FWD,Aston Villa,38,26,3,2024-08-31T14:00:00Z,False,11,29,0,7,1,0,0,1,0,0,0,1,0,0,3,27,60,77745,28151,18017,0.23,0.0,0.28,33.2,3.2,40.0,5.2
Jacob Murphy,MID,Newcastle,402,28,3,2024-09-01T12:30:00Z,True,18,29,0,4,0,1,0,0,0,0,0,0,0,0,0,16,54,110889,3085,77797,0.09,0.67,0.27,23.8,14.8,21.0,2.5
Sean Longstaff,MID,Newcastle,410,28,3,2024-09-01T12:30:00Z,True,18,67,1,1,0,0,0,1,0,0,0,1,0,0,0,6,50,90362,2839,18345,0.0,0.0,0.99,16.2,0.9,0.0,2.5
Leander Dendoncker,MID,Aston Villa,33,26,3,2024-08-31T14:00:00Z,False,11,0,0,0,0,0,0,0,0,0,0,0,0,0,0,0,45,84891,8559,13950,0.0,0.0,0.0,0.0,0.0,0.0,0.5
Trevoh Chalobah,DEF,Chelsea,159,23,3,2024-09-01T12:30:00Z,True,7,0,0,0,0,0,0,0,0,0,0,0,0,0,0,0,44,17493,1923,3270,0.0,0.0,0.0,0.0,0.0,0.0,0.0
Ryan Manning,DEF,Southampton,467,22,3,2024-08-31T14:00:00Z,False,4,0,0,0,0,0,0,0,0,0,0,0,0,0,0,0,44,7344,164,1024,0.0,0.0,0.0,0.0,0.0,0.0,-0.5
Vitalii Mykolenko,DEF,Everton,231,24,3,2024-08-31T14:00:00Z,True,3,90,1,1,0,0,0,3,0,0,0,0,0,0,0,1,44,669402,22953,122781,0.0,0.04,2.22,23.6,14.8,2.0,0.7
Ryan Christie,MID,Bournemouth,63,24,3,2024-08-31T14:00:00Z,False,8,65,1,2,0,0,0,2,0,0,0,0,0,0,0,12,49,20266,2345,3262,0.0,0.02,1.71,7.6,11.8,2.0,1.7
Fábio Silva,FWD,Wolves,545,29,3,2024-08-31T14:00:00Z,False,16,0,0,0,0,0,0,0,0,0,0,0,0,0,0,0,50,31428,4550,7080,0.0,0.0,0.0,0.0,0.0,0.0,0.0
Kepa Arrizabalaga,GK,Bournemouth,152,24,3,2024-08-31T14:00:00Z,False,8,90,1,3,0,0,0,2,0,0,0,0,0,6,0,12,45,40493,12276,6437,0.0,0.0,1.97,44.0,0.0,0.0,1.0
Frank Onyeka,MID,Brentford,102,22,3,2024-08-31T14:00:00Z,True,17,0,0,0,0,0,0,0,0,0,0,0,0,0,0,0,49,3926,458,758,0.0,0.0,0.0,0.0,0.0,0.0,0.0
Youssef Ramalho Chermiti,FWD,Everton,237,24,3,2024-08-31T14:00:00Z,True,3,0,0,0,0,0,0,0,0,0,0,0,0,0,0,0,50,1182,126,411,0.0,0.0,0.0,0.0,0.0,0.0,0.0
Morgan Gibbs-White,MID,Nott'm Forest,433,29,3,2024-08-31T14:00:00Z,True,20,90,1,1,0,0,0,1,0,0,0,1,0,0,0,13,65,484356,103142,58097,0.13,0.7,0.74,14.6,36.7,55.0,4.3
Noni Madueke,MID,Chelsea,177,23,3,2024-09-01T12:30:00Z,True,7,85,1,2,0,0,0,1,0,0,0,0,0,0,0,-2,65,1086203,1038647,96022,0.59,0.04,0.25,5.0,3.9,41.0,7.3
Nélson Cabral Semedo,DEF,Wolves,559,29,3,2024-08-31T14:00:00Z,False,16,74,1,2,0,0,0,1,0,0,0,0,0,0,0,7,45,3397,1161,302,0.0,0.04,0.69,12.8,1.9,0.0,0.7
Tommy Doyle,MID,Wolves,544,29,3,2024-08-31T14:00:00Z,False,16,30,0,1,0,0,0,0,0,0,0,0,0,0,0,2,49,4193,211,569,0.04,0.02,0.68,2.4,11.7,3.0,0.7
Tom Heaton,GK,Man Utd,374,27,3,2024-09-01T15:00:00Z,True,12,0,0,0,0,0,0,0,0,0,0,0,0,0,0,0,40,24839,2095,1560,0.0,0.0,0.0,0.0,0.0,0.0,-0.5
Lucas Bergvall,MID,Spurs,481,28,3,2024-09-01T12:30:00Z,False,15,8,0,1,0,0,0,0,0,0,0,0,0,0,0,3,45,93587,16972,15274,0.0,0.01,0.0,0.4,1.2,2.0,0.5
Lesley Ugochukwu,MID,Southampton,188,22,3,2024-08-31T14:00:00Z,False,4,0,0,0,0,0,0,0,0,0,0,0,0,0,0,0,45,35959,7300,6030,0.0,0.0,0.0,0.0,0.0,0.0,-0.5
Evan Ferguson,FWD,Brighton,123,21,3,2024-08-31T11:30:00Z,False,1,0,0,0,0,0,0,0,0,0,0,0,0,0,0,0,55,11380,1956,1876,0.0,0.0,0.0,0.0,0.0,0.0,-1.0
Christian Eriksen,MID,Man Utd,370,27,3,2024-09-01T15:00:00Z,True,12,4,0,1,0,0,0,0,0,0,0,0,0,0,0,3,54,16600,912,4279,0.0,0.01,0.42,0.2,4.1,0.0,-0.2
Danny Ings,FWD,West Ham,523,30,3,2024-08-31T16:30:00Z,True,13,0,0,0,0,0,0,0,0,0,0,0,0,0,0,0,50,108004,17383,22913,0.0,0.0,0.0,0.0,0.0,0.0,-0.7
Jean-Ricner Bellegarde,MID,Wolves,535,29,3,2024-08-31T14:00:00Z,False,16,74,1,6,1,0,0,1,0,0,0,1,0,0,0,19,50,4097,494,663,0.07,0.0,0.69,32.0,1.8,9.0,3.0
Tim Ream,DEF,Fulham,253,25,3,2024-08-31T14:00:00Z,False,10,0,0,0,0,0,0,0,0,0,0,0,0,0,0,0,45,958,0,261,0.0,0.0,0.0,0.0,0.0,0.0,0.0
Benoît Badiashile,DEF,Chelsea,153,23,3,2024-09-01T12:30:00Z,True,7,0,0,0,0,0,0,0,0,0,0,0,0,0,0,0,45,13307,1286,2461,0.0,0.0,0.0,0.0,0.0,0.0,0.0
Radu Drăgușin,DEF,Spurs,486,28,3,2024-09-01T12:30:00Z,False,15,90,1,1,0,0,0,2,0,0,0,0,0,0,0,5,44,18707,755,4107,0.02,0.01,1.57,16.6,1.7,6.0,-0.2
Jack Stephens,DEF,Southampton,472,22,3,2024-08-31T14:00:00Z,False,4,90,1,1,0,0,0,3,0,0,0,0,0,0,0,-4,40,70610,34529,8826,0.23,0.02,2.78,0.0,4.2,7.0,0.8
Mateo Kovačić,MID,Man City,354,30,3,2024-08-31T16:30:00Z,False,19,90,1,2,0,0,0,1,0,0,0,0,0,0,0,22,55,155025,19394,107287,0.0,0.09,0.73,16.4,9.4,0.0,4.3
Nicolás Domínguez,MID,Nott'm Forest,431,29,3,2024-08-31T14:00:00Z,True,20,0,0,0,0,0,0,0,0,0,0,0,0,0,0,0,49,3089,182,605,0.0,0.0,0.0,0.0,0.0,0.0,0.3
Ben Doak,MID,Liverpool,318,27,3,2024-09-01T15:00:00Z,False,14,0,0,0,0,0,0,0,0,0,0,0,0,0,0,0,45,5408,680,1063,0.0,0.0,0.0,0.0,0.0,0.0,0.0
Phil Foden,MID,Man City,348,30,3,2024-08-31T16:30:00Z,False,19,0,0,0,0,0,0,0,0,0,0,0,0,0,0,0,94,884250,13321,762422,0.0,0.0,0.0,0.0,0.0,0.0,0.3
Mason Mount,MID,Man Utd,382,27,3,2024-09-01T15:00:00Z,True,12,0,0,0,0,0,0,0,0,0,0,0,0,0,0,0,64,17627,324,9336,0.0,0.0,0.0,0.0,0.0,0.0,0.0
Gabriel Martinelli Silva,MID,Arsenal,9,21,3,2024-08-31T11:30:00Z,True,5,16,0,1,0,0,0,0,0,0,0,0,0,0,0,2,70,249418,21818,57139,0.0,0.0,0.65,0.0,0.5,0.0,3.3
Yasin Ayari,MID,Brighton,600,21,3,2024-08-31T11:30:00Z,False,1,73,0,2,0,0,0,1,0,0,0,0,0,0,0,8,50,1776,270,289,0.42,0.06,1.87,14.8,15.9,24.0,0.3
Mikel Merino,MID,Arsenal,633,21,3,2024-08-31T11:30:00Z,True,5,0,0,0,0,0,0,0,0,0,0,0,0,0,0,0,60,1065,1272,564,0.0,0.0,0.0,0.0,0.0,0.0,0.0
Facundo Buonanotte,MID,Leicester,117,26,3,2024-08-31T14:00:00Z,True,2,22,0,6,1,0,0,0,0,0,0,0,0,0,0,19,50,16265,6403,3075,0.17,0.0,0.09,32.6,6.9,18.0,3.8
Caoimhin Kelleher,GK,Liverpool,325,27,3,2024-09-01T15:00:00Z,False,14,0,0,0,0,0,0,0,0,0,0,0,0,0,0,0,44,26248,727,3026,0.0,0.0,0.0,0.0,0.0,0.0,0.5
Odeluga Offiah,DEF,Brighton,139,21,3,2024-08-31T11:30:00Z,False,1,0,0,0,0,0,0,0,0,0,0,0,0,0,0,0,40,16099,1928,2091,0.0,0.0,0.0,0.0,0.0,0.0,0.0
Lino da Cruz Sousa,DEF,Aston Villa,56,26,3,2024-08-31T14:00:00Z,False,11,0,0,0,0,0,0,0,0,0,0,0,0,0,0,0,40,13714,0,3012,0.0,0.0,0.0,0.0,0.0,0.0,0.0
Amario Cozier-Duberry,MID,Brighton,118,21,3,2024-08-31T11:30:00Z,False,1,0,0,0,0,0,0,0,0,0,0,0,0,0,0,0,45,11741,905,2794,0.0,0.0,0.0,0.0,0.0,0.0,0.0
Emerson Leite de Souza Junior,DEF,Spurs,487,28,3,2024-09-01T12:30:00Z,False,15,0,0,0,0,0,0,0,0,0,0,0,0,0,0,0,45,1608,0,502,0.0,0.0,0.0,0.0,0.0,0.0,0.0
Kai Havertz,FWD,Arsenal,4,21,3,2024-08-31T11:30:00Z,True,5,90,1,8,1,0,0,1,0,0,0,0,0,0,2,34,81,1755160,307787,244346,0.77,0.05,1.83,47.0,24.8,30.0,8.3
Scott Carson,GK,Man City,344,30,3,2024-08-31T16:30:00Z,False,19,0,0,0,0,0,0,0,0,0,0,0,0,0,0,0,40,19798,2388,1798,0.0,0.0,0.0,0.0,0.0,0.0,1.0
Ethan Brierley,MID,Brentford,87,22,3,2024-08-31T14:00:00Z,True,17,0,0,0,0,0,0,0,0,0,0,0,0,0,0,0,45,8198,1571,1362,0.0,0.0,0.0,0.0,0.0,0.0,0.5
Andrey Nascimento dos Santos,MID,Chelsea,150,23,3,2024-09-01T12:30:00Z,True,7,0,0,0,0,0,0,0,0,0,0,0,0,0,0,0,45,544,0,126,0.0,0.0,0.0,0.0,0.0,0.0,0.0
Rico Henry,DEF,Brentford,92,22,3,2024-08-31T14:00:00Z,True,17,0,0,0,0,0,0,0,0,0,0,0,0,0,0,0,44,5568,152,1098,0.0,0.0,0.0,0.0,0.0,0.0,0.1
Mateusz Lis,GK,Southampton,465,22,3,2024-08-31T14:00:00Z,False,4,0,0,0,0,0,0,0,0,0,0,0,0,0,0,0,40,21827,0,3262,0.0,0.0,0.0,0.0,0.0,0.0,0.0
Yoane Wissa,FWD,Brentford,110,22,3,2024-08-31T14:00:00Z,True,17,90,1,8,1,0,0,1,0,0,0,0,0,0,2,36,61,738698,368334,97256,1.09,0.25,1.57,41.2,37.1,69.0,7.5
Daniel Iversen,GK,Leicester,294,26,3,2024-08-31T14:00:00Z,True,2,0,0,0,0,0,0,0,0,0,0,0,0,0,0,0,40,74080,5128,4718,0.0,0.0,0.0,0.0,0.0,0.0,-0.5
Mads Hermansen,GK,Leicester,293,26,3,2024-08-31T14:00:00Z,True,2,90,1,2,0,0,0,2,0,0,0,0,0,3,0,10,45,49768,5008,7197,0.0,0.0,1.55,28.0,0.1,0.0,1.8
Rob Holding,DEF,Crystal Palace,202,23,3,2024-09-01T12:30:00Z,False,6,0,0,0,0,0,0,0,0,0,0,0,0,0,0,0,44,9586,244,1333,0.0,0.0,0.0,0.0,0.0,0.0,0.0
Ismaïla Sarr,MID,Crystal Palace,585,23,3,2024-09-01T12:30:00Z,False,6,21,0,1,0,0,0,0,0,0,0,0,0,0,0,5,59,22812,1244,8627,0.0,0.45,0.41,7.0,32.3,4.0,1.0
Jarrod Bowen,MID,West Ham,514,30,3,2024-08-31T16:30:00Z,True,13,85,1,5,0,1,0,3,0,0,0,0,0,0,0,20,75,595320,37113,87961,0.08,0.22,2.78,12.8,26.1,24.0,4.0
Mark O’Mahony,FWD,Brighton,138,21,3,2024-08-31T11:30:00Z,False,1,0,0,0,0,0,0,0,0,0,0,0,0,0,0,0,45,71596,21197,16960,0.0,0.0,0.0,0.0,0.0,0.0,0.0
Ryan Sessegnon,DEF,Fulham,579,25,3,2024-08-31T14:00:00Z,False,10,0,0,0,0,0,0,0,0,0,0,0,0,0,0,0,44,17474,515,2674,0.0,0.0,0.0,0.0,0.0,0.0,0.5
Josh Dasilva,MID,Brentford,90,22,3,2024-08-31T14:00:00Z,True,17,0,0,0,0,0,0,0,0,0,0,0,0,0,0,0,49,634,39,177,0.0,0.0,0.0,0.0,0.0,0.0,0.0
Jadon Sancho,MID,Man Utd,386,27,3,2024-09-01T15:00:00Z,True,12,0,0,0,0,0,0,0,0,0,0,0,0,0,0,0,63,23317,1689,8337,0.0,0.0,0.0,0.0,0.0,0.0,0.0
Sam Johnstone,GK,Wolves,204,29,3,2024-08-31T14:00:00Z,False,16,90,1,3,0,0,0,1,0,0,0,0,0,4,0,11,44,38643,2023,5711,0.0,0.0,1.04,30.8,0.0,0.0,1.0
Jonny Evans,DEF,Man Utd,371,27,3,2024-09-01T15:00:00Z,True,12,0,0,0,0,0,0,0,0,0,0,0,0,0,0,0,44,11693,392,1919,0.0,0.0,0.0,0.0,0.0,0.0,-0.2
Mohamed Salah,MID,Liverpool,328,27,3,2024-09-01T15:00:00Z,False,14,90,1,17,1,2,1,0,0,0,0,0,0,0,3,60,126,3748214,308526,186127,0.5,0.63,1.36,76.8,42.1,42.0,14.2
Federico Chiesa,MID,Liverpool,636,27,3,2024-09-01T15:00:00Z,False,14,0,0,0,0,0,0,0,0,0,0,0,0,0,0,0,70,11351,9919,1211,0.0,0.0,0.0,0.0,0.0,0.0,3.0
Timothy Castagne,DEF,Fulham,244,25,3,2024-08-31T14:00:00Z,False,10,0,0,0,0,0,0,0,0,0,0,0,0,0,0,0,44,184572,3439,49094,0.0,0.0,0.0,0.0,0.0,0.0,0.5
Tariq Lamptey,DEF,Brighton,131,21,3,2024-08-31T11:30:00Z,False,1,0,0,0,0,0,0,0,0,0,0,0,0,0,0,0,45,17660,1321,2141,0.0,0.0,0.0,0.0,0.0,0.0,-1.0
Ola Aina,DEF,Nott'm Forest,422,29,3,2024-08-31T14:00:00Z,True,20,90,1,2,0,0,0,1,0,0,0,0,0,0,0,10,44,196208,118711,33393,0.01,0.11,0.74,11.6,17.0,1.0,4.0
Taiwo Awoniyi,FWD,Nott'm Forest,424,29,3,2024-08-31T14:00:00Z,True,20,1,0,1,0,0,0,0,0,0,0,0,0,0,0,2,59,62136,3966,20709,0.0,0.0,0.01,0.0,0.0,0.0,1.0
Leandro Trossard,MID,Arsenal,23,21,3,2024-08-31T11:30:00Z,True,5,58,1,1,0,0,0,1,0,0,0,0,0,0,0,11,69,203684,47196,26322,0.03,0.08,0.93,9.4,15.2,21.0,4.0
Jacob Greaves,DEF,Ipswich,270,25,3,2024-08-31T14:00:00Z,True,9,90,1,2,0,0,0,1,0,0,0,0,0,0,0,11,40,102503,27528,12593,0.02,0.0,0.95,21.4,0.4,17.0,0.5
Issa Kaboré,DEF,Man City,626,30,3,2024-08-31T16:30:00Z,False,19,0,0,0,0,0,0,0,0,0,0,0,0,0,0,0,45,653,243,74,0.0,0.0,0.0,0.0,0.0,0.0,1.0
Alfie Whiteman,GK,Spurs,510,28,3,2024-09-01T12:30:00Z,False,15,0,0,0,0,0,0,0,0,0,0,0,0,0,0,0,40,163926,16139,8720,0.0,0.0,0.0,0.0,0.0,0.0,-0.5
Séamus Coleman,DEF,Everton,221,24,3,2024-08-31T14:00:00Z,True,3,90,1,1,0,0,0,3,0,0,0,0,0,0,0,-1,44,3304,363,641,0.62,0.01,2.22,16.6,1.1,21.0,0.3
Fabian Schär,DEF,Newcastle,415,28,3,2024-09-01T12:30:00Z,True,18,0,0,0,0,0,0,0,0,0,0,0,0,0,0,0,54,92533,318,32164,0.0,0.0,0.0,0.0,0.0,0.0,0.0
Nicolas Jackson,FWD,Chelsea,180,23,3,2024-09-01T12:30:00Z,True,7,90,1,6,1,0,0,1,0,0,0,1,0,0,1,27,76,536935,316844,61952,1.34,0.0,0.44,37.0,0.6,77.0,6.0
Joe White,MID,Newcastle,419,28,3,2024-09-01T12:30:00Z,True,18,0,0,0,0,0,0,0,0,0,0,0,0,0,0,0,45,44133,7291,7507,0.0,0.0,0.0,0.0,0.0,0.0,0.0
Jamie Vardy,FWD,Leicester,306,26,3,2024-08-31T14:00:00Z,True,2,90,1,1,0,0,0,2,0,0,0,1,0,0,0,1,56,727503,238666,105478,0.0,0.02,1.55,0.0,11.5,6.0,3.2
Miguel Almirón Rejala,MID,Newcastle,391,28,3,2024-09-01T12:30:00Z,True,18,1,0,1,0,0,0,0,0,0,0,0,0,0,0,3,58,63509,6347,21727,0.0,0.0,0.0,0.0,0.0,0.0,1.2
James Garner,MID,Everton,223,24,3,2024-08-31T14:00:00Z,True,3,0,0,0,0,0,0,0,0,0,0,0,0,0,0,0,50,1467,83,311,0.0,0.0,0.0,0.0,0.0,0.0,0.0
Marcus Tavernier,MID,Bournemouth,83,24,3,2024-08-31T14:00:00Z,False,8,90,1,2,0,0,0,2,0,0,0,0,0,0,0,6,55,31663,15632,4089,0.66,0.22,1.97,21.0,30.8,81.0,4.3
Lewis Dobbin,MID,Aston Villa,37,26,3,2024-08-31T14:00:00Z,False,11,0,0,0,0,0,0,0,0,0,0,0,0,0,0,0,50,299,0,51,0.0,0.0,0.0,0.0,0.0,0.0,0.0
Viljami Sinisalo,GK,Aston Villa,55,26,3,2024-08-31T14:00:00Z,False,11,0,0,0,0,0,0,0,0,0,0,0,0,0,0,0,40,125,0,13,0.0,0.0,0.0,0.0,0.0,0.0,0.0
Omari Kellyman,MID,Chelsea,173,23,3,2024-09-01T12:30:00Z,True,7,0,0,0,0,0,0,0,0,0,0,0,0,0,0,0,45,4296,540,705,0.0,0.0,0.0,0.0,0.0,0.0,0.0
Daniel Castelo Podence,MID,Wolves,562,29,3,2024-08-31T14:00:00Z,False,16,0,0,0,0,0,0,0,0,0,0,0,0,0,0,0,55,5416,535,858,0.0,0.0,0.0,0.0,0.0,0.0,0.7
Martial Godo,MID,Fulham,605,25,3,2024-08-31T14:00:00Z,False,10,0,0,0,0,0,0,0,0,0,0,0,0,0,0,0,45,3006,751,643,0.0,0.0,0.0,0.0,0.0,0.0,0.5
Harrison Reed,MID,Fulham,254,25,3,2024-08-31T14:00:00Z,False,10,3,0,1,0,0,0,0,0,0,0,0,0,0,0,3,50,4017,261,716,0.0,0.0,0.09,0.0,0.0,0.0,1.5
Guido Rodríguez,MID,West Ham,588,30,3,2024-08-31T16:30:00Z,True,13,90,1,1,0,0,0,3,0,0,0,1,0,0,0,9,50,8277,1374,1412,0.01,0.0,3.0,8.2,3.1,1.0,1.0
Will Alves,MID,Leicester,606,26,3,2024-08-31T14:00:00Z,True,2,0,0,0,0,0,0,0,0,0,0,0,0,0,0,0,45,8639,1894,1467,0.0,0.0,0.0,0.0,0.0,0.0,-0.5
Carlos Baleba,MID,Brighton,115,21,3,2024-08-31T11:30:00Z,False,1,90,1,2,0,0,0,1,0,0,0,0,0,0,0,10,50,4002,463,693,0.18,0.03,2.08,7.8,12.8,7.0,0.0
James Hill,DEF,Bournemouth,68,24,3,2024-08-31T14:00:00Z,False,8,0,0,0,0,0,0,0,0,0,0,0,0,0,0,0,40,37622,3706,4067,0.0,0.0,0.0,0.0,0.0,0.0,0.0
David Datro Fofana,FWD,Chelsea,164,23,3,2024-09-01T12:30:00Z,True,7,0,0,0,0,0,0,0,0,0,0,0,0,0,0,0,54,12667,1559,2959,0.0,0.0,0.0,0.0,0.0,0.0,0.0
Ryan Fraser,MID,Southampton,397,22,3,2024-08-31T14:00:00Z,False,4,0,0,0,0,0,0,0,0,0,0,0,0,0,0,0,49,3437,322,634,0.0,0.0,0.0,0.0,0.0,0.0,-0.5
Ângelo Gabriel Borges Damaceno,MID,Chelsea,151,23,3,2024-09-01T12:30:00Z,True,7,0,0,0,0,0,0,0,0,0,0,0,0,0,0,0,45,30856,2341,4683,0.0,0.0,0.0,0.0,0.0,0.0,0.0
Nathan Patterson,DEF,Everton,234,24,3,2024-08-31T14:00:00Z,True,3,0,0,0,0,0,0,0,0,0,0,0,0,0,0,0,44,1584,72,361,0.0,0.0,0.0,0.0,0.0,0.0,0.0
Robin Olsen,GK,Aston Villa,51,26,3,2024-08-31T14:00:00Z,False,11,0,0,0,0,0,0,0,0,0,0,0,0,0,0,0,45,8433,290,942,0.0,0.0,0.0,0.0,0.0,0.0,0.5
Mathias Jensen,MID,Brentford,95,22,3,2024-08-31T14:00:00Z,True,17,90,1,6,0,1,0,1,0,0,0,0,0,0,1,24,55,15631,1535,2497,0.08,0.3,1.57,23.8,34.1,4.0,3.5
Bart Verbruggen,GK,Brighton,146,21,3,2024-08-31T11:30:00Z,False,1,90,1,4,0,0,0,1,0,0,0,0,0,6,0,18,45,38415,3241,5681,0.0,0.0,2.08,52.0,0.0,0.0,0.3
Dango Ouattara,MID,Bournemouth,74,24,3,2024-08-31T14:00:00Z,False,8,24,0,4,0,1,0,0,0,0,0,0,0,0,0,22,50,2682,250,485,0.0,0.78,0.26,27.8,39.1,4.0,2.3
Emmanuel Dennis,FWD,Nott'm Forest,430,29,3,2024-08-31T14:00:00Z,True,20,0,0,0,0,0,0,0,0,0,0,0,0,0,0,0,50,21400,2741,4804,0.0,0.0,0.0,0.0,0.0,0.0,0.0
Yehor Yarmoliuk,MID,Brentford,111,22,3,2024-08-31T14:00:00Z,True,17,0,0,0,0,0,0,0,0,0,0,0,0,0,0,0,45,253514,19945,38812,0.0,0.0,0.0,0.0,0.0,0.0,0.5
Julián Álvarez,FWD,Man City,352,30,3,2024-08-31T16:30:00Z,False,19,0,0,0,0,0,0,0,0,0,0,0,0,0,0,0,70,14386,0,4778,0.0,0.0,0.0,0.0,0.0,0.0,0.0
Tyler Dibling,MID,Southampton,608,22,3,2024-08-31T14:00:00Z,False,4,34,0,1,0,0,0,2,0,0,0,0,0,0,0,10,45,9504,4484,1826,0.05,0.17,1.57,14.2,28.7,14.0,0.5
Paul Onuachu,FWD,Southampton,470,22,3,2024-08-31T14:00:00Z,False,4,0,0,0,0,0,0,0,0,0,0,0,0,0,0,0,50,10340,1164,2021,0.0,0.0,0.0,0.0,0.0,0.0,-0.5
Bobby Clark,MID,Liverpool,315,27,3,2024-09-01T15:00:00Z,False,14,0,0,0,0,0,0,0,0,0,0,0,0,0,0,0,45,3570,0,1557,0.0,0.0,0.0,0.0,0.0,0.0,0.0
Kieran Tierney,DEF,Arsenal,21,21,3,2024-08-31T11:30:00Z,True,5,0,0,0,0,0,0,0,0,0,0,0,0,0,0,0,44,3267,86,817,0.0,0.0,0.0,0.0,0.0,0.0,0.0
Darwin Núñez Ribeiro,FWD,Liverpool,316,27,3,2024-09-01T15:00:00Z,False,14,14,0,1,0,0,0,0,0,0,0,0,0,0,0,3,73,316309,20614,136172,0.15,0.0,0.53,2.4,1.1,1.0,1.2
Josh Bowler,MID,Nott'm Forest,426,29,3,2024-08-31T14:00:00Z,True,20,0,0,0,0,0,0,0,0,0,0,0,0,0,0,0,45,6412,783,1137,0.0,0.0,0.0,0.0,0.0,0.0,0.0
Sugawara Yukinari,DEF,Southampton,474,22,3,2024-08-31T14:00:00Z,False,4,90,1,7,1,0,0,3,0,0,0,0,0,0,0,21,45,14874,598,1517,0.18,0.33,2.78,58.6,31.8,27.0,2.8
Aaron Wan-Bissaka,DEF,West Ham,388,30,3,2024-08-31T16:30:00Z,True,13,90,1,1,0,0,0,3,0,0,0,0,0,0,0,8,45,176074,11799,22530,0.0,0.05,3.0,20.4,30.8,0.0,-0.3
Bobby De Cordova-Reid,MID,Leicester,290,26,3,2024-08-31T14:00:00Z,True,2,1,0,1,0,0,0,0,0,0,0,0,0,0,0,3,55,12877,496,2932,0.0,0.0,0.01,0.0,0.1,0.0,1.2
Nathan Broadhead,MID,Ipswich,262,25,3,2024-08-31T14:00:00Z,True,9,0,0,0,0,0,0,0,0,0,0,0,0,0,0,0,50,971,131,254,0.0,0.0,0.0,0.0,0.0,0.0,0.0
Matheus Luiz Nunes,MID,Man City,356,30,3,2024-08-31T16:30:00Z,False,19,18,0,4,0,1,0,0,0,0,0,0,0,0,0,18,49,3913,472,843,0.0,0.17,0.22,23.2,14.7,6.0,2.7
Jake O'Brien,DEF,Everton,582,24,3,2024-08-31T14:00:00Z,True,3,0,0,0,0,0,0,0,0,0,0,0,0,0,0,0,49,24853,833,4813,0.0,0.0,0.0,0.0,0.0,0.0,0.0
Cameron Peupion,MID,Brighton,140,21,3,2024-08-31T11:30:00Z,False,1,0,0,0,0,0,0,0,0,0,0,0,0,0,0,0,45,5179,707,831,0.0,0.0,0.0,0.0,0.0,0.0,-1.0
Kosta Nedeljković,DEF,Aston Villa,50,26,3,2024-08-31T14:00:00Z,False,11,11,0,1,0,0,0,0,0,0,0,0,0,0,0,6,40,184347,157784,31837,0.0,0.01,0.05,2.4,0.8,0.0,1.5
Jay Stansfield,FWD,Fulham,256,25,3,2024-08-31T14:00:00Z,False,10,0,0,0,0,0,0,0,0,0,0,0,0,0,0,0,50,11974,2454,2613,0.0,0.0,0.0,0.0,0.0,0.0,0.0
Nikola Milenković,DEF,Nott'm Forest,573,29,3,2024-08-31T14:00:00Z,True,20,90,1,2,0,0,0,1,0,0,0,0,0,0,0,10,45,22945,4904,1902,0.0,0.01,0.74,8.6,10.3,2.0,2.7
Sepp van den Berg,DEF,Brentford,338,22,3,2024-08-31T14:00:00Z,True,17,15,0,1,0,0,0,1,0,0,0,0,0,0,0,-3,40,74614,27904,9272,0.0,0.01,0.53,0.6,0.1,0.0,0.8
Kevin Mbabu,DEF,Fulham,250,25,3,2024-08-31T14:00:00Z,False,10,0,0,0,0,0,0,0,0,0,0,0,0,0,0,0,40,48927,4702,6963,0.0,0.0,0.0,0.0,0.0,0.0,0.0
Malang Sarr,DEF,Chelsea,176,23,3,2024-09-01T12:30:00Z,True,7,0,0,0,0,0,0,0,0,0,0,0,0,0,0,0,45,403,0,94,0.0,0.0,0.0,0.0,0.0,0.0,0.0
Jarrad Branthwaite,DEF,Everton,219,24,3,2024-08-31T14:00:00Z,True,3,0,0,0,0,0,0,0,0,0,0,0,0,0,0,0,49,115349,321,39038,0.0,0.0,0.0,0.0,0.0,0.0,0.0
Ferdi Kadioglu,DEF,Brighton,628,21,3,2024-08-31T11:30:00Z,False,1,0,0,0,0,0,0,0,0,0,0,0,0,0,0,0,45,6882,7861,2017,0.0,0.0,0.0,0.0,0.0,0.0,1.0
Mats Wieffer,MID,Brighton,149,21,3,2024-08-31T11:30:00Z,False,1,0,0,0,0,0,0,0,0,0,0,0,0,0,0,0,50,12431,1145,5602,0.0,0.0,0.0,0.0,0.0,0.0,0.5
Kyle Walker,DEF,Man City,363,30,3,2024-08-31T16:30:00Z,False,19,2,0,1,0,0,0,0,0,0,0,0,0,0,0,3,54,625503,13430,221749,0.0,0.0,0.09,0.8,0.2,0.0,1.3
Shea Charles,MID,Southampton,458,22,3,2024-08-31T14:00:00Z,False,4,0,0,0,0,0,0,0,0,0,0,0,0,0,0,0,45,7655,546,1650,0.0,0.0,0.0,0.0,0.0,0.0,0.0
Samuel Edozie,MID,Southampton,459,22,3,2024-08-31T14:00:00Z,False,4,0,0,0,0,0,0,0,0,0,0,0,0,0,0,0,49,2582,154,428,0.0,0.0,0.0,0.0,0.0,0.0,-0.2
Robert Sánchez,GK,Chelsea,185,23,3,2024-09-01T12:30:00Z,True,7,90,1,2,0,0,0,1,0,0,0,0,0,2,0,16,45,388986,115665,55574,0.0,0.0,0.44,16.4,0.0,0.0,1.7
Sergio Reguilón,DEF,Spurs,496,28,3,2024-09-01T12:30:00Z,False,15,0,0,0,0,0,0,0,0,0,0,0,0,0,0,0,44,23501,1080,5676,0.0,0.0,0.0,0.0,0.0,0.0,-0.5
Asmir Begovic,GK,Everton,624,24,3,2024-08-31T14:00:00Z,True,3,0,0,0,0,0,0,0,0,0,0,0,0,0,0,0,40,12070,8595,1630,0.0,0.0,0.0,0.0,0.0,0.0,0.0
Conor Townsend,DEF,Ipswich,583,25,3,2024-08-31T14:00:00Z,True,9,0,0,0,0,0,0,0,0,0,0,0,0,0,0,0,40,40928,3550,3802,0.0,0.0,0.0,0.0,0.0,0.0,-0.5
Ricardo Barbosa Pereira,DEF,Leicester,302,26,3,2024-08-31T14:00:00Z,True,2,0,0,0,0,0,0,0,0,0,0,0,0,0,0,0,44,17235,409,3601,0.0,0.0,0.0,0.0,0.0,0.0,-0.5
Massimo Luongo,MID,Ipswich,277,25,3,2024-08-31T14:00:00Z,True,9,0,0,0,0,0,0,0,0,0,0,0,0,0,0,0,45,60968,30518,11339,0.0,0.0,0.0,0.0,0.0,0.0,0.8
Harvey Elliott,MID,Liverpool,319,27,3,2024-09-01T15:00:00Z,False,14,0,0,0,0,0,0,0,0,0,0,0,0,0,0,0,53,71825,4107,25968,0.0,0.0,0.0,0.0,0.0,0.0,0.8
Garang Kuol,MID,Newcastle,406,28,3,2024-09-01T12:30:00Z,True,18,0,0,0,0,0,0,0,0,0,0,0,0,0,0,0,45,3928,420,591,0.0,0.0,0.0,0.0,0.0,0.0,0.5
Rúben Gato Alves Dias,DEF,Man City,361,30,3,2024-08-31T16:30:00Z,False,19,90,1,0,0,0,0,1,1,0,0,0,0,0,0,3,55,472821,50728,57687,0.28,0.02,0.73,16.0,13.6,13.0,3.3
Romelu Lukaku Bolingoli,FWD,Chelsea,175,23,3,2024-09-01T12:30:00Z,True,7,0,0,0,0,0,0,0,0,0,0,0,0,0,0,0,63,42039,3767,19566,0.0,0.0,0.0,0.0,0.0,0.0,0.0
Ben Chilwell,DEF,Chelsea,160,23,3,2024-09-01T12:30:00Z,True,7,0,0,0,0,0,0,0,0,0,0,0,0,0,0,0,49,67621,3686,16664,0.0,0.0,0.0,0.0,0.0,0.0,0.0
George Hirst,FWD,Ipswich,272,25,3,2024-08-31T14:00:00Z,True,9,0,0,0,0,0,0,0,0,0,0,0,0,0,0,0,54,1346,79,500,0.0,0.0,0.0,0.0,0.0,0.0,0.0
Daniel Jebbison,FWD,Bournemouth,69,24,3,2024-08-31T14:00:00Z,False,8,0,0,0,0,0,0,0,0,0,0,0,0,0,0,0,45,455405,304019,116130,0.0,0.0,0.0,0.0,0.0,0.0,0.0
Tyrick Mitchell,DEF,Crystal Palace,210,23,3,2024-09-01T12:30:00Z,False,6,90,1,2,0,0,0,1,0,0,0,0,0,0,0,12,50,190722,2579,36134,0.08,0.0,2.27,13.8,1.5,5.0,1.3
Myles Peart-Harris,MID,Brentford,103,22,3,2024-08-31T14:00:00Z,True,17,0,0,0,0,0,0,0,0,0,0,0,0,0,0,0,45,4864,558,810,0.0,0.0,0.0,0.0,0.0,0.0,0.0
Mahmoud Dahoud,MID,Brighton,119,21,3,2024-08-31T11:30:00Z,False,1,0,0,0,0,0,0,0,0,0,0,0,0,0,0,0,49,2807,249,676,0.0,0.0,0.0,0.0,0.0,0.0,0.0
Jonathan Panzo,DEF,Nott'm Forest,441,29,3,2024-08-31T14:00:00Z,True,20,0,0,0,0,0,0,0,0,0,0,0,0,0,0,0,40,152,0,25,0.0,0.0,0.0,0.0,0.0,0.0,0.0
Nico O'Reilly,MID,Man City,607,30,3,2024-08-31T16:30:00Z,False,19,0,0,0,0,0,0,0,0,0,0,0,0,0,0,0,50,1048,91,233,0.0,0.0,0.0,0.0,0.0,0.0,1.0
Aaron Ramsdale,GK,Southampton,14,22,3,2024-08-31T14:00:00Z,False,4,90,1,2,0,0,0,3,0,0,0,0,0,4,0,5,44,107644,41306,16659,0.0,0.0,2.78,27.8,0.0,0.0,0.2
Moussa Diaby,MID,Aston Villa,34,26,3,2024-08-31T14:00:00Z,False,11,0,0,0,0,0,0,0,0,0,0,0,0,0,0,0,65,2456,0,643,0.0,0.0,0.0,0.0,0.0,0.0,0.0
Micky van de Ven,DEF,Spurs,506,28,3,2024-09-01T12:30:00Z,False,15,0,0,0,0,0,0,0,0,0,0,0,0,0,0,0,45,814674,214458,70046,0.0,0.0,0.0,0.0,0.0,0.0,3.2
Igor Thiago Nascimento Rodrigues,FWD,Brentford,107,22,3,2024-08-31T14:00:00Z,True,17,0,0,0,0,0,0,0,0,0,0,0,0,0,0,0,59,2162,95,480,0.0,0.0,0.0,0.0,0.0,0.0,0.0
Kaden Rodney,MID,Crystal Palace,647,23,3,2024-09-01T12:30:00Z,False,6,0,0,0,0,0,0,0,0,0,0,0,0,0,0,0,45,0,0,0,0.0,0.0,0.0,0.0,0.0,0.0,1.1
Callum Hudson-Odoi,MID,Nott'm Forest,434,29,3,2024-08-31T14:00:00Z,True,20,79,1,2,0,0,0,1,0,0,0,0,0,0,0,9,55,287806,18379,62380,0.15,0.05,0.71,3.6,2.8,14.0,2.7
Armel Bella-Kotchap,DEF,Southampton,456,22,3,2024-08-31T14:00:00Z,False,4,0,0,0,0,0,0,0,0,0,0,0,0,0,0,0,40,31755,1845,3394,0.0,0.0,0.0,0.0,0.0,0.0,-0.5
Rodrigo Martins Gomes,MID,Wolves,563,29,3,2024-08-31T14:00:00Z,False,16,0,0,0,0,0,0,0,0,0,0,0,0,0,0,0,55,13055,594,2658,0.0,0.0,0.0,0.0,0.0,0.0,1.0
Lamare Bogarde,DEF,Aston Villa,598,26,3,2024-08-31T14:00:00Z,False,11,78,1,1,0,0,0,1,0,0,0,1,0,0,0,-2,40,15694,3396,1728,0.0,0.0,0.4,11.0,0.9,0.0,0.8
Noussair Mazraoui,DEF,Man Utd,594,27,3,2024-09-01T15:00:00Z,True,12,90,1,1,0,0,0,3,0,0,0,0,0,0,0,0,45,1166287,355195,119759,0.08,0.02,1.73,25.0,12.9,25.0,3.8
Cameron Archer,FWD,Southampton,27,22,3,2024-08-31T14:00:00Z,False,4,45,0,1,0,0,0,2,0,0,0,0,0,0,0,4,50,142592,37592,27174,0.0,0.0,1.81,4.2,0.5,0.0,0.5
Ezri Konsa Ngoyo,DEF,Aston Villa,44,26,3,2024-08-31T14:00:00Z,False,11,90,1,2,0,0,0,1,0,0,0,0,0,0,0,13,45,1311949,209809,109922,0.0,0.0,0.45,18.4,0.4,0.0,2.2
Pedro Porro,DEF,Spurs,495,28,3,2024-09-01T12:30:00Z,False,15,90,1,1,0,0,0,2,0,0,0,0,0,0,0,4,55,3565812,358314,205377,0.21,0.17,1.57,16.0,15.9,23.0,4.8
Alfie Devine,MID,Spurs,485,28,3,2024-09-01T12:30:00Z,False,15,0,0,0,0,0,0,0,0,0,0,0,0,0,0,0,45,11661,1690,1944,0.0,0.0,0.0,0.0,0.0,0.0,-0.5
Elkan Baggott,DEF,Ipswich,261,25,3,2024-08-31T14:00:00Z,True,9,0,0,0,0,0,0,0,0,0,0,0,0,0,0,0,40,2975,0,482,0.0,0.0,0.0,0.0,0.0,0.0,0.0
Erling Haaland,FWD,Man City,351,30,3,2024-08-31T16:30:00Z,False,19,90,1,17,3,0,0,1,0,0,0,0,0,0,3,93,151,6054723,642719,75830,1.71,0.11,0.73,106.8,11.1,66.0,14.7
Leif Davis,DEF,Ipswich,267,25,3,2024-08-31T14:00:00Z,True,9,90,1,7,0,1,0,1,0,0,0,0,0,0,2,31,45,152917,10245,17430,0.05,0.21,0.95,30.6,44.6,4.0,2.2
Virgil van Dijk,DEF,Liverpool,339,27,3,2024-09-01T15:00:00Z,False,14,90,1,5,0,0,1,0,0,0,0,1,0,0,0,28,60,1315401,86093,88052,0.0,0.03,1.36,30.4,11.0,0.0,6.5
Bilal El Khannouss,MID,Leicester,635,26,3,2024-08-31T14:00:00Z,True,2,22,0,1,0,0,0,0,0,0,0,0,0,0,0,3,50,1272,1027,92,0.03,0.01,0.09,1.0,1.9,2.0,1.1
Konstantinos Mavropanos,DEF,West Ham,528,30,3,2024-08-31T16:30:00Z,True,13,90,1,1,0,0,0,3,0,0,0,0,0,0,0,2,45,15914,2980,1389,0.0,0.01,3.0,16.2,0.9,0.0,2.3
Matt Turner,GK,Crystal Palace,445,23,3,2024-09-01T12:30:00Z,False,6,0,0,0,0,0,0,0,0,0,0,0,0,0,0,0,40,1783417,68528,113879,0.0,0.0,0.0,0.0,0.0,0.0,0.0
Juan Larios López,DEF,Southampton,464,22,3,2024-08-31T14:00:00Z,False,4,0,0,0,0,0,0,0,0,0,0,0,0,0,0,0,40,6014,335,781,0.0,0.0,0.0,0.0,0.0,0.0,-0.5
Harry Toffolo,DEF,Nott'm Forest,444,29,3,2024-08-31T14:00:00Z,True,20,0,0,0,0,0,0,0,0,0,0,0,0,0,0,0,45,7605,73,1101,0.0,0.0,0.0,0.0,0.0,0.0,0.3
Toby Collyer,MID,Man Utd,613,27,3,2024-09-01T15:00:00Z,True,12,45,0,1,0,0,0,1,0,0,0,0,0,0,0,12,45,1781,688,386,0.0,0.01,1.03,14.2,12.6,2.0,-0.2
Asher Agbinone,MID,Crystal Palace,646,23,3,2024-09-01T12:30:00Z,False,6,0,0,0,0,0,0,0,0,0,0,0,0,0,0,0,45,0,0,0,0.0,0.0,0.0,0.0,0.0,0.0,1.1
Caleb Wiley,DEF,Chelsea,575,23,3,2024-09-01T12:30:00Z,True,7,0,0,0,0,0,0,0,0,0,0,0,0,0,0,0,40,3772,0,654,0.0,0.0,0.0,0.0,0.0,0.0,0.0
Ethan Pinnock,DEF,Brentford,104,22,3,2024-08-31T14:00:00Z,True,17,90,1,1,0,0,0,1,0,0,0,1,0,0,0,9,45,42821,7170,4275,0.0,0.01,1.57,17.2,0.8,2.0,1.2
William Saliba,DEF,Arsenal,18,21,3,2024-08-31T11:30:00Z,True,5,90,1,2,0,0,0,1,0,0,0,0,0,0,0,10,60,3954073,186343,169989,0.0,0.01,1.83,22.0,1.3,0.0,5.7
Altay Bayindir,GK,Man Utd,367,27,3,2024-09-01T15:00:00Z,True,12,0,0,0,0,0,0,0,0,0,0,0,0,0,0,0,45,10042,165,1092,0.0,0.0,0.0,0.0,0.0,0.0,-0.5
Rodrigo Bentancur,MID,Spurs,480,28,3,2024-09-01T12:30:00Z,False,15,8,0,0,0,0,0,0,0,0,0,1,0,0,0,-1,50,13787,427,5565,0.0,0.02,0.0,0.0,2.0,0.0,-0.2
Dominic Solanke-Mitchell,FWD,Spurs,82,28,3,2024-09-01T12:30:00Z,False,15,0,0,0,0,0,0,0,0,0,0,0,0,0,0,0,75,1026784,13907,818706,0.0,0.0,0.0,0.0,0.0,0.0,0.0
Chris Richards,DEF,Crystal Palace,194,23,3,2024-09-01T12:30:00Z,False,6,90,1,2,0,0,0,1,0,0,0,0,0,0,0,10,45,16958,751,2093,0.0,0.0,2.27,14.4,0.4,2.0,1.0
Rayan Aït-Nouri,DEF,Wolves,533,29,3,2024-08-31T14:00:00Z,False,16,59,1,1,0,0,0,1,0,0,0,0,0,0,0,-2,45,251262,40003,22723,0.34,0.02,0.36,8.0,23.5,25.0,1.3
James Justin,DEF,Leicester,295,26,3,2024-08-31T14:00:00Z,True,2,90,1,1,0,0,0,2,0,0,0,0,0,0,0,5,45,27574,1521,5070,0.08,0.01,1.55,9.2,2.1,4.0,0.8
Joshua Zirkzee,FWD,Man Utd,389,27,3,2024-09-01T15:00:00Z,True,12,85,1,1,0,0,0,3,0,0,0,1,0,0,0,-6,71,404151,50995,132771,0.88,0.02,1.3,0.8,4.0,39.0,2.8
Martin Ødegaard,MID,Arsenal,13,21,3,2024-08-31T11:30:00Z,True,5,73,1,2,0,0,0,1,0,0,0,0,0,0,0,9,84,1210007,52692,261994,0.18,0.08,1.18,10.0,16.8,25.0,3.3
Cesare Casadei,MID,Chelsea,158,23,3,2024-09-01T12:30:00Z,True,7,0,0,0,0,0,0,0,0,0,0,0,0,0,0,0,45,12640,2156,2840,0.0,0.0,0.0,0.0,0.0,0.0,0.0
Jaden Philogene,MID,Aston Villa,569,26,3,2024-08-31T14:00:00Z,False,11,0,0,0,0,0,0,0,0,0,0,0,0,0,0,0,54,6763,358,1455,0.0,0.0,0.0,0.0,0.0,0.0,0.5
Mario Lemina,MID,Wolves,557,29,3,2024-08-31T14:00:00Z,False,16,90,1,5,0,1,0,1,0,0,0,1,0,0,1,27,50,14590,1181,2138,0.0,0.01,1.04,41.2,12.2,2.0,3.0
Adam Wharton,MID,Crystal Palace,216,23,3,2024-09-01T12:30:00Z,False,6,90,1,2,0,0,0,1,0,0,0,0,0,0,0,17,50,42028,1974,7437,0.02,0.04,2.27,14.4,18.9,13.0,2.0
Luis Sinisterra,MID,Bournemouth,80,24,3,2024-08-31T14:00:00Z,False,8,25,0,11,1,1,0,0,0,0,0,0,0,0,2,38,50,15915,1030,3922,0.37,0.24,0.26,51.0,17.8,36.0,4.7
Michael Keane,DEF,Everton,228,24,3,2024-08-31T14:00:00Z,True,3,90,1,6,1,0,0,3,0,0,0,1,0,0,0,7,40,228665,24778,23447,0.23,0.0,2.22,39.8,0.4,27.0,2.3
Omar Richards,DEF,Nott'm Forest,438,29,3,2024-08-31T14:00:00Z,True,20,0,0,0,0,0,0,0,0,0,0,0,0,0,0,0,45,3744,0,1514,0.0,0.0,0.0,0.0,0.0,0.0,0.0
Álex Moreno Lopera,DEF,Nott'm Forest,26,29,3,2024-08-31T14:00:00Z,True,20,0,0,0,0,0,0,0,0,0,0,0,0,0,0,0,44,55017,2911,10481,0.0,0.0,0.0,0.0,0.0,0.0,0.0
Stephy Mavididi,MID,Leicester,298,26,3,2024-08-31T14:00:00Z,True,2,23,0,1,0,0,0,0,0,0,0,0,0,0,0,4,54,31188,1182,13580,0.0,0.56,0.09,5.2,1.3,4.0,0.5
Anthony Gordon,MID,Newcastle,398,28,3,2024-09-01T12:30:00Z,True,18,90,1,2,0,0,0,1,0,0,0,0,0,0,0,5,75,2046235,89287,309280,0.0,0.31,1.26,12.2,43.3,2.0,5.5
Diego Carlos Santos Silva,DEF,Aston Villa,35,26,3,2024-08-31T14:00:00Z,False,11,0,0,0,0,0,0,0,0,0,0,0,0,0,0,0,45,52558,5501,11517,0.0,0.0,0.0,0.0,0.0,0.0,0.0
Facundo Pellistri Rebollo,MID,Man Utd,384,27,3,2024-09-01T15:00:00Z,True,12,0,0,0,0,0,0,0,0,0,0,0,0,0,0,0,50,1310,0,644,0.0,0.0,0.0,0.0,0.0,0.0,0.0
Trent Alexander-Arnold,DEF,Liverpool,311,27,3,2024-09-01T15:00:00Z,False,14,75,1,6,0,0,1,0,0,0,0,0,0,0,0,17,70,2989044,176393,238789,0.0,0.01,0.83,8.4,5.4,0.0,7.2
Josh King,MID,Fulham,604,25,3,2024-08-31T14:00:00Z,False,10,0,0,0,0,0,0,0,0,0,0,0,0,0,0,0,45,8369,2246,1554,0.0,0.0,0.0,0.0,0.0,0.0,0.5
Matt O'Riley,MID,Brighton,629,21,3,2024-08-31T11:30:00Z,False,1,0,0,0,0,0,0,0,0,0,0,0,0,0,0,0,55,304,362,116,0.0,0.0,0.0,0.0,0.0,0.0,0.0
Wanya Marçal-Madivádua,MID,Leicester,297,26,3,2024-08-31T14:00:00Z,True,2,0,0,0,0,0,0,0,0,0,0,0,0,0,0,0,45,4522,415,846,0.0,0.0,0.0,0.0,0.0,0.0,0.0
Jamal Lewis,DEF,Newcastle,408,28,3,2024-09-01T12:30:00Z,True,18,0,0,0,0,0,0,0,0,0,0,0,0,0,0,0,40,43352,4617,4641,0.0,0.0,0.0,0.0,0.0,0.0,0.5
Jørgen Strand Larsen,FWD,Wolves,566,29,3,2024-08-31T14:00:00Z,False,16,85,1,2,0,0,0,1,0,0,0,0,0,0,0,6,55,85873,69403,17059,0.0,0.04,0.89,1.4,11.2,4.0,3.3
Jack Harrison,MID,Everton,224,24,3,2024-08-31T14:00:00Z,True,3,90,1,2,0,0,0,3,0,0,0,0,0,0,0,26,55,15886,1538,2970,0.11,0.16,2.22,25.4,59.7,12.0,1.7
Riccardo Calafiori,DEF,Arsenal,578,21,3,2024-08-31T11:30:00Z,True,5,31,0,1,0,0,0,0,0,0,0,0,0,0,0,3,59,180050,4776,39697,0.0,0.0,0.89,2.0,0.1,0.0,1.7
Luke Cundle,MID,Wolves,540,29,3,2024-08-31T14:00:00Z,False,16,0,0,0,0,0,0,0,0,0,0,0,0,0,0,0,45,16414,4864,2992,0.0,0.0,0.0,0.0,0.0,0.0,0.0
Jan Bednarek,DEF,Southampton,455,22,3,2024-08-31T14:00:00Z,False,4,90,1,1,0,0,0,3,0,0,0,0,0,0,0,3,40,268839,77602,27285,0.0,0.02,2.78,25.4,3.8,0.0,0.8
André Onana,GK,Man Utd,383,27,3,2024-09-01T15:00:00Z,True,12,90,1,1,0,0,0,3,0,0,0,0,0,0,0,-1,50,537051,10711,93612,0.0,0.0,1.73,6.0,0.0,0.0,2.2
Odsonne Edouard,FWD,Leicester,198,26,3,2024-08-31T14:00:00Z,True,2,0,0,0,0,0,0,0,0,0,0,0,0,0,0,0,54,64087,10305,15572,0.0,0.0,0.0,0.0,0.0,0.0,0.5
Deivid Washington de Souza Eugênio,FWD,Chelsea,165,23,3,2024-09-01T12:30:00Z,True,7,0,0,0,0,0,0,0,0,0,0,0,0,0,0,0,50,10933,1943,2401,0.0,0.0,0.0,0.0,0.0,0.0,0.0
Lewis O'Brien,MID,Nott'm Forest,439,29,3,2024-08-31T14:00:00Z,True,20,0,0,0,0,0,0,0,0,0,0,0,0,0,0,0,50,127,0,24,0.0,0.0,0.0,0.0,0.0,0.0,0.0
Bukayo Saka,MID,Arsenal,17,21,3,2024-08-31T11:30:00Z,True,5,90,1,6,0,1,0,1,0,0,0,0,0,0,1,21,101,3421437,349415,249527,0.95,0.2,1.83,34.8,21.2,88.0,9.0
Alex Mighten,MID,Nott'm Forest,435,29,3,2024-08-31T14:00:00Z,True,20,0,0,0,0,0,0,0,0,0,0,0,0,0,0,0,45,4034,387,964,0.0,0.0,0.0,0.0,0.0,0.0,0.0
Djed Spence,DEF,Spurs,504,28,3,2024-09-01T12:30:00Z,False,15,0,0,0,0,0,0,0,0,0,0,0,0,0,0,0,45,9430,234,1251,0.0,0.0,0.0,0.0,0.0,0.0,0.2
Hamza Choudhury,MID,Leicester,287,26,3,2024-08-31T14:00:00Z,True,2,0,0,0,0,0,0,0,0,0,0,0,0,0,0,0,45,25280,1585,3929,0.0,0.0,0.0,0.0,0.0,0.0,-0.5
Wesley Fofana,DEF,Chelsea,189,23,3,2024-09-01T12:30:00Z,True,7,90,1,1,0,0,0,1,0,0,0,1,0,0,0,19,45,52543,16161,8460,0.0,0.02,0.44,24.2,23.4,2.0,1.0
Lucas Digne,DEF,Aston Villa,36,26,3,2024-08-31T14:00:00Z,False,11,90,1,7,0,1,0,1,0,0,0,0,0,0,2,23,45,290051,89835,31942,0.0,0.1,0.45,36.4,19.9,0.0,4.2
Joe Aribo,MID,Southampton,452,22,3,2024-08-31T14:00:00Z,False,4,81,1,2,0,0,0,3,0,0,0,0,0,0,0,9,50,6416,881,1098,0.48,0.02,2.59,2.4,16.2,11.0,1.5
Fábio Ferreira Vieira,MID,Arsenal,1,21,3,2024-08-31T11:30:00Z,True,5,0,0,0,0,0,0,0,0,0,0,0,0,0,0,0,54,2397,355,634,0.0,0.0,0.0,0.0,0.0,0.0,0.0
Guglielmo Vicario,GK,Spurs,508,28,3,2024-09-01T12:30:00Z,False,15,90,1,1,0,0,0,2,0,0,0,0,0,1,0,4,50,406559,31989,39675,0.0,0.0,1.57,9.8,0.0,0.0,2.5
Nathan Fraser,FWD,Wolves,546,29,3,2024-08-31T14:00:00Z,False,16,0,0,0,0,0,0,0,0,0,0,0,0,0,0,0,45,485124,42371,119677,0.0,0.0,0.0,0.0,0.0,0.0,0.0
Christian Walton,GK,Ipswich,283,25,3,2024-08-31T14:00:00Z,True,9,0,0,0,0,0,0,0,0,0,0,0,0,0,0,0,45,24593,2619,3093,0.0,0.0,0.0,0.0,0.0,0.0,0.2
Matthijs de Ligt,DEF,Man Utd,593,27,3,2024-09-01T15:00:00Z,True,12,68,1,0,0,0,0,3,0,0,0,1,0,0,0,0,50,321137,13054,79654,0.0,0.0,1.3,6.0,0.6,0.0,0.2
Jack Hinshelwood,MID,Brighton,126,21,3,2024-08-31T11:30:00Z,False,1,90,1,2,0,0,0,1,0,0,0,0,0,0,0,13,50,4326,903,817,0.2,0.14,2.08,12.6,18.3,25.0,1.3
Antoine Semenyo,MID,Bournemouth,78,24,3,2024-08-31T14:00:00Z,False,8,90,1,6,1,0,0,2,0,0,0,1,0,0,0,23,55,316904,191022,47572,0.5,0.03,1.97,40.4,15.8,59.0,6.3
Will Dennis,GK,Bournemouth,599,24,3,2024-08-31T14:00:00Z,False,8,0,0,0,0,0,0,0,0,0,0,0,0,0,0,0,40,36994,9425,3269,0.0,0.0,0.0,0.0,0.0,0.0,0.0
Omari Giraud-Hutchinson,MID,Ipswich,274,25,3,2024-08-31T14:00:00Z,True,9,90,1,2,0,0,0,1,0,0,0,0,0,0,0,18,55,50708,5198,8237,0.05,0.02,0.95,8.0,6.0,21.0,1.2
Dane Scarlett,FWD,Spurs,500,28,3,2024-09-01T12:30:00Z,False,15,0,0,0,0,0,0,0,0,0,0,0,0,0,0,0,45,13402,0,2489,0.0,0.0,0.0,0.0,0.0,0.0,0.0
Joe Lumley,GK,Southampton,466,22,3,2024-08-31T14:00:00Z,False,4,0,0,0,0,0,0,0,0,0,0,0,0,0,0,0,40,30848,3109,1922,0.0,0.0,0.0,0.0,0.0,0.0,-0.5
Dwight McNeil,MID,Everton,230,24,3,2024-08-31T14:00:00Z,True,3,90,1,6,0,1,0,3,0,0,0,0,0,0,1,36,54,64431,5697,12334,0.06,0.75,2.22,33.4,87.6,16.0,3.3
Kim Ji-soo,DEF,Brentford,96,22,3,2024-08-31T14:00:00Z,True,17,0,0,0,0,0,0,0,0,0,0,0,0,0,0,0,40,23967,1435,2391,0.0,0.0,0.0,0.0,0.0,0.0,0.5
Franco Umeh-Chibueze,MID,Crystal Palace,644,23,3,2024-09-01T12:30:00Z,False,6,0,0,0,0,0,0,0,0,0,0,0,0,0,0,0,45,0,0,0,0.0,0.0,0.0,0.0,0.0,0.0,1.1
Andy Irving,MID,West Ham,576,30,3,2024-08-31T16:30:00Z,True,13,0,0,0,0,0,0,0,0,0,0,0,0,0,0,0,49,2346,92,426,0.0,0.0,0.0,0.0,0.0,0.0,-1.0
Karl Hein,GK,Arsenal,5,21,3,2024-08-31T11:30:00Z,True,5,0,0,0,0,0,0,0,0,0,0,0,0,0,0,0,40,5334,0,706,0.0,0.0,0.0,0.0,0.0,0.0,0.0
Nathaniel Clyne,DEF,Crystal Palace,196,23,3,2024-09-01T12:30:00Z,False,6,90,1,2,0,0,0,1,0,0,0,0,0,0,0,5,44,10839,322,1693,0.0,0.0,2.27,14.8,0.2,0.0,0.7
Saša Lukić,MID,Fulham,249,25,3,2024-08-31T14:00:00Z,False,10,86,1,1,0,0,0,1,0,0,0,1,0,0,0,10,50,5929,697,843,0.0,0.02,0.36,9.4,3.8,2.0,2.2
Kevin De Bruyne,MID,Man City,345,30,3,2024-08-31T16:30:00Z,False,19,87,1,1,0,0,0,1,0,0,0,1,0,0,0,20,96,1179540,353421,106004,0.27,0.64,0.64,18.6,92.3,46.0,6.3
Norberto Murara Neto,GK,Arsenal,73,21,3,2024-08-31T11:30:00Z,True,5,0,0,0,0,0,0,0,0,0,0,0,0,0,0,0,45,233977,30742,36213,0.0,0.0,0.0,0.0,0.0,0.0,3.3
Tyrell Malacia,DEF,Man Utd,379,27,3,2024-09-01T15:00:00Z,True,12,0,0,0,0,0,0,0,0,0,0,0,0,0,0,0,44,976,38,193,0.0,0.0,0.0,0.0,0.0,0.0,0.0
Lucas Tolentino Coelho de Lima,MID,West Ham,527,30,3,2024-08-31T16:30:00Z,True,13,90,1,2,0,0,0,3,0,0,0,0,0,0,0,9,60,209489,30924,52322,0.0,0.07,3.0,6.0,7.4,4.0,2.7
Lewis Dunk,DEF,Brighton,120,21,3,2024-08-31T11:30:00Z,False,1,90,1,2,0,0,0,1,0,0,0,0,0,0,0,17,45,516904,87965,54918,0.0,0.23,2.08,30.4,39.9,2.0,2.3
Mason Holgate,DEF,Everton,225,24,3,2024-08-31T14:00:00Z,True,3,0,0,0,0,0,0,0,0,0,0,0,0,0,0,0,40,57395,5113,6648,0.0,0.0,0.0,0.0,0.0,0.0,0.0
Kurt Zouma,DEF,West Ham,532,30,3,2024-08-31T16:30:00Z,True,13,0,0,0,0,0,0,0,0,0,0,0,0,0,0,0,44,46391,2586,8988,0.0,0.0,0.0,0.0,0.0,0.0,-1.0
Sékou Mara,FWD,Southampton,468,22,3,2024-08-31T14:00:00Z,False,4,0,0,0,0,0,0,0,0,0,0,0,0,0,0,0,50,6765,315,2469,0.0,0.0,0.0,0.0,0.0,0.0,0.0
Antony Matheus dos Santos,MID,Man Utd,365,27,3,2024-09-01T15:00:00Z,True,12,0,0,0,0,0,0,0,0,0,0,0,0,0,0,0,59,22561,2638,5364,0.0,0.0,0.0,0.0,0.0,0.0,-0.2
Dara O'Shea,DEF,Ipswich,630,25,3,2024-08-31T14:00:00Z,True,9,0,0,0,0,0,0,0,0,0,0,0,0,0,0,0,40,1733,1368,186,0.0,0.0,0.0,0.0,0.0,0.0,0.5
Kalvin Phillips,MID,Ipswich,359,25,3,2024-08-31T14:00:00Z,True,9,69,1,2,0,0,0,1,0,0,0,0,0,0,0,8,50,8123,490,1205,0.0,0.01,0.87,4.6,4.8,0.0,0.2
Ibrahima Konaté,DEF,Liverpool,326,27,3,2024-09-01T15:00:00Z,False,14,90,1,6,0,0,1,0,0,0,0,0,0,0,0,28,50,255327,98885,45425,0.04,0.0,1.36,12.8,1.0,4.0,5.2
Chadi Riad Dnanou,DEF,Crystal Palace,195,23,3,2024-09-01T12:30:00Z,False,6,0,0,0,0,0,0,0,0,0,0,0,0,0,0,0,45,11658,569,3302,0.0,0.0,0.0,0.0,0.0,0.0,0.0
Freddie Ladapo,FWD,Ipswich,276,25,3,2024-08-31T14:00:00Z,True,9,0,0,0,0,0,0,0,0,0,0,0,0,0,0,0,45,209294,43904,36468,0.0,0.0,0.0,0.0,0.0,0.0,0.0
Levi Colwill,DEF,Chelsea,162,23,3,2024-09-01T12:30:00Z,True,7,90,1,2,0,0,0,1,0,0,0,0,0,0,0,12,45,119482,47095,22566,0.18,0.01,0.44,20.0,2.5,24.0,1.3
Nick Pope,GK,Newcastle,413,28,3,2024-09-01T12:30:00Z,True,18,90,1,4,0,0,0,1,0,0,0,0,0,6,0,16,50,839389,77529,107792,0.0,0.0,1.26,34.8,0.0,0.0,5.8
Jorge Luiz Frello Filho,MID,Arsenal,7,21,3,2024-08-31T11:30:00Z,True,5,0,0,0,0,0,0,0,0,0,0,0,0,0,0,0,49,27279,3276,6910,0.0,0.0,0.0,0.0,0.0,0.0,1.0
Oliwier Zych,GK,Aston Villa,641,26,3,2024-08-31T14:00:00Z,False,11,0,0,0,0,0,0,0,0,0,0,0,0,0,0,0,40,0,0,0,0.0,0.0,0.0,0.0,0.0,0.0,1.5
Luke Woolfenden,DEF,Ipswich,284,25,3,2024-08-31T14:00:00Z,True,9,90,1,2,0,0,0,1,0,0,0,0,0,0,0,11,40,148421,20619,12626,0.03,0.0,0.95,19.4,0.8,4.0,0.2
Łukasz Fabiański,GK,West Ham,521,30,3,2024-08-31T16:30:00Z,True,13,45,0,1,0,0,0,1,0,0,0,0,0,2,0,4,40,1272471,82237,72607,0.0,0.0,1.29,16.4,0.0,0.0,-0.7
Idrissa Gueye,MID,Everton,222,24,3,2024-08-31T14:00:00Z,True,3,90,1,2,0,0,0,3,0,0,0,0,0,0,0,15,50,6741,1241,1090,0.18,0.06,2.22,14.6,2.8,23.0,2.0
Joe Gomez,DEF,Liverpool,322,27,3,2024-09-01T15:00:00Z,False,14,0,0,0,0,0,0,0,0,0,0,0,0,0,0,0,49,47776,2684,8266,0.0,0.0,0.0,0.0,0.0,0.0,0.5
Dominic Calvert-Lewin,FWD,Everton,220,24,3,2024-08-31T14:00:00Z,True,3,87,1,12,1,1,0,1,0,0,0,0,0,0,3,39,59,153872,20421,32245,0.31,0.4,1.0,55.2,11.9,36.0,5.3
Yerson Mosquera,DEF,Wolves,558,29,3,2024-08-31T14:00:00Z,False,16,90,1,2,0,0,0,1,0,0,0,0,0,0,0,10,40,95582,24460,14308,0.0,0.0,1.04,21.8,0.4,2.0,0.3
Sil Swinkels,DEF,Aston Villa,640,26,3,2024-08-31T14:00:00Z,False,11,0,0,0,0,0,0,0,0,0,0,0,0,0,0,0,40,0,0,0,0.0,0.0,0.0,0.0,0.0,0.0,1.5
Konstantinos Tsimikas,DEF,Liverpool,337,27,3,2024-09-01T15:00:00Z,False,14,7,0,1,0,0,0,0,0,0,0,0,0,0,0,4,48,27733,1460,8900,0.0,0.0,0.02,2.4,0.1,0.0,1.2
Christian Nørgaard,MID,Brentford,101,22,3,2024-08-31T14:00:00Z,True,17,90,1,2,0,0,0,1,0,0,0,0,0,0,0,16,50,12378,1325,1836,0.27,0.01,1.57,17.2,12.9,11.0,2.2
Emiliano Martínez Romero,GK,Aston Villa,47,26,3,2024-08-31T14:00:00Z,False,11,90,1,2,0,0,0,1,0,0,0,0,0,2,0,12,50,1292696,156570,121171,0.0,0.0,0.45,15.6,0.0,0.0,2.5
Declan Rice,MID,Arsenal,16,21,3,2024-08-31T11:30:00Z,True,5,48,1,-2,0,0,0,1,0,0,0,0,1,0,0,-10,64,515468,20951,98074,0.03,0.03,0.08,0.0,1.7,6.0,2.0
Dejan Kulusevski,MID,Spurs,492,28,3,2024-09-01T12:30:00Z,False,15,90,1,2,0,0,0,2,0,0,0,0,0,0,0,8,64,195104,23458,41969,0.08,0.11,1.57,12.8,43.3,25.0,2.5
Pascal Groß,MID,Brighton,125,21,3,2024-08-31T11:30:00Z,False,1,0,0,0,0,0,0,0,0,0,0,0,0,0,0,0,65,4164,0,1746,0.0,0.0,0.0,0.0,0.0,0.0,0.0
Gabriel dos Santos Magalhães,DEF,Arsenal,3,21,3,2024-08-31T11:30:00Z,True,5,90,1,2,0,0,0,1,0,0,0,0,0,0,0,17,60,1296327,86679,85826,0.12,0.01,1.83,20.8,20.8,9.0,5.7
Cody Gakpo,FWD,Liverpool,321,27,3,2024-09-01T15:00:00Z,False,14,24,0,1,0,0,0,0,0,0,0,0,0,0,0,2,73,247819,15664,88433,0.34,0.0,0.87,1.2,0.0,11.0,1.2
Salah-Eddine Oulad M'hand,MID,Arsenal,638,21,3,2024-08-31T11:30:00Z,True,5,0,0,0,0,0,0,0,0,0,0,0,0,0,0,0,45,0,0,0,0.0,0.0,0.0,0.0,0.0,0.0,2.1
Mohammed Kudus,MID,West Ham,525,30,3,2024-08-31T16:30:00Z,True,13,90,1,2,0,0,0,3,0,0,0,0,0,0,0,3,64,619152,19412,190359,0.11,0.03,3.0,10.0,7.9,12.0,1.3
Benicio Baker-Boaitey,MID,Brighton,114,21,3,2024-08-31T11:30:00Z,False,1,0,0,0,0,0,0,0,0,0,0,0,0,0,0,0,45,457,0,109,0.0,0.0,0.0,0.0,0.0,0.0,0.0
Vitaly Janelt,MID,Brentford,94,22,3,2024-08-31T14:00:00Z,True,17,74,1,3,0,0,1,0,0,0,0,0,0,0,0,14,50,15088,1064,2354,0.0,0.11,1.04,7.8,17.1,0.0,2.8
Adama Traoré,MID,Fulham,239,25,3,2024-08-31T14:00:00Z,False,10,90,1,9,1,0,0,1,0,0,0,1,0,0,3,33,50,118606,61954,21833,0.15,0.25,0.45,41.6,20.9,25.0,6.2
Jens Cajuste,MID,Ipswich,619,25,3,2024-08-31T14:00:00Z,True,9,20,0,1,0,0,0,0,0,0,0,0,0,0,0,6,45,2025,1347,437,0.0,0.0,0.07,5.4,11.7,0.0,0.0
Tommy Setford,GK,Arsenal,639,21,3,2024-08-31T11:30:00Z,True,5,0,0,0,0,0,0,0,0,0,0,0,0,0,0,0,45,0,0,0,0.0,0.0,0.0,0.0,0.0,0.0,3.2
Alexis Mac Allister,MID,Liverpool,329,27,3,2024-09-01T15:00:00Z,False,14,90,1,3,0,0,1,0,0,0,0,0,0,0,0,16,64,220927,10485,43733,0.0,0.04,1.36,19.4,13.8,0.0,3.5
Endo Wataru,MID,Liverpool,320,27,3,2024-09-01T15:00:00Z,False,14,0,0,0,0,0,0,0,0,0,0,0,0,0,0,0,49,20272,5309,4785,0.0,0.0,0.0,0.0,0.0,0.0,0.8
João Pedro Ferreira Silva,MID,Nott'm Forest,596,29,3,2024-08-31T14:00:00Z,True,20,1,0,1,0,0,0,0,0,0,0,0,0,0,0,1,60,10757,1470,2601,0.0,0.0,0.01,1.0,0.0,0.0,0.7
Ashley Phillips,DEF,Spurs,478,28,3,2024-09-01T12:30:00Z,False,15,0,0,0,0,0,0,0,0,0,0,0,0,0,0,0,40,42128,3841,13623,0.0,0.0,0.0,0.0,0.0,0.0,0.0
Keane Lewis-Potter,MID,Brentford,98,22,3,2024-08-31T14:00:00Z,True,17,15,0,1,0,0,0,1,0,0,0,0,0,0,0,4,50,5592,1340,814,0.0,0.01,0.53,3.4,0.8,0.0,1.8
Ben Johnson,DEF,Ipswich,275,25,3,2024-08-31T14:00:00Z,True,9,0,0,0,0,0,0,0,0,0,0,0,0,0,0,0,40,455232,142635,47627,0.0,0.0,0.0,0.0,0.0,0.0,0.5
Michael Golding,MID,Leicester,292,26,3,2024-08-31T14:00:00Z,True,2,0,0,0,0,0,0,0,0,0,0,0,0,0,0,0,45,4961,386,818,0.0,0.0,0.0,0.0,0.0,0.0,-0.5
João Félix Sequeira,MID,Chelsea,621,23,3,2024-09-01T12:30:00Z,True,7,32,0,1,0,0,0,0,0,0,0,0,0,0,0,4,65,107515,86064,15806,0.03,0.01,0.31,6.8,2.3,7.0,3.5
Remi Matthews,GK,Crystal Palace,209,23,3,2024-09-01T12:30:00Z,False,6,0,0,0,0,0,0,0,0,0,0,0,0,0,0,0,40,93857,4075,9745,0.0,0.0,0.0,0.0,0.0,0.0,0.0
Alfie Gilchrist,DEF,Chelsea,170,23,3,2024-09-01T12:30:00Z,True,7,0,0,0,0,0,0,0,0,0,0,0,0,0,0,0,40,7028,0,1350,0.0,0.0,0.0,0.0,0.0,0.0,0.0
Nayef Aguerd,DEF,West Ham,529,30,3,2024-08-31T16:30:00Z,True,13,0,0,0,0,0,0,0,0,0,0,0,0,0,0,0,44,12392,682,2626,0.0,0.0,0.0,0.0,0.0,0.0,-1.0
Emile Smith Rowe,MID,Fulham,19,25,3,2024-08-31T14:00:00Z,False,10,71,1,2,0,0,0,1,0,0,0,0,0,0,0,14,56,2626644,1022015,106260,0.17,0.01,0.36,1.8,3.7,10.0,5.5
Enes Ünal,FWD,Bournemouth,65,24,3,2024-08-31T14:00:00Z,False,8,0,0,0,0,0,0,0,0,0,0,0,0,0,0,0,54,2144,217,631,0.0,0.0,0.0,0.0,0.0,0.0,0.0
Lucas Bergström,GK,Chelsea,154,23,3,2024-09-01T12:30:00Z,True,7,0,0,0,0,0,0,0,0,0,0,0,0,0,0,0,40,27975,3542,2258,0.0,0.0,0.0,0.0,0.0,0.0,0.0
Kacper Kozłowski,MID,Brighton,130,21,3,2024-08-31T11:30:00Z,False,1,0,0,0,0,0,0,0,0,0,0,0,0,0,0,0,45,100,0,24,0.0,0.0,0.0,0.0,0.0,0.0,0.0
Francisco Evanilson de Lima Barbosa,FWD,Bournemouth,617,24,3,2024-08-31T14:00:00Z,False,8,64,1,2,0,0,0,2,0,0,0,0,0,0,0,3,60,35863,29281,7707,0.2,0.07,1.71,0.0,0.8,7.0,2.0
Axel Tuanzebe,DEF,Ipswich,282,25,3,2024-08-31T14:00:00Z,True,9,90,1,2,0,0,0,1,0,0,0,0,0,0,0,17,40,134718,16603,10969,0.0,0.02,0.95,23.2,17.8,0.0,0.5
Gabriel Fernando de Jesus,FWD,Arsenal,2,21,3,2024-08-31T11:30:00Z,True,5,0,0,0,0,0,0,0,0,0,0,0,0,0,0,0,68,106691,3238,75821,0.0,0.0,0.0,0.0,0.0,0.0,0.0
Iliman Ndiaye,FWD,Everton,232,24,3,2024-08-31T14:00:00Z,True,3,82,1,2,0,0,1,0,0,0,0,0,0,0,0,11,54,17168,4735,3138,0.26,0.04,0.68,14.8,3.3,40.0,1.3
David Raya Martin,GK,Arsenal,15,21,3,2024-08-31T11:30:00Z,True,5,90,1,2,0,0,0,1,0,0,0,1,0,3,0,8,55,2865351,394083,105121,0.0,0.01,1.83,33.6,0.0,0.0,7.7
Enso González,MID,Wolves,547,29,3,2024-08-31T14:00:00Z,False,16,0,0,0,0,0,0,0,0,0,0,0,0,0,0,0,45,2524,520,666,0.0,0.0,0.0,0.0,0.0,0.0,0.0
Archie Gray,MID,Spurs,489,28,3,2024-09-01T12:30:00Z,False,15,0,0,0,0,0,0,0,0,0,0,0,0,0,0,0,49,21007,1391,4714,0.0,0.0,0.0,0.0,0.0,0.0,0.2
Christopher Nkunku,MID,Chelsea,181,23,3,2024-09-01T12:30:00Z,True,7,4,0,1,0,0,0,0,0,0,0,0,0,0,0,4,63,764722,36401,746474,0.0,0.02,0.19,2.6,11.7,4.0,1.0
Manuel Akanji,DEF,Man City,340,30,3,2024-08-31T16:30:00Z,False,19,90,1,1,0,0,0,1,0,0,0,1,0,0,0,5,55,579233,77479,62445,0.0,0.04,0.73,18.8,9.8,0.0,4.0
Kaelan Casey,DEF,West Ham,643,30,3,2024-08-31T16:30:00Z,True,13,0,0,0,0,0,0,0,0,0,0,0,0,0,0,0,40,0,0,0,0.0,0.0,0.0,0.0,0.0,0.0,0.0
Ryan Gravenberch,MID,Liverpool,323,27,3,2024-09-01T15:00:00Z,False,14,90,1,3,0,0,1,0,0,0,0,0,0,0,0,19,50,30588,8477,6694,0.0,0.07,1.36,11.8,3.4,2.0,3.2
Joe Willock,MID,Newcastle,420,28,3,2024-09-01T12:30:00Z,True,18,0,0,0,0,0,0,0,0,0,0,0,0,0,0,0,49,12770,1376,3731,0.0,0.0,0.0,0.0,0.0,0.0,0.2
Mark Flekken,GK,Brentford,91,22,3,2024-08-31T14:00:00Z,True,17,90,1,3,0,0,0,1,0,0,0,0,0,5,0,18,45,1111222,145231,82058,0.0,0.0,1.57,37.4,0.0,0.0,3.8
Lewis Cook,MID,Bournemouth,64,24,3,2024-08-31T14:00:00Z,False,8,90,1,7,1,0,0,2,0,0,0,0,0,0,0,31,50,7182,667,1151,0.19,0.02,1.97,49.4,6.9,35.0,3.3
Alex Iwobi,MID,Fulham,247,25,3,2024-08-31T14:00:00Z,False,10,86,1,2,0,0,0,1,0,0,0,0,0,0,0,16,55,128792,72689,18772,0.03,0.14,0.36,11.4,24.4,19.0,4.5
Ethan Nwaneri,MID,Arsenal,12,21,3,2024-08-31T11:30:00Z,True,5,0,0,0,0,0,0,0,0,0,0,0,0,0,0,0,45,21665,3931,4428,0.0,0.0,0.0,0.0,0.0,0.0,1.0
Ross Stewart,FWD,Southampton,473,22,3,2024-08-31T14:00:00Z,False,4,0,0,0,0,0,0,0,0,0,0,0,0,0,0,0,45,58148,7489,7995,0.0,0.0,0.0,0.0,0.0,0.0,-0.2
Matt Doherty,DEF,Wolves,543,29,3,2024-08-31T14:00:00Z,False,16,15,0,1,0,0,0,0,0,0,0,0,0,0,0,3,45,21002,1195,2368,0.0,0.0,0.35,7.4,0.0,0.0,0.3
Alejo Véliz,FWD,Spurs,507,28,3,2024-09-01T12:30:00Z,False,15,0,0,0,0,0,0,0,0,0,0,0,0,0,0,0,50,892,0,180,0.0,0.0,0.0,0.0,0.0,0.0,0.0
Ilkay Gündogan,MID,Man City,625,30,3,2024-08-31T16:30:00Z,False,19,22,0,1,0,0,0,0,0,0,0,0,0,0,0,6,65,28956,20117,6377,0.0,0.14,0.44,4.2,17.8,0.0,2.0
Isaac Hayden,MID,Newcastle,400,28,3,2024-09-01T12:30:00Z,True,18,0,0,0,0,0,0,0,0,0,0,0,0,0,0,0,45,7411,832,1031,0.0,0.0,0.0,0.0,0.0,0.0,0.5
Wilson Odobert,MID,Spurs,612,28,3,2024-09-01T12:30:00Z,False,15,73,1,2,0,0,0,1,0,0,0,0,0,0,0,4,55,5258,2891,976,0.35,0.03,0.63,1.4,13.8,20.0,1.2
Conor Bradley,DEF,Liverpool,313,27,3,2024-09-01T15:00:00Z,False,14,14,0,1,0,0,0,0,0,0,0,0,0,0,0,3,49,48658,2067,10154,0.0,0.11,0.53,3.6,1.3,4.0,1.5
Tom Cairney,MID,Fulham,243,25,3,2024-08-31T14:00:00Z,False,10,3,0,1,0,0,0,0,0,0,0,0,0,0,0,3,49,3928,462,812,0.0,0.0,0.09,0.2,0.3,0.0,0.8
Jarell Quansah,DEF,Liverpool,333,27,3,2024-09-01T15:00:00Z,False,14,0,0,0,0,0,0,0,0,0,0,0,0,0,0,0,43,309511,8967,116818,0.0,0.0,0.0,0.0,0.0,0.0,0.8
Jacob Ramsey,MID,Aston Villa,53,26,3,2024-08-31T14:00:00Z,False,11,63,0,2,0,0,0,1,0,0,0,0,0,0,0,13,55,33892,5783,6077,0.06,0.55,0.4,11.2,12.6,17.0,2.8
Emiliano Buendía Stati,MID,Aston Villa,31,26,3,2024-08-31T14:00:00Z,False,11,0,0,0,0,0,0,0,0,0,0,0,0,0,0,0,54,11112,850,2690,0.0,0.0,0.0,0.0,0.0,0.0,0.5
James McAtee,MID,Man City,357,30,3,2024-08-31T16:30:00Z,False,19,0,0,0,0,0,0,0,0,0,0,0,0,0,0,0,49,6291,790,1857,0.0,0.0,0.0,0.0,0.0,0.0,1.3
Andrew Robertson,DEF,Liverpool,335,27,3,2024-09-01T15:00:00Z,False,14,82,1,6,0,0,1,0,0,0,0,0,0,0,0,25,60,529916,106687,72953,0.0,0.07,1.34,9.6,22.0,0.0,6.5
Luke Harris,MID,Fulham,246,25,3,2024-08-31T14:00:00Z,False,10,0,0,0,0,0,0,0,0,0,0,0,0,0,0,0,45,856,0,201,0.0,0.0,0.0,0.0,0.0,0.0,0.0
Youri Tielemans,MID,Aston Villa,57,26,3,2024-08-31T14:00:00Z,False,11,90,1,1,0,0,0,1,0,0,0,1,0,0,0,17,55,123661,36175,19733,0.0,0.3,0.45,14.8,17.0,4.0,3.8
João Neves Virgínia,GK,Everton,227,24,3,2024-08-31T14:00:00Z,True,3,0,0,0,0,0,0,0,0,0,0,0,0,0,0,0,40,60738,2316,4407,0.0,0.0,0.0,0.0,0.0,0.0,0.0
Oleksandr Zinchenko,DEF,Arsenal,25,21,3,2024-08-31T11:30:00Z,True,5,10,0,1,0,0,0,0,0,0,0,0,0,0,0,3,50,264308,16584,72632,0.0,0.0,0.28,0.0,0.0,0.0,3.3
Francisco Jorge Tomás Oliveira,MID,Wolves,537,29,3,2024-08-31T14:00:00Z,False,16,0,0,0,0,0,0,0,0,0,0,0,0,0,0,0,45,26867,5891,4617,0.0,0.0,0.0,0.0,0.0,0.0,0.3
Ederson Santana de Moraes,GK,Man City,347,30,3,2024-08-31T16:30:00Z,False,19,90,1,2,0,0,0,1,0,0,0,0,0,2,0,12,55,820193,49553,85340,0.0,0.0,0.73,19.2,0.0,0.0,5.0
Andrew Omobamidele,DEF,Nott'm Forest,440,29,3,2024-08-31T14:00:00Z,True,20,0,0,0,0,0,0,0,0,0,0,0,0,0,0,0,44,6621,86,879,0.0,0.0,0.0,0.0,0.0,0.0,0.0
Norberto Bercique Gomes Betuncal,FWD,Everton,218,24,3,2024-08-31T14:00:00Z,True,3,2,0,1,0,0,0,2,0,0,0,0,0,0,0,3,50,60271,23105,12501,0.0,0.0,1.22,0.2,0.3,0.0,1.0
Diogo Dalot Teixeira,DEF,Man Utd,369,27,3,2024-09-01T15:00:00Z,True,12,90,1,1,0,0,0,3,0,0,0,0,0,0,0,5,50,799582,43457,131745,0.0,0.02,1.73,19.4,1.8,0.0,2.5
Pape Matar Sarr,MID,Spurs,499,28,3,2024-09-01T12:30:00Z,False,15,45,1,0,0,0,0,1,0,0,0,1,0,0,0,16,49,21449,1190,5751,0.07,0.08,0.49,16.8,8.3,14.0,0.5
Danny Welbeck,FWD,Brighton,148,21,3,2024-08-31T11:30:00Z,False,1,84,1,2,0,0,0,1,0,0,0,0,0,0,0,3,56,1172309,768178,117881,0.1,0.01,2.08,0.4,2.8,6.0,6.7
Yankuba Minteh,MID,Brighton,135,21,3,2024-08-31T11:30:00Z,False,1,71,1,4,0,1,0,1,0,0,0,1,0,0,0,12,55,133513,27379,28045,0.4,0.01,1.13,2.2,0.8,23.0,2.3
Nathan Aké,DEF,Man City,341,30,3,2024-08-31T16:30:00Z,False,19,2,0,1,0,0,0,0,0,0,0,0,0,0,0,4,54,192348,5684,54909,0.0,0.0,0.09,3.4,0.5,0.0,1.3
Bernd Leno,GK,Fulham,248,25,3,2024-08-31T14:00:00Z,False,10,90,1,3,0,0,0,1,0,0,0,0,0,3,0,14,50,314247,45760,34197,0.0,0.0,0.45,27.8,0.0,0.0,3.5
Jamaal Lascelles,DEF,Newcastle,407,28,3,2024-09-01T12:30:00Z,True,18,0,0,0,0,0,0,0,0,0,0,0,0,0,0,0,45,373,26,50,0.0,0.0,0.0,0.0,0.0,0.0,0.0
Axel Disasi,DEF,Chelsea,167,23,3,2024-09-01T12:30:00Z,True,7,0,0,0,0,0,0,0,0,0,0,0,0,0,0,0,44,34727,2346,8251,0.0,0.0,0.0,0.0,0.0,0.0,0.0
Kevin Schade,MID,Brentford,106,22,3,2024-08-31T14:00:00Z,True,17,74,1,6,0,1,1,0,0,0,0,0,0,0,0,16,55,6776,544,1115,0.23,0.0,1.04,5.4,13.3,27.0,3.5
Victor Kristiansen,DEF,Leicester,296,26,3,2024-08-31T14:00:00Z,True,2,90,1,1,0,0,0,2,0,0,0,0,0,0,0,13,45,12123,518,2602,0.0,0.13,1.55,21.4,32.8,0.0,0.5
Kyle Walker-Peters,DEF,Southampton,476,22,3,2024-08-31T14:00:00Z,False,4,90,1,1,0,0,0,3,0,0,0,0,0,0,0,8,45,48388,4110,4614,0.04,0.04,2.78,13.8,16.7,21.0,1.2
Daniel Bentley,GK,Wolves,536,29,3,2024-08-31T14:00:00Z,False,16,0,0,0,0,0,0,0,0,0,0,0,0,0,0,0,40,214435,12516,11685,0.0,0.0,0.0,0.0,0.0,0.0,0.0
Ivan Toney,FWD,Brentford,108,22,3,2024-08-31T14:00:00Z,True,17,0,0,0,0,0,0,0,0,0,0,0,0,0,0,0,73,389098,23379,231301,0.0,0.0,0.0,0.0,0.0,0.0,0.0
Antonee Robinson,DEF,Fulham,255,25,3,2024-08-31T14:00:00Z,False,10,90,1,4,0,1,0,1,0,0,0,1,0,0,0,21,46,1444249,438688,58092,0.0,0.06,0.45,29.0,16.2,0.0,4.8
Romain Faivre,MID,Bournemouth,66,24,3,2024-08-31T14:00:00Z,False,8,0,0,0,0,0,0,0,0,0,0,0,0,0,0,0,50,1025,0,396,0.0,0.0,0.0,0.0,0.0,0.0,0.0
James Ward-Prowse,MID,Nott'm Forest,531,29,3,2024-08-31T14:00:00Z,True,20,0,0,0,0,0,0,0,0,0,0,0,0,0,0,0,64,117696,2956,46590,0.0,0.0,0.0,0.0,0.0,0.0,0.3
Patson Daka,FWD,Leicester,289,26,3,2024-08-31T14:00:00Z,True,2,0,0,0,0,0,0,0,0,0,0,0,0,0,0,0,49,17498,1427,5800,0.0,0.0,0.0,0.0,0.0,0.0,0.0
Illia Zabarnyi,DEF,Bournemouth,85,24,3,2024-08-31T14:00:00Z,False,8,90,1,1,0,0,0,2,0,0,0,0,0,0,0,6,45,44244,6849,3911,0.19,0.0,1.97,20.8,0.2,10.0,1.7
Gavin Bazunu,GK,Southampton,454,22,3,2024-08-31T14:00:00Z,False,4,0,0,0,0,0,0,0,0,0,0,0,0,0,0,0,45,20941,140,6136,0.0,0.0,0.0,0.0,0.0,0.0,0.0
Sven Botman,DEF,Newcastle,393,28,3,2024-09-01T12:30:00Z,True,18,0,0,0,0,0,0,0,0,0,0,0,0,0,0,0,45,1519,110,325,0.0,0.0,0.0,0.0,0.0,0.0,0.0
Hugo Bueno López,DEF,Wolves,549,29,3,2024-08-31T14:00:00Z,False,16,0,0,0,0,0,0,0,0,0,0,0,0,0,0,0,45,1271,0,362,0.0,0.0,0.0,0.0,0.0,0.0,0.0
Danny Ward,GK,Leicester,308,26,3,2024-08-31T14:00:00Z,True,2,0,0,0,0,0,0,0,0,0,0,0,0,0,0,0,40,261896,19018,16341,0.0,0.0,0.0,0.0,0.0,0.0,-0.5
Samuel Amo-Ameyaw,MID,Southampton,451,22,3,2024-08-31T14:00:00Z,False,4,0,0,0,0,0,0,0,0,0,0,0,0,0,0,0,45,12870,1892,2190,0.0,0.0,0.0,0.0,0.0,0.0,-0.2
Joe Gauci,GK,Aston Villa,39,26,3,2024-08-31T14:00:00Z,False,11,0,0,0,0,0,0,0,0,0,0,0,0,0,0,0,40,84451,20990,7436,0.0,0.0,0.0,0.0,0.0,0.0,0.5
João Pedro Junqueira de Jesus,FWD,Brighton,129,21,3,2024-08-31T11:30:00Z,False,1,90,1,8,1,0,0,1,0,0,0,1,0,0,3,39,56,2133335,570736,175384,0.32,0.12,2.08,46.8,22.4,33.0,5.0
Justin Kluivert,MID,Bournemouth,71,24,3,2024-08-31T14:00:00Z,False,8,90,1,5,0,1,0,2,0,0,0,0,0,0,0,22,54,32016,2727,6019,0.1,0.27,1.97,34.0,37.1,8.0,2.7
Martin Dúbravka,GK,Newcastle,396,28,3,2024-09-01T12:30:00Z,True,18,0,0,0,0,0,0,0,0,0,0,0,0,0,0,0,44,89846,3524,15665,0.0,0.0,0.0,0.0,0.0,0.0,0.4
Flynn Downes,MID,Southampton,518,22,3,2024-08-31T14:00:00Z,False,4,90,1,2,0,0,0,3,0,0,0,0,0,0,0,22,50,5852,211,854,0.09,0.33,2.78,18.0,44.0,5.0,1.2
Alejandro Garnacho,MID,Man Utd,372,27,3,2024-09-01T15:00:00Z,True,12,68,1,2,0,0,0,3,0,0,0,0,0,0,0,9,64,1260746,47545,449040,0.0,0.1,1.3,6.0,15.8,6.0,1.8
Ronnie Edwards,DEF,Southampton,460,22,3,2024-08-31T14:00:00Z,False,4,0,0,0,0,0,0,0,0,0,0,0,0,0,0,0,40,17720,1068,1837,0.0,0.0,0.0,0.0,0.0,0.0,-0.5
Edson Álvarez Velázquez,MID,West Ham,511,30,3,2024-08-31T16:30:00Z,True,13,76,1,2,0,0,0,2,0,0,0,0,0,0,0,13,50,9480,1526,1061,0.0,0.02,2.24,7.4,11.9,0.0,0.0
Jack Grealish,MID,Man City,349,30,3,2024-08-31T16:30:00Z,False,19,71,1,2,0,0,0,1,0,0,0,0,0,0,0,16,64,16925,1395,3960,0.23,0.24,0.51,10.4,37.1,21.0,1.7
Marcus Myers-Harness,MID,Ipswich,271,25,3,2024-08-31T14:00:00Z,True,9,0,0,0,0,0,0,0,0,0,0,0,0,0,0,0,49,2368,235,475,0.0,0.0,0.0,0.0,0.0,0.0,0.0
Jack Taylor,MID,Ipswich,281,25,3,2024-08-31T14:00:00Z,True,9,0,0,0,0,0,0,0,0,0,0,0,0,0,0,0,49,3107,197,507,0.0,0.0,0.0,0.0,0.0,0.0,0.2
Simon Adingra,MID,Brighton,113,21,3,2024-08-31T11:30:00Z,False,1,5,0,1,0,0,0,0,0,0,0,0,0,0,0,1,55,95769,33475,21570,0.0,0.01,0.0,0.0,1.0,0.0,2.7
Ben Mee,DEF,Brentford,100,22,3,2024-08-31T14:00:00Z,True,17,0,0,0,0,0,0,0,0,0,0,0,0,0,0,0,45,74216,3603,10162,0.0,0.0,0.0,0.0,0.0,0.0,0.8
Leon Chiwome,FWD,Wolves,539,29,3,2024-08-31T14:00:00Z,False,16,0,0,0,0,0,0,0,0,0,0,0,0,0,0,0,45,9685,3131,2246,0.0,0.0,0.0,0.0,0.0,0.0,0.0
Eric da Silva Moreira,MID,Nott'm Forest,428,29,3,2024-08-31T14:00:00Z,True,20,0,0,0,0,0,0,0,0,0,0,0,0,0,0,0,45,6573,653,1065,0.0,0.0,0.0,0.0,0.0,0.0,0.0
Luis Guilherme Lira dos Santos,MID,West Ham,526,30,3,2024-08-31T16:30:00Z,True,13,0,0,0,0,0,0,0,0,0,0,0,0,0,0,0,49,3021,394,764,0.0,0.0,0.0,0.0,0.0,0.0,-1.0
Joe Hodge,MID,Wolves,551,29,3,2024-08-31T14:00:00Z,False,16,0,0,0,0,0,0,0,0,0,0,0,0,0,0,0,45,52155,10128,13189,0.0,0.0,0.0,0.0,0.0,0.0,0.0
Chiedozie Ogbene,MID,Ipswich,632,25,3,2024-08-31T14:00:00Z,True,9,87,1,2,0,0,0,1,0,0,0,0,0,0,0,7,50,407,350,49,0.0,0.01,0.95,11.0,16.2,6.0,1.1
Harrison Armstrong,MID,Everton,603,24,3,2024-08-31T14:00:00Z,True,3,0,0,0,0,0,0,0,0,0,0,0,0,0,0,0,45,19217,6447,3157,0.0,0.0,0.0,0.0,0.0,0.0,0.3
Carney Chukwuemeka,MID,Chelsea,161,23,3,2024-09-01T12:30:00Z,True,7,0,0,0,0,0,0,0,0,0,0,0,0,0,0,0,49,5638,862,1275,0.0,0.0,0.0,0.0,0.0,0.0,0.0
Tom King,GK,Wolves,556,29,3,2024-08-31T14:00:00Z,False,16,0,0,0,0,0,0,0,0,0,0,0,0,0,0,0,40,141813,14495,7165,0.0,0.0,0.0,0.0,0.0,0.0,0.0
Wout Faes,DEF,Leicester,291,26,3,2024-08-31T14:00:00Z,True,2,90,1,1,0,0,0,2,0,0,0,0,0,0,0,7,41,1117010,438185,75636,0.0,0.01,1.55,16.0,1.3,2.0,2.5
Leny Yoro,DEF,Man Utd,572,27,3,2024-09-01T15:00:00Z,True,12,0,0,0,0,0,0,0,0,0,0,0,0,0,0,0,44,11777,663,2573,0.0,0.0,0.0,0.0,0.0,0.0,0.0
Pedro Lomba Neto,MID,Chelsea,560,23,3,2024-09-01T12:30:00Z,True,7,57,1,0,0,0,0,1,0,0,0,1,0,0,0,-1,65,107645,20308,23951,0.0,0.02,0.13,0.0,2.2,0.0,1.7
Ian Maatsen,DEF,Aston Villa,45,26,3,2024-08-31T14:00:00Z,False,11,11,0,1,0,0,0,0,0,0,0,0,0,0,0,2,50,295141,16361,53138,0.01,0.0,0.05,2.0,0.0,2.0,1.5
Harry Winks,MID,Leicester,309,26,3,2024-08-31T14:00:00Z,True,2,90,1,1,0,0,0,2,0,0,0,1,0,0,0,12,45,1406696,208767,168558,0.0,0.13,1.55,14.2,4.8,0.0,1.2
Mads Roerslev Rasmussen,DEF,Brentford,105,22,3,2024-08-31T14:00:00Z,True,17,51,0,1,0,0,0,1,0,0,0,0,0,0,0,2,45,12800,3844,1435,0.0,0.18,0.7,8.6,11.6,4.0,1.8
Jurriën Timber,DEF,Arsenal,6,21,3,2024-08-31T11:30:00Z,True,5,79,1,1,0,0,0,1,0,0,0,1,0,0,0,3,55,102931,28883,14363,0.0,0.02,1.55,12.8,10.6,4.0,3.7
Saša Kalajdžić,FWD,Wolves,555,29,3,2024-08-31T14:00:00Z,False,16,0,0,0,0,0,0,0,0,0,0,0,0,0,0,0,49,6247,137,2239,0.0,0.0,0.0,0.0,0.0,0.0,0.0
Anthony Elanga,MID,Nott'm Forest,432,29,3,2024-08-31T14:00:00Z,True,20,90,1,2,0,0,0,1,0,0,0,0,0,0,0,9,54,150115,11466,29176,0.02,0.07,0.73,4.0,30.2,12.0,2.0
Julio Enciso,MID,Brighton,121,21,3,2024-08-31T11:30:00Z,False,1,5,0,1,0,0,0,0,0,0,0,0,0,0,0,6,54,6935,2346,1075,0.0,0.11,0.0,6.4,24.7,0.0,-0.3
Naouirou Ahamada,MID,Crystal Palace,190,23,3,2024-09-01T12:30:00Z,False,6,0,0,0,0,0,0,0,0,0,0,0,0,0,0,0,45,33669,3380,6168,0.0,0.0,0.0,0.0,0.0,0.0,0.0
Jeremy Sarmiento Morante,MID,Brighton,141,21,3,2024-08-31T11:30:00Z,False,1,0,0,0,0,0,0,0,0,0,0,0,0,0,0,0,49,2854,226,735,0.0,0.0,0.0,0.0,0.0,0.0,0.0
Vladimír Coufal,DEF,West Ham,516,30,3,2024-08-31T16:30:00Z,True,13,19,0,1,0,0,0,1,0,0,0,0,0,0,0,-2,45,84394,8819,8159,0.0,0.0,0.76,0.0,0.5,0.0,1.7
Marc Cucurella Saseta,DEF,Chelsea,163,23,3,2024-09-01T12:30:00Z,True,7,90,1,2,0,0,0,1,0,0,0,0,0,0,0,9,50,614141,65020,104835,0.0,0.01,0.44,17.6,4.3,2.0,1.3
Toti António Gomes,DEF,Wolves,567,29,3,2024-08-31T14:00:00Z,False,16,90,1,1,0,0,0,1,0,0,0,1,0,0,0,6,45,21398,1075,2006,0.0,0.01,1.04,13.8,1.6,0.0,1.0
Cristian Romero,DEF,Spurs,498,28,3,2024-09-01T12:30:00Z,False,15,90,1,1,0,0,0,2,0,0,0,0,0,0,0,8,51,907590,363516,65306,0.0,0.02,1.57,15.8,1.8,0.0,5.2
Dan Burn,DEF,Newcastle,395,28,3,2024-09-01T12:30:00Z,True,18,90,1,0,0,0,0,1,1,0,0,0,0,0,0,0,45,1543965,74843,169703,0.0,0.06,1.26,19.0,0.5,0.0,2.5
Destiny Udogie,DEF,Spurs,505,28,3,2024-09-01T12:30:00Z,False,15,90,1,1,0,0,0,2,0,0,0,0,0,0,0,8,50,364529,28598,38379,0.0,0.02,1.57,10.2,15.2,2.0,2.5
Jordan Pickford,GK,Everton,235,24,3,2024-08-31T14:00:00Z,True,3,90,1,2,0,0,0,3,0,0,0,0,0,4,0,5,49,1184757,22290,200026,0.0,0.0,2.22,29.0,0.0,0.0,1.3
Boubacar Traoré,MID,Wolves,534,29,3,2024-08-31T14:00:00Z,False,16,0,0,0,0,0,0,0,0,0,0,0,0,0,0,0,50,5581,463,1551,0.0,0.0,0.0,0.0,0.0,0.0,0.0
Stefan Bajčetić Maquieira,MID,Liverpool,312,27,3,2024-09-01T15:00:00Z,False,14,0,0,0,0,0,0,0,0,0,0,0,0,0,0,0,45,15052,1526,3541,0.0,0.0,0.0,0.0,0.0,0.0,0.0
Mikkel Damsgaard,MID,Brentford,89,22,3,2024-08-31T14:00:00Z,True,17,81,1,3,0,0,1,0,0,0,0,0,0,0,0,19,50,6660,518,1086,0.23,0.13,1.16,22.2,36.3,42.0,2.2
Luis Díaz,MID,Liverpool,327,27,3,2024-09-01T15:00:00Z,False,14,65,1,15,2,0,1,0,0,0,0,0,0,0,2,45,75,955542,239164,103388,0.6,0.01,0.49,67.6,1.3,56.0,11.2
Enzo Barrenechea,MID,Aston Villa,30,26,3,2024-08-31T14:00:00Z,False,11,0,0,0,0,0,0,0,0,0,0,0,0,0,0,0,49,5012,509,1251,0.0,0.0,0.0,0.0,0.0,0.0,0.0
Carlos Vinícius Alves Morais,FWD,Fulham,258,25,3,2024-08-31T14:00:00Z,False,10,0,0,0,0,0,0,0,0,0,0,0,0,0,0,0,50,58183,9742,12482,0.0,0.0,0.0,0.0,0.0,0.0,0.5
Pervis Estupiñán,DEF,Brighton,122,21,3,2024-08-31T11:30:00Z,False,1,18,0,1,0,0,0,0,0,0,0,0,0,0,0,5,50,14157,4181,2541,0.04,0.07,0.94,3.8,33.7,8.0,-0.7
James Milner,MID,Brighton,134,21,3,2024-08-31T11:30:00Z,False,1,16,1,1,0,0,0,0,0,0,0,0,0,0,0,2,50,11044,2649,1624,0.0,0.0,0.21,0.0,0.1,0.0,0.7
Ryan Trevitt,MID,Brentford,602,22,3,2024-08-31T14:00:00Z,True,17,0,0,0,0,0,0,0,0,0,0,0,0,0,0,0,45,4837,1069,839,0.0,0.0,0.0,0.0,0.0,0.0,0.5
Enzo Fernández,MID,Chelsea,168,23,3,2024-09-01T12:30:00Z,True,7,90,1,2,0,0,0,1,0,0,0,0,0,0,0,11,50,169252,29817,35428,0.0,0.08,0.44,13.2,27.5,4.0,2.0
Luke Shaw,DEF,Man Utd,387,27,3,2024-09-01T15:00:00Z,True,12,0,0,0,0,0,0,0,0,0,0,0,0,0,0,0,49,35121,240,11074,0.0,0.0,0.0,0.0,0.0,0.0,0.0
Fábio Freitas Gouveia Carvalho,MID,Brentford,314,22,3,2024-08-31T14:00:00Z,True,17,8,0,1,0,0,0,1,0,0,0,0,0,0,0,1,49,109700,6383,25439,0.08,0.0,0.41,1.0,0.8,11.0,1.5
Jérémy Doku,MID,Man City,346,30,3,2024-08-31T16:30:00Z,False,19,67,1,2,0,0,0,1,0,0,0,0,0,0,0,21,65,425024,52587,128850,0.05,0.23,0.29,13.6,36.2,21.0,3.3
Marcus Bettinelli,GK,Chelsea,155,23,3,2024-09-01T12:30:00Z,True,7,0,0,0,0,0,0,0,0,0,0,0,0,0,0,0,40,38863,2211,2174,0.0,0.0,0.0,0.0,0.0,0.0,0.0
Alisson Ramses Becker,GK,Liverpool,310,27,3,2024-09-01T15:00:00Z,False,14,90,1,8,0,0,1,0,0,0,0,0,0,3,1,31,55,1067940,64005,86078,0.0,0.0,1.36,26.4,0.0,0.0,7.5
Aaron Hickey,DEF,Brentford,93,22,3,2024-08-31T14:00:00Z,True,17,0,0,0,0,0,0,0,0,0,0,0,0,0,0,0,45,2254,59,525,0.0,0.0,0.0,0.0,0.0,0.0,0.0
Alex McCarthy,GK,Southampton,469,22,3,2024-08-31T14:00:00Z,False,4,0,0,0,0,0,0,0,0,0,0,0,0,0,0,0,45,24742,6413,3316,0.0,0.0,0.0,0.0,0.0,0.0,1.5
Neal Maupay,FWD,Everton,229,24,3,2024-08-31T14:00:00Z,True,3,0,0,0,0,0,0,0,0,0,0,0,0,0,0,0,49,129316,11857,36257,0.0,0.0,0.0,0.0,0.0,0.0,0.0
Steven Benda,GK,Fulham,242,25,3,2024-08-31T14:00:00Z,False,10,0,0,0,0,0,0,0,0,0,0,0,0,0,0,0,40,49305,4771,3499,0.0,0.0,0.0,0.0,0.0,0.0,0.5
Dean Henderson,GK,Crystal Palace,201,23,3,2024-09-01T12:30:00Z,False,6,90,1,4,0,0,0,1,0,0,0,0,0,6,0,18,45,1472632,29283,217247,0.0,0.0,2.27,42.6,0.0,0.0,2.3
Ki-Jana Hoever,DEF,Wolves,552,29,3,2024-08-31T14:00:00Z,False,16,0,0,0,0,0,0,0,0,0,0,0,0,0,0,0,40,28663,1535,6190,0.0,0.0,0.0,0.0,0.0,0.0,0.0
Cheick Doucouré,MID,Crystal Palace,193,23,3,2024-09-01T12:30:00Z,False,6,40,0,4,0,1,0,0,0,0,0,0,0,0,0,14,49,8205,934,1885,0.02,0.0,0.41,9.6,0.3,5.0,1.7
Scott McTominay,MID,Man Utd,381,27,3,2024-09-01T15:00:00Z,True,12,0,0,0,0,0,0,0,0,0,0,0,0,0,0,0,49,64046,4046,29072,0.0,0.0,0.0,0.0,0.0,0.0,0.0
Wilfred Ndidi,MID,Leicester,300,26,3,2024-08-31T14:00:00Z,True,2,88,1,5,0,1,0,2,0,0,0,0,0,0,0,20,50,15377,1424,2973,0.0,0.01,1.54,22.4,16.9,10.0,2.5
John Ruddy,GK,Newcastle,414,28,3,2024-09-01T12:30:00Z,True,18,0,0,0,0,0,0,0,0,0,0,0,0,0,0,0,40,31236,2575,1591,0.0,0.0,0.0,0.0,0.0,0.0,0.5
Caleb Okoli,DEF,Leicester,301,26,3,2024-08-31T14:00:00Z,True,2,90,1,0,0,0,0,2,0,0,0,1,0,0,0,5,40,18675,791,2320,0.04,0.01,1.54,18.8,1.9,3.0,-0.5
Odysseas Vlachodimos,GK,Newcastle,412,28,3,2024-09-01T12:30:00Z,True,18,0,0,0,0,0,0,0,0,0,0,0,0,0,0,0,45,12728,147,1295,0.0,0.0,0.0,0.0,0.0,0.0,0.5
George Earthy,MID,West Ham,519,30,3,2024-08-31T16:30:00Z,True,13,0,0,0,0,0,0,0,0,0,0,0,0,0,0,0,45,6172,0,1409,0.0,0.0,0.0,0.0,0.0,0.0,0.0
Daichi Kamada,MID,Crystal Palace,205,23,3,2024-09-01T12:30:00Z,False,6,87,1,2,0,0,0,1,0,0,0,0,0,0,0,12,54,33355,977,18661,0.12,0.03,1.98,4.4,13.6,22.0,1.3
Reece James,DEF,Chelsea,172,23,3,2024-09-01T12:30:00Z,True,7,0,0,0,0,0,0,0,0,0,0,0,0,0,0,0,50,8183,408,1881,0.0,0.0,0.0,0.0,0.0,0.0,0.0
Georginio Rutter,MID,Brighton,618,21,3,2024-08-31T11:30:00Z,False,1,18,0,1,0,0,0,0,0,0,0,0,0,0,0,2,55,3760,1674,862,0.14,0.0,0.94,0.0,0.0,13.0,0.0
Conor Chaplin,MID,Ipswich,265,25,3,2024-08-31T14:00:00Z,True,9,2,0,1,0,0,0,0,0,0,0,0,0,0,0,3,54,20004,689,4648,0.0,0.01,0.0,0.2,0.4,0.0,0.8
Santiago Bueno,DEF,Wolves,564,29,3,2024-08-31T14:00:00Z,False,16,0,0,0,0,0,0,0,0,0,0,0,0,0,0,0,45,8143,147,897,0.0,0.0,0.0,0.0,0.0,0.0,0.0
Corrie Ndaba,DEF,Ipswich,279,25,3,2024-08-31T14:00:00Z,True,9,0,0,0,0,0,0,0,0,0,0,0,0,0,0,0,40,719,0,96,0.0,0.0,0.0,0.0,0.0,0.0,0.0
Kenny Tete,DEF,Fulham,257,25,3,2024-08-31T14:00:00Z,False,10,90,1,2,0,0,0,1,0,0,0,0,0,0,0,11,45,44366,12227,6703,0.04,0.01,0.45,14.8,3.0,7.0,2.5
Pablo Sarabia,MID,Wolves,565,29,3,2024-08-31T14:00:00Z,False,16,0,0,0,0,0,0,0,0,0,0,0,0,0,0,0,54,16910,918,4387,0.0,0.0,0.0,0.0,0.0,0.0,0.7
Diogo Teixeira da Silva,MID,Liverpool,317,27,3,2024-09-01T15:00:00Z,False,14,75,1,3,0,0,1,0,0,0,0,0,0,0,0,-2,76,1988677,297657,215658,0.07,0.01,0.83,0.0,2.0,12.0,6.2
Kortney Hause,DEF,Aston Villa,40,26,3,2024-08-31T14:00:00Z,False,11,0,0,0,0,0,0,0,0,0,0,0,0,0,0,0,40,63490,8895,7096,0.0,0.0,0.0,0.0,0.0,0.0,0.5
Liam Delap,FWD,Ipswich,268,25,3,2024-08-31T14:00:00Z,True,9,80,1,7,1,0,0,1,0,0,0,0,0,0,1,30,55,48180,15902,8842,0.21,0.0,0.9,38.2,13.3,33.0,3.2
Bastien Meupiyou,DEF,Wolves,637,29,3,2024-08-31T14:00:00Z,False,16,0,0,0,0,0,0,0,0,0,0,0,0,0,0,0,40,3273,2014,208,0.0,0.0,0.0,0.0,0.0,0.0,1.0
Tino Livramento,DEF,Newcastle,409,28,3,2024-09-01T12:30:00Z,True,18,90,1,2,0,0,0,1,0,0,0,0,0,0,0,10,45,265231,35355,37178,0.0,0.0,1.26,28.2,10.8,0.0,3.8
Tyler Adams,MID,Bournemouth,60,24,3,2024-08-31T14:00:00Z,False,8,0,0,0,0,0,0,0,0,0,0,0,0,0,0,0,50,670,59,140,0.0,0.0,0.0,0.0,0.0,0.0,0.0
Danilo dos Santos de Oliveira,MID,Nott'm Forest,429,29,3,2024-08-31T14:00:00Z,True,20,0,0,0,0,0,0,0,0,0,0,0,0,0,0,0,49,2693,76,1076,0.0,0.0,0.0,0.0,0.0,0.0,0.0
Jenson Metcalfe,MID,Everton,614,24,3,2024-08-31T14:00:00Z,True,3,0,0,0,0,0,0,0,0,0,0,0,0,0,0,0,45,1131,466,220,0.0,0.0,0.0,0.0,0.0,0.0,0.0
Marcus Rashford,MID,Man Utd,385,27,3,2024-09-01T15:00:00Z,True,12,90,1,2,0,0,0,3,0,0,0,0,0,0,0,18,69,313798,10846,117687,0.0,0.59,1.73,12.8,33.0,8.0,1.8
James Maddison,MID,Spurs,494,28,3,2024-09-01T12:30:00Z,False,15,81,1,1,0,0,0,2,0,0,0,1,0,0,0,13,75,509642,77815,81646,0.07,0.07,1.57,16.2,32.3,26.0,3.5
Daniel Muñoz,DEF,Crystal Palace,211,23,3,2024-09-01T12:30:00Z,False,6,90,1,1,0,0,0,1,0,0,0,1,0,0,0,2,50,373102,10030,73221,0.0,0.26,2.27,15.8,16.3,6.0,2.0
Bruno Guimarães Rodriguez Moura,MID,Newcastle,394,28,3,2024-09-01T12:30:00Z,True,18,90,1,1,0,0,0,1,0,0,0,1,0,0,0,6,64,267780,7959,58581,0.0,0.02,1.26,6.8,1.1,0.0,2.5
Fraser Forster,GK,Spurs,488,28,3,2024-09-01T12:30:00Z,False,15,0,0,0,0,0,0,0,0,0,0,0,0,0,0,0,45,23365,816,2936,0.0,0.0,0.0,0.0,0.0,0.0,-0.5
Elliot Anderson,MID,Nott'm Forest,423,29,3,2024-08-31T14:00:00Z,True,20,90,1,6,0,1,0,1,0,0,0,1,0,0,2,28,50,14399,1089,2120,0.05,0.07,0.73,30.8,42.2,11.0,3.3
Charlie Taylor,DEF,Southampton,475,22,3,2024-08-31T14:00:00Z,False,4,0,0,0,0,0,0,0,0,0,0,0,0,0,0,0,40,492684,19475,42599,0.0,0.0,0.0,0.0,0.0,0.0,-0.2
Bryan Mbeumo,MID,Brentford,99,22,3,2024-08-31T14:00:00Z,True,17,90,1,14,2,0,0,1,0,0,0,1,0,0,3,64,70,603697,210412,85338,0.81,0.34,1.57,82.8,41.0,54.0,8.5
Matty Cash,DEF,Aston Villa,32,26,3,2024-08-31T14:00:00Z,False,11,0,0,0,0,0,0,0,0,0,0,0,0,0,0,0,45,232094,9846,91923,0.0,0.0,0.0,0.0,0.0,0.0,0.0
Adam Lallana,MID,Southampton,463,22,3,2024-08-31T14:00:00Z,False,4,8,0,4,0,1,0,0,0,0,0,0,0,0,0,11,50,2112,112,539,0.07,0.06,0.19,17.6,11.4,9.0,0.8
Sandro Tonali,MID,Newcastle,417,28,3,2024-09-01T12:30:00Z,True,18,22,0,1,0,0,0,0,0,0,0,0,0,0,0,6,55,13419,7313,1273,0.0,0.0,0.27,3.6,1.6,0.0,0.8
Issa Diop,DEF,Fulham,245,25,3,2024-08-31T14:00:00Z,False,10,90,1,2,0,0,0,1,0,0,0,0,0,0,0,5,45,32003,5451,4390,0.17,0.01,0.45,13.8,11.3,11.0,2.5
Igor Julio dos Santos de Paulo,DEF,Brighton,128,21,3,2024-08-31T11:30:00Z,False,1,0,0,0,0,0,0,0,0,0,0,0,0,0,0,0,44,10160,433,1599,0.0,0.0,0.0,0.0,0.0,0.0,-1.0
Joelinton Cássio Apolinário de Lira,MID,Newcastle,403,28,3,2024-09-01T12:30:00Z,True,18,90,1,1,0,0,0,1,0,0,0,1,0,0,0,-5,60,266545,45106,80893,0.0,0.01,1.26,0.2,3.3,4.0,4.8
John McGinn,MID,Aston Villa,48,26,3,2024-08-31T14:00:00Z,False,11,90,1,1,0,0,0,1,0,0,0,1,0,0,0,7,55,194171,15899,27746,0.09,0.01,0.45,1.6,5.8,10.0,2.5
Oscar Bobb,MID,Man City,343,30,3,2024-08-31T16:30:00Z,False,19,0,0,0,0,0,0,0,0,0,0,0,0,0,0,0,49,13613,492,5778,0.0,0.0,0.0,0.0,0.0,0.0,0.0
Pedro Cardoso de Lima,DEF,Wolves,561,29,3,2024-08-31T14:00:00Z,False,16,0,0,0,0,0,0,0,0,0,0,0,0,0,0,0,40,159108,20188,15021,0.0,0.0,0.0,0.0,0.0,0.0,0.0
Pierre-Emile Højbjerg,MID,Spurs,490,28,3,2024-09-01T12:30:00Z,False,15,0,0,0,0,0,0,0,0,0,0,0,0,0,0,0,50,457,0,93,0.0,0.0,0.0,0.0,0.0,0.0,0.0
Nathan Collins,DEF,Brentford,88,22,3,2024-08-31T14:00:00Z,True,17,90,1,5,0,1,0,1,0,0,0,0,0,0,0,21,45,97670,42081,12265,0.02,0.0,1.57,31.2,0.5,8.0,4.5
Jesper Lindstrøm,MID,Everton,577,24,3,2024-08-31T14:00:00Z,True,3,0,0,0,0,0,0,0,0,0,0,0,0,0,0,0,54,10561,346,2165,0.0,0.0,0.0,0.0,0.0,0.0,0.3
Marc Guéhi,DEF,Crystal Palace,200,23,3,2024-09-01T12:30:00Z,False,6,90,1,2,0,0,0,1,0,0,0,0,0,0,0,12,45,606743,16966,75291,0.0,0.02,2.27,20.6,0.3,2.0,1.0
Mathias Jorgensen,DEF,Brentford,112,22,3,2024-08-31T14:00:00Z,True,17,0,0,0,0,0,0,0,0,0,0,0,0,0,0,0,45,2486,0,722,0.0,0.0,0.0,0.0,0.0,0.0,0.0
William Osula,FWD,Newcastle,590,28,3,2024-09-01T12:30:00Z,True,18,0,0,0,0,0,0,0,0,0,0,0,0,0,0,0,50,11951,1702,2356,0.0,0.0,0.0,0.0,0.0,0.0,0.5
Harry Souttar,DEF,Leicester,303,26,3,2024-08-31T14:00:00Z,True,2,0,0,0,0,0,0,0,0,0,0,0,0,0,0,0,40,1577,0,265,0.0,0.0,0.0,0.0,0.0,0.0,0.0
Jean-Philippe Mateta,FWD,Crystal Palace,207,23,3,2024-09-01T12:30:00Z,False,6,68,1,2,0,0,0,1,0,0,0,0,0,0,0,6,75,470610,33309,164265,0.02,0.0,1.87,0.0,1.4,2.0,1.7
Ben Nelson,DEF,Leicester,616,26,3,2024-08-31T14:00:00Z,True,2,0,0,0,0,0,0,0,0,0,0,0,0,0,0,0,40,4919,1515,724,0.0,0.0,0.0,0.0,0.0,0.0,0.0
Bernardo Veiga de Carvalho e Silva,MID,Man City,342,30,3,2024-08-31T16:30:00Z,False,19,90,1,7,0,1,0,1,0,0,0,0,0,0,2,28,66,602485,57245,147553,0.29,0.5,0.73,22.6,56.5,45.0,6.0
Filip Jørgensen,GK,Chelsea,581,23,3,2024-09-01T12:30:00Z,True,7,0,0,0,0,0,0,0,0,0,0,0,0,0,0,0,44,29224,1067,5776,0.0,0.0,0.0,0.0,0.0,0.0,0.0
David Brooks,MID,Bournemouth,62,24,3,2024-08-31T14:00:00Z,False,8,0,0,0,0,0,0,0,0,0,0,0,0,0,0,0,49,719,49,195,0.0,0.0,0.0,0.0,0.0,0.0,0.0
Son Heung-min,MID,Spurs,503,28,3,2024-09-01T12:30:00Z,False,15,90,1,3,0,0,0,2,0,0,0,0,0,0,1,20,100,1024528,217600,126036,0.1,0.18,1.57,15.2,40.0,19.0,6.5
Solly March,MID,Brighton,132,21,3,2024-08-31T11:30:00Z,False,1,0,0,0,0,0,0,0,0,0,0,0,0,0,0,0,65,595,77,120,0.0,0.0,0.0,0.0,0.0,0.0,0.0
Manor Solomon,MID,Spurs,502,28,3,2024-09-01T12:30:00Z,False,15,0,0,0,0,0,0,0,0,0,0,0,0,0,0,0,54,5005,245,1704,0.0,0.0,0.0,0.0,0.0,0.0,0.0
Nathaniel Phillips,DEF,Liverpool,332,27,3,2024-09-01T15:00:00Z,False,14,0,0,0,0,0,0,0,0,0,0,0,0,0,0,0,40,19557,2872,2773,0.0,0.0,0.0,0.0,0.0,0.0,0.0
Kieran Trippier,DEF,Newcastle,418,28,3,2024-09-01T12:30:00Z,True,18,0,0,0,0,0,0,0,0,0,0,0,0,0,0,0,59,838238,13058,218999,0.0,0.0,0.0,0.0,0.0,0.0,0.8
John Stones,DEF,Man City,362,30,3,2024-08-31T16:30:00Z,False,19,0,0,0,0,0,0,0,0,0,0,0,0,0,0,0,54,187453,5777,29627,0.0,0.0,0.0,0.0,0.0,0.0,1.3
Sam Morsy,MID,Ipswich,278,25,3,2024-08-31T14:00:00Z,True,9,90,1,1,0,0,0,1,0,0,0,1,0,0,0,13,50,18340,1906,4321,0.0,0.12,0.95,14.4,18.1,0.0,0.8
Lewis Hall,DEF,Newcastle,399,28,3,2024-09-01T12:30:00Z,True,18,22,0,1,0,0,0,0,0,0,0,0,0,0,0,3,45,406649,12919,92172,0.0,0.0,0.27,5.4,0.1,0.0,2.8
Marc Guiu Paz,FWD,Chelsea,178,23,3,2024-09-01T12:30:00Z,True,7,0,0,0,0,0,0,0,0,0,0,0,0,0,0,0,50,76704,14394,20169,0.0,0.0,0.0,0.0,0.0,0.0,0.3
Tom Cannon,FWD,Leicester,286,26,3,2024-08-31T14:00:00Z,True,2,0,0,0,0,0,0,0,0,0,0,0,0,0,0,0,45,149554,33261,27037,0.0,0.0,0.0,0.0,0.0,0.0,0.0
Ben Davies,DEF,Spurs,484,28,3,2024-09-01T12:30:00Z,False,15,0,0,0,0,0,0,0,0,0,0,0,0,0,0,0,45,20494,1176,3613,0.0,0.0,0.0,0.0,0.0,0.0,-0.5
Tyler Morton,MID,Liverpool,331,27,3,2024-09-01T15:00:00Z,False,14,0,0,0,0,0,0,0,0,0,0,0,0,0,0,0,45,5133,528,717,0.0,0.0,0.0,0.0,0.0,0.0,0.5
Matheus França de Oliveira,MID,Crystal Palace,208,23,3,2024-09-01T12:30:00Z,False,6,0,0,0,0,0,0,0,0,0,0,0,0,0,0,0,44,11607,4303,2418,0.0,0.0,0.0,0.0,0.0,0.0,0.0
Calvin Bassey,DEF,Fulham,241,25,3,2024-08-31T14:00:00Z,False,10,90,1,2,0,0,0,1,0,0,0,0,0,0,0,10,45,43020,7803,4697,0.0,0.0,0.45,11.8,1.2,2.0,2.2
Eddie Nketiah,FWD,Crystal Palace,11,23,3,2024-09-01T12:30:00Z,False,6,0,0,0,0,0,0,0,0,0,0,0,0,0,0,0,59,41931,17609,10309,0.0,0.0,0.0,0.0,0.0,0.0,0.0
Andreas Hoelgebaum Pereira,MID,Fulham,240,25,3,2024-08-31T14:00:00Z,False,10,86,1,2,0,0,0,1,0,0,0,0,0,0,0,10,55,317522,19786,63387,0.0,0.48,0.36,5.2,20.8,0.0,2.2
Matheus Santos Carneiro Da Cunha,FWD,Wolves,541,29,3,2024-08-31T14:00:00Z,False,16,90,1,2,0,0,0,1,0,0,0,0,0,0,0,15,65,282792,104815,33274,0.24,0.34,1.04,5.0,36.5,14.0,3.0
Amadou Onana,MID,Aston Villa,233,26,3,2024-08-31T14:00:00Z,False,11,61,1,9,1,0,1,0,0,0,0,1,0,0,2,23,50,397994,135639,64417,0.45,0.03,0.17,36.0,18.0,43.0,7.2
Morgan Rogers,MID,Aston Villa,54,26,3,2024-08-31T14:00:00Z,False,11,90,1,2,0,0,0,1,0,0,0,0,0,0,0,9,51,1402281,610894,83615,0.0,0.2,0.45,7.4,15.1,0.0,2.5
Reiss Nelson,MID,Fulham,10,25,3,2024-08-31T14:00:00Z,False,10,0,0,0,0,0,0,0,0,0,0,0,0,0,0,0,50,5122,1135,941,0.0,0.0,0.0,0.0,0.0,0.0,0.8
Tosin Adarabioyo,DEF,Chelsea,187,23,3,2024-09-01T12:30:00Z,True,7,0,0,0,0,0,0,0,0,0,0,0,0,0,0,0,44,18974,494,4089,0.0,0.0,0.0,0.0,0.0,0.0,0.0
Matt Targett,DEF,Newcastle,416,28,3,2024-09-01T12:30:00Z,True,18,0,0,0,0,0,0,0,0,0,0,0,0,0,0,0,40,48660,6628,4732,0.0,0.0,0.0,0.0,0.0,0.0,0.5
Filip Marschall,GK,Aston Villa,46,26,3,2024-08-31T14:00:00Z,False,11,0,0,0,0,0,0,0,0,0,0,0,0,0,0,0,40,136,0,12,0.0,0.0,0.0,0.0,0.0,0.0,0.0
Jan Paul van Hecke,DEF,Brighton,144,21,3,2024-08-31T11:30:00Z,False,1,90,1,2,0,0,0,1,0,0,0,0,0,0,0,11,45,41693,9416,5953,0.05,0.04,2.08,22.6,4.9,6.0,2.0
Jean-Clair Todibo,DEF,West Ham,591,30,3,2024-08-31T16:30:00Z,True,13,0,0,0,0,0,0,0,0,0,0,0,0,0,0,0,45,39794,1099,6760,0.0,0.0,0.0,0.0,0.0,0.0,-0.3
Jack Clarke,MID,Ipswich,631,25,3,2024-08-31T14:00:00Z,True,9,9,0,1,0,0,0,0,0,0,0,0,0,0,0,2,55,1171,1032,103,0.08,0.0,0.04,0.0,0.3,6.0,1.5
Chris Mepham,DEF,Bournemouth,72,24,3,2024-08-31T14:00:00Z,False,8,0,0,0,0,0,0,0,0,0,0,0,0,0,0,0,44,7090,156,897,0.0,0.0,0.0,0.0,0.0,0.0,0.0
Ollie Watkins,FWD,Aston Villa,58,26,3,2024-08-31T14:00:00Z,False,11,60,1,5,0,1,1,0,0,0,0,0,0,0,0,12,90,2885805,293860,507590,0.71,0.01,0.17,17.2,12.1,26.0,3.5
Jorge Cuenca Barreno,DEF,Fulham,586,25,3,2024-08-31T14:00:00Z,False,10,0,0,0,0,0,0,0,0,0,0,0,0,0,0,0,45,5641,181,774,0.0,0.0,0.0,0.0,0.0,0.0,0.5
Rico Lewis,DEF,Man City,355,30,3,2024-08-31T16:30:00Z,False,19,90,1,6,0,1,0,1,0,0,0,0,0,0,1,24,46,434982,264308,60691,0.09,0.09,0.73,35.6,16.8,8.0,5.7
Julián Araujo Zúñiga,DEF,Bournemouth,592,24,3,2024-08-31T14:00:00Z,False,8,76,1,1,0,0,0,2,0,0,0,0,0,0,0,0,45,22546,3040,2407,0.0,0.01,1.89,5.8,1.9,2.0,1.3
Murillo Santiago Costa dos Santos,DEF,Nott'm Forest,436,29,3,2024-08-31T14:00:00Z,True,20,90,1,2,0,0,0,1,0,0,0,0,0,0,0,12,45,61601,14119,5855,0.0,0.01,0.74,29.0,1.3,2.0,3.7
James Tarkowski,DEF,Everton,236,24,3,2024-08-31T14:00:00Z,True,3,90,1,1,0,0,0,3,0,0,0,0,0,0,0,-2,49,148832,5948,30421,0.13,0.01,2.22,22.8,10.8,9.0,0.3
Joël Veltman,DEF,Brighton,145,21,3,2024-08-31T11:30:00Z,False,1,71,1,2,0,0,0,1,0,0,0,0,0,0,0,5,45,256915,82723,45202,0.05,0.01,1.13,7.2,1.7,5.0,3.0
Jaidon Anthony,MID,Bournemouth,61,24,3,2024-08-31T14:00:00Z,False,8,0,0,0,0,0,0,0,0,0,0,0,0,0,0,0,45,41542,4689,9992,0.0,0.0,0.0,0.0,0.0,0.0,0.0
Kamaldeen Sulemana,MID,Southampton,462,22,3,2024-08-31T14:00:00Z,False,4,0,0,0,0,0,0,0,0,0,0,0,0,0,0,0,50,433,97,109,0.0,0.0,0.0,0.0,0.0,0.0,-0.2
Timo Werner,MID,Spurs,509,28,3,2024-09-01T12:30:00Z,False,15,16,0,1,0,0,0,1,0,0,0,0,0,0,0,5,64,20154,757,7736,0.0,0.01,0.94,8.2,1.7,4.0,0.2
Tyrone Mings,DEF,Aston Villa,49,26,3,2024-08-31T14:00:00Z,False,11,0,0,0,0,0,0,0,0,0,0,0,0,0,0,0,44,5210,129,1128,0.0,0.0,0.0,0.0,0.0,0.0,0.0
Ethan Wheatley,FWD,Man Utd,648,27,3,2024-09-01T15:00:00Z,True,12,0,0,0,0,0,0,0,0,0,0,0,0,0,0,0,45,0,0,0,0.0,0.0,0.0,0.0,0.0,0.0,0.5
Matz Sels,GK,Nott'm Forest,443,29,3,2024-08-31T14:00:00Z,True,20,90,1,2,0,0,0,1,0,0,0,0,0,1,0,5,45,167878,63562,26497,0.0,0.0,0.74,9.4,0.0,0.0,3.7
Ryan Yates,MID,Nott'm Forest,449,29,3,2024-08-31T14:00:00Z,True,20,32,0,1,0,0,0,0,0,0,0,0,0,0,0,4,50,26451,2654,10530,0.0,0.02,0.12,7.0,11.0,10.0,2.2
Amad Diallo,MID,Man Utd,364,27,3,2024-09-01T15:00:00Z,True,12,21,0,1,0,0,0,0,0,0,0,0,0,0,0,3,50,418483,142466,69153,0.03,0.13,0.42,8.2,25.3,17.0,2.8
Sam Szmodics,MID,Ipswich,611,25,3,2024-08-31T14:00:00Z,True,9,80,1,2,0,0,0,1,0,0,0,0,0,0,0,9,60,46176,34319,7565,0.0,0.01,0.9,2.6,2.4,4.0,2.5
Malo Gusto,DEF,Chelsea,171,23,3,2024-09-01T12:30:00Z,True,7,73,1,2,0,0,0,1,0,0,0,0,0,0,0,10,50,328309,53374,55517,0.03,0.01,0.13,4.8,2.4,6.0,1.0
Hwang Ui-jo,FWD,Nott'm Forest,446,29,3,2024-08-31T14:00:00Z,True,20,0,0,0,0,0,0,0,0,0,0,0,0,0,0,0,45,244226,96064,32519,0.0,0.0,0.0,0.0,0.0,0.0,0.0
Jakub Stolarczyk,GK,Leicester,304,26,3,2024-08-31T14:00:00Z,True,2,0,0,0,0,0,0,0,0,0,0,0,0,0,0,0,40,4653,549,482,0.0,0.0,0.0,0.0,0.0,0.0,0.0
Lloyd Kelly,DEF,Newcastle,404,28,3,2024-09-01T12:30:00Z,True,18,67,1,4,0,1,0,1,0,0,0,1,0,0,0,17,45,13311,409,1377,0.19,0.09,0.99,25.2,14.2,7.0,2.8
Mateus Gonçalo Espanha Fernandes,MID,Southampton,623,22,3,2024-08-31T14:00:00Z,False,4,45,0,1,0,0,0,2,0,0,0,0,0,0,0,9,50,736,342,86,0.18,0.06,1.81,8.4,6.5,41.0,0.5
Valentín Barco,DEF,Brighton,116,21,3,2024-08-31T11:30:00Z,False,1,0,0,0,0,0,0,0,0,0,0,0,0,0,0,0,40,1366339,16,556834,0.0,0.0,0.0,0.0,0.0,0.0,0.0
Dean Huijsen,DEF,Bournemouth,580,24,3,2024-08-31T14:00:00Z,False,8,13,0,1,0,0,0,0,0,0,0,0,0,0,0,4,45,11915,576,1606,0.0,0.0,0.08,7.2,10.5,0.0,1.0
André Trindade da Costa Neto,MID,Wolves,642,29,3,2024-08-31T14:00:00Z,False,16,4,0,1,0,0,0,0,0,0,0,0,0,0,0,4,50,0,0,0,0.0,0.0,0.15,2.2,0.1,0.0,1.6
Max Aarons,DEF,Bournemouth,59,24,3,2024-08-31T14:00:00Z,False,8,0,0,0,0,0,0,0,0,0,0,0,0,0,0,0,45,23218,1806,3482,0.0,0.0,0.0,0.0,0.0,0.0,0.0
Rhys Williams,DEF,Liverpool,334,27,3,2024-09-01T15:00:00Z,False,14,0,0,0,0,0,0,0,0,0,0,0,0,0,0,0,40,12204,0,3908,0.0,0.0,0.0,0.0,0.0,0.0,0.0
Michail Antonio,FWD,West Ham,512,30,3,2024-08-31T16:30:00Z,True,13,70,1,2,0,0,0,2,0,0,0,0,0,0,0,7,55,137511,15430,30109,0.11,0.0,2.24,2.0,1.0,8.0,1.0
Ibrahim Osman,MID,Brighton,127,21,3,2024-08-31T11:30:00Z,False,1,0,0,0,0,0,0,0,0,0,0,0,0,0,0,0,50,644,0,210,0.0,0.0,0.0,0.0,0.0,0.0,0.0
Lewis Miley,MID,Newcastle,411,28,3,2024-09-01T12:30:00Z,True,18,0,0,0,0,0,0,0,0,0,0,0,0,0,0,0,50,227,34,42,0.0,0.0,0.0,0.0,0.0,0.0,0.0
Nathan Wood-Gordon,DEF,Southampton,477,22,3,2024-08-31T14:00:00Z,False,4,0,0,0,0,0,0,0,0,0,0,0,0,0,0,0,40,137066,17692,12445,0.0,0.0,0.0,0.0,0.0,0.0,-0.5
Rodrigo Muniz Carvalho,FWD,Fulham,251,25,3,2024-08-31T14:00:00Z,False,10,78,1,2,0,0,0,1,0,0,0,0,0,0,0,6,61,1045452,218464,141048,0.34,0.01,0.36,2.6,0.5,21.0,2.5
Benjamin White,DEF,Arsenal,24,21,3,2024-08-31T11:30:00Z,True,5,90,1,2,0,0,0,1,0,0,0,0,0,0,0,8,65,962026,44069,75956,0.04,0.0,1.83,22.0,0.8,5.0,5.7
Cameron Burgess,DEF,Ipswich,263,25,3,2024-08-31T14:00:00Z,True,9,0,0,0,0,0,0,0,0,0,0,0,0,0,0,0,40,32052,1868,3719,0.0,0.0,0.0,0.0,0.0,0.0,-0.5
Abdul Fatawu,MID,Leicester,570,26,3,2024-08-31T14:00:00Z,True,2,67,1,2,0,0,0,2,0,0,0,0,0,0,0,11,55,70066,12418,18279,0.05,0.01,1.46,7.8,1.4,18.0,3.5
Dominik Szoboszlai,MID,Liverpool,336,27,3,2024-09-01T15:00:00Z,False,14,90,1,6,0,1,1,0,0,0,0,0,0,0,0,27,65,233517,21838,56358,0.03,0.15,1.36,28.6,39.3,8.0,5.5
Tim Iroegbunam,MID,Everton,226,24,3,2024-08-31T14:00:00Z,True,3,90,1,1,0,0,0,3,0,0,0,1,0,0,0,9,45,78029,52843,16768,0.07,0.06,2.22,13.2,22.7,15.0,1.7
Neco Williams,DEF,Nott'm Forest,437,29,3,2024-08-31T14:00:00Z,True,20,90,1,2,0,0,0,1,0,0,0,0,0,0,0,1,45,71770,24310,7320,0.12,0.03,0.74,7.4,11.7,8.0,3.0
Roméo Lavia,MID,Chelsea,174,23,3,2024-09-01T12:30:00Z,True,7,0,0,0,0,0,0,0,0,0,0,0,0,0,0,0,45,136390,25708,51144,0.0,0.0,0.0,0.0,0.0,0.0,0.0
Leon Bailey,MID,Aston Villa,28,26,3,2024-08-31T14:00:00Z,False,11,15,1,1,0,0,0,0,0,0,0,0,0,0,0,1,65,317474,64796,67639,0.0,0.01,0.0,0.0,0.5,0.0,1.8
Niclas Füllkrug,FWD,West Ham,589,30,3,2024-08-31T16:30:00Z,True,13,19,0,1,0,0,0,1,0,0,0,0,0,0,0,2,69,265520,12352,117168,0.0,0.09,0.76,0.2,1.8,6.0,0.0
Harvey Barnes,MID,Newcastle,392,28,3,2024-09-01T12:30:00Z,True,18,60,1,9,1,0,0,1,0,0,0,0,0,0,2,30,64,37478,3043,7127,0.25,0.01,0.99,35.2,0.7,20.0,5.5
Brennan Johnson,MID,Spurs,491,28,3,2024-09-01T12:30:00Z,False,15,45,0,4,0,1,0,1,0,0,0,0,0,0,0,16,64,53310,2907,16590,0.37,0.06,1.08,8.8,2.8,61.0,2.5
Andrew Moran,MID,Brighton,601,21,3,2024-08-31T11:30:00Z,False,1,0,0,0,0,0,0,0,0,0,0,0,0,0,0,0,50,471,0,180,0.0,0.0,0.0,0.0,0.0,0.0,0.0
Harry Maguire,DEF,Man Utd,377,27,3,2024-09-01T15:00:00Z,True,12,21,0,1,0,0,0,0,0,0,0,0,0,0,0,5,50,72975,5285,11412,0.0,0.0,0.42,4.0,0.0,6.0,2.2
Mark Travers,GK,Bournemouth,84,24,3,2024-08-31T14:00:00Z,False,8,0,0,0,0,0,0,0,0,0,0,0,0,0,0,0,45,15067,496,1561,0.0,0.0,0.0,0.0,0.0,0.0,0.0
Will Smallbone,MID,Southampton,471,22,3,2024-08-31T14:00:00Z,False,4,45,1,1,0,0,0,1,0,0,0,0,0,0,0,6,50,5617,359,878,0.0,0.28,0.97,15.8,41.4,4.0,1.2
Mykhailo Mudryk,MID,Chelsea,179,23,3,2024-09-01T12:30:00Z,True,7,16,0,1,0,0,0,0,0,0,0,0,0,0,0,8,64,30516,5520,8578,0.0,0.15,0.31,8.6,13.3,0.0,0.7
Hamed Traorè,MID,Bournemouth,67,24,3,2024-08-31T14:00:00Z,False,8,0,0,0,0,0,0,0,0,0,0,0,0,0,0,0,45,17280,1845,4664,0.0,0.0,0.0,0.0,0.0,0.0,0.0
Stefan Ortega Moreno,GK,Man City,358,30,3,2024-08-31T16:30:00Z,False,19,0,0,0,0,0,0,0,0,0,0,0,0,0,0,0,54,66006,394,9754,0.0,0.0,0.0,0.0,0.0,0.0,1.0
Renato Palma Veiga,MID,Chelsea,184,23,3,2024-09-01T12:30:00Z,True,7,0,0,0,0,0,0,0,0,0,0,0,0,0,0,0,45,16891,6652,3378,0.0,0.0,0.0,0.0,0.0,0.0,0.7
Eberechi Eze,MID,Crystal Palace,199,23,3,2024-09-01T12:30:00Z,False,6,90,1,10,1,0,0,1,0,0,0,0,0,0,3,31,69,2419812,81172,748292,0.19,0.06,2.27,38.6,17.8,19.0,4.7
Samuel Iling-Junior,MID,Aston Villa,41,26,3,2024-08-31T14:00:00Z,False,11,0,0,0,0,0,0,0,0,0,0,0,0,0,0,0,54,5173,163,2078,0.0,0.0,0.0,0.0,0.0,0.0,0.0
Boubacar Kamara,MID,Aston Villa,42,26,3,2024-08-31T14:00:00Z,False,11,0,0,0,0,0,0,0,0,0,0,0,0,0,0,0,50,313,44,76,0.0,0.0,0.0,0.0,0.0,0.0,0.0
Ali Al-Hamadi,FWD,Ipswich,260,25,3,2024-08-31T14:00:00Z,True,9,9,0,0,0,0,0,0,0,0,0,1,0,0,0,0,50,39398,7048,8659,0.0,0.02,0.04,2.0,11.5,2.0,-0.2
Willy Boly,DEF,Nott'm Forest,425,29,3,2024-08-31T14:00:00Z,True,20,0,0,0,0,0,0,0,0,0,0,0,0,0,0,0,45,24937,1119,3843,0.0,0.0,0.0,0.0,0.0,0.0,1.0
Carlos Alcaraz Durán,MID,Southampton,450,22,3,2024-08-31T14:00:00Z,False,4,0,0,0,0,0,0,0,0,0,0,0,0,0,0,0,49,7659,485,3127,0.0,0.0,0.0,0.0,0.0,0.0,0.0
Victor Lindelöf,DEF,Man Utd,376,27,3,2024-09-01T15:00:00Z,True,12,0,0,0,0,0,0,0,0,0,0,0,0,0,0,0,44,11244,50,4630,0.0,0.0,0.0,0.0,0.0,0.0,0.0
Ross Barkley,MID,Aston Villa,29,26,3,2024-08-31T14:00:00Z,False,11,28,0,1,0,0,0,1,0,0,0,0,0,0,0,5,54,58524,1955,13909,0.0,0.05,0.28,9.4,11.3,0.0,1.2
James McConnell,MID,Liverpool,330,27,3,2024-09-01T15:00:00Z,False,14,0,0,0,0,0,0,0,0,0,0,0,0,0,0,0,45,3839,446,546,0.0,0.0,0.0,0.0,0.0,0.0,0.5
Kobbie Mainoo,MID,Man Utd,378,27,3,2024-09-01T15:00:00Z,True,12,90,1,1,0,0,0,3,0,0,0,1,0,0,0,8,55,513548,28604,125510,0.0,0.04,1.73,3.4,2.3,0.0,1.2
Ramón Sosa,MID,Nott'm Forest,620,29,3,2024-08-31T14:00:00Z,True,20,10,0,1,0,0,0,0,0,0,0,0,0,0,0,5,55,1175,179,147,0.09,0.06,0.03,6.2,20.8,7.0,0.5
Sander Berge,MID,Fulham,622,25,3,2024-08-31T14:00:00Z,False,10,18,0,1,0,0,0,0,0,0,0,0,0,0,0,4,50,1415,619,242,0.0,0.0,0.09,7.6,20.7,0.0,1.0
Adam Armstrong,FWD,Southampton,453,22,3,2024-08-31T14:00:00Z,False,4,45,1,1,0,0,0,1,0,0,0,0,0,0,0,0,55,159267,17476,40505,0.05,0.05,0.97,0.0,0.9,8.0,0.8
Aaron Cresswell,DEF,West Ham,517,30,3,2024-08-31T16:30:00Z,True,13,0,0,0,0,0,0,0,0,0,0,0,0,0,0,0,40,221124,21013,33478,0.0,0.0,0.0,0.0,0.0,0.0,-0.2
Emil Krafth,DEF,Newcastle,405,28,3,2024-09-01T12:30:00Z,True,18,90,1,2,0,0,0,1,0,0,0,0,0,0,0,4,45,19037,2994,2275,0.04,0.0,1.26,19.2,0.1,5.0,3.8
Jakub Kiwior,DEF,Arsenal,8,21,3,2024-08-31T11:30:00Z,True,5,0,0,0,0,0,0,0,0,0,0,0,0,0,0,0,49,15992,828,3229,0.0,0.0,0.0,0.0,0.0,0.0,1.0
Kristoffer Ajer,DEF,Brentford,86,22,3,2024-08-31T14:00:00Z,True,17,38,1,1,0,0,0,0,0,0,0,0,0,0,0,5,45,50299,12820,4968,0.0,0.0,0.87,3.6,0.2,2.0,1.8
Will Hughes,MID,Crystal Palace,203,23,3,2024-09-01T12:30:00Z,False,6,49,1,0,0,0,0,1,0,0,0,1,0,0,0,-3,49,3726,222,1111,0.0,0.01,1.87,0.2,0.8,2.0,0.7
David Ozoh,MID,Crystal Palace,212,23,3,2024-09-01T12:30:00Z,False,6,0,0,0,0,0,0,0,0,0,0,0,0,0,0,0,45,237,0,68,0.0,0.0,0.0,0.0,0.0,0.0,0.0
Jakub Moder,MID,Brighton,137,21,3,2024-08-31T11:30:00Z,False,1,0,0,0,0,0,0,0,0,0,0,0,0,0,0,0,45,28595,1535,4964,0.0,0.0,0.0,0.0,0.0,0.0,-1.0
Cieran Slicker,GK,Ipswich,280,25,3,2024-08-31T14:00:00Z,True,9,0,0,0,0,0,0,0,0,0,0,0,0,0,0,0,40,88886,5564,4794,0.0,0.0,0.0,0.0,0.0,0.0,-0.5
Raheem Sterling,MID,Arsenal,186,21,3,2024-08-31T11:30:00Z,True,5,0,0,0,0,0,0,0,0,0,0,0,0,0,0,0,68,119706,4626,31386,0.0,0.0,0.0,0.0,0.0,0.0,1.0
Raúl Jiménez,FWD,Fulham,252,25,3,2024-08-31T14:00:00Z,False,10,11,0,1,0,0,0,0,0,0,0,0,0,0,0,6,55,43256,8208,10650,0.04,0.0,0.09,5.2,0.3,17.0,1.5
Bryan Gil Salvatierra,MID,Spurs,483,28,3,2024-09-01T12:30:00Z,False,15,0,0,0,0,0,0,0,0,0,0,0,0,0,0,0,50,164,0,38,0.0,0.0,0.0,0.0,0.0,0.0,0.0
Myles Lewis-Skelly,MID,Arsenal,597,21,3,2024-08-31T11:30:00Z,True,5,0,0,0,0,0,0,0,0,0,0,0,0,0,0,0,45,4486,1109,964,0.0,0.0,0.0,0.0,0.0,0.0,1.0
Giovani Lo Celso,MID,Spurs,493,28,3,2024-09-01T12:30:00Z,False,15,0,0,0,0,0,0,0,0,0,0,0,0,0,0,0,49,9004,1332,2708,0.0,0.0,0.0,0.0,0.0,0.0,0.0
Tawanda Chirewa,MID,Wolves,538,29,3,2024-08-31T14:00:00Z,False,16,0,0,0,0,0,0,0,0,0,0,0,0,0,0,0,45,7777,993,2370,0.0,0.0,0.0,0.0,0.0,0.0,0.0
Cameron Humphreys,MID,Ipswich,273,25,3,2024-08-31T14:00:00Z,True,9,0,0,0,0,0,0,0,0,0,0,0,0,0,0,0,45,3854,0,1549,0.0,0.0,0.0,0.0,0.0,0.0,0.0
Ashley Young,DEF,Everton,238,24,3,2024-08-31T14:00:00Z,True,3,0,0,0,0,0,0,0,0,0,0,0,0,0,0,0,45,14402,839,1642,0.0,0.0,0.0,0.0,0.0,0.0,-0.7
James Bree,DEF,Southampton,457,22,3,2024-08-31T14:00:00Z,False,4,0,0,0,0,0,0,0,0,0,0,0,0,0,0,0,40,15929,1073,1716,0.0,0.0,0.0,0.0,0.0,0.0,-0.5
Alex Scott,MID,Bournemouth,77,32,4,2024-09-14T19:00:00Z,True,6,22,0,1,0,0,0,1,0,0,0,0,0,0,0,5,49,5049,336,750,0.0,0.0,0.32,2.8,0.3,0.0,1.2
Carlos Miguel dos Santos Pereira,GK,Nott'm Forest,427,36,4,2024-09-14T14:00:00Z,False,12,0,0,0,0,0,0,0,0,0,0,0,0,0,0,0,44,23358,535,4222,0.0,0.0,0.0,0.0,0.0,0.0,-0.5
Tomiyasu Takehiro,DEF,Arsenal,22,39,4,2024-09-15T13:00:00Z,False,18,0,0,0,0,0,0,0,0,0,0,0,0,0,0,0,49,4106,117,793,0.0,0.0,0.0,0.0,0.0,0.0,0.0
Malcolm Ebiowei,MID,Crystal Palace,197,34,4,2024-09-14T14:00:00Z,True,11,0,0,0,0,0,0,0,0,0,0,0,0,0,0,0,45,382,0,65,0.0,0.0,0.0,0.0,0.0,0.0,0.0
Ben Brereton Díaz,MID,Southampton,584,38,4,2024-09-14T11:30:00Z,True,14,63,1,2,0,0,0,2,0,0,0,0,0,0,0,7,54,49799,3376,15150,0.0,0.01,1.85,6.2,6.7,2.0,1.3
Pau Torres,DEF,Aston Villa,52,31,4,2024-09-14T16:30:00Z,True,8,90,1,1,0,0,0,2,0,0,0,0,0,0,0,7,45,239907,83302,30579,0.0,0.04,0.9,17.2,13.8,0.0,1.5
Joel Ward,DEF,Crystal Palace,215,34,4,2024-09-14T14:00:00Z,True,11,0,0,0,0,0,0,0,0,0,0,0,0,0,0,0,44,12586,606,1257,0.0,0.0,0.0,0.0,0.0,0.0,0.5
Will Lankshear,FWD,Spurs,609,39,4,2024-09-15T13:00:00Z,True,1,0,0,0,0,0,0,0,0,0,0,0,0,0,0,0,45,167672,125820,51693,0.0,0.0,0.0,0.0,0.0,0.0,0.0
Hwang Hee-chan,MID,Wolves,550,40,4,2024-09-15T15:30:00Z,True,15,19,0,1,0,0,0,2,0,0,0,0,0,0,0,3,63,58389,1860,17595,0.0,0.02,0.5,2.4,5.3,0.0,0.7
Mikey Moore,MID,Spurs,610,39,4,2024-09-15T13:00:00Z,True,1,0,0,0,0,0,0,0,0,0,0,0,0,0,0,0,45,29383,10285,5584,0.0,0.0,0.0,0.0,0.0,0.0,-1.0
Hákon Valdimarsson,GK,Brentford,109,37,4,2024-09-14T14:00:00Z,False,13,0,0,0,0,0,0,0,0,0,0,0,0,0,0,0,40,399710,20372,41288,0.0,0.0,0.0,0.0,0.0,0.0,-1.0
Alex Paulsen,GK,Bournemouth,75,32,4,2024-09-14T19:00:00Z,True,6,0,0,0,0,0,0,0,0,0,0,0,0,0,0,0,40,3770,0,385,0.0,0.0,0.0,0.0,0.0,0.0,0.0
João Victor Gomes da Silva,MID,Wolves,553,40,4,2024-09-15T15:30:00Z,True,15,90,1,2,0,0,0,2,0,0,0,0,0,0,0,17,49,11830,1051,2151,0.05,0.02,1.21,12.4,11.0,6.0,0.7
Cole Palmer,MID,Chelsea,182,32,4,2024-09-14T19:00:00Z,False,3,90,1,3,0,0,1,0,0,0,0,0,0,0,0,15,106,4019324,371311,531486,0.0,0.03,1.78,11.8,13.3,0.0,7.0
Mitoma Kaoru,MID,Brighton,136,33,4,2024-09-14T14:00:00Z,True,10,90,1,3,0,0,1,0,0,0,0,0,0,0,0,3,67,1080160,499956,138016,0.65,0.02,0.35,11.4,6.6,60.0,5.3
Boubakary Soumaré,MID,Leicester,285,34,4,2024-09-14T14:00:00Z,False,7,0,0,0,0,0,0,0,0,0,0,0,0,0,0,0,45,20459,3019,3266,0.0,0.0,0.0,0.0,0.0,0.0,-0.3
Chris Wood,FWD,Nott'm Forest,447,36,4,2024-09-14T14:00:00Z,False,12,80,1,2,0,0,1,0,0,0,0,0,0,0,0,4,61,703849,115639,213340,0.13,0.01,0.85,4.4,10.6,17.0,4.7
Joe Worrall,DEF,Nott'm Forest,448,36,4,2024-09-14T14:00:00Z,False,12,0,0,0,0,0,0,0,0,0,0,0,0,0,0,0,45,3839,0,1127,0.0,0.0,0.0,0.0,0.0,0.0,0.0
Jeffrey Schlupp,MID,Crystal Palace,214,34,4,2024-09-14T14:00:00Z,True,11,1,0,1,0,0,0,0,0,0,0,0,0,0,0,3,49,8950,950,1767,0.0,0.0,0.0,1.2,0.1,0.0,1.3
Milos Kerkez,DEF,Bournemouth,70,32,4,2024-09-14T19:00:00Z,True,6,90,1,2,0,0,0,1,0,0,0,0,0,0,0,9,45,41068,1819,7594,0.07,0.0,0.78,9.4,0.3,3.0,1.5
Adrian Mazilu,MID,Brighton,133,33,4,2024-09-14T14:00:00Z,True,10,0,0,0,0,0,0,0,0,0,0,0,0,0,0,0,45,2800,0,1018,0.0,0.0,0.0,0.0,0.0,0.0,0.0
Jason Steele,GK,Brighton,142,33,4,2024-09-14T14:00:00Z,True,10,0,0,0,0,0,0,0,0,0,0,0,0,0,0,0,45,276280,90485,64514,0.0,0.0,0.0,0.0,0.0,0.0,2.7
Arijanet Muric,GK,Ipswich,568,33,4,2024-09-14T14:00:00Z,False,5,90,1,11,0,0,1,0,0,0,0,0,0,6,3,37,44,41014,9293,5386,0.0,0.0,1.66,43.8,0.0,0.0,3.0
Carl Rushworth,GK,Brighton,615,33,4,2024-09-14T14:00:00Z,True,10,0,0,0,0,0,0,0,0,0,0,0,0,0,0,0,40,7563,0,1815,0.0,0.0,0.0,0.0,0.0,0.0,0.0
Ibrahim Sangaré,MID,Nott'm Forest,442,36,4,2024-09-14T14:00:00Z,False,12,0,0,0,0,0,0,0,0,0,0,0,0,0,0,0,45,254707,43688,58555,0.0,0.0,0.0,0.0,0.0,0.0,0.4
Hannibal Mejbri,MID,Man Utd,373,38,4,2024-09-14T11:30:00Z,False,17,0,0,0,0,0,0,0,0,0,0,0,0,0,0,0,45,7833,0,2904,0.0,0.0,0.0,0.0,0.0,0.0,0.0
Brandon Austin,GK,Spurs,479,39,4,2024-09-15T13:00:00Z,True,1,0,0,0,0,0,0,0,0,0,0,0,0,0,0,0,40,52101,4358,3289,0.0,0.0,0.0,0.0,0.0,0.0,-1.0
Conor Coady,DEF,Leicester,288,34,4,2024-09-14T14:00:00Z,False,7,7,0,0,0,0,0,1,0,0,0,1,0,0,0,-6,40,27000,5999,2243,0.0,0.0,0.99,2.0,0.0,0.0,-0.5
Wes Foderingham,GK,West Ham,522,35,4,2024-09-14T14:00:00Z,False,9,0,0,0,0,0,0,0,0,0,0,0,0,0,0,0,45,16153,1082,1542,0.0,0.0,0.0,0.0,0.0,0.0,0.0
Armando Broja,FWD,Everton,156,31,4,2024-09-14T16:30:00Z,False,2,0,0,0,0,0,0,0,0,0,0,0,0,0,0,0,55,9620,2316,3076,0.0,0.0,0.0,0.0,0.0,0.0,0.0
Adam Webster,DEF,Brighton,147,33,4,2024-09-14T14:00:00Z,True,10,0,0,0,0,0,0,0,0,0,0,0,0,0,0,0,45,10734,667,1249,0.0,0.0,0.0,0.0,0.0,0.0,0.7
Thomas Partey,MID,Arsenal,20,39,4,2024-09-15T13:00:00Z,False,18,90,1,3,0,0,1,0,0,0,0,0,0,0,0,12,50,152755,38742,35521,0.0,0.07,0.74,20.0,2.8,0.0,5.5
Harry Wilson,MID,Fulham,259,35,4,2024-09-14T14:00:00Z,True,19,0,0,0,0,0,0,0,0,0,0,0,0,0,0,0,54,14169,827,2453,0.0,0.0,0.0,0.0,0.0,0.0,0.3
Kasey McAteer,MID,Leicester,299,34,4,2024-09-14T14:00:00Z,False,7,0,0,0,0,0,0,0,0,0,0,0,0,0,0,0,49,4234,574,619,0.0,0.0,0.0,0.0,0.0,0.0,0.3
Curtis Jones,MID,Liverpool,324,36,4,2024-09-14T14:00:00Z,True,16,15,0,1,0,0,0,0,0,0,0,0,0,0,0,2,53,6123,124,1930,0.0,0.01,0.2,0.8,0.7,0.0,0.7
Wes Burns,MID,Ipswich,264,33,4,2024-09-14T14:00:00Z,False,5,58,1,1,0,0,0,0,0,0,0,0,0,0,0,4,49,3987,161,1037,0.0,0.01,1.22,1.6,4.0,0.0,-0.3
Gustavo Nunes Fernandes Gomes,MID,Brentford,634,37,4,2024-09-14T14:00:00Z,False,13,0,0,0,0,0,0,0,0,0,0,0,0,0,0,0,50,394,152,89,0.0,0.0,0.0,0.0,0.0,0.0,0.0
Yunus Emre Konak,MID,Brentford,97,37,4,2024-09-14T14:00:00Z,False,13,0,0,0,0,0,0,0,0,0,0,0,0,0,0,0,45,6948,1474,1037,0.0,0.0,0.0,0.0,0.0,0.0,-1.0
Max Kilman,DEF,West Ham,524,35,4,2024-09-14T14:00:00Z,False,9,90,1,2,0,0,0,1,0,0,0,0,0,0,0,9,45,312203,104370,38308,0.0,0.0,1.54,15.4,0.7,0.0,3.8
Deniz Undav,FWD,Brighton,143,33,4,2024-09-14T14:00:00Z,True,10,0,0,0,0,0,0,0,0,0,0,0,0,0,0,0,55,687,0,143,0.0,0.0,0.0,0.0,0.0,0.0,0.0
Alex Murphy,DEF,Newcastle,390,40,4,2024-09-15T15:30:00Z,False,20,0,0,0,0,0,0,0,0,0,0,0,0,0,0,0,40,98375,14889,9895,0.0,0.0,0.0,0.0,0.0,0.0,0.5
George Edmundson,DEF,Ipswich,269,33,4,2024-09-14T14:00:00Z,False,5,0,0,0,0,0,0,0,0,0,0,0,0,0,0,0,40,13517,0,4254,0.0,0.0,0.0,0.0,0.0,0.0,0.0
Sávio 'Savinho' Moreira de Oliveira,MID,Man City,571,37,4,2024-09-14T14:00:00Z,True,4,90,1,1,0,0,0,1,0,0,0,1,0,0,0,4,65,133125,10754,103264,0.74,0.11,0.96,2.2,18.2,57.0,2.8
Emerson Palmieri dos Santos,DEF,West Ham,520,35,4,2024-09-14T14:00:00Z,False,9,56,1,1,0,0,0,1,0,0,0,0,0,0,0,4,45,71766,6081,7330,0.0,0.05,0.86,7.4,30.5,0.0,2.0
Abdoulaye Doucouré,MID,Everton,217,31,4,2024-09-14T16:30:00Z,False,2,0,0,0,0,0,0,0,0,0,0,0,0,0,0,0,53,30683,914,8569,0.0,0.0,0.0,0.0,0.0,0.0,1.0
José Malheiro de Sá,GK,Wolves,554,40,4,2024-09-15T15:30:00Z,True,15,0,0,0,0,0,0,0,0,0,0,0,0,0,0,0,45,198038,4736,30705,0.0,0.0,0.0,0.0,0.0,0.0,-0.3
Alexander Isak,FWD,Newcastle,401,40,4,2024-09-15T15:30:00Z,False,20,45,1,1,0,0,0,1,0,0,0,0,0,0,0,1,85,4192833,191794,864057,0.06,0.16,0.63,0.6,15.4,5.0,4.7
Yves Bissouma,MID,Spurs,482,39,4,2024-09-15T13:00:00Z,True,1,0,0,0,0,0,0,0,0,0,0,0,0,0,0,0,50,48473,10628,12847,0.0,0.0,0.0,0.0,0.0,0.0,1.1
Conor Gallagher,MID,Chelsea,169,32,4,2024-09-14T19:00:00Z,False,3,0,0,0,0,0,0,0,0,0,0,0,0,0,0,0,59,21606,0,7361,0.0,0.0,0.0,0.0,0.0,0.0,0.0
Philip Billing,MID,Bournemouth,76,32,4,2024-09-14T19:00:00Z,True,6,15,0,1,0,0,0,1,0,0,0,0,0,0,0,4,48,5053,440,1297,0.0,0.09,0.32,3.2,4.7,2.0,0.5
Gonçalo Manuel Ganchinho Guedes,MID,Wolves,548,40,4,2024-09-15T15:30:00Z,True,15,4,0,1,0,0,0,0,0,0,0,0,0,0,0,3,54,7834,392,1281,0.0,0.01,0.38,0.2,0.5,0.0,0.0
Brajan Gruda,MID,Brighton,595,33,4,2024-09-14T14:00:00Z,True,10,0,0,0,0,0,0,0,0,0,0,0,0,0,0,0,54,2660,63,792,0.0,0.0,0.0,0.0,0.0,0.0,0.2
Rodrigo 'Rodri' Hernandez,MID,Man City,360,37,4,2024-09-14T14:00:00Z,True,4,45,0,1,0,0,0,0,0,0,0,0,0,0,0,13,64,192092,18702,19888,0.0,0.08,0.04,7.6,16.3,0.0,1.2
Đorđe Petrović,GK,Chelsea,183,32,4,2024-09-14T19:00:00Z,False,3,0,0,0,0,0,0,0,0,0,0,0,0,0,0,0,44,40296,0,17022,0.0,0.0,0.0,0.0,0.0,0.0,0.0
Justin Devenny,MID,Crystal Palace,645,34,4,2024-09-14T14:00:00Z,True,11,0,0,0,0,0,0,0,0,0,0,0,0,0,0,0,45,531,424,101,0.0,0.0,0.0,0.0,0.0,0.0,0.5
Craig Dawson,DEF,Wolves,542,40,4,2024-09-15T15:30:00Z,True,15,90,1,1,0,0,0,2,0,0,0,0,0,0,0,4,45,18141,952,1407,0.0,0.04,1.21,18.8,13.8,4.0,0.7
Jordan Ayew,MID,Leicester,192,34,4,2024-09-14T14:00:00Z,False,7,82,1,1,0,0,0,1,0,0,0,1,0,0,0,4,54,28054,1906,5249,0.1,0.01,1.56,7.2,0.8,25.0,0.5
Marcos Senesi,DEF,Bournemouth,79,32,4,2024-09-14T19:00:00Z,True,6,90,1,1,0,0,0,1,0,0,0,1,0,0,0,-1,49,69076,2478,13595,0.0,0.01,0.78,25.2,20.3,2.0,0.8
Kiernan Dewsbury-Hall,MID,Chelsea,166,32,4,2024-09-14T19:00:00Z,False,3,0,0,0,0,0,0,0,0,0,0,0,0,0,0,0,58,16996,774,3982,0.0,0.0,0.0,0.0,0.0,0.0,0.5
Kaine Kesler-Hayden,DEF,Aston Villa,43,31,4,2024-09-14T16:30:00Z,True,8,0,0,0,0,0,0,0,0,0,0,0,0,0,0,0,40,1492,0,186,0.0,0.0,0.0,0.0,0.0,0.0,0.0
João Cavaco Cancelo,DEF,Man City,353,37,4,2024-09-14T14:00:00Z,True,4,0,0,0,0,0,0,0,0,0,0,0,0,0,0,0,53,34084,0,18235,0.0,0.0,0.0,0.0,0.0,0.0,0.0
Maxwel Cornet,MID,Southampton,515,38,4,2024-09-14T11:30:00Z,True,14,26,0,0,0,0,0,1,0,0,0,1,0,0,0,3,49,3332,674,604,0.0,0.0,0.82,5.4,2.0,2.0,-0.5
Jefferson Lerma Solís,MID,Crystal Palace,206,34,4,2024-09-14T14:00:00Z,True,11,0,0,0,0,0,0,0,0,0,0,0,0,0,0,0,49,6054,800,1210,0.0,0.0,0.0,0.0,0.0,0.0,1.3
Jannik Vestergaard,DEF,Leicester,307,34,4,2024-09-14T14:00:00Z,False,7,0,0,0,0,0,0,0,0,0,0,0,0,0,0,0,40,308083,37469,34939,0.0,0.0,0.0,0.0,0.0,0.0,0.0
Luke Thomas,DEF,Leicester,305,34,4,2024-09-14T14:00:00Z,False,7,0,0,0,0,0,0,0,0,0,0,0,0,0,0,0,40,50978,2734,5606,0.0,0.0,0.0,0.0,0.0,0.0,-0.5
Bruno Borges Fernandes,MID,Man Utd,366,38,4,2024-09-14T11:30:00Z,False,17,90,1,5,0,1,1,0,0,0,0,1,0,0,0,20,84,1178862,76129,285464,0.22,0.35,1.12,28.0,18.2,20.0,3.5
Adam Smith,DEF,Bournemouth,81,32,4,2024-09-14T19:00:00Z,True,6,74,1,5,0,0,1,0,0,0,0,1,0,0,0,19,45,17161,586,2054,0.0,0.0,0.47,10.4,0.4,0.0,2.2
Miodrag Pivaš,DEF,Newcastle,574,40,4,2024-09-15T15:30:00Z,False,20,0,0,0,0,0,0,0,0,0,0,0,0,0,0,0,40,13036,1020,2218,0.0,0.0,0.0,0.0,0.0,0.0,0.0
Billy Gilmour,MID,Brighton,124,33,4,2024-09-14T14:00:00Z,True,10,0,0,0,0,0,0,0,0,0,0,0,0,0,0,0,50,7572,0,6920,0.0,0.0,0.0,0.0,0.0,0.0,0.0
Rasmus Højlund,FWD,Man Utd,375,38,4,2024-09-14T11:30:00Z,False,17,0,0,0,0,0,0,0,0,0,0,0,0,0,0,0,69,35651,2607,5956,0.0,0.0,0.0,0.0,0.0,0.0,0.0
Callum Wilson,FWD,Newcastle,421,40,4,2024-09-15T15:30:00Z,False,20,0,0,0,0,0,0,0,0,0,0,0,0,0,0,0,69,4461,249,865,0.0,0.0,0.0,0.0,0.0,0.0,0.0
Crysencio Summerville,MID,West Ham,587,35,4,2024-09-14T14:00:00Z,False,9,45,0,1,0,0,0,0,0,0,0,0,0,0,0,3,58,53894,3370,13949,0.0,0.01,0.76,6.2,0.7,2.0,0.8
Jesurun Rak-Sakyi,MID,Crystal Palace,213,34,4,2024-09-14T14:00:00Z,True,11,0,0,0,0,0,0,0,0,0,0,0,0,0,0,0,45,9412,0,3353,0.0,0.0,0.0,0.0,0.0,0.0,0.0
Oliver Skipp,MID,Leicester,501,34,4,2024-09-14T14:00:00Z,False,7,90,1,2,0,0,0,2,0,0,0,0,0,0,0,11,49,4673,702,625,0.0,0.18,2.55,10.4,25.9,2.0,0.5
Tomáš Souček,MID,West Ham,530,35,4,2024-09-14T14:00:00Z,False,9,45,1,1,0,0,0,1,0,0,0,0,0,0,0,1,50,332326,51985,48595,0.07,0.0,0.78,1.4,0.7,8.0,3.8
Taylor Harwood-Bellis,DEF,Southampton,461,38,4,2024-09-14T11:30:00Z,True,14,9,0,1,0,0,0,1,0,0,0,0,0,0,0,-1,40,1108893,89564,121333,0.0,0.0,0.77,5.6,0.1,0.0,0.5
Alphonse Areola,GK,West Ham,513,35,4,2024-09-14T14:00:00Z,False,9,90,1,3,0,0,0,1,0,0,0,0,0,4,0,12,45,824323,41685,128200,0.0,0.0,1.54,31.6,0.0,0.0,2.8
Lisandro Martínez,DEF,Man Utd,380,38,4,2024-09-14T11:30:00Z,False,17,76,1,6,0,0,1,0,0,0,0,0,0,0,0,34,45,533899,26429,61095,0.0,0.0,1.12,17.0,0.7,0.0,2.8
Richarlison de Andrade,FWD,Spurs,497,39,4,2024-09-15T13:00:00Z,True,1,0,0,0,0,0,0,0,0,0,0,0,0,0,0,0,69,53310,281,36708,0.0,0.0,0.0,0.0,0.0,0.0,0.0
Joško Gvardiol,DEF,Man City,350,37,4,2024-09-14T14:00:00Z,True,4,45,0,1,0,0,0,0,0,0,0,0,0,0,0,6,60,2799367,85176,475085,0.0,0.14,0.04,4.2,14.4,6.0,4.0
Harry Clarke,DEF,Ipswich,266,33,4,2024-09-14T14:00:00Z,False,5,0,0,0,0,0,0,0,0,0,0,0,0,0,0,0,40,2627,348,417,0.0,0.0,0.0,0.0,0.0,0.0,-0.1
Joachim Andersen,DEF,Fulham,191,35,4,2024-09-14T14:00:00Z,True,19,90,1,2,0,0,0,1,0,0,0,0,0,0,0,15,44,1161192,16765,286301,0.01,0.01,0.76,23.8,0.8,4.0,0.5
Moisés Caicedo Corozo,MID,Chelsea,157,32,4,2024-09-14T19:00:00Z,False,3,90,1,3,0,0,1,0,0,0,0,0,0,0,0,16,50,60273,5611,9293,0.02,0.1,1.78,16.6,5.3,2.0,2.0
Carlos Henrique Casimiro,MID,Man Utd,368,38,4,2024-09-14T11:30:00Z,False,17,3,0,1,0,0,0,0,0,0,0,0,0,0,0,3,50,58445,4564,15795,0.0,0.05,0.0,3.0,4.9,0.0,1.8
Roman Dixon,DEF,Everton,627,31,4,2024-09-14T16:30:00Z,False,2,0,0,0,0,0,0,0,0,0,0,0,0,0,0,0,40,4649,1336,591,0.0,0.0,0.0,0.0,0.0,0.0,0.0
Jhon Durán,FWD,Aston Villa,38,31,4,2024-09-14T16:30:00Z,True,8,21,0,6,1,0,0,0,0,0,0,0,0,0,1,27,60,168399,109125,32588,0.33,0.0,0.23,29.2,0.5,15.0,5.0
Jacob Murphy,MID,Newcastle,402,40,4,2024-09-15T15:30:00Z,False,20,90,1,1,0,0,0,1,0,0,0,1,0,0,0,-1,53,83894,5327,34656,0.1,0.19,0.99,6.4,13.7,13.0,2.3
Sean Longstaff,MID,Newcastle,410,40,4,2024-09-15T15:30:00Z,False,20,45,1,1,0,0,0,1,0,0,0,0,0,0,0,2,49,86708,12296,18213,0.0,0.01,0.63,0.0,3.3,0.0,2.3
Leander Dendoncker,MID,Aston Villa,33,31,4,2024-09-14T16:30:00Z,True,8,0,0,0,0,0,0,0,0,0,0,0,0,0,0,0,45,64707,4534,24891,0.0,0.0,0.0,0.0,0.0,0.0,0.0
Trevoh Chalobah,DEF,Crystal Palace,159,34,4,2024-09-14T14:00:00Z,True,11,0,0,0,0,0,0,0,0,0,0,0,0,0,0,0,44,20385,6717,4956,0.0,0.0,0.0,0.0,0.0,0.0,0.0
Ryan Manning,DEF,Southampton,467,38,4,2024-09-14T11:30:00Z,True,14,0,0,0,0,0,0,0,0,0,0,0,0,0,0,0,44,6914,161,794,0.0,0.0,0.0,0.0,0.0,0.0,-0.5
Vitalii Mykolenko,DEF,Everton,231,31,4,2024-09-14T16:30:00Z,False,2,25,1,1,0,0,0,0,0,0,0,0,0,0,0,3,44,546576,19524,145197,0.0,0.0,0.37,3.0,0.0,0.0,0.8
Ryan Christie,MID,Bournemouth,63,32,4,2024-09-14T19:00:00Z,True,6,67,1,2,0,0,1,0,0,0,0,1,0,0,0,10,49,22843,5980,4146,0.08,0.06,0.47,15.0,23.1,9.0,1.8
Fábio Silva,FWD,Wolves,545,40,4,2024-09-15T15:30:00Z,True,15,0,0,0,0,0,0,0,0,0,0,0,0,0,0,0,50,20175,0,11064,0.0,0.0,0.0,0.0,0.0,0.0,0.0
Kepa Arrizabalaga,GK,Bournemouth,152,32,4,2024-09-14T19:00:00Z,True,6,0,0,0,0,0,0,0,0,0,0,0,0,0,0,0,45,46983,18015,13939,0.0,0.0,0.0,0.0,0.0,0.0,0.0
Frank Onyeka,MID,Brentford,102,37,4,2024-09-14T14:00:00Z,False,13,0,0,0,0,0,0,0,0,0,0,0,0,0,0,0,49,2531,0,1379,0.0,0.0,0.0,0.0,0.0,0.0,0.0
Youssef Ramalho Chermiti,FWD,Everton,237,31,4,2024-09-14T16:30:00Z,False,2,0,0,0,0,0,0,0,0,0,0,0,0,0,0,0,50,1210,233,265,0.0,0.0,0.0,0.0,0.0,0.0,0.0
Morgan Gibbs-White,MID,Nott'm Forest,433,36,4,2024-09-14T14:00:00Z,False,12,80,1,3,0,0,1,0,0,0,0,0,0,0,0,6,65,359779,17404,139562,0.02,0.05,0.85,7.4,23.6,1.0,3.5
Noni Madueke,MID,Chelsea,177,32,4,2024-09-14T19:00:00Z,False,3,60,1,3,0,0,1,0,0,0,0,0,0,0,0,11,66,1249816,377844,234663,0.11,0.0,1.55,3.2,14.4,8.0,6.2
Nélson Cabral Semedo,DEF,Wolves,559,40,4,2024-09-15T15:30:00Z,True,15,76,1,1,0,0,0,1,0,0,0,1,0,0,0,2,45,5967,1672,584,0.01,0.09,0.75,10.8,12.1,9.0,0.3
Tommy Doyle,MID,Wolves,544,40,4,2024-09-15T15:30:00Z,True,15,13,0,1,0,0,0,1,0,0,0,0,0,0,0,3,49,4545,559,508,0.0,0.04,0.46,2.0,2.4,0.0,0.3
Tom Heaton,GK,Man Utd,374,38,4,2024-09-14T11:30:00Z,False,17,0,0,0,0,0,0,0,0,0,0,0,0,0,0,0,40,25553,1747,1753,0.0,0.0,0.0,0.0,0.0,0.0,0.5
Lucas Bergvall,MID,Spurs,481,39,4,2024-09-15T13:00:00Z,True,1,0,0,0,0,0,0,0,0,0,0,0,0,0,0,0,45,106388,26752,17996,0.0,0.0,0.0,0.0,0.0,0.0,-0.2
Lesley Ugochukwu,MID,Southampton,188,38,4,2024-09-14T11:30:00Z,True,14,63,1,2,0,0,0,2,0,0,0,0,0,0,0,2,45,39781,9439,6886,0.21,0.01,1.85,10.2,12.5,4.0,0.0
Evan Ferguson,FWD,Brighton,123,33,4,2024-09-14T14:00:00Z,True,10,5,0,1,0,0,0,0,0,0,0,0,0,0,0,1,55,17654,6554,2864,0.06,0.0,0.0,0.0,0.0,1.0,0.7
Christian Eriksen,MID,Man Utd,370,38,4,2024-09-14T11:30:00Z,False,17,72,1,2,0,0,1,0,0,0,0,1,0,0,0,15,54,16254,992,2450,0.0,0.35,1.12,11.6,30.7,2.0,1.5
Danny Ings,FWD,West Ham,523,35,4,2024-09-14T14:00:00Z,False,9,8,0,8,1,0,0,0,0,0,0,0,0,0,3,29,50,121510,27783,22071,0.25,0.0,0.17,33.0,0.0,17.0,2.2
Jean-Ricner Bellegarde,MID,Wolves,535,40,4,2024-09-15T15:30:00Z,True,15,70,1,3,0,0,1,0,0,0,0,0,0,0,0,5,50,7220,3220,1158,0.07,0.01,0.71,5.4,12.9,4.0,2.5
Tim Ream,DEF,Fulham,253,35,4,2024-09-14T14:00:00Z,True,19,0,0,0,0,0,0,0,0,0,0,0,0,0,0,0,45,842,0,121,0.0,0.0,0.0,0.0,0.0,0.0,0.0
Benoît Badiashile,DEF,Chelsea,153,32,4,2024-09-14T19:00:00Z,False,3,0,0,0,0,0,0,0,0,0,0,0,0,0,0,0,44,13507,1188,2043,0.0,0.0,0.0,0.0,0.0,0.0,0.0
Radu Drăgușin,DEF,Spurs,486,39,4,2024-09-15T13:00:00Z,True,1,0,0,0,0,0,0,0,0,0,0,0,0,0,0,0,44,19950,2439,2397,0.0,0.0,0.0,0.0,0.0,0.0,-0.8
Jack Stephens,DEF,Southampton,472,38,4,2024-09-14T11:30:00Z,True,14,78,1,-2,0,0,0,3,0,0,0,0,1,0,0,-5,40,102429,40803,13253,0.0,0.01,1.9,13.4,1.6,0.0,0.0
Mateo Kovačić,MID,Man City,354,37,4,2024-09-14T14:00:00Z,True,4,45,1,0,0,0,0,1,0,0,0,1,0,0,0,5,55,167651,32251,33386,0.0,0.04,0.92,0.2,4.1,0.0,4.5
Nicolás Domínguez,MID,Nott'm Forest,431,36,4,2024-09-14T14:00:00Z,False,12,53,1,1,0,0,0,0,0,0,0,0,0,0,0,4,49,2974,216,525,0.0,0.01,0.74,7.8,2.0,0.0,0.0
Ben Doak,MID,Liverpool,318,36,4,2024-09-14T14:00:00Z,True,16,0,0,0,0,0,0,0,0,0,0,0,0,0,0,0,45,3676,0,1705,0.0,0.0,0.0,0.0,0.0,0.0,0.0
Phil Foden,MID,Man City,348,37,4,2024-09-14T14:00:00Z,True,4,0,0,0,0,0,0,0,0,0,0,0,0,0,0,0,93,609339,13874,309376,0.0,0.0,0.0,0.0,0.0,0.0,1.2
Mason Mount,MID,Man Utd,382,38,4,2024-09-14T11:30:00Z,False,17,0,0,0,0,0,0,0,0,0,0,0,0,0,0,0,64,13078,113,4935,0.0,0.0,0.0,0.0,0.0,0.0,0.0
Gabriel Martinelli Silva,MID,Arsenal,9,39,4,2024-09-15T13:00:00Z,False,18,79,1,3,0,0,1,0,0,0,0,0,0,0,0,18,69,200769,8634,63450,0.17,0.14,0.61,22.8,25.6,31.0,3.5
Yasin Ayari,MID,Brighton,600,33,4,2024-09-14T14:00:00Z,True,10,90,1,3,0,0,1,0,0,0,0,0,0,0,0,12,50,2545,748,349,0.08,0.3,0.35,13.4,24.8,21.0,2.3
Mikel Merino,MID,Arsenal,633,39,4,2024-09-15T13:00:00Z,False,18,0,0,0,0,0,0,0,0,0,0,0,0,0,0,0,60,684,213,619,0.0,0.0,0.0,0.0,0.0,0.0,0.0
Facundo Buonanotte,MID,Leicester,117,34,4,2024-09-14T14:00:00Z,False,7,0,0,0,0,0,0,0,0,0,0,0,0,0,0,0,50,35432,24044,7798,0.0,0.0,0.0,0.0,0.0,0.0,2.7
Caoimhin Kelleher,GK,Liverpool,325,36,4,2024-09-14T14:00:00Z,True,16,0,0,0,0,0,0,0,0,0,0,0,0,0,0,0,44,24994,1000,3171,0.0,0.0,0.0,0.0,0.0,0.0,0.5
Odeluga Offiah,DEF,Brighton,139,33,4,2024-09-14T14:00:00Z,True,10,0,0,0,0,0,0,0,0,0,0,0,0,0,0,0,40,11813,0,4075,0.0,0.0,0.0,0.0,0.0,0.0,0.0
Lino da Cruz Sousa,DEF,Aston Villa,56,31,4,2024-09-14T16:30:00Z,True,8,0,0,0,0,0,0,0,0,0,0,0,0,0,0,0,40,11651,0,2124,0.0,0.0,0.0,0.0,0.0,0.0,0.0
Amario Cozier-Duberry,MID,Brighton,118,33,4,2024-09-14T14:00:00Z,True,10,0,0,0,0,0,0,0,0,0,0,0,0,0,0,0,45,7998,0,3694,0.0,0.0,0.0,0.0,0.0,0.0,0.0
Emerson Leite de Souza Junior,DEF,Spurs,487,39,4,2024-09-15T13:00:00Z,True,1,0,0,0,0,0,0,0,0,0,0,0,0,0,0,0,45,1367,0,257,0.0,0.0,0.0,0.0,0.0,0.0,0.0
Kai Havertz,FWD,Arsenal,4,39,4,2024-09-15T13:00:00Z,False,18,90,1,2,0,0,1,0,0,0,0,0,0,0,0,9,81,1804099,301692,310368,0.14,0.0,0.74,19.2,5.4,36.0,7.0
Scott Carson,GK,Man City,344,37,4,2024-09-14T14:00:00Z,True,4,0,0,0,0,0,0,0,0,0,0,0,0,0,0,0,40,20802,2005,1908,0.0,0.0,0.0,0.0,0.0,0.0,1.0
Ethan Brierley,MID,Brentford,87,37,4,2024-09-14T14:00:00Z,False,13,0,0,0,0,0,0,0,0,0,0,0,0,0,0,0,45,10033,2950,1870,0.0,0.0,0.0,0.0,0.0,0.0,-1.0
Andrey Nascimento dos Santos,MID,Chelsea,150,32,4,2024-09-14T19:00:00Z,False,3,0,0,0,0,0,0,0,0,0,0,0,0,0,0,0,45,480,0,65,0.0,0.0,0.0,0.0,0.0,0.0,0.0
Rico Henry,DEF,Brentford,92,37,4,2024-09-14T14:00:00Z,False,13,0,0,0,0,0,0,0,0,0,0,0,0,0,0,0,44,4895,228,974,0.0,0.0,0.0,0.0,0.0,0.0,0.0
Mateusz Lis,GK,Southampton,465,38,4,2024-09-14T11:30:00Z,True,14,0,0,0,0,0,0,0,0,0,0,0,0,0,0,0,40,18655,0,3240,0.0,0.0,0.0,0.0,0.0,0.0,0.0
Yoane Wissa,FWD,Brentford,110,37,4,2024-09-14T14:00:00Z,False,13,45,1,7,1,0,0,2,0,0,0,0,0,0,2,31,61,769897,223277,194084,0.34,0.0,0.68,33.8,4.8,35.0,6.0
Daniel Iversen,GK,Leicester,294,34,4,2024-09-14T14:00:00Z,False,7,0,0,0,0,0,0,0,0,0,0,0,0,0,0,0,40,71777,3110,6253,0.0,0.0,0.0,0.0,0.0,0.0,-0.5
Mads Hermansen,GK,Leicester,293,34,4,2024-09-14T14:00:00Z,False,7,90,1,1,0,0,0,2,0,0,0,0,0,2,0,7,45,53937,7542,5778,0.0,0.0,2.55,22.6,0.0,0.0,1.5
Rob Holding,DEF,Crystal Palace,202,34,4,2024-09-14T14:00:00Z,True,11,0,0,0,0,0,0,0,0,0,0,0,0,0,0,0,44,9520,482,951,0.0,0.0,0.0,0.0,0.0,0.0,0.5
Ismaïla Sarr,MID,Crystal Palace,585,34,4,2024-09-14T14:00:00Z,True,11,9,0,4,0,1,0,0,0,0,0,0,0,0,0,12,59,21168,1884,4758,0.08,0.0,0.01,0.2,0.5,14.0,2.3
Jarrod Bowen,MID,West Ham,514,35,4,2024-09-14T14:00:00Z,False,9,90,1,5,0,1,0,1,0,0,0,0,0,0,0,14,75,611084,82685,86565,0.28,0.09,1.54,33.8,23.5,27.0,5.0
Mark O’Mahony,FWD,Brighton,138,33,4,2024-09-14T14:00:00Z,True,10,0,0,0,0,0,0,0,0,0,0,0,0,0,0,0,45,52919,0,17184,0.0,0.0,0.0,0.0,0.0,0.0,0.0
Ryan Sessegnon,DEF,Fulham,579,35,4,2024-09-14T14:00:00Z,True,19,0,0,0,0,0,0,0,0,0,0,0,0,0,0,0,44,16207,664,2370,0.0,0.0,0.0,0.0,0.0,0.0,0.0
Josh Dasilva,MID,Brentford,90,37,4,2024-09-14T14:00:00Z,False,13,0,0,0,0,0,0,0,0,0,0,0,0,0,0,0,49,566,37,118,0.0,0.0,0.0,0.0,0.0,0.0,0.0
Jadon Sancho,MID,Chelsea,386,32,4,2024-09-14T19:00:00Z,False,3,45,0,3,0,1,0,0,0,0,0,1,0,0,0,15,63,33467,11622,5401,0.0,0.14,0.48,22.4,24.6,6.0,1.0
Sam Johnstone,GK,Wolves,204,40,4,2024-09-15T15:30:00Z,True,15,90,1,2,0,0,0,2,0,0,0,0,0,4,0,9,44,47098,13234,7046,0.0,0.0,1.21,31.8,10.0,0.0,0.7
Jonny Evans,DEF,Man Utd,371,38,4,2024-09-14T11:30:00Z,False,17,13,0,1,0,0,0,0,0,0,0,0,0,0,0,3,44,11606,683,1332,0.0,0.0,0.0,4.4,0.9,0.0,0.8
Mohamed Salah,MID,Liverpool,328,36,4,2024-09-14T14:00:00Z,True,16,90,1,2,0,0,0,1,0,0,0,0,0,0,0,9,127,4742696,899354,66990,0.13,0.13,0.44,10.2,20.0,53.0,11.3
Federico Chiesa,MID,Liverpool,636,36,4,2024-09-14T14:00:00Z,True,16,0,0,0,0,0,0,0,0,0,0,0,0,0,0,0,70,30976,21353,8300,0.0,0.0,0.0,0.0,0.0,0.0,0.5
Timothy Castagne,DEF,Fulham,244,35,4,2024-09-14T14:00:00Z,True,19,0,0,0,0,0,0,0,0,0,0,0,0,0,0,0,44,148504,1547,38491,0.0,0.0,0.0,0.0,0.0,0.0,0.0
Tariq Lamptey,DEF,Brighton,131,33,4,2024-09-14T14:00:00Z,True,10,0,0,0,0,0,0,0,0,0,0,0,0,0,0,0,45,18995,2020,2155,0.0,0.0,0.0,0.0,0.0,0.0,0.5
Ola Aina,DEF,Nott'm Forest,422,36,4,2024-09-14T14:00:00Z,False,12,90,1,8,0,0,1,0,0,0,0,0,0,0,2,28,44,219309,71745,47755,0.0,0.01,0.94,13.4,1.4,0.0,4.5
Taiwo Awoniyi,FWD,Nott'm Forest,424,36,4,2024-09-14T14:00:00Z,False,12,0,0,0,0,0,0,0,0,0,0,0,0,0,0,0,58,47479,1848,17627,0.0,0.0,0.0,0.0,0.0,0.0,0.3
Leandro Trossard,MID,Arsenal,23,39,4,2024-09-15T13:00:00Z,False,18,79,1,3,0,0,1,0,0,0,0,0,0,0,0,13,69,185675,19468,42619,0.05,0.03,0.61,9.4,21.2,5.0,4.0
Jacob Greaves,DEF,Ipswich,270,33,4,2024-09-14T14:00:00Z,False,5,90,1,6,0,0,1,0,0,0,0,0,0,0,0,22,40,180047,100935,28943,0.0,0.0,1.66,31.2,0.0,0.0,1.7
Issa Kaboré,DEF,Man City,626,37,4,2024-09-14T14:00:00Z,True,4,0,0,0,0,0,0,0,0,0,0,0,0,0,0,0,45,940,248,283,0.0,0.0,0.0,0.0,0.0,0.0,0.0
Alfie Whiteman,GK,Spurs,510,39,4,2024-09-15T13:00:00Z,True,1,0,0,0,0,0,0,0,0,0,0,0,0,0,0,0,40,162770,5756,7927,0.0,0.0,0.0,0.0,0.0,0.0,-1.0
Séamus Coleman,DEF,Everton,221,31,4,2024-09-14T16:30:00Z,False,2,0,0,0,0,0,0,0,0,0,0,0,0,0,0,0,44,4047,902,653,0.0,0.0,0.0,0.0,0.0,0.0,0.1
Fabian Schär,DEF,Newcastle,415,40,4,2024-09-15T15:30:00Z,False,20,90,1,8,1,0,0,1,0,0,0,0,0,0,0,24,54,93539,7806,11572,0.1,0.01,0.99,46.8,1.3,10.0,2.0
Nicolas Jackson,FWD,Chelsea,180,32,4,2024-09-14T19:00:00Z,False,3,78,1,1,0,0,1,0,0,0,0,1,0,0,0,0,76,704148,262399,116801,0.31,0.01,1.55,1.4,5.4,26.0,4.8
Joe White,MID,Newcastle,419,40,4,2024-09-15T15:30:00Z,False,20,0,0,0,0,0,0,0,0,0,0,0,0,0,0,0,45,29356,0,14199,0.0,0.0,0.0,0.0,0.0,0.0,0.0
Jamie Vardy,FWD,Leicester,306,34,4,2024-09-14T14:00:00Z,False,7,90,1,8,1,0,0,2,0,0,0,0,0,0,2,34,56,691732,105970,166729,0.64,0.05,2.55,38.6,13.3,23.0,4.3
Miguel Almirón Rejala,MID,Newcastle,391,40,4,2024-09-15T15:30:00Z,False,20,0,0,0,0,0,0,0,0,0,0,0,0,0,0,0,58,58995,6320,13956,0.0,0.0,0.0,0.0,0.0,0.0,1.0
James Garner,MID,Everton,223,31,4,2024-09-14T16:30:00Z,False,2,64,0,2,0,0,0,3,0,0,0,0,0,0,0,13,50,1679,137,185,0.0,0.05,1.75,18.8,15.4,0.0,0.5
Marcus Tavernier,MID,Bournemouth,83,32,4,2024-09-14T19:00:00Z,True,6,82,1,3,0,0,1,0,0,0,0,0,0,0,0,9,55,30733,7743,9665,0.1,0.26,0.48,14.8,34.7,24.0,4.0
Lewis Dobbin,MID,Aston Villa,37,31,4,2024-09-14T16:30:00Z,True,8,0,0,0,0,0,0,0,0,0,0,0,0,0,0,0,50,271,0,32,0.0,0.0,0.0,0.0,0.0,0.0,0.0
Viljami Sinisalo,GK,Aston Villa,55,31,4,2024-09-14T16:30:00Z,True,8,0,0,0,0,0,0,0,0,0,0,0,0,0,0,0,40,117,0,10,0.0,0.0,0.0,0.0,0.0,0.0,0.0
Omari Kellyman,MID,Chelsea,173,32,4,2024-09-14T19:00:00Z,False,3,0,0,0,0,0,0,0,0,0,0,0,0,0,0,0,45,4394,755,1003,0.0,0.0,0.0,0.0,0.0,0.0,0.0
Daniel Castelo Podence,MID,Wolves,562,40,4,2024-09-15T15:30:00Z,True,15,0,0,0,0,0,0,0,0,0,0,0,0,0,0,0,55,4335,223,1569,0.0,0.0,0.0,0.0,0.0,0.0,0.0
Martial Godo,MID,Fulham,605,35,4,2024-09-14T14:00:00Z,True,19,0,0,0,0,0,0,0,0,0,0,0,0,0,0,0,45,3779,1056,662,0.0,0.0,0.0,0.0,0.0,0.0,0.0
Harrison Reed,MID,Fulham,254,35,4,2024-09-14T14:00:00Z,True,19,4,0,1,0,0,0,1,0,0,0,0,0,0,0,8,49,4509,806,703,0.0,0.08,0.32,4.0,14.8,0.0,1.0
Guido Rodríguez,MID,West Ham,588,35,4,2024-09-14T14:00:00Z,False,9,69,1,1,0,0,0,1,0,0,0,1,0,0,0,7,50,8542,880,1186,0.0,0.01,0.86,5.0,2.9,2.0,1.8
Will Alves,MID,Leicester,606,34,4,2024-09-14T14:00:00Z,False,7,0,0,0,0,0,0,0,0,0,0,0,0,0,0,0,45,11046,3112,1645,0.0,0.0,0.0,0.0,0.0,0.0,-0.5
Carlos Baleba,MID,Brighton,115,33,4,2024-09-14T14:00:00Z,True,10,90,1,3,0,0,1,0,0,0,0,0,0,0,0,21,50,5625,1797,825,0.2,0.04,0.35,17.4,17.6,18.0,2.0
James Hill,DEF,Bournemouth,68,32,4,2024-09-14T19:00:00Z,True,6,0,0,0,0,0,0,0,0,0,0,0,0,0,0,0,40,38808,3760,4112,0.0,0.0,0.0,0.0,0.0,0.0,0.0
David Datro Fofana,FWD,Chelsea,164,32,4,2024-09-14T19:00:00Z,False,3,0,0,0,0,0,0,0,0,0,0,0,0,0,0,0,54,12410,2111,3495,0.0,0.0,0.0,0.0,0.0,0.0,0.0
Ryan Fraser,MID,Southampton,397,38,4,2024-09-14T11:30:00Z,True,14,26,0,1,0,0,0,1,0,0,0,0,0,0,0,6,49,3562,411,475,0.0,0.0,0.82,2.0,0.3,0.0,-0.3
Ângelo Gabriel Borges Damaceno,MID,Chelsea,151,32,4,2024-09-14T19:00:00Z,False,3,0,0,0,0,0,0,0,0,0,0,0,0,0,0,0,45,27291,2157,6418,0.0,0.0,0.0,0.0,0.0,0.0,0.0
Nathan Patterson,DEF,Everton,234,31,4,2024-09-14T16:30:00Z,False,2,0,0,0,0,0,0,0,0,0,0,0,0,0,0,0,44,1427,84,262,0.0,0.0,0.0,0.0,0.0,0.0,0.0
Robin Olsen,GK,Aston Villa,51,31,4,2024-09-14T16:30:00Z,True,8,0,0,0,0,0,0,0,0,0,0,0,0,0,0,0,45,10076,1192,919,0.0,0.0,0.0,0.0,0.0,0.0,0.0
Mathias Jensen,MID,Brentford,95,37,4,2024-09-14T14:00:00Z,False,13,0,0,0,0,0,0,0,0,0,0,0,0,0,0,0,55,13963,1588,4350,0.0,0.0,0.0,0.0,0.0,0.0,0.0
Bart Verbruggen,GK,Brighton,146,33,4,2024-09-14T14:00:00Z,True,10,90,1,5,0,0,1,0,0,0,0,1,0,1,0,25,45,194674,175017,33672,0.0,0.0,0.35,9.2,0.0,0.0,2.7
Dango Ouattara,MID,Bournemouth,74,32,4,2024-09-14T19:00:00Z,True,6,0,0,0,0,0,0,0,0,0,0,0,0,0,0,0,50,2990,467,513,0.0,0.0,0.0,0.0,0.0,0.0,0.0
Emmanuel Dennis,FWD,Nott'm Forest,430,36,4,2024-09-14T14:00:00Z,False,12,0,0,0,0,0,0,0,0,0,0,0,0,0,0,0,49,23068,4965,5007,0.0,0.0,0.0,0.0,0.0,0.0,-0.5
Yehor Yarmoliuk,MID,Brentford,111,37,4,2024-09-14T14:00:00Z,False,13,6,0,1,0,0,0,0,0,0,0,0,0,0,0,2,45,240167,22222,40462,0.04,0.0,0.0,0.0,0.3,1.0,-0.8
Julián Álvarez,FWD,Man City,352,37,4,2024-09-14T14:00:00Z,True,4,0,0,0,0,0,0,0,0,0,0,0,0,0,0,0,70,12409,0,2055,0.0,0.0,0.0,0.0,0.0,0.0,0.0
Tyler Dibling,MID,Southampton,608,38,4,2024-09-14T11:30:00Z,True,14,62,1,2,0,0,0,2,0,0,0,0,0,0,0,10,45,18384,10853,3796,0.03,0.01,1.85,3.2,14.3,19.0,0.7
Paul Onuachu,FWD,Southampton,470,38,4,2024-09-14T11:30:00Z,True,14,0,0,0,0,0,0,0,0,0,0,0,0,0,0,0,50,11665,2139,2056,0.0,0.0,0.0,0.0,0.0,0.0,-0.5
Bobby Clark,MID,Liverpool,315,36,4,2024-09-14T14:00:00Z,True,16,0,0,0,0,0,0,0,0,0,0,0,0,0,0,0,45,2833,0,772,0.0,0.0,0.0,0.0,0.0,0.0,0.0
Kieran Tierney,DEF,Arsenal,21,39,4,2024-09-15T13:00:00Z,False,18,0,0,0,0,0,0,0,0,0,0,0,0,0,0,0,44,2918,121,542,0.0,0.0,0.0,0.0,0.0,0.0,0.0
Orel Mangala,MID,Everton,651,31,4,2024-09-14T16:30:00Z,False,2,26,0,1,0,0,0,1,0,0,0,0,0,0,0,3,50,218,85,23,0.09,0.0,0.72,1.6,0.3,6.0,1.6
Darwin Núñez Ribeiro,FWD,Liverpool,316,36,4,2024-09-14T14:00:00Z,True,16,30,0,1,0,0,0,1,0,0,0,0,0,0,0,5,72,255882,17070,87365,0.0,0.0,0.3,4.2,10.6,0.0,1.3
Josh Bowler,MID,Nott'm Forest,426,36,4,2024-09-14T14:00:00Z,False,12,0,0,0,0,0,0,0,0,0,0,0,0,0,0,0,45,4543,0,1810,0.0,0.0,0.0,0.0,0.0,0.0,0.0
Sugawara Yukinari,DEF,Southampton,474,38,4,2024-09-14T11:30:00Z,True,14,90,1,1,0,0,0,3,0,0,0,0,0,0,0,13,45,28080,12616,3447,0.04,0.17,2.67,17.8,27.6,5.0,2.3
Aaron Wan-Bissaka,DEF,West Ham,388,35,4,2024-09-14T14:00:00Z,False,9,90,1,2,0,0,0,1,0,0,0,0,0,0,0,8,45,188500,21428,18354,0.0,0.03,1.54,17.6,11.8,0.0,1.0
Bobby De Cordova-Reid,MID,Leicester,290,34,4,2024-09-14T14:00:00Z,False,7,0,0,0,0,0,0,0,0,0,0,0,0,0,0,0,54,11200,375,2302,0.0,0.0,0.0,0.0,0.0,0.0,0.7
Manuel Ugarte,MID,Man Utd,652,38,4,2024-09-14T11:30:00Z,False,17,17,0,1,0,0,0,0,0,0,0,0,0,0,0,8,50,7689,7055,965,0.0,0.0,0.0,4.6,3.1,0.0,2.1
Nathan Broadhead,MID,Ipswich,262,33,4,2024-09-14T14:00:00Z,False,5,0,0,0,0,0,0,0,0,0,0,0,0,0,0,0,49,825,40,194,0.0,0.0,0.0,0.0,0.0,0.0,-0.2
Matheus Luiz Nunes,MID,Man City,356,37,4,2024-09-14T14:00:00Z,True,4,1,0,1,0,0,0,0,0,0,0,0,0,0,0,3,49,10144,6680,1996,0.0,0.0,0.0,1.0,0.0,0.0,2.5
Jake O'Brien,DEF,Everton,582,31,4,2024-09-14T16:30:00Z,False,2,26,0,0,0,0,0,1,0,0,0,1,0,0,0,-2,49,21703,416,4506,0.0,0.0,0.72,4.0,0.4,0.0,0.0
Cameron Peupion,MID,Brighton,140,33,4,2024-09-14T14:00:00Z,True,10,0,0,0,0,0,0,0,0,0,0,0,0,0,0,0,45,6234,1501,916,0.0,0.0,0.0,0.0,0.0,0.0,0.5
Felipe Rodrigues da Silva,DEF,Nott'm Forest,653,36,4,2024-09-14T14:00:00Z,False,12,9,0,1,0,0,0,0,0,0,0,0,0,0,0,4,45,447,107,31,0.0,0.0,0.09,3.0,0.0,0.0,1.5
Kosta Nedeljković,DEF,Aston Villa,50,31,4,2024-09-14T16:30:00Z,True,8,0,0,0,0,0,0,0,0,0,0,0,0,0,0,0,40,204262,54767,36506,0.0,0.0,0.0,0.0,0.0,0.0,0.8
Jay Stansfield,FWD,Fulham,256,35,4,2024-09-14T14:00:00Z,True,19,0,0,0,0,0,0,0,0,0,0,0,0,0,0,0,50,7539,0,4258,0.0,0.0,0.0,0.0,0.0,0.0,0.0
Nikola Milenković,DEF,Nott'm Forest,573,36,4,2024-09-14T14:00:00Z,False,12,90,1,6,0,0,1,0,0,0,0,0,0,0,0,22,45,22998,2677,3320,0.0,0.0,0.94,18.0,0.3,0.0,3.0
Sepp van den Berg,DEF,Brentford,338,37,4,2024-09-14T14:00:00Z,False,13,90,1,1,0,0,0,2,0,0,0,0,0,0,0,10,40,93946,27490,11994,0.0,0.0,2.17,15.2,0.9,2.0,-0.5
Kevin Mbabu,DEF,Fulham,250,35,4,2024-09-14T14:00:00Z,True,19,0,0,0,0,0,0,0,0,0,0,0,0,0,0,0,40,34989,0,13595,0.0,0.0,0.0,0.0,0.0,0.0,0.0
Malang Sarr,DEF,Chelsea,176,32,4,2024-09-14T19:00:00Z,False,3,0,0,0,0,0,0,0,0,0,0,0,0,0,0,0,45,356,0,46,0.0,0.0,0.0,0.0,0.0,0.0,0.0
Jarrad Branthwaite,DEF,Everton,219,31,4,2024-09-14T16:30:00Z,False,2,0,0,0,0,0,0,0,0,0,0,0,0,0,0,0,49,91529,303,25072,0.0,0.0,0.0,0.0,0.0,0.0,0.0
Ferdi Kadioglu,DEF,Brighton,628,33,4,2024-09-14T14:00:00Z,True,10,23,0,1,0,0,0,0,0,0,0,0,0,0,0,5,45,15405,11208,4061,0.03,0.02,0.14,8.8,21.5,2.0,1.0
Mats Wieffer,MID,Brighton,149,33,4,2024-09-14T14:00:00Z,True,10,0,0,0,0,0,0,0,0,0,0,0,0,0,0,0,50,9069,104,3693,0.0,0.0,0.0,0.0,0.0,0.0,1.5
Kyle Walker,DEF,Man City,363,37,4,2024-09-14T14:00:00Z,True,4,90,1,2,0,0,0,1,0,0,0,0,0,0,0,8,54,549037,14492,112988,0.03,0.14,0.96,7.6,17.4,3.0,1.8
Shea Charles,MID,Southampton,458,38,4,2024-09-14T11:30:00Z,True,14,0,0,0,0,0,0,0,0,0,0,0,0,0,0,0,45,5810,0,1847,0.0,0.0,0.0,0.0,0.0,0.0,0.0
Samuel Edozie,MID,Southampton,459,38,4,2024-09-14T11:30:00Z,True,14,0,0,0,0,0,0,0,0,0,0,0,0,0,0,0,49,2212,159,635,0.0,0.0,0.0,0.0,0.0,0.0,0.0
Robert Sánchez,GK,Chelsea,185,32,4,2024-09-14T19:00:00Z,False,3,90,1,15,0,0,1,0,0,1,0,1,0,7,3,40,45,436336,95910,58461,0.0,0.0,1.78,66.2,0.0,0.0,5.0
Sergio Reguilón,DEF,Spurs,496,39,4,2024-09-15T13:00:00Z,True,1,0,0,0,0,0,0,0,0,0,0,0,0,0,0,0,44,22162,1282,3666,0.0,0.0,0.0,0.0,0.0,0.0,-1.0
Asmir Begovic,GK,Everton,624,31,4,2024-09-14T16:30:00Z,False,2,0,0,0,0,0,0,0,0,0,0,0,0,0,0,0,40,16282,4709,1410,0.0,0.0,0.0,0.0,0.0,0.0,0.0
Conor Townsend,DEF,Ipswich,583,33,4,2024-09-14T14:00:00Z,False,5,0,0,0,0,0,0,0,0,0,0,0,0,0,0,0,40,43312,4332,3734,0.0,0.0,0.0,0.0,0.0,0.0,-0.5
Ricardo Barbosa Pereira,DEF,Leicester,302,34,4,2024-09-14T14:00:00Z,False,7,0,0,0,0,0,0,0,0,0,0,0,0,0,0,0,44,15573,566,2688,0.0,0.0,0.0,0.0,0.0,0.0,-0.5
Massimo Luongo,MID,Ipswich,277,33,4,2024-09-14T14:00:00Z,False,5,6,0,1,0,0,0,0,0,0,0,0,0,0,0,5,45,65428,15728,11464,0.0,0.0,0.25,7.0,0.0,0.0,0.7
Harvey Elliott,MID,Liverpool,319,36,4,2024-09-14T14:00:00Z,True,16,0,0,0,0,0,0,0,0,0,0,0,0,0,0,0,53,49286,2298,25833,0.0,0.0,0.0,0.0,0.0,0.0,0.0
Garang Kuol,MID,Newcastle,406,40,4,2024-09-15T15:30:00Z,False,20,0,0,0,0,0,0,0,0,0,0,0,0,0,0,0,45,4735,1047,713,0.0,0.0,0.0,0.0,0.0,0.0,0.5
Rúben Gato Alves Dias,DEF,Man City,361,37,4,2024-09-14T14:00:00Z,True,4,6,0,1,0,0,0,0,0,0,0,0,0,0,0,3,55,465988,34656,65518,0.0,0.0,0.04,0.4,0.0,0.0,3.0
Romelu Lukaku Bolingoli,FWD,Chelsea,175,32,4,2024-09-14T19:00:00Z,False,3,0,0,0,0,0,0,0,0,0,0,0,0,0,0,0,63,28464,0,13927,0.0,0.0,0.0,0.0,0.0,0.0,0.0
Ben Chilwell,DEF,Chelsea,160,32,4,2024-09-14T19:00:00Z,False,3,0,0,0,0,0,0,0,0,0,0,0,0,0,0,0,49,63151,3184,10944,0.0,0.0,0.0,0.0,0.0,0.0,0.0
George Hirst,FWD,Ipswich,272,33,4,2024-09-14T14:00:00Z,False,5,31,0,1,0,0,0,0,0,0,0,0,0,0,0,3,54,1469,390,330,0.0,0.0,0.44,1.2,10.3,2.0,-0.3
Daniel Jebbison,FWD,Bournemouth,69,32,4,2024-09-14T19:00:00Z,True,6,0,0,0,0,0,0,0,0,0,0,0,0,0,0,0,45,320505,0,116348,0.0,0.0,0.0,0.0,0.0,0.0,0.0
Tyrick Mitchell,DEF,Crystal Palace,210,34,4,2024-09-14T14:00:00Z,True,11,88,1,4,0,1,0,2,0,0,0,0,0,0,0,23,49,181943,11372,24988,0.04,0.66,1.23,37.2,58.0,21.0,2.5
Myles Peart-Harris,MID,Brentford,103,37,4,2024-09-14T14:00:00Z,False,13,0,0,0,0,0,0,0,0,0,0,0,0,0,0,0,45,3507,0,1323,0.0,0.0,0.0,0.0,0.0,0.0,0.0
Mahmoud Dahoud,MID,Brighton,119,33,4,2024-09-14T14:00:00Z,True,10,0,0,0,0,0,0,0,0,0,0,0,0,0,0,0,49,1940,0,854,0.0,0.0,0.0,0.0,0.0,0.0,0.0
Jonathan Panzo,DEF,Nott'm Forest,441,36,4,2024-09-14T14:00:00Z,False,12,0,0,0,0,0,0,0,0,0,0,0,0,0,0,0,40,135,0,21,0.0,0.0,0.0,0.0,0.0,0.0,0.0
Nico O'Reilly,MID,Man City,607,37,4,2024-09-14T14:00:00Z,True,4,0,0,0,0,0,0,0,0,0,0,0,0,0,0,0,50,1234,197,228,0.0,0.0,0.0,0.0,0.0,0.0,1.0
Aaron Ramsdale,GK,Southampton,14,38,4,2024-09-14T11:30:00Z,True,14,90,1,3,0,0,0,3,0,0,0,0,0,7,0,12,44,176635,83072,26759,0.0,0.0,2.67,45.4,0.0,0.0,0.7
Moussa Diaby,MID,Aston Villa,34,31,4,2024-09-14T16:30:00Z,True,8,0,0,0,0,0,0,0,0,0,0,0,0,0,0,0,65,2140,0,328,0.0,0.0,0.0,0.0,0.0,0.0,0.0
Micky van de Ven,DEF,Spurs,506,39,4,2024-09-15T13:00:00Z,True,1,90,1,1,0,0,0,1,0,0,0,1,0,0,0,10,45,711900,56834,156558,0.02,0.02,0.73,19.6,3.2,17.0,2.0
Igor Thiago Nascimento Rodrigues,FWD,Brentford,107,37,4,2024-09-14T14:00:00Z,False,13,0,0,0,0,0,0,0,0,0,0,0,0,0,0,0,59,1977,105,354,0.0,0.0,0.0,0.0,0.0,0.0,0.0
Kaden Rodney,MID,Crystal Palace,647,34,4,2024-09-14T14:00:00Z,True,11,0,0,0,0,0,0,0,0,0,0,0,0,0,0,0,45,1601,1275,244,0.0,0.0,0.0,0.0,0.0,0.0,0.5
Callum Hudson-Odoi,MID,Nott'm Forest,434,36,4,2024-09-14T14:00:00Z,False,12,36,0,7,1,0,0,0,0,0,0,0,0,0,1,27,54,212968,7366,84180,0.07,0.02,0.2,35.0,2.0,11.0,3.3
Armel Bella-Kotchap,DEF,Southampton,456,38,4,2024-09-14T11:30:00Z,True,14,0,0,0,0,0,0,0,0,0,0,0,0,0,0,0,40,31385,1892,3348,0.0,0.0,0.0,0.0,0.0,0.0,-0.5
Rodrigo Martins Gomes,MID,Wolves,563,40,4,2024-09-15T15:30:00Z,True,15,0,0,0,0,0,0,0,0,0,0,0,0,0,0,0,54,10882,263,2766,0.0,0.0,0.0,0.0,0.0,0.0,0.3
Lamare Bogarde,DEF,Aston Villa,598,31,4,2024-09-14T16:30:00Z,True,8,90,1,1,0,0,0,2,0,0,0,0,0,0,0,8,40,32531,20513,6814,0.0,0.08,0.9,17.8,14.6,0.0,0.5
Noussair Mazraoui,DEF,Man Utd,594,38,4,2024-09-14T11:30:00Z,False,17,73,1,6,0,0,1,0,0,0,0,0,0,0,0,27,45,1464743,386783,136509,0.12,0.34,1.12,7.0,8.2,13.0,4.2
Cameron Archer,FWD,Southampton,27,38,4,2024-09-14T11:30:00Z,True,14,61,1,0,0,0,0,2,0,0,1,0,0,0,0,-5,50,172236,63664,39714,0.83,0.0,1.85,4.2,1.7,43.0,0.3
Ezri Konsa Ngoyo,DEF,Aston Villa,44,31,4,2024-09-14T16:30:00Z,True,8,90,1,1,0,0,0,2,0,0,0,0,0,0,0,12,45,1353775,170929,141613,0.0,0.01,0.9,17.6,7.8,2.0,1.5
Pedro Porro,DEF,Spurs,495,39,4,2024-09-15T13:00:00Z,True,1,90,1,2,0,0,0,1,0,0,0,0,0,0,0,18,55,3445940,226685,396370,0.0,0.07,0.73,38.0,57.1,2.0,3.5
Alfie Devine,MID,Spurs,485,39,4,2024-09-15T13:00:00Z,True,1,0,0,0,0,0,0,0,0,0,0,0,0,0,0,0,45,11755,2081,2786,0.0,0.0,0.0,0.0,0.0,0.0,0.0
Elkan Baggott,DEF,Ipswich,261,33,4,2024-09-14T14:00:00Z,False,5,0,0,0,0,0,0,0,0,0,0,0,0,0,0,0,40,2624,0,360,0.0,0.0,0.0,0.0,0.0,0.0,0.0
Erling Haaland,FWD,Man City,351,37,4,2024-09-14T14:00:00Z,True,4,90,1,13,2,0,0,1,0,0,0,0,0,0,3,58,152,6928685,791306,107031,1.1,0.01,0.96,72.2,1.5,85.0,10.9
Leif Davis,DEF,Ipswich,267,33,4,2024-09-14T14:00:00Z,False,5,90,1,6,0,0,1,0,0,0,0,0,0,0,0,23,45,176521,40326,22711,0.02,0.15,1.66,21.0,13.8,5.0,3.0
Virgil van Dijk,DEF,Liverpool,339,36,4,2024-09-14T14:00:00Z,True,16,90,1,2,0,0,0,1,0,0,0,0,0,0,0,9,60,1470260,164704,96530,0.14,0.02,0.44,28.6,2.2,14.0,5.5
Bilal El Khannouss,MID,Leicester,635,34,4,2024-09-14T14:00:00Z,False,7,0,0,0,0,0,0,0,0,0,0,0,0,0,0,0,50,4093,2408,535,0.0,0.0,0.0,0.0,0.0,0.0,0.0
Konstantinos Mavropanos,DEF,West Ham,528,35,4,2024-09-14T14:00:00Z,False,9,90,1,2,0,0,0,1,0,0,0,0,0,0,0,11,45,19983,3929,1588,0.09,0.0,1.54,31.0,0.6,21.0,3.0
Matt Turner,GK,Crystal Palace,445,34,4,2024-09-14T14:00:00Z,True,11,0,0,0,0,0,0,0,0,0,0,0,0,0,0,0,40,1673321,45672,165076,0.0,0.0,0.0,0.0,0.0,0.0,0.5
Juan Larios López,DEF,Southampton,464,38,4,2024-09-14T11:30:00Z,True,14,0,0,0,0,0,0,0,0,0,0,0,0,0,0,0,40,7215,687,557,0.0,0.0,0.0,0.0,0.0,0.0,-0.5
Harry Toffolo,DEF,Nott'm Forest,444,36,4,2024-09-14T14:00:00Z,False,12,0,0,0,0,0,0,0,0,0,0,0,0,0,0,0,44,7138,195,971,0.0,0.0,0.0,0.0,0.0,0.0,-0.3
Toby Collyer,MID,Man Utd,613,38,4,2024-09-14T11:30:00Z,False,17,0,0,0,0,0,0,0,0,0,0,0,0,0,0,0,45,6858,5315,1447,0.0,0.0,0.0,0.0,0.0,0.0,0.8
Asher Agbinone,MID,Crystal Palace,646,34,4,2024-09-14T14:00:00Z,True,11,0,0,0,0,0,0,0,0,0,0,0,0,0,0,0,45,2490,2267,406,0.0,0.0,0.0,0.0,0.0,0.0,0.5
Kadan Young,MID,Aston Villa,656,31,4,2024-09-14T16:30:00Z,True,8,0,0,0,0,0,0,0,0,0,0,0,0,0,0,0,45,0,0,0,0.0,0.0,0.0,0.0,0.0,0.0,1.1
Caleb Wiley,DEF,Chelsea,575,32,4,2024-09-14T19:00:00Z,False,3,0,0,0,0,0,0,0,0,0,0,0,0,0,0,0,40,3331,0,446,0.0,0.0,0.0,0.0,0.0,0.0,0.0
Ethan Pinnock,DEF,Brentford,104,37,4,2024-09-14T14:00:00Z,False,13,90,1,1,0,0,0,2,0,0,0,0,0,0,0,12,45,38340,2968,7869,0.22,0.03,2.17,23.4,0.6,51.0,-0.2
William Saliba,DEF,Arsenal,18,39,4,2024-09-15T13:00:00Z,False,18,90,1,5,0,0,1,0,0,0,0,1,0,0,0,22,60,3736254,95758,389990,0.0,0.01,0.74,8.2,0.4,2.0,5.8
Altay Bayindir,GK,Man Utd,367,38,4,2024-09-14T11:30:00Z,False,17,0,0,0,0,0,0,0,0,0,0,0,0,0,0,0,44,10018,284,870,0.0,0.0,0.0,0.0,0.0,0.0,0.5
Rodrigo Bentancur,MID,Spurs,480,39,4,2024-09-15T13:00:00Z,True,1,67,1,1,0,0,0,1,0,0,0,1,0,0,0,10,50,14946,2038,2244,0.0,0.04,0.73,5.8,7.2,0.0,-0.5
Dominic Solanke-Mitchell,FWD,Spurs,82,39,4,2024-09-15T13:00:00Z,True,1,90,1,2,0,0,0,1,0,0,0,0,0,0,0,0,75,697234,22974,372646,0.17,0.03,0.73,0.0,4.8,13.0,0.0
Chris Richards,DEF,Crystal Palace,194,34,4,2024-09-14T14:00:00Z,True,11,0,0,0,0,0,0,0,0,0,0,0,0,0,0,0,45,18495,1987,1652,0.0,0.0,0.0,0.0,0.0,0.0,1.3
Rayan Aït-Nouri,DEF,Wolves,533,40,4,2024-09-15T15:30:00Z,True,15,85,1,0,0,0,0,2,0,0,0,1,0,0,0,5,45,217568,13336,47576,0.0,0.03,0.83,18.0,2.4,6.0,0.4
James Justin,DEF,Leicester,295,34,4,2024-09-14T14:00:00Z,False,7,90,1,1,0,0,0,2,0,0,0,0,0,0,0,2,45,27296,2015,3612,0.05,0.0,2.55,5.6,0.4,3.0,0.7
Joshua Zirkzee,FWD,Man Utd,389,38,4,2024-09-14T11:30:00Z,False,17,90,1,2,0,0,1,0,0,0,0,0,0,0,0,8,70,391281,66379,99814,1.14,0.03,1.12,15.4,24.3,55.0,1.8
Martin Ødegaard,MID,Arsenal,13,39,4,2024-09-15T13:00:00Z,False,18,0,0,0,0,0,0,0,0,0,0,0,0,0,0,0,83,715216,16076,525308,0.0,0.0,0.0,0.0,0.0,0.0,1.4
Cesare Casadei,MID,Chelsea,158,32,4,2024-09-14T19:00:00Z,False,3,0,0,0,0,0,0,0,0,0,0,0,0,0,0,0,45,14701,3612,2721,0.0,0.0,0.0,0.0,0.0,0.0,0.0
Jaden Philogene,MID,Aston Villa,569,31,4,2024-09-14T16:30:00Z,True,8,1,0,1,0,0,0,0,0,0,0,0,0,0,0,5,54,5257,77,1631,0.0,0.0,0.09,1.0,0.0,0.0,0.2
Mario Lemina,MID,Wolves,557,40,4,2024-09-15T15:30:00Z,True,15,90,1,10,1,0,0,2,0,0,0,0,0,0,3,42,50,14158,1586,2603,0.46,0.26,1.21,44.6,35.8,20.0,3.2
Adam Wharton,MID,Crystal Palace,216,34,4,2024-09-14T14:00:00Z,True,11,90,1,2,0,0,0,2,0,0,0,0,0,0,0,19,49,38004,3227,7984,0.0,0.11,1.23,21.2,30.8,0.0,2.5
Luis Sinisterra,MID,Bournemouth,80,32,4,2024-09-14T19:00:00Z,True,6,22,0,1,0,0,0,1,0,0,0,0,0,0,0,3,50,51718,41868,12189,0.09,0.0,0.32,2.2,10.3,5.0,3.8
Michael Keane,DEF,Everton,228,31,4,2024-09-14T16:30:00Z,False,2,90,1,1,0,0,0,3,0,0,0,0,0,0,0,2,40,564328,370809,69673,0.02,0.0,2.12,22.4,0.1,9.0,2.0
Omar Richards,DEF,Nott'm Forest,438,36,4,2024-09-14T14:00:00Z,False,12,0,0,0,0,0,0,0,0,0,0,0,0,0,0,0,45,3060,0,713,0.0,0.0,0.0,0.0,0.0,0.0,0.0
Álex Moreno Lopera,DEF,Nott'm Forest,26,36,4,2024-09-14T14:00:00Z,False,12,79,1,6,0,0,1,0,0,0,0,1,0,0,1,27,44,48636,1572,8600,0.0,0.01,0.85,15.0,4.3,0.0,1.0
Stephy Mavididi,MID,Leicester,298,34,4,2024-09-14T14:00:00Z,False,7,71,1,7,1,0,0,1,0,0,0,0,0,0,0,20,53,25434,1449,8100,0.41,0.01,1.37,31.4,5.0,26.0,2.0
Anthony Gordon,MID,Newcastle,398,40,4,2024-09-15T15:30:00Z,False,20,90,1,2,0,0,0,1,0,0,0,0,0,0,0,17,74,1699237,76891,447667,0.18,0.18,0.99,11.8,28.9,14.0,4.7
Diego Carlos Santos Silva,DEF,Aston Villa,35,31,4,2024-09-14T16:30:00Z,True,8,0,0,0,0,0,0,0,0,0,0,0,0,0,0,0,45,37781,176,14891,0.0,0.0,0.0,0.0,0.0,0.0,0.0
Facundo Pellistri Rebollo,MID,Man Utd,384,38,4,2024-09-14T11:30:00Z,False,17,0,0,0,0,0,0,0,0,0,0,0,0,0,0,0,50,1092,0,225,0.0,0.0,0.0,0.0,0.0,0.0,0.0
Trent Alexander-Arnold,DEF,Liverpool,311,36,4,2024-09-14T14:00:00Z,True,16,90,1,1,0,0,0,1,0,0,0,1,0,0,0,1,70,3246316,396847,247196,0.02,0.33,0.44,23.4,62.0,4.0,5.7
Josh King,MID,Fulham,604,35,4,2024-09-14T14:00:00Z,True,19,0,0,0,0,0,0,0,0,0,0,0,0,0,0,0,45,10671,3160,1820,0.0,0.0,0.0,0.0,0.0,0.0,0.0
Matt O'Riley,MID,Brighton,629,33,4,2024-09-14T14:00:00Z,True,10,0,0,0,0,0,0,0,0,0,0,0,0,0,0,0,55,382,207,145,0.0,0.0,0.0,0.0,0.0,0.0,0.0
Wanya Marçal-Madivádua,MID,Leicester,297,34,4,2024-09-14T14:00:00Z,False,7,0,0,0,0,0,0,0,0,0,0,0,0,0,0,0,45,3229,0,1260,0.0,0.0,0.0,0.0,0.0,0.0,0.0
Jamal Lewis,DEF,Newcastle,408,40,4,2024-09-15T15:30:00Z,False,20,0,0,0,0,0,0,0,0,0,0,0,0,0,0,0,40,37993,3586,9811,0.0,0.0,0.0,0.0,0.0,0.0,0.0
Jørgen Strand Larsen,FWD,Wolves,566,40,4,2024-09-15T15:30:00Z,True,15,85,1,5,0,1,0,2,0,0,0,0,0,0,0,14,55,87574,26474,24278,0.13,0.18,0.83,16.0,16.2,21.0,3.3
Jack Harrison,MID,Everton,224,31,4,2024-09-14T16:30:00Z,False,2,63,1,2,0,0,0,2,0,0,0,0,0,0,0,9,54,14497,744,2761,0.0,0.05,1.4,6.2,1.9,4.0,1.8
Riccardo Calafiori,DEF,Arsenal,578,39,4,2024-09-15T13:00:00Z,False,18,0,0,0,0,0,0,0,0,0,0,0,0,0,0,0,58,149968,3165,38723,0.0,0.0,0.0,0.0,0.0,0.0,0.8
Luke Cundle,MID,Wolves,540,40,4,2024-09-15T15:30:00Z,True,15,0,0,0,0,0,0,0,0,0,0,0,0,0,0,0,45,27055,12292,5320,0.0,0.0,0.0,0.0,0.0,0.0,-0.5
Jan Bednarek,DEF,Southampton,455,38,4,2024-09-14T11:30:00Z,True,14,90,1,1,0,0,0,3,0,0,0,0,0,0,0,6,40,332486,95755,38878,0.0,0.0,2.67,31.2,0.9,0.0,0.7
André Onana,GK,Man Utd,383,38,4,2024-09-14T11:30:00Z,False,17,90,1,13,0,0,1,0,0,1,0,0,0,3,1,38,50,516214,27271,66162,0.0,0.0,1.12,49.8,0.0,0.0,5.5
Odsonne Edouard,FWD,Leicester,198,34,4,2024-09-14T14:00:00Z,False,7,0,0,0,0,0,0,0,0,0,0,0,0,0,0,0,54,45640,5151,23920,0.0,0.0,0.0,0.0,0.0,0.0,0.0
Deivid Washington de Souza Eugênio,FWD,Chelsea,165,32,4,2024-09-14T19:00:00Z,False,3,0,0,0,0,0,0,0,0,0,0,0,0,0,0,0,50,13154,2482,2336,0.0,0.0,0.0,0.0,0.0,0.0,0.0
Lewis O'Brien,MID,Nott'm Forest,439,36,4,2024-09-14T14:00:00Z,False,12,0,0,0,0,0,0,0,0,0,0,0,0,0,0,0,50,110,0,17,0.0,0.0,0.0,0.0,0.0,0.0,0.0
Bukayo Saka,MID,Arsenal,17,39,4,2024-09-15T13:00:00Z,False,18,85,1,7,0,1,1,0,0,0,0,0,0,0,1,25,101,3080836,222878,597116,0.05,0.35,0.65,27.0,35.0,13.0,8.8
Alex Mighten,MID,Nott'm Forest,435,36,4,2024-09-14T14:00:00Z,False,12,0,0,0,0,0,0,0,0,0,0,0,0,0,0,0,45,3106,0,938,0.0,0.0,0.0,0.0,0.0,0.0,0.0
Djed Spence,DEF,Spurs,504,39,4,2024-09-15T13:00:00Z,True,1,0,0,0,0,0,0,0,0,0,0,0,0,0,0,0,44,9461,413,1034,0.0,0.0,0.0,0.0,0.0,0.0,-0.5
Hamza Choudhury,MID,Leicester,287,34,4,2024-09-14T14:00:00Z,False,7,14,0,1,0,0,0,1,0,0,0,0,0,0,0,4,45,24444,2411,3765,0.0,0.0,1.03,3.0,0.0,0.0,-0.3
Wesley Fofana,DEF,Chelsea,189,32,4,2024-09-14T19:00:00Z,False,3,90,1,7,0,0,1,0,0,0,0,1,0,0,2,28,45,58360,10339,7918,0.0,0.05,1.78,25.6,11.8,4.0,2.5
Lucas Digne,DEF,Aston Villa,36,31,4,2024-09-14T16:30:00Z,True,8,68,1,4,0,1,0,2,0,0,0,0,0,0,0,26,46,660174,404275,72490,0.0,0.68,0.67,30.8,54.0,2.0,3.8
Joe Aribo,MID,Southampton,452,38,4,2024-09-14T11:30:00Z,True,14,0,0,0,0,0,0,0,0,0,0,0,0,0,0,0,50,6565,1000,1234,0.0,0.0,0.0,0.0,0.0,0.0,1.0
Fábio Ferreira Vieira,MID,Arsenal,1,39,4,2024-09-15T13:00:00Z,False,18,0,0,0,0,0,0,0,0,0,0,0,0,0,0,0,54,1650,0,747,0.0,0.0,0.0,0.0,0.0,0.0,0.0
Guglielmo Vicario,GK,Spurs,508,39,4,2024-09-15T13:00:00Z,True,1,90,1,2,0,0,0,1,0,0,0,1,0,3,0,8,50,375696,10639,51203,0.0,0.0,0.73,27.4,0.0,0.0,1.8
Nathan Fraser,FWD,Wolves,546,40,4,2024-09-15T15:30:00Z,True,15,0,0,0,0,0,0,0,0,0,0,0,0,0,0,0,45,376029,0,109296,0.0,0.0,0.0,0.0,0.0,0.0,0.0
Christian Walton,GK,Ipswich,283,33,4,2024-09-14T14:00:00Z,False,5,0,0,0,0,0,0,0,0,0,0,0,0,0,0,0,45,23124,578,2842,0.0,0.0,0.0,0.0,0.0,0.0,0.0
Matthijs de Ligt,DEF,Man Utd,593,38,4,2024-09-14T11:30:00Z,False,17,86,1,15,1,0,1,0,0,0,0,0,0,0,3,51,50,316358,21953,49770,0.41,0.0,1.12,61.0,10.6,36.0,5.8
Jack Hinshelwood,MID,Brighton,126,33,4,2024-09-14T14:00:00Z,True,10,66,1,2,0,0,1,0,0,0,0,1,0,0,0,10,50,6543,2785,1231,0.0,0.11,0.21,11.4,20.1,0.0,2.7
Antoine Semenyo,MID,Bournemouth,78,32,4,2024-09-14T19:00:00Z,True,6,90,1,1,0,0,0,1,0,0,0,1,0,0,0,4,56,610621,389980,124018,0.1,0.03,0.78,0.0,2.3,13.0,5.0
Will Dennis,GK,Bournemouth,599,32,4,2024-09-14T19:00:00Z,True,6,0,0,0,0,0,0,0,0,0,0,0,0,0,0,0,40,38870,4145,2995,0.0,0.0,0.0,0.0,0.0,0.0,0.0
Omari Giraud-Hutchinson,MID,Ipswich,274,33,4,2024-09-14T14:00:00Z,False,5,84,1,2,0,0,1,0,0,0,0,1,0,0,0,0,54,44439,2366,9481,0.04,0.0,1.41,4.4,3.5,7.0,1.3
Dane Scarlett,FWD,Spurs,500,39,4,2024-09-15T13:00:00Z,True,1,0,0,0,0,0,0,0,0,0,0,0,0,0,0,0,45,11508,0,1975,0.0,0.0,0.0,0.0,0.0,0.0,0.0
Joe Lumley,GK,Southampton,466,38,4,2024-09-14T11:30:00Z,True,14,0,0,0,0,0,0,0,0,0,0,0,0,0,0,0,40,31077,2134,2740,0.0,0.0,0.0,0.0,0.0,0.0,-0.5
Dwight McNeil,MID,Everton,230,31,4,2024-09-14T16:30:00Z,False,2,90,1,12,1,1,0,3,0,0,0,0,0,0,2,47,54,61112,7426,12327,0.02,0.87,2.12,61.0,67.6,7.0,5.5
Kim Ji-soo,DEF,Brentford,96,37,4,2024-09-14T14:00:00Z,False,13,0,0,0,0,0,0,0,0,0,0,0,0,0,0,0,40,24156,1547,2451,0.0,0.0,0.0,0.0,0.0,0.0,-1.0
Franco Umeh-Chibueze,MID,Crystal Palace,644,34,4,2024-09-14T14:00:00Z,True,11,0,0,0,0,0,0,0,0,0,0,0,0,0,0,0,45,2117,2033,530,0.0,0.0,0.0,0.0,0.0,0.0,0.5
Andy Irving,MID,West Ham,576,35,4,2024-09-14T14:00:00Z,False,9,0,0,0,0,0,0,0,0,0,0,0,0,0,0,0,49,2595,252,286,0.0,0.0,0.0,0.0,0.0,0.0,0.0
Karl Hein,GK,Arsenal,5,39,4,2024-09-15T13:00:00Z,False,18,0,0,0,0,0,0,0,0,0,0,0,0,0,0,0,40,4862,0,495,0.0,0.0,0.0,0.0,0.0,0.0,0.0
Nathaniel Clyne,DEF,Crystal Palace,196,34,4,2024-09-14T14:00:00Z,True,11,63,1,1,0,0,0,2,0,0,0,0,0,0,0,10,44,13313,2861,1307,0.0,0.02,1.22,11.2,1.8,2.0,1.3
Saša Lukić,MID,Fulham,249,35,4,2024-09-14T14:00:00Z,True,19,65,1,2,0,0,1,0,0,0,0,1,0,0,0,8,50,5952,393,807,0.0,0.0,0.42,10.0,0.4,0.0,1.7
Kevin De Bruyne,MID,Man City,345,37,4,2024-09-14T14:00:00Z,True,4,90,1,2,0,0,0,1,0,0,0,0,0,0,0,7,96,1153942,154258,222974,0.06,0.56,0.96,13.8,67.4,15.0,5.5
Norberto Murara Neto,GK,Arsenal,73,39,4,2024-09-15T13:00:00Z,False,18,0,0,0,0,0,0,0,0,0,0,0,0,0,0,0,44,174820,5002,65426,0.0,0.0,0.0,0.0,0.0,0.0,2.8
Tyrell Malacia,DEF,Man Utd,379,38,4,2024-09-14T11:30:00Z,False,17,0,0,0,0,0,0,0,0,0,0,0,0,0,0,0,44,946,36,117,0.0,0.0,0.0,0.0,0.0,0.0,0.0
Lucas Tolentino Coelho de Lima,MID,West Ham,527,35,4,2024-09-14T14:00:00Z,False,9,45,0,1,0,0,0,0,0,0,0,0,0,0,0,-2,60,216466,35030,38330,0.02,0.07,0.76,0.0,16.1,1.0,3.0
Lewis Dunk,DEF,Brighton,120,33,4,2024-09-14T14:00:00Z,True,10,90,1,6,0,0,1,0,0,0,0,0,0,0,0,26,45,810117,334678,82399,0.09,0.01,0.35,10.4,1.3,2.0,4.5
Mason Holgate,DEF,Everton,225,31,4,2024-09-14T16:30:00Z,False,2,0,0,0,0,0,0,0,0,0,0,0,0,0,0,0,40,41242,0,15557,0.0,0.0,0.0,0.0,0.0,0.0,0.0
Kurt Zouma,DEF,West Ham,532,35,4,2024-09-14T14:00:00Z,False,9,0,0,0,0,0,0,0,0,0,0,0,0,0,0,0,44,34373,1169,13605,0.0,0.0,0.0,0.0,0.0,0.0,0.0
Sékou Mara,FWD,Southampton,468,38,4,2024-09-14T11:30:00Z,True,14,0,0,0,0,0,0,0,0,0,0,0,0,0,0,0,50,5104,0,1703,0.0,0.0,0.0,0.0,0.0,0.0,0.0
Antony Matheus dos Santos,MID,Man Utd,365,38,4,2024-09-14T11:30:00Z,False,17,0,0,0,0,0,0,0,0,0,0,0,0,0,0,0,58,22748,2245,4318,0.0,0.0,0.0,0.0,0.0,0.0,0.8
Dara O'Shea,DEF,Ipswich,630,33,4,2024-09-14T14:00:00Z,False,5,90,1,7,0,0,1,0,0,0,0,0,0,0,1,30,40,5675,3172,697,0.06,0.0,1.66,41.6,0.0,9.0,3.0
Kalvin Phillips,MID,Ipswich,359,33,4,2024-09-14T14:00:00Z,False,5,90,1,2,0,0,1,0,0,0,0,1,0,0,0,8,50,8378,753,1049,0.0,0.03,1.66,15.8,14.8,0.0,0.5
Ibrahima Konaté,DEF,Liverpool,326,36,4,2024-09-14T14:00:00Z,True,16,74,1,2,0,0,0,1,0,0,0,0,0,0,0,9,50,553898,360330,92711,0.0,0.02,0.25,12.6,11.6,0.0,4.5
Chadi Riad Dnanou,DEF,Crystal Palace,195,34,4,2024-09-14T14:00:00Z,True,11,0,0,0,0,0,0,0,0,0,0,0,0,0,0,0,44,8487,95,3367,0.0,0.0,0.0,0.0,0.0,0.0,0.0
Freddie Ladapo,FWD,Ipswich,276,33,4,2024-09-14T14:00:00Z,False,5,0,0,0,0,0,0,0,0,0,0,0,0,0,0,0,45,151747,0,54242,0.0,0.0,0.0,0.0,0.0,0.0,0.0
Levi Colwill,DEF,Chelsea,162,32,4,2024-09-14T19:00:00Z,False,3,90,1,5,0,0,1,0,0,0,0,1,0,0,0,21,45,143468,40329,21890,0.0,0.15,1.78,21.8,17.9,0.0,2.2
Nick Pope,GK,Newcastle,413,40,4,2024-09-15T15:30:00Z,False,20,90,1,3,0,0,0,1,0,0,0,0,0,4,0,12,50,925661,136366,88908,0.0,0.0,0.99,33.6,0.0,0.0,5.3
Jorge Luiz Frello Filho,MID,Arsenal,7,39,4,2024-09-15T13:00:00Z,False,18,90,1,2,0,0,1,0,0,0,0,1,0,0,0,0,49,28424,4753,5735,0.0,0.0,0.74,0.4,1.8,0.0,1.5
Oliwier Zych,GK,Aston Villa,641,31,4,2024-09-14T16:30:00Z,True,8,0,0,0,0,0,0,0,0,0,0,0,0,0,0,0,40,28176,19925,2484,0.0,0.0,0.0,0.0,0.0,0.0,0.0
Luke Woolfenden,DEF,Ipswich,284,33,4,2024-09-14T14:00:00Z,False,5,0,0,0,0,0,0,0,0,0,0,0,0,0,0,0,40,180656,37137,14717,0.0,0.0,0.0,0.0,0.0,0.0,0.0
Łukasz Fabiański,GK,West Ham,521,35,4,2024-09-14T14:00:00Z,False,9,0,0,0,0,0,0,0,0,0,0,0,0,0,0,0,40,1560144,325251,83710,0.0,0.0,0.0,0.0,0.0,0.0,0.2
Idrissa Gueye,MID,Everton,222,31,4,2024-09-14T16:30:00Z,False,2,63,1,2,0,0,0,2,0,0,0,0,0,0,0,5,49,6324,640,1461,0.0,0.0,1.4,6.6,0.4,0.0,2.0
Joe Gomez,DEF,Liverpool,322,36,4,2024-09-14T14:00:00Z,True,16,0,0,0,0,0,0,0,0,0,0,0,0,0,0,0,49,45110,1999,7081,0.0,0.0,0.0,0.0,0.0,0.0,0.5
Dominic Calvert-Lewin,FWD,Everton,220,31,4,2024-09-14T16:30:00Z,False,2,90,1,6,1,0,0,3,0,0,0,0,0,0,0,21,59,189678,66342,40892,0.76,0.0,2.12,27.2,3.6,48.0,5.5
Yerson Mosquera,DEF,Wolves,558,40,4,2024-09-15T15:30:00Z,True,15,90,1,1,0,0,0,2,0,0,0,0,0,0,0,8,40,117698,44092,25835,0.08,0.0,1.21,25.4,1.1,11.0,0.0
Sil Swinkels,DEF,Aston Villa,640,31,4,2024-09-14T16:30:00Z,True,8,0,0,0,0,0,0,0,0,0,0,0,0,0,0,0,40,3799,2305,440,0.0,0.0,0.0,0.0,0.0,0.0,0.0
Konstantinos Tsimikas,DEF,Liverpool,337,36,4,2024-09-14T14:00:00Z,True,16,15,0,1,0,0,0,0,0,0,0,0,0,0,0,4,48,24230,1638,6523,0.0,0.0,0.2,2.8,0.8,0.0,1.3
Christian Nørgaard,MID,Brentford,101,37,4,2024-09-14T14:00:00Z,False,13,90,1,2,0,0,0,2,0,0,0,0,0,0,0,24,50,11516,818,2036,0.0,0.03,2.17,24.6,17.9,2.0,0.8
Emiliano Martínez Romero,GK,Aston Villa,47,31,4,2024-09-14T16:30:00Z,True,8,90,1,0,0,0,0,2,0,0,0,1,0,0,0,-3,50,1357423,154296,129101,0.0,0.0,0.9,4.0,0.0,0.0,1.5
Declan Rice,MID,Arsenal,16,39,4,2024-09-15T13:00:00Z,False,18,0,0,0,0,0,0,0,0,0,0,0,0,0,0,0,63,302817,1443,215029,0.0,0.0,0.0,0.0,0.0,0.0,0.0
Dejan Kulusevski,MID,Spurs,492,39,4,2024-09-15T13:00:00Z,True,1,90,1,1,0,0,0,1,0,0,0,1,0,0,0,2,64,159878,9351,47615,0.16,0.11,0.73,10.6,12.6,31.0,1.5
Pascal Groß,MID,Brighton,125,33,4,2024-09-14T14:00:00Z,True,10,0,0,0,0,0,0,0,0,0,0,0,0,0,0,0,65,3459,0,746,0.0,0.0,0.0,0.0,0.0,0.0,0.0
Gabriel dos Santos Magalhães,DEF,Arsenal,3,39,4,2024-09-15T13:00:00Z,False,18,90,1,15,1,0,1,0,0,0,0,0,0,0,3,40,60,1208425,61041,176466,0.27,0.0,0.74,58.0,0.7,35.0,8.2
Cody Gakpo,FWD,Liverpool,321,36,4,2024-09-14T14:00:00Z,True,16,29,0,1,0,0,0,1,0,0,0,0,0,0,0,3,72,207627,13125,61123,0.0,0.0,0.3,1.2,1.5,0.0,1.3
Salah-Eddine Oulad M'hand,MID,Arsenal,638,39,4,2024-09-15T13:00:00Z,False,18,0,0,0,0,0,0,0,0,0,0,0,0,0,0,0,45,945,765,207,0.0,0.0,0.0,0.0,0.0,0.0,1.0
Mohammed Kudus,MID,West Ham,525,35,4,2024-09-14T14:00:00Z,False,9,90,1,2,0,0,0,1,0,0,0,0,0,0,0,16,64,575587,50923,113743,0.03,0.07,1.54,12.4,33.3,6.0,2.2
Benicio Baker-Boaitey,MID,Brighton,114,33,4,2024-09-14T14:00:00Z,True,10,0,0,0,0,0,0,0,0,0,0,0,0,0,0,0,45,394,0,70,0.0,0.0,0.0,0.0,0.0,0.0,0.0
Vitaly Janelt,MID,Brentford,94,37,4,2024-09-14T14:00:00Z,False,13,71,1,2,0,0,0,2,0,0,0,0,0,0,0,12,49,18917,6483,3762,0.0,0.04,1.08,3.8,2.8,0.0,1.2
Adama Traoré,MID,Fulham,239,35,4,2024-09-14T14:00:00Z,True,19,90,1,2,0,0,0,1,0,0,0,0,0,0,0,12,50,345857,269026,70363,0.56,0.02,0.76,14.6,24.7,34.0,5.3
Jens Cajuste,MID,Ipswich,619,33,4,2024-09-14T14:00:00Z,False,5,0,0,0,0,0,0,0,0,0,0,0,0,0,0,0,45,4673,2889,880,0.0,0.0,0.0,0.0,0.0,0.0,-0.2
Tommy Setford,GK,Arsenal,639,39,4,2024-09-15T13:00:00Z,False,18,0,0,0,0,0,0,0,0,0,0,0,0,0,0,0,45,859,238,80,0.0,0.0,0.0,0.0,0.0,0.0,1.0
Alexis Mac Allister,MID,Liverpool,329,36,4,2024-09-14T14:00:00Z,True,16,59,1,1,0,0,0,0,0,0,0,0,0,0,0,17,64,207439,15373,37385,0.06,0.6,0.14,6.2,14.1,17.0,3.0
Endo Wataru,MID,Liverpool,320,36,4,2024-09-14T14:00:00Z,True,16,0,0,0,0,0,0,0,0,0,0,0,0,0,0,0,49,18637,2318,4669,0.0,0.0,0.0,0.0,0.0,0.0,0.7
João Pedro Ferreira Silva,MID,Nott'm Forest,596,36,4,2024-09-14T14:00:00Z,False,12,9,0,1,0,0,0,0,0,0,0,0,0,0,0,10,60,10414,1015,2304,0.0,0.03,0.09,5.4,13.3,0.0,0.3
Ashley Phillips,DEF,Spurs,478,39,4,2024-09-15T13:00:00Z,True,1,0,0,0,0,0,0,0,0,0,0,0,0,0,0,0,40,33734,0,8596,0.0,0.0,0.0,0.0,0.0,0.0,0.0
Keane Lewis-Potter,MID,Brentford,98,37,4,2024-09-14T14:00:00Z,False,13,90,1,2,0,0,0,2,0,0,0,0,0,0,0,7,50,5078,376,1097,0.02,0.03,2.17,7.6,5.1,21.0,0.5
Ben Johnson,DEF,Ipswich,275,33,4,2024-09-14T14:00:00Z,False,5,0,0,0,0,0,0,0,0,0,0,0,0,0,0,0,40,416459,29280,64683,0.0,0.0,0.0,0.0,0.0,0.0,0.3
Michael Golding,MID,Leicester,292,34,4,2024-09-14T14:00:00Z,False,7,0,0,0,0,0,0,0,0,0,0,0,0,0,0,0,45,5255,721,737,0.0,0.0,0.0,0.0,0.0,0.0,-0.5
João Félix Sequeira,MID,Chelsea,621,32,4,2024-09-14T19:00:00Z,False,3,29,0,0,0,0,0,0,0,0,0,1,0,0,0,-1,65,110232,27718,32025,0.0,0.02,0.22,0.0,3.4,8.0,2.3
Remi Matthews,GK,Crystal Palace,209,34,4,2024-09-14T14:00:00Z,True,11,0,0,0,0,0,0,0,0,0,0,0,0,0,0,0,40,89475,3806,9327,0.0,0.0,0.0,0.0,0.0,0.0,0.5
Alfie Gilchrist,DEF,Chelsea,170,32,4,2024-09-14T19:00:00Z,False,3,0,0,0,0,0,0,0,0,0,0,0,0,0,0,0,40,6036,0,1019,0.0,0.0,0.0,0.0,0.0,0.0,0.0
Nayef Aguerd,DEF,West Ham,529,35,4,2024-09-14T14:00:00Z,False,9,0,0,0,0,0,0,0,0,0,0,0,0,0,0,0,44,8563,129,4083,0.0,0.0,0.0,0.0,0.0,0.0,0.0
Emile Smith Rowe,MID,Fulham,19,35,4,2024-09-14T14:00:00Z,True,19,72,1,7,0,1,1,0,0,0,0,0,0,0,1,23,56,2592259,334345,360174,0.22,0.66,0.42,31.2,40.0,19.0,6.3
Enes Ünal,FWD,Bournemouth,65,32,4,2024-09-14T19:00:00Z,True,6,7,0,1,0,0,0,1,0,0,0,0,0,0,0,7,54,2007,214,424,0.08,0.04,0.3,7.2,10.3,24.0,0.2
Lucas Bergström,GK,Chelsea,154,32,4,2024-09-14T19:00:00Z,False,3,0,0,0,0,0,0,0,0,0,0,0,0,0,0,0,40,28593,2019,2158,0.0,0.0,0.0,0.0,0.0,0.0,0.0
Kacper Kozłowski,MID,Brighton,130,33,4,2024-09-14T14:00:00Z,True,10,0,0,0,0,0,0,0,0,0,0,0,0,0,0,0,45,87,0,14,0.0,0.0,0.0,0.0,0.0,0.0,0.0
Francisco Evanilson de Lima Barbosa,FWD,Bournemouth,617,32,4,2024-09-14T19:00:00Z,True,6,67,1,0,0,0,1,0,0,0,1,0,0,0,0,0,60,28366,5629,13246,0.91,0.08,0.47,3.2,12.0,35.0,1.3
Axel Tuanzebe,DEF,Ipswich,282,33,4,2024-09-14T14:00:00Z,False,5,90,1,6,0,0,1,0,0,0,0,0,0,0,0,29,40,173853,50370,17788,0.0,0.0,1.66,32.2,10.5,0.0,1.7
Gabriel Fernando de Jesus,FWD,Arsenal,2,39,4,2024-09-15T13:00:00Z,False,18,10,0,1,0,0,0,0,0,0,0,0,0,0,0,1,68,82577,1997,29510,0.0,0.0,0.13,0.0,0.0,0.0,1.2
Iliman Ndiaye,FWD,Everton,232,31,4,2024-09-14T16:30:00Z,False,2,80,1,1,0,0,0,3,0,0,0,1,0,0,0,7,54,27162,13935,6137,0.0,0.01,1.81,8.6,1.3,4.0,1.2
David Raya Martin,GK,Arsenal,15,39,4,2024-09-15T13:00:00Z,False,18,90,1,9,0,0,1,0,0,0,0,0,0,5,2,33,55,2823889,175717,272522,0.0,0.0,0.74,41.0,0.0,0.0,8.2
Enso González,MID,Wolves,547,40,4,2024-09-15T15:30:00Z,True,15,0,0,0,0,0,0,0,0,0,0,0,0,0,0,0,45,2969,960,806,0.0,0.0,0.0,0.0,0.0,0.0,0.0
Archie Gray,MID,Spurs,489,39,4,2024-09-15T13:00:00Z,True,1,0,0,0,0,0,0,0,0,0,0,0,0,0,0,0,49,19349,1557,3918,0.0,0.0,0.0,0.0,0.0,0.0,-0.5
Christopher Nkunku,MID,Chelsea,181,32,4,2024-09-14T19:00:00Z,False,3,11,0,7,1,0,0,0,0,0,0,0,0,0,1,27,62,485267,13875,306289,0.3,0.0,0.22,34.0,1.0,19.0,2.5
Manuel Akanji,DEF,Man City,340,37,4,2024-09-14T14:00:00Z,True,4,90,1,2,0,0,0,1,0,0,0,0,0,0,0,11,55,571611,42978,67627,0.0,0.07,0.96,9.8,6.7,0.0,3.8
Kaelan Casey,DEF,West Ham,643,35,4,2024-09-14T14:00:00Z,False,9,0,0,0,0,0,0,0,0,0,0,0,0,0,0,0,40,11183,8322,1437,0.0,0.0,0.0,0.0,0.0,0.0,0.0
Ryan Gravenberch,MID,Liverpool,323,36,4,2024-09-14T14:00:00Z,True,16,90,1,1,0,0,0,1,0,0,0,1,0,0,0,17,50,56358,30379,9566,0.04,0.05,0.44,21.2,18.7,11.0,2.7
Joe Willock,MID,Newcastle,420,40,4,2024-09-15T15:30:00Z,False,20,45,0,4,0,1,0,0,0,0,0,0,0,0,0,23,49,9671,310,3436,0.08,0.09,0.37,33.0,52.3,7.0,0.8
Mark Flekken,GK,Brentford,91,37,4,2024-09-14T14:00:00Z,False,13,90,1,2,0,0,0,2,0,0,0,0,0,5,0,16,45,1123243,173333,165069,0.0,0.01,2.17,40.2,0.0,0.0,2.0
Lewis Cook,MID,Bournemouth,64,32,4,2024-09-14T19:00:00Z,True,6,90,1,1,0,0,0,1,0,0,0,1,0,0,0,6,50,12197,5165,1876,0.04,0.01,0.78,3.0,14.1,9.0,2.8
Alex Iwobi,MID,Fulham,247,35,4,2024-09-14T14:00:00Z,True,19,65,1,3,0,0,1,0,0,0,0,0,0,0,0,11,55,120152,20341,29619,0.04,0.39,0.42,13.8,27.6,5.0,4.3
Ethan Nwaneri,MID,Arsenal,12,39,4,2024-09-15T13:00:00Z,False,18,4,0,1,0,0,0,0,0,0,0,0,0,0,0,5,45,26639,7926,4892,0.0,0.0,0.09,8.2,0.4,0.0,1.2
Ross Stewart,FWD,Southampton,473,38,4,2024-09-14T11:30:00Z,True,14,28,0,1,0,0,0,1,0,0,0,0,0,0,0,1,45,79532,37132,17577,0.0,0.0,0.82,0.0,1.2,0.0,-0.2
Matt Doherty,DEF,Wolves,543,40,4,2024-09-15T15:30:00Z,True,15,13,0,1,0,0,0,1,0,0,0,0,0,0,0,0,45,20250,596,2138,0.0,0.01,0.46,2.4,1.5,0.0,0.0
Alejo Véliz,FWD,Spurs,507,39,4,2024-09-15T13:00:00Z,True,1,0,0,0,0,0,0,0,0,0,0,0,0,0,0,0,50,790,0,113,0.0,0.0,0.0,0.0,0.0,0.0,0.0
Ilkay Gündogan,MID,Man City,625,37,4,2024-09-14T14:00:00Z,True,4,90,1,2,0,0,0,1,0,0,0,0,0,0,0,13,65,31139,8231,9553,0.08,0.16,0.96,16.2,55.0,15.0,2.3
Isaac Hayden,MID,Newcastle,400,40,4,2024-09-15T15:30:00Z,False,20,0,0,0,0,0,0,0,0,0,0,0,0,0,0,0,45,8775,1898,1231,0.0,0.0,0.0,0.0,0.0,0.0,0.5
Wilson Odobert,MID,Spurs,612,39,4,2024-09-15T13:00:00Z,True,1,22,0,1,0,0,0,0,0,0,0,0,0,0,0,4,55,6366,2016,1543,0.02,0.02,0.0,2.4,11.5,6.0,0.5
Conor Bradley,DEF,Liverpool,313,36,4,2024-09-14T14:00:00Z,True,16,30,0,1,0,0,0,1,0,0,0,0,0,0,0,1,49,42910,1579,8849,0.0,0.01,0.3,4.2,1.6,6.0,1.5
Tom Cairney,MID,Fulham,243,35,4,2024-09-14T14:00:00Z,True,19,17,0,1,0,0,0,1,0,0,0,0,0,0,0,10,49,3995,552,683,0.0,0.13,0.33,5.2,15.3,0.0,0.7
Jarell Quansah,DEF,Liverpool,333,36,4,2024-09-14T14:00:00Z,True,16,0,0,0,0,0,0,0,0,0,0,0,0,0,0,0,42,216047,11541,107877,0.0,0.0,0.0,0.0,0.0,0.0,0.7
Jacob Ramsey,MID,Aston Villa,53,31,4,2024-09-14T16:30:00Z,True,8,68,1,2,0,0,0,2,0,0,0,0,0,0,0,7,55,39423,9394,6765,0.26,0.07,0.67,3.0,7.6,10.0,2.2
Emiliano Buendía Stati,MID,Aston Villa,31,31,4,2024-09-14T16:30:00Z,True,8,6,0,1,0,0,0,0,0,0,0,0,0,0,0,3,54,10277,754,2033,0.0,0.01,0.09,0.6,0.4,0.0,0.2
James McAtee,MID,Man City,357,37,4,2024-09-14T14:00:00Z,True,4,0,0,0,0,0,0,0,0,0,0,0,0,0,0,0,49,5288,289,1444,0.0,0.0,0.0,0.0,0.0,0.0,1.2
Andrew Robertson,DEF,Liverpool,335,36,4,2024-09-14T14:00:00Z,True,16,74,1,1,0,0,0,1,0,0,0,1,0,0,0,6,60,791285,338191,114519,0.0,0.09,0.25,3.0,20.9,0.0,5.3
Luke Harris,MID,Fulham,246,35,4,2024-09-14T14:00:00Z,True,19,0,0,0,0,0,0,0,0,0,0,0,0,0,0,0,45,732,0,126,0.0,0.0,0.0,0.0,0.0,0.0,0.0
Youri Tielemans,MID,Aston Villa,57,31,4,2024-09-14T16:30:00Z,True,8,90,1,2,0,0,0,2,0,0,0,0,0,0,0,20,55,128055,22653,22758,0.0,0.42,0.9,22.4,40.8,2.0,3.0
João Neves Virgínia,GK,Everton,227,31,4,2024-09-14T16:30:00Z,False,2,0,0,0,0,0,0,0,0,0,0,0,0,0,0,0,40,55019,1335,7587,0.0,0.0,0.0,0.0,0.0,0.0,0.0
Oleksandr Zinchenko,DEF,Arsenal,25,39,4,2024-09-15T13:00:00Z,False,18,0,0,0,0,0,0,0,0,0,0,0,0,0,0,0,49,227563,9852,55628,0.0,0.0,0.0,0.0,0.0,0.0,2.8
Francisco Jorge Tomás Oliveira,MID,Wolves,537,40,4,2024-09-15T15:30:00Z,True,15,0,0,0,0,0,0,0,0,0,0,0,0,0,0,0,45,19458,1343,8494,0.0,0.0,0.0,0.0,0.0,0.0,0.0
Ederson Santana de Moraes,GK,Man City,347,37,4,2024-09-14T14:00:00Z,True,4,90,1,7,0,1,0,1,0,0,0,0,0,5,1,26,55,826949,45244,74828,0.0,0.01,0.96,55.8,10.0,0.0,5.8
Andrew Omobamidele,DEF,Nott'm Forest,440,36,4,2024-09-14T14:00:00Z,False,12,0,0,0,0,0,0,0,0,0,0,0,0,0,0,0,44,6308,122,666,0.0,0.0,0.0,0.0,0.0,0.0,-0.5
Norberto Bercique Gomes Betuncal,FWD,Everton,218,31,4,2024-09-14T16:30:00Z,False,2,9,0,1,0,0,0,0,0,0,0,0,0,0,0,1,50,78459,31216,18033,0.0,0.0,0.31,0.0,0.0,0.0,1.0
Diogo Dalot Teixeira,DEF,Man Utd,369,38,4,2024-09-14T11:30:00Z,False,17,90,1,11,0,1,1,0,0,0,0,0,0,0,2,40,50,787714,63003,101057,0.0,0.48,1.12,24.2,24.8,8.0,4.8
Pape Matar Sarr,MID,Spurs,499,39,4,2024-09-15T13:00:00Z,True,1,22,0,1,0,0,0,0,0,0,0,0,0,0,0,7,49,22239,4244,4738,0.05,0.01,0.0,8.2,12.1,8.0,0.0
Danny Welbeck,FWD,Brighton,148,33,4,2024-09-14T14:00:00Z,True,10,84,1,2,0,0,1,0,0,0,0,0,0,0,0,5,57,1813240,740161,166596,0.18,0.13,0.35,2.4,5.5,49.0,6.7
Yankuba Minteh,MID,Brighton,135,33,4,2024-09-14T14:00:00Z,True,10,67,1,2,0,0,1,0,0,0,0,1,0,0,0,6,55,265071,180124,56673,0.0,0.2,0.21,5.6,34.1,12.0,3.5
Nathan Aké,DEF,Man City,341,37,4,2024-09-14T14:00:00Z,True,4,0,0,0,0,0,0,0,0,0,0,0,0,0,0,0,54,158393,4220,44110,0.0,0.0,0.0,0.0,0.0,0.0,0.0
Bernd Leno,GK,Fulham,248,35,4,2024-09-14T14:00:00Z,True,19,90,1,2,0,0,0,1,0,0,0,0,0,2,0,12,50,291193,15099,41228,0.0,0.0,0.76,19.0,0.0,0.0,2.7
Jamaal Lascelles,DEF,Newcastle,407,40,4,2024-09-15T15:30:00Z,False,20,0,0,0,0,0,0,0,0,0,0,0,0,0,0,0,45,388,77,84,0.0,0.0,0.0,0.0,0.0,0.0,0.0
Axel Disasi,DEF,Chelsea,167,32,4,2024-09-14T19:00:00Z,False,3,61,1,6,0,0,1,0,0,0,0,0,0,0,0,23,44,32983,2836,6013,0.0,0.0,1.55,6.6,1.3,0.0,1.5
Ismeal Kabia,MID,Arsenal,659,39,4,2024-09-15T13:00:00Z,False,18,0,0,0,0,0,0,0,0,0,0,0,0,0,0,0,45,0,0,0,0.0,0.0,0.0,0.0,0.0,0.0,2.1
Kevin Schade,MID,Brentford,106,37,4,2024-09-14T14:00:00Z,False,13,45,0,1,0,0,0,0,0,0,0,0,0,0,0,8,55,7320,795,1159,0.0,0.02,1.49,8.4,12.0,2.0,1.5
Victor Kristiansen,DEF,Leicester,296,34,4,2024-09-14T14:00:00Z,False,7,90,1,1,0,0,0,2,0,0,0,0,0,0,0,4,45,12760,939,1219,0.0,0.05,2.55,18.8,28.7,0.0,0.5
Kyle Walker-Peters,DEF,Southampton,476,38,4,2024-09-14T11:30:00Z,True,14,90,1,1,0,0,0,3,0,0,0,0,0,0,0,1,45,46240,2817,6163,0.0,0.03,2.67,15.6,1.6,4.0,1.0
Daniel Bentley,GK,Wolves,536,40,4,2024-09-15T15:30:00Z,True,15,0,0,0,0,0,0,0,0,0,0,0,0,0,0,0,40,207669,8566,18180,0.0,0.0,0.0,0.0,0.0,0.0,-0.5
Ivan Toney,FWD,Brentford,108,37,4,2024-09-14T14:00:00Z,False,13,0,0,0,0,0,0,0,0,0,0,0,0,0,0,0,73,202713,0,190136,0.0,0.0,0.0,0.0,0.0,0.0,0.0
Carlos Soler,MID,West Ham,654,35,4,2024-09-14T14:00:00Z,False,9,20,0,0,0,0,0,0,0,0,0,1,0,0,0,-1,50,875,741,203,0.0,0.0,0.68,7.2,0.3,0.0,1.6
Antonee Robinson,DEF,Fulham,255,35,4,2024-09-14T14:00:00Z,True,19,90,1,2,0,0,0,1,0,0,0,0,0,0,0,10,46,1794588,455049,137634,0.0,0.18,0.76,35.6,23.2,2.0,4.3
Romain Faivre,MID,Bournemouth,66,32,4,2024-09-14T19:00:00Z,True,6,0,0,0,0,0,0,0,0,0,0,0,0,0,0,0,50,850,0,182,0.0,0.0,0.0,0.0,0.0,0.0,0.0
James Ward-Prowse,MID,Nott'm Forest,531,36,4,2024-09-14T14:00:00Z,False,12,90,1,3,0,0,1,0,0,0,0,0,0,0,0,13,63,99348,3373,24330,0.0,0.01,0.94,10.2,1.4,0.0,0.5
Patson Daka,FWD,Leicester,289,34,4,2024-09-14T14:00:00Z,False,7,0,0,0,0,0,0,0,0,0,0,0,0,0,0,0,49,16140,3005,4815,0.0,0.0,0.0,0.0,0.0,0.0,0.0
Illia Zabarnyi,DEF,Bournemouth,85,32,4,2024-09-14T19:00:00Z,True,6,90,1,2,0,0,0,1,0,0,0,0,0,0,0,8,45,38452,1724,7882,0.0,0.01,0.78,8.8,10.5,0.0,1.8
Gavin Bazunu,GK,Southampton,454,38,4,2024-09-14T11:30:00Z,True,14,0,0,0,0,0,0,0,0,0,0,0,0,0,0,0,44,17576,191,3743,0.0,0.0,0.0,0.0,0.0,0.0,0.0
Sven Botman,DEF,Newcastle,393,40,4,2024-09-15T15:30:00Z,False,20,0,0,0,0,0,0,0,0,0,0,0,0,0,0,0,45,1488,154,274,0.0,0.0,0.0,0.0,0.0,0.0,0.0
Hugo Bueno López,DEF,Wolves,549,40,4,2024-09-15T15:30:00Z,True,15,0,0,0,0,0,0,0,0,0,0,0,0,0,0,0,45,1096,0,189,0.0,0.0,0.0,0.0,0.0,0.0,0.0
Danny Ward,GK,Leicester,308,34,4,2024-09-14T14:00:00Z,False,7,0,0,0,0,0,0,0,0,0,0,0,0,0,0,0,40,254032,10815,21094,0.0,0.0,0.0,0.0,0.0,0.0,-0.5
Samuel Amo-Ameyaw,MID,Southampton,451,38,4,2024-09-14T11:30:00Z,True,14,0,0,0,0,0,0,0,0,0,0,0,0,0,0,0,45,14189,2864,2295,0.0,0.0,0.0,0.0,0.0,0.0,-0.3
Joe Gauci,GK,Aston Villa,39,31,4,2024-09-14T16:30:00Z,True,8,0,0,0,0,0,0,0,0,0,0,0,0,0,0,0,40,88084,8280,6622,0.0,0.0,0.0,0.0,0.0,0.0,0.0
João Pedro Junqueira de Jesus,FWD,Brighton,129,33,4,2024-09-14T14:00:00Z,True,10,0,0,0,0,0,0,0,0,0,0,0,0,0,0,0,57,3431592,1305135,113769,0.0,0.0,0.0,0.0,0.0,0.0,5.0
Justin Kluivert,MID,Bournemouth,71,32,4,2024-09-14T19:00:00Z,True,6,74,1,2,0,0,1,0,0,0,0,1,0,0,0,7,54,33155,5126,5365,0.29,0.02,0.47,9.8,11.3,42.0,2.5
Martin Dúbravka,GK,Newcastle,396,40,4,2024-09-15T15:30:00Z,False,20,0,0,0,0,0,0,0,0,0,0,0,0,0,0,0,43,79378,1522,12983,0.0,0.0,0.0,0.0,0.0,0.0,0.5
Flynn Downes,MID,Southampton,518,38,4,2024-09-14T11:30:00Z,True,14,90,1,2,0,0,0,3,0,0,0,0,0,0,0,8,49,5719,469,881,0.0,0.02,2.67,8.8,8.5,6.0,1.3
Alejandro Garnacho,MID,Man Utd,372,38,4,2024-09-14T11:30:00Z,False,17,17,0,6,1,0,0,0,0,0,0,0,0,0,0,22,64,1093417,58722,255256,0.31,0.04,0.0,34.0,11.1,24.0,3.5
Ronnie Edwards,DEF,Southampton,460,38,4,2024-09-14T11:30:00Z,True,14,0,0,0,0,0,0,0,0,0,0,0,0,0,0,0,40,18039,1008,1720,0.0,0.0,0.0,0.0,0.0,0.0,-0.5
Edson Álvarez Velázquez,MID,West Ham,511,35,4,2024-09-14T14:00:00Z,False,9,81,1,1,0,0,0,1,0,0,0,1,0,0,0,9,50,12384,2453,1195,0.0,0.01,1.38,13.8,12.8,0.0,1.0
Jack Grealish,MID,Man City,349,37,4,2024-09-14T14:00:00Z,True,4,83,1,2,0,0,0,1,0,0,0,0,0,0,0,14,64,22113,5746,2799,0.15,0.15,0.92,9.8,18.4,34.0,2.0
Marcus Myers-Harness,MID,Ipswich,271,33,4,2024-09-14T14:00:00Z,False,5,0,0,0,0,0,0,0,0,0,0,0,0,0,0,0,49,1591,0,769,0.0,0.0,0.0,0.0,0.0,0.0,0.0
Jack Taylor,MID,Ipswich,281,33,4,2024-09-14T14:00:00Z,False,5,0,0,0,0,0,0,0,0,0,0,0,0,0,0,0,49,3218,399,521,0.0,0.0,0.0,0.0,0.0,0.0,0.0
Simon Adingra,MID,Brighton,113,33,4,2024-09-14T14:00:00Z,True,10,22,0,1,0,0,0,0,0,0,0,0,0,0,0,2,55,104017,27664,22895,0.03,0.01,0.14,2.2,1.6,4.0,3.5
Ben Mee,DEF,Brentford,100,37,4,2024-09-14T14:00:00Z,False,13,0,0,0,0,0,0,0,0,0,0,0,0,0,0,0,44,64623,2535,12994,0.0,0.0,0.0,0.0,0.0,0.0,-0.8
Leon Chiwome,FWD,Wolves,539,40,4,2024-09-15T15:30:00Z,True,15,0,0,0,0,0,0,0,0,0,0,0,0,0,0,0,45,89974,88363,16851,0.0,0.0,0.0,0.0,0.0,0.0,-0.5
Eric da Silva Moreira,MID,Nott'm Forest,428,36,4,2024-09-14T14:00:00Z,False,12,0,0,0,0,0,0,0,0,0,0,0,0,0,0,0,45,7174,1308,1143,0.0,0.0,0.0,0.0,0.0,0.0,-0.5
Luis Guilherme Lira dos Santos,MID,West Ham,526,35,4,2024-09-14T14:00:00Z,False,9,0,0,0,0,0,0,0,0,0,0,0,0,0,0,0,49,2891,194,517,0.0,0.0,0.0,0.0,0.0,0.0,0.0
Joe Hodge,MID,Wolves,551,40,4,2024-09-15T15:30:00Z,True,15,0,0,0,0,0,0,0,0,0,0,0,0,0,0,0,45,40429,0,11393,0.0,0.0,0.0,0.0,0.0,0.0,0.0
Chiedozie Ogbene,MID,Ipswich,632,33,4,2024-09-14T14:00:00Z,False,5,31,0,1,0,0,0,0,0,0,0,0,0,0,0,5,50,1238,864,317,0.0,0.01,0.44,3.0,0.8,4.0,1.0
Harrison Armstrong,MID,Everton,603,31,4,2024-09-14T16:30:00Z,False,2,0,0,0,0,0,0,0,0,0,0,0,0,0,0,0,45,24278,7440,3884,0.0,0.0,0.0,0.0,0.0,0.0,0.2
Carney Chukwuemeka,MID,Chelsea,161,32,4,2024-09-14T19:00:00Z,False,3,0,0,0,0,0,0,0,0,0,0,0,0,0,0,0,49,6339,1261,1074,0.0,0.0,0.0,0.0,0.0,0.0,0.0
Tom King,GK,Wolves,556,40,4,2024-09-15T15:30:00Z,True,15,0,0,0,0,0,0,0,0,0,0,0,0,0,0,0,40,155082,13434,8245,0.0,0.0,0.0,0.0,0.0,0.0,-0.5
Wout Faes,DEF,Leicester,291,34,4,2024-09-14T14:00:00Z,False,7,90,1,1,0,0,0,2,0,0,0,0,0,0,0,1,41,1296219,280874,110111,0.0,0.0,2.55,38.2,0.2,0.0,2.0
Leny Yoro,DEF,Man Utd,572,38,4,2024-09-14T11:30:00Z,False,17,0,0,0,0,0,0,0,0,0,0,0,0,0,0,0,44,10615,408,1722,0.0,0.0,0.0,0.0,0.0,0.0,0.0
Pedro Lomba Neto,MID,Chelsea,560,32,4,2024-09-14T19:00:00Z,False,3,45,1,1,0,0,0,0,0,0,0,0,0,0,0,5,64,93108,10810,28192,0.0,0.03,1.29,4.4,16.3,0.0,1.5
Ian Maatsen,DEF,Aston Villa,45,31,4,2024-09-14T16:30:00Z,True,8,21,0,1,0,0,0,0,0,0,0,0,0,0,0,9,49,258765,10650,52576,0.0,0.4,0.23,3.4,36.0,4.0,1.0
Harry Winks,MID,Leicester,309,34,4,2024-09-14T14:00:00Z,False,7,90,1,2,0,0,0,2,0,0,0,0,0,0,0,13,45,1522787,298746,206887,0.0,0.0,2.55,9.6,3.0,0.0,1.3
Mads Roerslev Rasmussen,DEF,Brentford,105,37,4,2024-09-14T14:00:00Z,False,13,18,0,1,0,0,0,0,0,0,0,0,0,0,0,3,45,10204,259,3016,0.0,0.0,1.09,2.6,0.6,2.0,0.2
Jurriën Timber,DEF,Arsenal,6,39,4,2024-09-15T13:00:00Z,False,18,90,1,5,0,0,1,0,0,0,0,1,0,0,0,20,55,106693,18538,18614,0.05,0.01,0.74,13.4,1.1,7.0,4.2
Saša Kalajdžić,FWD,Wolves,555,40,4,2024-09-15T15:30:00Z,True,15,0,0,0,0,0,0,0,0,0,0,0,0,0,0,0,49,5680,669,1440,0.0,0.0,0.0,0.0,0.0,0.0,0.0
Anthony Elanga,MID,Nott'm Forest,432,36,4,2024-09-14T14:00:00Z,False,12,29,0,3,0,1,0,0,0,0,0,1,0,0,0,8,54,121525,5986,35874,0.23,0.0,0.2,18.2,10.6,21.0,1.7
Julio Enciso,MID,Brighton,121,33,4,2024-09-14T14:00:00Z,True,10,23,0,1,0,0,0,0,0,0,0,0,0,0,0,6,54,8797,2492,1426,0.05,0.01,0.14,7.2,13.0,7.0,1.3
Naouirou Ahamada,MID,Crystal Palace,190,34,4,2024-09-14T14:00:00Z,True,11,0,0,0,0,0,0,0,0,0,0,0,0,0,0,0,45,23881,0,9569,0.0,0.0,0.0,0.0,0.0,0.0,0.0
Jeremy Sarmiento Morante,MID,Brighton,141,33,4,2024-09-14T14:00:00Z,True,10,0,0,0,0,0,0,0,0,0,0,0,0,0,0,0,49,1864,0,985,0.0,0.0,0.0,0.0,0.0,0.0,0.0
Ayden Heaven,DEF,Arsenal,658,39,4,2024-09-15T13:00:00Z,False,18,0,0,0,0,0,0,0,0,0,0,0,0,0,0,0,40,0,0,0,0.0,0.0,0.0,0.0,0.0,0.0,2.0
Vladimír Coufal,DEF,West Ham,516,35,4,2024-09-14T14:00:00Z,False,9,33,0,1,0,0,0,0,0,0,0,0,0,0,0,4,45,83412,5107,8009,0.0,0.0,0.68,1.2,0.8,0.0,2.2
Marc Cucurella Saseta,DEF,Chelsea,163,32,4,2024-09-14T19:00:00Z,False,3,90,1,5,0,0,1,0,0,0,0,1,0,0,0,21,50,609782,52166,78146,0.0,0.03,1.78,2.2,3.7,6.0,2.2
Toti António Gomes,DEF,Wolves,567,40,4,2024-09-15T15:30:00Z,True,15,0,0,0,0,0,0,0,0,0,0,0,0,0,0,0,45,20832,754,2093,0.0,0.0,0.0,0.0,0.0,0.0,0.3
Cristian Romero,DEF,Spurs,498,39,4,2024-09-15T13:00:00Z,True,1,90,1,2,0,0,0,1,0,0,0,0,0,0,0,19,51,1016643,193167,121185,0.04,0.03,0.73,25.2,13.3,19.0,3.8
Dan Burn,DEF,Newcastle,395,40,4,2024-09-15T15:30:00Z,False,20,90,1,1,0,0,0,1,0,0,0,1,0,0,0,11,45,1417167,60618,205284,0.05,0.02,0.99,14.6,0.7,8.0,2.3
Destiny Udogie,DEF,Spurs,505,39,4,2024-09-15T13:00:00Z,True,1,90,1,1,0,0,0,1,0,0,0,1,0,0,0,10,50,341748,23425,55420,0.0,0.03,0.73,13.2,5.9,4.0,1.5
Jordan Pickford,GK,Everton,235,31,4,2024-09-14T16:30:00Z,False,2,90,1,2,0,0,0,3,0,0,0,0,0,4,0,7,49,1005768,13052,207911,0.0,0.01,2.12,32.4,0.0,0.0,1.5
Boubacar Traoré,MID,Wolves,534,40,4,2024-09-15T15:30:00Z,True,15,0,0,0,0,0,0,0,0,0,0,0,0,0,0,0,49,3968,51,1708,0.0,0.0,0.0,0.0,0.0,0.0,0.0
Stefan Bajčetić Maquieira,MID,Liverpool,312,36,4,2024-09-14T14:00:00Z,True,16,0,0,0,0,0,0,0,0,0,0,0,0,0,0,0,45,9594,0,5342,0.0,0.0,0.0,0.0,0.0,0.0,0.0
Mikkel Damsgaard,MID,Brentford,89,37,4,2024-09-14T14:00:00Z,False,13,83,1,2,0,0,0,2,0,0,0,0,0,0,0,9,50,6863,801,993,0.0,0.24,2.17,15.0,20.1,4.0,0.8
Luis Díaz,MID,Liverpool,327,36,4,2024-09-14T14:00:00Z,True,16,60,1,3,0,0,1,0,0,0,0,0,0,0,0,6,77,2134735,1207712,137290,0.11,0.03,0.14,3.4,3.8,8.0,9.3
Enzo Barrenechea,MID,Aston Villa,30,31,4,2024-09-14T16:30:00Z,True,8,0,0,0,0,0,0,0,0,0,0,0,0,0,0,0,49,3303,0,1714,0.0,0.0,0.0,0.0,0.0,0.0,0.0
Carlos Vinícius Alves Morais,FWD,Fulham,258,35,4,2024-09-14T14:00:00Z,True,19,0,0,0,0,0,0,0,0,0,0,0,0,0,0,0,50,57941,11250,15207,0.0,0.0,0.0,0.0,0.0,0.0,0.0
Pervis Estupiñán,DEF,Brighton,122,33,4,2024-09-14T14:00:00Z,True,10,0,0,0,0,0,0,0,0,0,0,0,0,0,0,0,50,53033,39256,9295,0.0,0.0,0.0,0.0,0.0,0.0,0.7
James Milner,MID,Brighton,134,33,4,2024-09-14T14:00:00Z,True,10,0,0,0,0,0,0,0,0,0,0,0,0,0,0,0,50,8416,540,3250,0.0,0.0,0.0,0.0,0.0,0.0,0.0
Ryan Trevitt,MID,Brentford,602,37,4,2024-09-14T14:00:00Z,False,13,0,0,0,0,0,0,0,0,0,0,0,0,0,0,0,45,5770,1427,1017,0.0,0.0,0.0,0.0,0.0,0.0,-1.0
Enzo Fernández,MID,Chelsea,168,32,4,2024-09-14T19:00:00Z,False,3,0,0,0,0,0,0,0,0,0,0,0,0,0,0,0,50,168846,23188,31924,0.0,0.0,0.0,0.0,0.0,0.0,1.5
Luke Shaw,DEF,Man Utd,387,38,4,2024-09-14T11:30:00Z,False,17,0,0,0,0,0,0,0,0,0,0,0,0,0,0,0,49,29321,261,6521,0.0,0.0,0.0,0.0,0.0,0.0,0.0
Fábio Freitas Gouveia Carvalho,MID,Brentford,314,37,4,2024-09-14T14:00:00Z,False,13,18,0,1,0,0,0,0,0,0,0,0,0,0,0,5,49,89847,7469,28664,0.0,0.0,1.09,2.0,0.1,0.0,0.0
Jérémy Doku,MID,Man City,346,37,4,2024-09-14T14:00:00Z,True,4,0,0,0,0,0,0,0,0,0,0,0,0,0,0,0,65,366083,33235,105480,0.0,0.0,0.0,0.0,0.0,0.0,2.8
Marcus Bettinelli,GK,Chelsea,155,32,4,2024-09-14T19:00:00Z,False,3,0,0,0,0,0,0,0,0,0,0,0,0,0,0,0,40,39038,1370,2000,0.0,0.0,0.0,0.0,0.0,0.0,0.0
Alisson Ramses Becker,GK,Liverpool,310,36,4,2024-09-14T14:00:00Z,True,16,90,1,2,0,0,0,1,0,0,0,0,0,2,0,7,55,1403696,319419,94887,0.0,0.0,0.44,18.8,0.0,0.0,6.3
Aaron Hickey,DEF,Brentford,93,37,4,2024-09-14T14:00:00Z,False,13,0,0,0,0,0,0,0,0,0,0,0,0,0,0,0,44,1924,35,387,0.0,0.0,0.0,0.0,0.0,0.0,0.0
Alex McCarthy,GK,Southampton,469,38,4,2024-09-14T11:30:00Z,True,14,0,0,0,0,0,0,0,0,0,0,0,0,0,0,0,45,22549,1528,4559,0.0,0.0,0.0,0.0,0.0,0.0,1.0
Neal Maupay,FWD,Everton,229,31,4,2024-09-14T16:30:00Z,False,2,0,0,0,0,0,0,0,0,0,0,0,0,0,0,0,49,77490,0,51533,0.0,0.0,0.0,0.0,0.0,0.0,0.0
Steven Benda,GK,Fulham,242,35,4,2024-09-14T14:00:00Z,True,19,0,0,0,0,0,0,0,0,0,0,0,0,0,0,0,40,49379,2876,3709,0.0,0.0,0.0,0.0,0.0,0.0,0.0
Dean Henderson,GK,Crystal Palace,201,34,4,2024-09-14T14:00:00Z,True,11,90,1,1,0,0,0,2,0,0,0,0,0,2,0,5,45,1479751,152595,174759,0.0,0.0,1.23,21.6,0.0,0.0,2.5
Ki-Jana Hoever,DEF,Wolves,552,40,4,2024-09-15T15:30:00Z,True,15,0,0,0,0,0,0,0,0,0,0,0,0,0,0,0,40,23949,0,4761,0.0,0.0,0.0,0.0,0.0,0.0,0.0
Cheick Doucouré,MID,Crystal Palace,193,34,4,2024-09-14T14:00:00Z,True,11,45,1,1,0,0,0,1,0,0,0,0,0,0,0,2,49,16124,8727,2509,0.02,0.01,0.9,7.6,2.8,1.0,2.0
Scott McTominay,MID,Man Utd,381,38,4,2024-09-14T11:30:00Z,False,17,0,0,0,0,0,0,0,0,0,0,0,0,0,0,0,49,32686,0,31618,0.0,0.0,0.0,0.0,0.0,0.0,0.0
Wilfred Ndidi,MID,Leicester,300,34,4,2024-09-14T14:00:00Z,False,7,75,1,8,0,2,0,1,0,0,0,1,0,0,1,32,50,18319,3449,2169,0.0,0.79,1.52,42.0,45.6,4.0,3.7
Maxence Lacroix,DEF,Crystal Palace,650,34,4,2024-09-14T14:00:00Z,True,11,90,1,1,0,0,0,2,0,0,0,0,0,0,0,5,45,2507,1865,384,0.0,0.04,1.23,16.0,11.8,2.0,2.5
John Ruddy,GK,Newcastle,414,40,4,2024-09-15T15:30:00Z,False,20,0,0,0,0,0,0,0,0,0,0,0,0,0,0,0,40,32854,2248,1862,0.0,0.0,0.0,0.0,0.0,0.0,0.5
Caleb Okoli,DEF,Leicester,301,34,4,2024-09-14T14:00:00Z,False,7,90,1,1,0,0,0,2,0,0,0,0,0,0,0,8,40,21516,3918,2525,0.02,0.0,2.55,29.4,0.0,17.0,-0.3
Odysseas Vlachodimos,GK,Newcastle,412,40,4,2024-09-15T15:30:00Z,False,20,0,0,0,0,0,0,0,0,0,0,0,0,0,0,0,44,12421,205,1061,0.0,0.0,0.0,0.0,0.0,0.0,0.5
George Earthy,MID,West Ham,519,35,4,2024-09-14T14:00:00Z,False,9,0,0,0,0,0,0,0,0,0,0,0,0,0,0,0,45,5248,0,929,0.0,0.0,0.0,0.0,0.0,0.0,0.0
Daichi Kamada,MID,Crystal Palace,205,34,4,2024-09-14T14:00:00Z,True,11,26,0,1,0,0,0,0,0,0,0,0,0,0,0,2,54,29363,3535,8567,0.09,0.01,0.01,4.8,4.3,7.0,1.7
Reece James,DEF,Chelsea,172,32,4,2024-09-14T19:00:00Z,False,3,0,0,0,0,0,0,0,0,0,0,0,0,0,0,0,50,8172,1336,1793,0.0,0.0,0.0,0.0,0.0,0.0,0.0
Georginio Rutter,MID,Brighton,618,33,4,2024-09-14T14:00:00Z,True,10,66,1,3,0,0,1,0,0,0,0,0,0,0,0,1,55,4807,1289,958,0.4,0.1,0.21,5.4,26.9,27.0,2.2
Conor Chaplin,MID,Ipswich,265,33,4,2024-09-14T14:00:00Z,False,5,5,0,1,0,0,0,0,0,0,0,0,0,0,0,6,54,16857,398,3850,0.0,0.0,0.25,2.0,0.0,0.0,0.7
Santiago Bueno,DEF,Wolves,564,40,4,2024-09-15T15:30:00Z,True,15,0,0,0,0,0,0,0,0,0,0,0,0,0,0,0,44,8101,311,842,0.0,0.0,0.0,0.0,0.0,0.0,-0.5
Corrie Ndaba,DEF,Ipswich,279,33,4,2024-09-14T14:00:00Z,False,5,0,0,0,0,0,0,0,0,0,0,0,0,0,0,0,40,635,0,88,0.0,0.0,0.0,0.0,0.0,0.0,0.0
Kenny Tete,DEF,Fulham,257,35,4,2024-09-14T14:00:00Z,True,19,90,1,2,0,0,0,1,0,0,0,0,0,0,0,7,45,42014,3736,6816,0.09,0.02,0.76,15.2,15.8,9.0,2.0
Pablo Sarabia,MID,Wolves,565,40,4,2024-09-15T15:30:00Z,True,15,0,0,0,0,0,0,0,0,0,0,0,0,0,0,0,53,14103,558,3694,0.0,0.0,0.0,0.0,0.0,0.0,0.0
Diogo Teixeira da Silva,MID,Liverpool,317,36,4,2024-09-14T14:00:00Z,True,16,59,1,1,0,0,0,0,0,0,0,0,0,0,0,0,76,1776181,196708,422622,0.3,0.0,0.14,0.8,0.9,43.0,5.0
Kortney Hause,DEF,Aston Villa,40,31,4,2024-09-14T16:30:00Z,True,8,0,0,0,0,0,0,0,0,0,0,0,0,0,0,0,40,68922,9340,7634,0.0,0.0,0.0,0.0,0.0,0.0,0.0
Liam Delap,FWD,Ipswich,268,33,4,2024-09-14T14:00:00Z,False,5,58,1,1,0,0,0,0,0,0,0,0,0,0,0,-4,55,103161,74495,26633,0.21,0.0,1.22,0.0,3.0,7.0,2.5
Bastien Meupiyou,DEF,Wolves,637,40,4,2024-09-15T15:30:00Z,True,15,0,0,0,0,0,0,0,0,0,0,0,0,0,0,0,40,21924,15104,3234,0.0,0.0,0.0,0.0,0.0,0.0,-0.5
Tino Livramento,DEF,Newcastle,409,40,4,2024-09-15T15:30:00Z,False,20,63,1,2,0,0,0,1,0,0,0,0,0,0,0,1,45,303299,62354,33899,0.0,0.0,0.84,9.8,1.7,0.0,3.5
Tyler Adams,MID,Bournemouth,60,32,4,2024-09-14T19:00:00Z,True,6,0,0,0,0,0,0,0,0,0,0,0,0,0,0,0,50,637,74,125,0.0,0.0,0.0,0.0,0.0,0.0,0.0
Danilo dos Santos de Oliveira,MID,Nott'm Forest,429,36,4,2024-09-14T14:00:00Z,False,12,0,0,0,0,0,0,0,0,0,0,0,0,0,0,0,48,2261,120,601,0.0,0.0,0.0,0.0,0.0,0.0,0.0
Jenson Metcalfe,MID,Everton,614,31,4,2024-09-14T16:30:00Z,False,2,0,0,0,0,0,0,0,0,0,0,0,0,0,0,0,45,811,85,400,0.0,0.0,0.0,0.0,0.0,0.0,0.0
Marcus Rashford,MID,Man Utd,385,38,4,2024-09-14T11:30:00Z,False,17,72,1,8,1,0,1,0,0,0,0,0,0,0,0,28,69,289386,23824,60003,0.4,0.01,1.12,42.8,14.1,38.0,4.5
James Maddison,MID,Spurs,494,39,4,2024-09-15T13:00:00Z,True,1,79,1,2,0,0,0,1,0,0,0,0,0,0,0,20,75,431089,23683,113581,0.0,0.35,0.73,19.0,46.6,6.0,2.5
Daniel Muñoz,DEF,Crystal Palace,211,34,4,2024-09-14T14:00:00Z,True,11,80,1,1,0,0,0,2,0,0,0,0,0,0,0,4,50,351199,31164,62334,0.15,0.02,1.22,19.6,25.2,14.0,2.3
Bruno Guimarães Rodriguez Moura,MID,Newcastle,394,40,4,2024-09-15T15:30:00Z,False,20,86,1,7,0,1,0,1,0,0,0,0,0,0,2,25,64,240268,9629,44750,0.03,0.04,0.87,30.0,12.8,7.0,3.7
Fraser Forster,GK,Spurs,488,39,4,2024-09-15T13:00:00Z,True,1,0,0,0,0,0,0,0,0,0,0,0,0,0,0,0,45,23349,815,2204,0.0,0.0,0.0,0.0,0.0,0.0,-1.0
Elliot Anderson,MID,Nott'm Forest,423,36,4,2024-09-14T14:00:00Z,False,12,60,1,3,0,0,1,0,0,0,0,0,0,0,0,11,50,17928,4938,2873,0.0,0.01,0.74,11.8,1.6,0.0,2.7
Charlie Taylor,DEF,Southampton,475,38,4,2024-09-14T11:30:00Z,True,14,0,0,0,0,0,0,0,0,0,0,0,0,0,0,0,40,462007,17583,52333,0.0,0.0,0.0,0.0,0.0,0.0,-0.3
Bryan Mbeumo,MID,Brentford,99,37,4,2024-09-14T14:00:00Z,False,13,90,1,2,0,0,0,2,0,0,0,0,0,0,0,12,71,817384,374751,190737,0.19,0.35,2.17,9.4,49.1,11.0,5.5
Matty Cash,DEF,Aston Villa,32,31,4,2024-09-14T16:30:00Z,True,8,0,0,0,0,0,0,0,0,0,0,0,0,0,0,0,44,163873,769,71104,0.0,0.0,0.0,0.0,0.0,0.0,0.0
Adam Lallana,MID,Southampton,463,38,4,2024-09-14T11:30:00Z,True,14,27,0,1,0,0,0,1,0,0,0,0,0,0,0,5,50,2883,603,326,0.0,0.0,0.82,5.8,0.3,0.0,0.7
Sandro Tonali,MID,Newcastle,417,40,4,2024-09-15T15:30:00Z,False,20,45,0,1,0,0,0,0,0,0,0,0,0,0,0,11,55,28721,14802,3956,0.44,0.03,0.37,12.6,2.8,34.0,1.0
Issa Diop,DEF,Fulham,245,35,4,2024-09-14T14:00:00Z,True,19,0,0,0,0,0,0,0,0,0,0,0,0,0,0,0,45,30746,1985,4116,0.0,0.0,0.0,0.0,0.0,0.0,1.3
Igor Julio dos Santos de Paulo,DEF,Brighton,128,33,4,2024-09-14T14:00:00Z,True,10,0,0,0,0,0,0,0,0,0,0,0,0,0,0,0,44,10550,1081,1251,0.0,0.0,0.0,0.0,0.0,0.0,0.5
Joelinton Cássio Apolinário de Lira,MID,Newcastle,403,40,4,2024-09-15T15:30:00Z,False,20,45,1,0,0,0,0,1,0,0,0,1,0,0,0,1,60,250405,31552,56389,0.0,0.01,0.63,4.4,4.6,0.0,3.7
John McGinn,MID,Aston Villa,48,31,4,2024-09-14T16:30:00Z,True,8,89,1,2,0,0,0,2,0,0,0,0,0,0,0,18,54,179977,12967,30999,0.09,0.32,0.81,8.4,24.9,9.0,2.0
Oscar Bobb,MID,Man City,343,37,4,2024-09-14T14:00:00Z,True,4,0,0,0,0,0,0,0,0,0,0,0,0,0,0,0,48,10859,484,3401,0.0,0.0,0.0,0.0,0.0,0.0,0.0
Pedro Cardoso de Lima,DEF,Wolves,561,40,4,2024-09-15T15:30:00Z,True,15,0,0,0,0,0,0,0,0,0,0,0,0,0,0,0,40,163450,15282,15041,0.0,0.0,0.0,0.0,0.0,0.0,-0.5
Pierre-Emile Højbjerg,MID,Spurs,490,39,4,2024-09-15T13:00:00Z,True,1,0,0,0,0,0,0,0,0,0,0,0,0,0,0,0,50,395,0,64,0.0,0.0,0.0,0.0,0.0,0.0,0.0
Nathan Collins,DEF,Brentford,88,37,4,2024-09-14T14:00:00Z,False,13,90,1,0,0,0,0,2,0,0,0,1,0,0,0,3,45,117158,45398,28769,0.14,0.01,2.17,23.0,0.7,19.0,2.0
Jesper Lindstrøm,MID,Everton,577,31,4,2024-09-14T16:30:00Z,False,2,9,0,1,0,0,0,0,0,0,0,0,0,0,0,1,53,8828,255,2224,0.0,0.0,0.31,0.6,0.9,0.0,0.5
Marc Guéhi,DEF,Crystal Palace,200,34,4,2024-09-14T14:00:00Z,True,11,90,1,1,0,0,0,2,0,0,0,0,0,0,0,6,45,599528,33611,55296,0.0,0.04,1.23,16.2,11.3,2.0,1.5
Mathias Jorgensen,DEF,Brentford,112,37,4,2024-09-14T14:00:00Z,False,13,0,0,0,0,0,0,0,0,0,0,0,0,0,0,0,45,2075,0,417,0.0,0.0,0.0,0.0,0.0,0.0,0.0
William Osula,FWD,Newcastle,590,40,4,2024-09-15T15:30:00Z,False,20,0,0,0,0,0,0,0,0,0,0,0,0,0,0,0,50,13883,2959,2605,0.0,0.0,0.0,0.0,0.0,0.0,0.5
Harry Souttar,DEF,Leicester,303,34,4,2024-09-14T14:00:00Z,False,7,0,0,0,0,0,0,0,0,0,0,0,0,0,0,0,40,1390,0,191,0.0,0.0,0.0,0.0,0.0,0.0,0.0
Jean-Philippe Mateta,FWD,Crystal Palace,207,34,4,2024-09-14T14:00:00Z,True,11,90,1,13,2,0,0,2,0,0,0,0,0,0,3,52,74,409392,44996,120515,1.36,0.01,1.23,62.4,4.5,59.0,5.0
Ben Nelson,DEF,Leicester,616,34,4,2024-09-14T14:00:00Z,False,7,0,0,0,0,0,0,0,0,0,0,0,0,0,0,0,40,3288,0,1504,0.0,0.0,0.0,0.0,0.0,0.0,0.0
Bernardo Veiga de Carvalho e Silva,MID,Man City,342,37,4,2024-09-14T14:00:00Z,True,4,6,0,1,0,0,0,0,0,0,0,0,0,0,0,3,66,676001,131224,90767,0.0,0.0,0.04,0.0,0.2,0.0,5.0
Filip Jørgensen,GK,Chelsea,581,32,4,2024-09-14T19:00:00Z,False,3,0,0,0,0,0,0,0,0,0,0,0,0,0,0,0,44,26993,981,4160,0.0,0.0,0.0,0.0,0.0,0.0,0.0
David Brooks,MID,Bournemouth,62,32,4,2024-09-14T19:00:00Z,True,6,0,0,0,0,0,0,0,0,0,0,0,0,0,0,0,49,720,91,107,0.0,0.0,0.0,0.0,0.0,0.0,0.0
Son Heung-min,MID,Spurs,503,39,4,2024-09-15T13:00:00Z,True,1,90,1,2,0,0,0,1,0,0,0,0,0,0,0,13,100,885174,72874,223795,0.04,0.13,0.73,8.8,19.9,8.0,4.8
Solly March,MID,Brighton,132,33,4,2024-09-14T14:00:00Z,True,10,0,0,0,0,0,0,0,0,0,0,0,0,0,0,0,65,588,114,158,0.0,0.0,0.0,0.0,0.0,0.0,0.0
Manor Solomon,MID,Spurs,502,39,4,2024-09-15T13:00:00Z,True,1,0,0,0,0,0,0,0,0,0,0,0,0,0,0,0,54,3601,0,1422,0.0,0.0,0.0,0.0,0.0,0.0,0.0
Nathaniel Phillips,DEF,Liverpool,332,36,4,2024-09-14T14:00:00Z,True,16,0,0,0,0,0,0,0,0,0,0,0,0,0,0,0,40,13579,0,5796,0.0,0.0,0.0,0.0,0.0,0.0,0.0
Kieran Trippier,DEF,Newcastle,418,40,4,2024-09-15T15:30:00Z,False,20,26,0,1,0,0,0,0,0,0,0,0,0,0,0,2,58,699073,15384,177311,0.0,0.02,0.15,1.8,5.2,0.0,1.0
John Stones,DEF,Man City,362,37,4,2024-09-14T14:00:00Z,True,4,83,1,1,0,0,0,1,0,0,0,1,0,0,0,1,54,170047,6107,30436,0.0,0.03,0.92,0.0,3.6,0.0,1.5
Sam Morsy,MID,Ipswich,278,33,4,2024-09-14T14:00:00Z,False,5,83,1,2,0,0,1,0,0,0,0,1,0,0,0,3,49,16737,1825,4168,0.0,0.14,1.41,13.0,3.3,0.0,1.0
Jayden Meghoma,DEF,Brentford,649,37,4,2024-09-14T14:00:00Z,False,13,0,0,0,0,0,0,0,0,0,0,0,0,0,0,0,40,1200,652,150,0.0,0.0,0.0,0.0,0.0,0.0,0.0
Lewis Hall,DEF,Newcastle,399,40,4,2024-09-15T15:30:00Z,False,20,90,1,2,0,0,0,1,0,0,0,0,0,0,0,18,44,303651,11532,119260,0.0,0.04,0.99,19.6,16.4,0.0,2.7
Marc Guiu Paz,FWD,Chelsea,178,32,4,2024-09-14T19:00:00Z,False,3,0,0,0,0,0,0,0,0,0,0,0,0,0,0,0,50,76757,13860,18417,0.0,0.0,0.0,0.0,0.0,0.0,0.2
Tom Cannon,FWD,Leicester,286,34,4,2024-09-14T14:00:00Z,False,7,0,0,0,0,0,0,0,0,0,0,0,0,0,0,0,45,107773,0,39405,0.0,0.0,0.0,0.0,0.0,0.0,0.0
Ben Davies,DEF,Spurs,484,39,4,2024-09-15T13:00:00Z,True,1,0,0,0,0,0,0,0,0,0,0,0,0,0,0,0,44,20752,1248,2390,0.0,0.0,0.0,0.0,0.0,0.0,-1.0
Tyler Morton,MID,Liverpool,331,36,4,2024-09-14T14:00:00Z,True,16,0,0,0,0,0,0,0,0,0,0,0,0,0,0,0,45,5445,882,888,0.0,0.0,0.0,0.0,0.0,0.0,0.5
Matheus França de Oliveira,MID,Crystal Palace,208,34,4,2024-09-14T14:00:00Z,True,11,0,0,0,0,0,0,0,0,0,0,0,0,0,0,0,44,71186,77481,26889,0.0,0.0,0.0,0.0,0.0,0.0,0.0
Calvin Bassey,DEF,Fulham,241,35,4,2024-09-14T14:00:00Z,True,19,90,1,2,0,0,0,1,0,0,0,0,0,0,0,12,45,42852,3828,5439,0.08,0.0,0.76,18.6,0.5,4.0,2.0
Eddie Nketiah,FWD,Crystal Palace,11,34,4,2024-09-14T14:00:00Z,True,11,90,1,2,0,0,0,2,0,0,0,0,0,0,0,7,59,85674,53659,16067,0.34,0.23,1.23,0.0,14.8,57.0,1.0
Andreas Hoelgebaum Pereira,MID,Fulham,240,35,4,2024-09-14T14:00:00Z,True,19,85,1,3,0,0,1,0,0,0,0,0,0,0,0,7,54,259353,7517,67558,0.21,0.03,0.44,1.6,27.3,15.0,2.3
Matheus Santos Carneiro Da Cunha,FWD,Wolves,541,40,4,2024-09-15T15:30:00Z,True,15,90,1,2,0,0,0,2,0,0,0,0,0,0,0,10,65,242998,22327,62916,0.18,0.02,1.21,14.2,8.9,47.0,2.3
Amadou Onana,MID,Aston Villa,233,31,4,2024-09-14T16:30:00Z,True,8,45,1,1,0,0,0,2,0,0,0,0,0,0,0,9,51,1164286,788967,96040,0.0,0.03,0.67,0.4,4.3,0.0,5.2
Morgan Rogers,MID,Aston Villa,54,31,4,2024-09-14T16:30:00Z,True,8,90,1,2,0,0,0,2,0,0,0,0,0,0,0,3,51,1625941,366774,153681,0.23,0.04,0.9,21.2,12.4,55.0,2.0
Reiss Nelson,MID,Fulham,10,35,4,2024-09-14T14:00:00Z,True,19,24,0,0,0,0,0,1,0,0,0,1,0,0,0,2,50,6761,2483,1367,0.08,0.01,0.33,7.6,1.7,28.0,0.2
Tosin Adarabioyo,DEF,Chelsea,187,32,4,2024-09-14T19:00:00Z,False,3,28,0,1,0,0,0,0,0,0,0,0,0,0,0,13,44,16936,552,3071,0.0,0.0,0.22,11.0,10.8,0.0,0.2
Matt Targett,DEF,Newcastle,416,40,4,2024-09-15T15:30:00Z,False,20,0,0,0,0,0,0,0,0,0,0,0,0,0,0,0,40,54958,8348,5044,0.0,0.0,0.0,0.0,0.0,0.0,0.5
Filip Marschall,GK,Aston Villa,46,31,4,2024-09-14T16:30:00Z,True,8,0,0,0,0,0,0,0,0,0,0,0,0,0,0,0,40,125,0,12,0.0,0.0,0.0,0.0,0.0,0.0,0.0
Jan Paul van Hecke,DEF,Brighton,144,33,4,2024-09-14T14:00:00Z,True,10,90,1,6,0,0,1,0,0,0,0,0,0,0,0,28,45,74004,35304,9328,0.0,0.02,0.35,15.6,2.2,2.0,4.3
Jean-Clair Todibo,DEF,West Ham,591,35,4,2024-09-14T14:00:00Z,False,9,0,0,0,0,0,0,0,0,0,0,0,0,0,0,0,45,37733,1305,5191,0.0,0.0,0.0,0.0,0.0,0.0,0.5
Jack Clarke,MID,Ipswich,631,33,4,2024-09-14T14:00:00Z,False,5,31,0,1,0,0,0,0,0,0,0,0,0,0,0,2,55,2252,900,408,0.03,0.01,0.44,1.6,0.6,1.0,0.5
Chris Mepham,DEF,Bournemouth,72,32,4,2024-09-14T19:00:00Z,True,6,0,0,0,0,0,0,0,0,0,0,0,0,0,0,0,44,5241,54,1918,0.0,0.0,0.0,0.0,0.0,0.0,0.0
Ollie Watkins,FWD,Aston Villa,58,31,4,2024-09-14T16:30:00Z,True,8,83,1,13,2,0,0,2,0,0,0,0,0,0,3,52,89,2322775,124732,705405,1.18,0.07,0.81,66.2,15.3,89.0,5.5
Jorge Cuenca Barreno,DEF,Fulham,586,35,4,2024-09-14T14:00:00Z,True,19,0,0,0,0,0,0,0,0,0,0,0,0,0,0,0,44,5582,199,628,0.0,0.0,0.0,0.0,0.0,0.0,0.0
Rico Lewis,DEF,Man City,355,37,4,2024-09-14T14:00:00Z,True,4,45,1,1,0,0,0,1,0,0,0,0,0,0,0,1,47,1161030,746561,90520,0.0,0.02,0.92,13.6,12.8,2.0,4.8
Julián Araujo Zúñiga,DEF,Bournemouth,592,32,4,2024-09-14T19:00:00Z,True,6,15,0,1,0,0,0,1,0,0,0,0,0,0,0,-1,45,22590,1558,2966,0.0,0.0,0.32,1.4,0.3,0.0,1.2
Murillo Santiago Costa dos Santos,DEF,Nott'm Forest,436,36,4,2024-09-14T14:00:00Z,False,12,90,1,6,0,0,1,0,0,0,0,0,0,0,0,22,45,56736,4432,9781,0.0,0.0,0.94,14.6,0.0,0.0,3.7
James Tarkowski,DEF,Everton,236,31,4,2024-09-14T16:30:00Z,False,2,90,1,1,0,0,0,3,0,0,0,0,0,0,0,-1,49,127697,1988,24743,0.0,0.02,2.12,22.2,0.3,2.0,0.5
Joël Veltman,DEF,Brighton,145,33,4,2024-09-14T14:00:00Z,True,10,90,1,7,0,0,1,0,0,0,0,1,0,0,2,31,45,281663,71773,52247,0.0,0.02,0.35,18.6,3.6,0.0,5.3
Jaidon Anthony,MID,Bournemouth,61,32,4,2024-09-14T19:00:00Z,True,6,0,0,0,0,0,0,0,0,0,0,0,0,0,0,0,45,29702,0,11692,0.0,0.0,0.0,0.0,0.0,0.0,0.0
Kamaldeen Sulemana,MID,Southampton,462,38,4,2024-09-14T11:30:00Z,True,14,0,0,0,0,0,0,0,0,0,0,0,0,0,0,0,50,360,63,148,0.0,0.0,0.0,0.0,0.0,0.0,0.0
Timo Werner,MID,Spurs,509,39,4,2024-09-15T13:00:00Z,True,1,10,0,1,0,0,0,0,0,0,0,0,0,0,0,5,63,18349,675,3666,0.0,0.01,0.0,2.2,0.8,0.0,-0.2
Tyrone Mings,DEF,Aston Villa,49,31,4,2024-09-14T16:30:00Z,True,8,0,0,0,0,0,0,0,0,0,0,0,0,0,0,0,44,5015,380,779,0.0,0.0,0.0,0.0,0.0,0.0,0.0
Ethan Wheatley,FWD,Man Utd,648,38,4,2024-09-14T11:30:00Z,False,17,0,0,0,0,0,0,0,0,0,0,0,0,0,0,0,45,103635,109566,24127,0.0,0.0,0.0,0.0,0.0,0.0,0.5
Matz Sels,GK,Nott'm Forest,443,36,4,2024-09-14T14:00:00Z,False,12,90,1,9,0,0,1,0,0,0,0,1,0,5,3,29,45,184251,52663,40901,0.0,0.0,0.94,37.8,0.0,0.0,4.5
Ryan Yates,MID,Nott'm Forest,449,36,4,2024-09-14T14:00:00Z,False,12,90,1,2,0,0,1,0,0,0,0,1,0,0,0,6,50,21845,681,6058,0.0,0.0,0.94,2.8,1.7,0.0,2.3
Amad Diallo,MID,Man Utd,364,38,4,2024-09-14T11:30:00Z,False,17,90,1,6,0,1,1,0,0,0,0,0,0,0,0,32,50,426435,82691,80051,0.02,0.36,1.12,38.4,73.0,25.0,4.8
Sam Szmodics,MID,Ipswich,611,33,4,2024-09-14T14:00:00Z,False,5,58,1,1,0,0,0,0,0,0,0,0,0,0,0,-1,60,44029,8903,11208,0.0,0.0,1.22,0.0,0.0,0.0,2.0
Malo Gusto,DEF,Chelsea,171,32,4,2024-09-14T19:00:00Z,False,3,0,0,0,0,0,0,0,0,0,0,0,0,0,0,0,50,228570,8802,107065,0.0,0.0,0.0,0.0,0.0,0.0,0.0
Hwang Ui-jo,FWD,Nott'm Forest,446,36,4,2024-09-14T14:00:00Z,False,12,0,0,0,0,0,0,0,0,0,0,0,0,0,0,0,45,326865,198437,124934,0.0,0.0,0.0,0.0,0.0,0.0,0.0
Jakub Stolarczyk,GK,Leicester,304,34,4,2024-09-14T14:00:00Z,False,7,0,0,0,0,0,0,0,0,0,0,0,0,0,0,0,40,4643,573,651,0.0,0.0,0.0,0.0,0.0,0.0,0.0
Lloyd Kelly,DEF,Newcastle,404,40,4,2024-09-15T15:30:00Z,False,20,3,0,1,0,0,0,0,0,0,0,0,0,0,0,3,45,18328,5065,2240,0.0,0.0,0.12,4.4,0.0,0.0,2.5
Mateus Gonçalo Espanha Fernandes,MID,Southampton,623,38,4,2024-09-14T11:30:00Z,True,14,80,1,2,0,0,0,2,0,0,0,0,0,0,0,7,50,1031,229,156,0.0,0.03,1.9,4.2,3.5,4.0,0.8
Valentín Barco,DEF,Brighton,116,33,4,2024-09-14T14:00:00Z,True,10,0,0,0,0,0,0,0,0,0,0,0,0,0,0,0,40,1030471,0,345115,0.0,0.0,0.0,0.0,0.0,0.0,0.0
Dean Huijsen,DEF,Bournemouth,580,32,4,2024-09-14T19:00:00Z,True,6,0,0,0,0,0,0,0,0,0,0,0,0,0,0,0,45,11489,265,1363,0.0,0.0,0.0,0.0,0.0,0.0,0.8
Carlos Roberto Forbs Borges,MID,Wolves,655,40,4,2024-09-15T15:30:00Z,True,15,4,0,1,0,0,0,0,0,0,0,0,0,0,0,5,55,535,210,61,0.0,0.0,0.38,2.2,0.8,8.0,1.5
André Trindade da Costa Neto,MID,Wolves,642,40,4,2024-09-15T15:30:00Z,True,15,76,1,1,0,0,0,1,0,0,0,1,0,0,0,9,50,844,577,92,0.0,0.01,0.75,9.6,12.6,0.0,0.5
Max Aarons,DEF,Bournemouth,59,32,4,2024-09-14T19:00:00Z,True,6,0,0,0,0,0,0,0,0,0,0,0,0,0,0,0,44,22293,1370,3224,0.0,0.0,0.0,0.0,0.0,0.0,0.0
Rhys Williams,DEF,Liverpool,334,36,4,2024-09-14T14:00:00Z,True,16,0,0,0,0,0,0,0,0,0,0,0,0,0,0,0,40,10058,0,2222,0.0,0.0,0.0,0.0,0.0,0.0,0.0
Michail Antonio,FWD,West Ham,512,35,4,2024-09-14T14:00:00Z,False,9,45,1,1,0,0,0,1,0,0,0,0,0,0,0,0,55,147836,27696,25525,0.02,0.0,0.78,0.0,1.8,2.0,1.8
Ibrahim Osman,MID,Brighton,127,33,4,2024-09-14T14:00:00Z,True,10,0,0,0,0,0,0,0,0,0,0,0,0,0,0,0,50,543,0,105,0.0,0.0,0.0,0.0,0.0,0.0,0.0
Lewis Miley,MID,Newcastle,411,40,4,2024-09-15T15:30:00Z,False,20,0,0,0,0,0,0,0,0,0,0,0,0,0,0,0,50,227,35,49,0.0,0.0,0.0,0.0,0.0,0.0,0.0
Nathan Wood-Gordon,DEF,Southampton,477,38,4,2024-09-14T11:30:00Z,True,14,0,0,0,0,0,0,0,0,0,0,0,0,0,0,0,40,152200,21539,13390,0.0,0.0,0.0,0.0,0.0,0.0,-0.5
Rodrigo Muniz Carvalho,FWD,Fulham,251,35,4,2024-09-14T14:00:00Z,True,19,17,0,1,0,0,0,1,0,0,0,0,0,0,0,2,61,755419,51012,338215,0.0,0.0,0.33,0.2,0.1,2.0,1.7
Benjamin White,DEF,Arsenal,24,39,4,2024-09-15T13:00:00Z,False,18,90,1,6,0,0,1,0,0,0,0,0,0,0,0,23,65,858247,20512,136138,0.0,0.01,0.74,10.2,1.9,0.0,6.0
Cameron Burgess,DEF,Ipswich,263,33,4,2024-09-14T14:00:00Z,False,5,0,0,0,0,0,0,0,0,0,0,0,0,0,0,0,40,31764,2076,3616,0.0,0.0,0.0,0.0,0.0,0.0,-0.5
Abdul Fatawu,MID,Leicester,570,34,4,2024-09-14T14:00:00Z,False,7,18,0,1,0,0,0,1,0,0,0,0,0,0,0,1,55,65889,8317,15013,0.01,0.0,1.17,1.2,0.3,2.0,2.7
Dominik Szoboszlai,MID,Liverpool,336,36,4,2024-09-14T14:00:00Z,True,16,90,1,1,0,0,0,1,0,0,0,1,0,0,0,7,65,260609,58104,43921,0.16,0.08,0.44,7.0,39.8,13.0,4.5
Tim Iroegbunam,MID,Everton,226,31,4,2024-09-14T16:30:00Z,False,2,80,1,1,0,0,0,3,0,0,0,1,0,0,0,7,45,140834,86097,28887,0.0,0.0,1.81,7.4,0.6,0.0,1.5
Neco Williams,DEF,Nott'm Forest,437,36,4,2024-09-14T14:00:00Z,False,12,10,0,1,0,0,0,0,0,0,0,0,0,0,0,7,45,66011,5611,11753,0.0,0.0,0.09,7.0,0.0,0.0,2.0
Roméo Lavia,MID,Chelsea,174,32,4,2024-09-14T19:00:00Z,False,3,0,0,0,0,0,0,0,0,0,0,0,0,0,0,0,45,106525,5653,36704,0.0,0.0,0.0,0.0,0.0,0.0,0.0
Leon Bailey,MID,Aston Villa,28,31,4,2024-09-14T16:30:00Z,True,8,0,0,0,0,0,0,0,0,0,0,0,0,0,0,0,64,160644,2212,156721,0.0,0.0,0.0,0.0,0.0,0.0,0.5
Niclas Füllkrug,FWD,West Ham,589,35,4,2024-09-14T14:00:00Z,False,9,0,0,0,0,0,0,0,0,0,0,0,0,0,0,0,68,189047,8370,93383,0.0,0.0,0.0,0.0,0.0,0.0,0.4
Harvey Barnes,MID,Newcastle,392,40,4,2024-09-15T15:30:00Z,False,20,45,0,8,1,0,0,0,0,0,0,0,0,0,2,25,64,85256,53670,15157,0.17,0.2,0.37,40.0,21.9,25.0,6.3
Brennan Johnson,MID,Spurs,491,39,4,2024-09-15T13:00:00Z,True,1,67,1,2,0,0,0,1,0,0,0,0,0,0,0,8,64,46647,3258,11728,0.27,0.07,0.73,9.2,16.8,33.0,1.8
Andrew Moran,MID,Brighton,601,33,4,2024-09-14T14:00:00Z,True,10,0,0,0,0,0,0,0,0,0,0,0,0,0,0,0,50,394,0,78,0.0,0.0,0.0,0.0,0.0,0.0,0.0
Harry Maguire,DEF,Man Utd,377,38,4,2024-09-14T11:30:00Z,False,17,16,0,0,0,0,0,0,0,0,0,1,0,0,0,-1,50,72824,4334,9528,0.0,0.01,0.0,1.6,0.9,0.0,1.5
Mark Travers,GK,Bournemouth,84,32,4,2024-09-14T19:00:00Z,True,6,90,1,2,0,0,0,1,0,0,0,0,0,2,0,8,45,15181,792,1639,0.0,0.0,0.78,14.4,0.0,0.0,0.5
Will Smallbone,MID,Southampton,471,38,4,2024-09-14T11:30:00Z,True,14,0,0,0,0,0,0,0,0,0,0,0,0,0,0,0,50,5186,290,961,0.0,0.0,0.0,0.0,0.0,0.0,0.7
Mykhailo Mudryk,MID,Chelsea,179,32,4,2024-09-14T19:00:00Z,False,3,0,0,0,0,0,0,0,0,0,0,0,0,0,0,0,64,28945,2420,5862,0.0,0.0,0.0,0.0,0.0,0.0,0.5
Hamed Traorè,MID,Bournemouth,67,32,4,2024-09-14T19:00:00Z,True,6,0,0,0,0,0,0,0,0,0,0,0,0,0,0,0,45,12360,0,4880,0.0,0.0,0.0,0.0,0.0,0.0,0.0
Stefan Ortega Moreno,GK,Man City,358,37,4,2024-09-14T14:00:00Z,True,4,0,0,0,0,0,0,0,0,0,0,0,0,0,0,0,54,62221,432,6436,0.0,0.0,0.0,0.0,0.0,0.0,1.0
Renato Palma Veiga,MID,Chelsea,184,32,4,2024-09-14T19:00:00Z,False,3,90,1,2,0,0,1,0,0,0,0,1,0,0,0,13,45,21435,7224,4013,0.04,0.01,1.78,15.0,4.6,15.0,1.0
Eberechi Eze,MID,Crystal Palace,199,34,4,2024-09-14T14:00:00Z,True,11,90,1,2,0,0,0,2,0,0,0,0,0,0,0,17,69,2697458,447894,264165,0.46,0.34,1.23,11.6,49.7,22.0,4.5
Samuel Iling-Junior,MID,Aston Villa,41,31,4,2024-09-14T16:30:00Z,True,8,0,0,0,0,0,0,0,0,0,0,0,0,0,0,0,54,3621,0,1590,0.0,0.0,0.0,0.0,0.0,0.0,0.0
Boubacar Kamara,MID,Aston Villa,42,31,4,2024-09-14T16:30:00Z,True,8,0,0,0,0,0,0,0,0,0,0,0,0,0,0,0,50,342,57,72,0.0,0.0,0.0,0.0,0.0,0.0,0.0
Ali Al-Hamadi,FWD,Ipswich,260,33,4,2024-09-14T14:00:00Z,False,5,0,0,0,0,0,0,0,0,0,0,0,0,0,0,0,50,39644,7511,9328,0.0,0.0,0.0,0.0,0.0,0.0,-0.3
Willy Boly,DEF,Nott'm Forest,425,36,4,2024-09-14T14:00:00Z,False,12,0,0,0,0,0,0,0,0,0,0,0,0,0,0,0,45,20676,567,5516,0.0,0.0,0.0,0.0,0.0,0.0,0.2
Carlos Alcaraz Durán,MID,Southampton,450,38,4,2024-09-14T11:30:00Z,True,14,0,0,0,0,0,0,0,0,0,0,0,0,0,0,0,49,4792,0,2887,0.0,0.0,0.0,0.0,0.0,0.0,0.0
Victor Lindelöf,DEF,Man Utd,376,38,4,2024-09-14T11:30:00Z,False,17,0,0,0,0,0,0,0,0,0,0,0,0,0,0,0,44,9220,37,2185,0.0,0.0,0.0,0.0,0.0,0.0,0.0
Ross Barkley,MID,Aston Villa,29,31,4,2024-09-14T16:30:00Z,True,8,45,0,4,0,1,0,0,0,0,0,0,0,0,0,18,53,50954,2108,10705,0.03,0.04,0.23,16.0,16.1,7.0,1.5
James McConnell,MID,Liverpool,330,36,4,2024-09-14T14:00:00Z,True,16,0,0,0,0,0,0,0,0,0,0,0,0,0,0,0,45,4274,822,694,0.0,0.0,0.0,0.0,0.0,0.0,0.5
Kobbie Mainoo,MID,Man Utd,378,38,4,2024-09-14T11:30:00Z,False,17,90,1,2,0,0,1,0,0,0,0,1,0,0,0,10,54,470039,26044,86720,0.05,0.13,1.12,14.4,17.1,4.0,1.8
Ramón Sosa,MID,Nott'm Forest,620,36,4,2024-09-14T14:00:00Z,False,12,0,0,0,0,0,0,0,0,0,0,0,0,0,0,0,55,1750,227,234,0.0,0.0,0.0,0.0,0.0,0.0,-0.2
Sander Berge,MID,Fulham,622,35,4,2024-09-14T14:00:00Z,True,19,24,0,1,0,0,0,1,0,0,0,0,0,0,0,6,50,1695,301,293,0.0,0.01,0.33,5.0,11.3,0.0,0.7
Maldini Kacurri,DEF,Arsenal,657,39,4,2024-09-15T13:00:00Z,False,18,0,0,0,0,0,0,0,0,0,0,0,0,0,0,0,40,0,0,0,0.0,0.0,0.0,0.0,0.0,0.0,2.0
Adam Armstrong,FWD,Southampton,453,38,4,2024-09-14T11:30:00Z,True,14,0,0,0,0,0,0,0,0,0,0,0,0,0,0,0,55,119236,10045,52332,0.0,0.0,0.0,0.0,0.0,0.0,0.5
Aaron Cresswell,DEF,West Ham,517,35,4,2024-09-14T14:00:00Z,False,9,0,0,0,0,0,0,0,0,0,0,0,0,0,0,0,40,179134,1264,42260,0.0,0.0,0.0,0.0,0.0,0.0,0.1
Emil Krafth,DEF,Newcastle,405,40,4,2024-09-15T15:30:00Z,False,20,0,0,0,0,0,0,0,0,0,0,0,0,0,0,0,45,19242,3122,3931,0.0,0.0,0.0,0.0,0.0,0.0,2.2
Jakub Kiwior,DEF,Arsenal,8,39,4,2024-09-15T13:00:00Z,False,18,0,0,0,0,0,0,0,0,0,0,0,0,0,0,0,49,15388,672,2351,0.0,0.0,0.0,0.0,0.0,0.0,1.0
Kristoffer Ajer,DEF,Brentford,86,37,4,2024-09-14T14:00:00Z,False,13,71,1,1,0,0,0,2,0,0,0,0,0,0,0,7,45,36830,895,12630,0.0,0.02,1.08,9.4,6.1,2.0,0.2
Will Hughes,MID,Crystal Palace,203,34,4,2024-09-14T14:00:00Z,True,11,45,0,1,0,0,0,1,0,0,0,0,0,0,0,9,49,4214,742,552,0.0,0.02,0.33,8.0,3.6,0.0,1.3
David Ozoh,MID,Crystal Palace,212,34,4,2024-09-14T14:00:00Z,True,11,0,0,0,0,0,0,0,0,0,0,0,0,0,0,0,45,197,0,41,0.0,0.0,0.0,0.0,0.0,0.0,0.0
Jakub Moder,MID,Brighton,137,33,4,2024-09-14T14:00:00Z,True,10,0,0,0,0,0,0,0,0,0,0,0,0,0,0,0,45,28801,3935,4769,0.0,0.0,0.0,0.0,0.0,0.0,0.5
Cieran Slicker,GK,Ipswich,280,33,4,2024-09-14T14:00:00Z,False,5,0,0,0,0,0,0,0,0,0,0,0,0,0,0,0,40,87491,3712,6235,0.0,0.0,0.0,0.0,0.0,0.0,-0.5
Raheem Sterling,MID,Arsenal,186,39,4,2024-09-15T13:00:00Z,False,18,10,0,1,0,0,0,0,0,0,0,0,0,0,0,2,68,125804,19692,18946,0.0,0.0,0.13,0.0,0.0,2.0,1.2
Raúl Jiménez,FWD,Fulham,252,35,4,2024-09-14T14:00:00Z,True,19,72,1,9,1,0,1,0,0,0,0,0,0,0,3,29,54,41230,7639,11432,0.26,0.04,0.42,42.4,22.1,56.0,3.7
Bryan Gil Salvatierra,MID,Spurs,483,39,4,2024-09-15T13:00:00Z,True,1,0,0,0,0,0,0,0,0,0,0,0,0,0,0,0,50,148,0,17,0.0,0.0,0.0,0.0,0.0,0.0,0.0
Myles Lewis-Skelly,MID,Arsenal,597,39,4,2024-09-15T13:00:00Z,False,18,0,0,0,0,0,0,0,0,0,0,0,0,0,0,0,45,5493,1354,985,0.0,0.0,0.0,0.0,0.0,0.0,1.0
Giovani Lo Celso,MID,Spurs,493,39,4,2024-09-15T13:00:00Z,True,1,0,0,0,0,0,0,0,0,0,0,0,0,0,0,0,49,5357,0,3602,0.0,0.0,0.0,0.0,0.0,0.0,0.0
Tawanda Chirewa,MID,Wolves,538,40,4,2024-09-15T15:30:00Z,True,15,0,0,0,0,0,0,0,0,0,0,0,0,0,0,0,45,5969,0,1816,0.0,0.0,0.0,0.0,0.0,0.0,0.0
Cameron Humphreys,MID,Ipswich,273,33,4,2024-09-14T14:00:00Z,False,5,0,0,0,0,0,0,0,0,0,0,0,0,0,0,0,45,3071,0,818,0.0,0.0,0.0,0.0,0.0,0.0,0.0
Ashley Young,DEF,Everton,238,31,4,2024-09-14T16:30:00Z,False,2,90,1,0,0,0,0,3,0,0,0,1,0,0,0,-4,45,14531,696,1732,0.0,0.01,2.12,14.6,0.6,0.0,-0.5
James Bree,DEF,Southampton,457,38,4,2024-09-14T11:30:00Z,True,14,0,0,0,0,0,0,0,0,0,0,0,0,0,0,0,40,16517,1077,1461,0.0,0.0,0.0,0.0,0.0,0.0,-0.5
Alex Scott,MID,Bournemouth,77,46,5,2024-09-21T14:00:00Z,False,12,21,0,1,0,0,0,0,0,0,0,0,0,0,0,4,49,4959,172,369,0.1,0.02,0.4,5.6,2.0,12.0,0.5
Carlos Miguel dos Santos Pereira,GK,Nott'm Forest,427,42,5,2024-09-22T13:00:00Z,False,5,0,0,0,0,0,0,0,0,0,0,0,0,0,0,0,43,22306,496,1820,0.0,0.0,0.0,0.0,0.0,0.0,0.0
Tomiyasu Takehiro,DEF,Arsenal,22,47,5,2024-09-22T15:30:00Z,False,13,0,0,0,0,0,0,0,0,0,0,0,0,0,0,0,48,3893,49,325,0.0,0.0,0.0,0.0,0.0,0.0,0.0
Malcolm Ebiowei,MID,Crystal Palace,197,43,5,2024-09-21T16:30:00Z,True,14,0,0,0,0,0,0,0,0,0,0,0,0,0,0,0,45,357,0,28,0.0,0.0,0.0,0.0,0.0,0.0,0.0
Ben Brereton Díaz,MID,Southampton,584,48,5,2024-09-21T14:00:00Z,True,10,31,0,1,0,0,0,1,0,0,0,0,0,0,0,4,54,47893,4152,6674,0.25,0.01,0.61,0.6,0.9,9.0,1.8
Pau Torres,DEF,Aston Villa,52,41,5,2024-09-21T14:00:00Z,True,20,90,1,1,0,0,0,1,0,0,0,1,0,0,0,6,45,238941,12261,13727,0.0,0.02,0.51,7.0,2.8,0.0,1.2
Joel Ward,DEF,Crystal Palace,215,43,5,2024-09-21T16:30:00Z,True,14,0,0,0,0,0,0,0,0,0,0,0,0,0,0,0,44,12215,232,781,0.0,0.0,0.0,0.0,0.0,0.0,0.0
Will Lankshear,FWD,Spurs,609,49,5,2024-09-21T14:00:00Z,True,4,0,0,0,0,0,0,0,0,0,0,0,0,0,0,0,45,136665,1849,28287,0.0,0.0,0.0,0.0,0.0,0.0,0.0
Hwang Hee-chan,MID,Wolves,550,41,5,2024-09-21T14:00:00Z,False,2,0,0,0,0,0,0,0,0,0,0,0,0,0,0,0,63,52012,1157,8445,0.0,0.0,0.0,0.0,0.0,0.0,0.8
Mikey Moore,MID,Spurs,610,49,5,2024-09-21T14:00:00Z,True,4,2,0,1,0,0,0,0,0,0,0,0,0,0,0,3,45,32025,4714,3322,0.0,0.0,0.0,0.2,0.1,2.0,0.2
Hákon Valdimarsson,GK,Brentford,109,49,5,2024-09-21T14:00:00Z,False,18,0,0,0,0,0,0,0,0,0,0,0,0,0,0,0,40,394283,5398,11613,0.0,0.0,0.0,0.0,0.0,0.0,0.0
Alex Paulsen,GK,Bournemouth,75,46,5,2024-09-21T14:00:00Z,False,12,0,0,0,0,0,0,0,0,0,0,0,0,0,0,0,40,3631,0,154,0.0,0.0,0.0,0.0,0.0,0.0,0.0
João Victor Gomes da Silva,MID,Wolves,553,41,5,2024-09-21T14:00:00Z,False,2,81,1,1,0,0,0,1,0,0,0,1,0,0,0,10,49,12121,987,1001,0.0,0.02,0.58,14.0,8.9,0.0,1.2
Cole Palmer,MID,Chelsea,182,50,5,2024-09-21T11:30:00Z,False,19,63,1,8,1,0,1,0,0,0,0,0,0,0,0,27,106,4094666,179135,162848,0.42,0.0,0.57,35.6,16.4,21.0,8.5
Mitoma Kaoru,MID,Brighton,136,42,5,2024-09-22T13:00:00Z,True,16,90,1,5,0,1,0,2,0,0,0,0,0,0,0,21,67,1081542,86267,83403,0.0,0.22,1.53,15.6,34.7,8.0,3.3
Boubakary Soumaré,MID,Leicester,285,45,5,2024-09-21T14:00:00Z,True,8,0,0,0,0,0,0,0,0,0,0,0,0,0,0,0,45,19781,1009,1868,0.0,0.0,0.0,0.0,0.0,0.0,-0.5
Chris Wood,FWD,Nott'm Forest,447,42,5,2024-09-22T13:00:00Z,False,5,71,1,8,1,0,0,2,0,0,0,0,0,0,2,32,61,772333,121060,62371,0.79,0.0,0.87,33.4,0.3,17.0,5.0
Joe Worrall,DEF,Nott'm Forest,448,42,5,2024-09-22T13:00:00Z,False,5,0,0,0,0,0,0,0,0,0,0,0,0,0,0,0,45,3483,0,381,0.0,0.0,0.0,0.0,0.0,0.0,0.0
Jeffrey Schlupp,MID,Crystal Palace,214,43,5,2024-09-21T16:30:00Z,True,14,1,0,1,0,0,0,0,0,0,0,0,0,0,0,6,49,8355,224,897,0.0,0.05,0.0,5.2,14.3,4.0,1.0
Milos Kerkez,DEF,Bournemouth,70,46,5,2024-09-21T14:00:00Z,False,12,90,1,1,0,0,0,3,0,0,0,0,0,0,0,7,45,40682,1889,3041,0.01,0.09,2.06,18.0,26.6,1.0,1.0
Adrian Mazilu,MID,Brighton,133,42,5,2024-09-22T13:00:00Z,True,16,0,0,0,0,0,0,0,0,0,0,0,0,0,0,0,45,2519,0,311,0.0,0.0,0.0,0.0,0.0,0.0,0.0
Jason Steele,GK,Brighton,142,42,5,2024-09-22T13:00:00Z,True,16,0,0,0,0,0,0,0,0,0,0,0,0,0,0,0,45,221789,3921,57147,0.0,0.0,0.0,0.0,0.0,0.0,0.0
Arijanet Muric,GK,Ipswich,568,48,5,2024-09-21T14:00:00Z,False,17,90,1,2,0,0,0,1,0,0,0,0,0,2,0,7,44,72066,32668,6036,0.0,0.0,2.49,19.4,0.0,0.0,4.0
Carl Rushworth,GK,Brighton,615,42,5,2024-09-22T13:00:00Z,True,16,0,0,0,0,0,0,0,0,0,0,0,0,0,0,0,40,7162,0,501,0.0,0.0,0.0,0.0,0.0,0.0,0.0
Ibrahim Sangaré,MID,Nott'm Forest,442,42,5,2024-09-22T13:00:00Z,False,5,0,0,0,0,0,0,0,0,0,0,0,0,0,0,0,45,212572,1764,43057,0.0,0.0,0.0,0.0,0.0,0.0,0.0
Hannibal Mejbri,MID,Man Utd,373,43,5,2024-09-21T16:30:00Z,False,7,0,0,0,0,0,0,0,0,0,0,0,0,0,0,0,45,6932,0,992,0.0,0.0,0.0,0.0,0.0,0.0,0.0
Brandon Austin,GK,Spurs,479,49,5,2024-09-21T14:00:00Z,True,4,0,0,0,0,0,0,0,0,0,0,0,0,0,0,0,40,52861,1904,1776,0.0,0.0,0.0,0.0,0.0,0.0,0.0
Conor Coady,DEF,Leicester,288,45,5,2024-09-21T14:00:00Z,True,8,0,0,0,0,0,0,0,0,0,0,0,0,0,0,0,40,28518,2591,1529,0.0,0.0,0.0,0.0,0.0,0.0,-0.5
Wes Foderingham,GK,West Ham,522,50,5,2024-09-21T11:30:00Z,True,6,0,0,0,0,0,0,0,0,0,0,0,0,0,0,0,44,16083,311,943,0.0,0.0,0.0,0.0,0.0,0.0,0.0
Armando Broja,FWD,Everton,156,45,5,2024-09-21T14:00:00Z,False,11,0,0,0,0,0,0,0,0,0,0,0,0,0,0,0,55,7933,97,1816,0.0,0.0,0.0,0.0,0.0,0.0,0.0
Adam Webster,DEF,Brighton,147,42,5,2024-09-22T13:00:00Z,True,16,0,0,0,0,0,0,0,0,0,0,0,0,0,0,0,44,10668,377,694,0.0,0.0,0.0,0.0,0.0,0.0,0.0
Thomas Partey,MID,Arsenal,20,47,5,2024-09-22T15:30:00Z,False,13,90,1,1,0,0,0,2,0,0,0,1,0,0,0,11,50,152967,15118,16908,0.0,0.02,2.16,14.0,2.3,2.0,4.0
Harry Wilson,MID,Fulham,259,44,5,2024-09-21T14:00:00Z,True,15,0,0,0,0,0,0,0,0,0,0,0,0,0,0,0,54,13404,353,1338,0.0,0.0,0.0,0.0,0.0,0.0,-0.3
Kasey McAteer,MID,Leicester,299,45,5,2024-09-21T14:00:00Z,True,8,0,0,0,0,0,0,0,0,0,0,0,0,0,0,0,49,4047,137,405,0.0,0.0,0.0,0.0,0.0,0.0,0.0
Curtis Jones,MID,Liverpool,324,46,5,2024-09-21T14:00:00Z,True,3,29,0,1,0,0,0,0,0,0,0,0,0,0,0,5,53,6423,381,386,0.14,0.01,0.55,11.8,1.2,5.0,1.0
Wes Burns,MID,Ipswich,264,48,5,2024-09-21T14:00:00Z,False,17,73,1,2,0,0,0,1,0,0,0,0,0,0,0,18,49,4136,302,274,0.0,0.38,2.13,10.8,27.2,6.0,0.8
Gustavo Nunes Fernandes Gomes,MID,Brentford,634,49,5,2024-09-21T14:00:00Z,False,18,0,0,0,0,0,0,0,0,0,0,0,0,0,0,0,50,344,21,71,0.0,0.0,0.0,0.0,0.0,0.0,0.0
Yunus Emre Konak,MID,Brentford,97,49,5,2024-09-21T14:00:00Z,False,18,11,0,1,0,0,0,1,0,0,0,0,0,0,0,3,45,6916,464,588,0.0,0.0,0.51,1.2,0.7,0.0,0.2
Max Kilman,DEF,West Ham,524,50,5,2024-09-21T11:30:00Z,True,6,90,1,0,0,0,0,3,0,0,0,1,0,0,0,1,45,312218,20080,19199,0.0,0.02,2.19,11.2,12.3,0.0,3.5
Deniz Undav,FWD,Brighton,143,42,5,2024-09-22T13:00:00Z,True,16,0,0,0,0,0,0,0,0,0,0,0,0,0,0,0,55,640,0,52,0.0,0.0,0.0,0.0,0.0,0.0,0.0
Alex Murphy,DEF,Newcastle,390,44,5,2024-09-21T14:00:00Z,False,9,0,0,0,0,0,0,0,0,0,0,0,0,0,0,0,40,99439,5315,5364,0.0,0.0,0.0,0.0,0.0,0.0,0.5
George Edmundson,DEF,Ipswich,269,48,5,2024-09-21T14:00:00Z,False,17,0,0,0,0,0,0,0,0,0,0,0,0,0,0,0,40,12295,0,1371,0.0,0.0,0.0,0.0,0.0,0.0,0.0
Sávio 'Savinho' Moreira de Oliveira,MID,Man City,571,47,5,2024-09-22T15:30:00Z,True,1,77,1,7,0,1,0,2,0,0,0,0,0,0,2,29,65,129711,14590,23912,0.04,0.3,0.6,21.8,29.1,17.0,4.2
Emerson Palmieri dos Santos,DEF,West Ham,520,50,5,2024-09-21T11:30:00Z,True,6,72,1,1,0,0,0,3,0,0,0,0,0,0,0,-5,45,62502,373,9616,0.0,0.16,1.51,4.4,20.2,0.0,1.5
Abdoulaye Doucouré,MID,Everton,217,45,5,2024-09-21T14:00:00Z,False,11,90,1,2,0,0,0,1,0,0,0,0,0,0,0,14,53,27682,677,4041,0.02,0.01,0.66,12.6,2.8,3.0,1.5
José Malheiro de Sá,GK,Wolves,554,41,5,2024-09-21T14:00:00Z,False,2,0,0,0,0,0,0,0,0,0,0,0,0,0,0,0,44,185347,1606,16027,0.0,0.0,0.0,0.0,0.0,0.0,-0.2
Alexander Isak,FWD,Newcastle,401,44,5,2024-09-21T14:00:00Z,False,9,90,1,2,0,0,0,3,0,0,0,0,0,0,0,5,84,3096769,26948,1124498,0.09,0.02,2.29,9.6,12.8,11.0,3.0
Yves Bissouma,MID,Spurs,482,49,5,2024-09-21T14:00:00Z,True,4,27,0,0,0,0,0,0,0,0,0,1,0,0,0,1,50,38966,771,10424,0.0,0.03,0.06,3.6,2.8,0.0,1.9
Conor Gallagher,MID,Chelsea,169,50,5,2024-09-21T11:30:00Z,False,19,0,0,0,0,0,0,0,0,0,0,0,0,0,0,0,59,19820,0,1947,0.0,0.0,0.0,0.0,0.0,0.0,0.0
Philip Billing,MID,Bournemouth,76,46,5,2024-09-21T14:00:00Z,False,12,0,0,0,0,0,0,0,0,0,0,0,0,0,0,0,48,6082,1304,590,0.0,0.0,0.0,0.0,0.0,0.0,-0.3
Gonçalo Manuel Ganchinho Guedes,MID,Wolves,548,41,5,2024-09-21T14:00:00Z,False,2,25,0,1,0,0,0,3,0,0,0,0,0,0,0,3,54,7610,214,616,0.0,0.0,1.6,0.0,0.3,2.0,0.8
Brajan Gruda,MID,Brighton,595,42,5,2024-09-22T13:00:00Z,True,16,0,0,0,0,0,0,0,0,0,0,0,0,0,0,0,54,2438,15,262,0.0,0.0,0.0,0.0,0.0,0.0,0.0
Rodrigo 'Rodri' Hernandez,MID,Man City,360,47,5,2024-09-22T15:30:00Z,True,1,20,1,1,0,0,0,0,0,0,0,0,0,0,0,5,64,198008,12439,11429,0.0,0.01,0.0,3.2,0.8,0.0,0.5
Đorđe Petrović,GK,Chelsea,183,50,5,2024-09-21T11:30:00Z,False,19,0,0,0,0,0,0,0,0,0,0,0,0,0,0,0,44,34889,0,5901,0.0,0.0,0.0,0.0,0.0,0.0,0.0
Justin Devenny,MID,Crystal Palace,645,43,5,2024-09-21T16:30:00Z,True,14,0,0,0,0,0,0,0,0,0,0,0,0,0,0,0,45,718,219,92,0.0,0.0,0.0,0.0,0.0,0.0,0.0
Craig Dawson,DEF,Wolves,542,41,5,2024-09-21T14:00:00Z,False,2,90,1,1,0,0,0,3,0,0,0,0,0,0,0,2,45,20015,2380,1060,0.07,0.0,1.73,17.4,11.1,4.0,1.2
Jordan Ayew,MID,Leicester,192,45,5,2024-09-21T14:00:00Z,True,8,90,1,2,0,0,0,1,0,0,0,0,0,0,0,6,53,26910,1391,2896,0.09,0.01,1.1,0.0,2.4,15.0,1.0
Marcos Senesi,DEF,Bournemouth,79,46,5,2024-09-21T14:00:00Z,False,12,0,0,0,0,0,0,0,0,0,0,0,0,0,0,0,49,64873,1254,6332,0.0,0.0,0.0,0.0,0.0,0.0,0.3
Kiernan Dewsbury-Hall,MID,Chelsea,166,50,5,2024-09-21T11:30:00Z,False,19,6,0,1,0,0,0,0,0,0,0,0,0,0,0,4,58,15687,311,2009,0.0,0.02,0.11,5.4,10.6,0.0,0.5
Kaine Kesler-Hayden,DEF,Aston Villa,43,41,5,2024-09-21T14:00:00Z,True,20,0,0,0,0,0,0,0,0,0,0,0,0,0,0,0,40,1395,0,101,0.0,0.0,0.0,0.0,0.0,0.0,0.0
João Cavaco Cancelo,DEF,Man City,353,47,5,2024-09-22T15:30:00Z,True,1,0,0,0,0,0,0,0,0,0,0,0,0,0,0,0,53,30591,0,4020,0.0,0.0,0.0,0.0,0.0,0.0,0.0
Maxwel Cornet,MID,Southampton,515,48,5,2024-09-21T14:00:00Z,True,10,0,0,0,0,0,0,0,0,0,0,0,0,0,0,0,49,3252,128,270,0.0,0.0,0.0,0.0,0.0,0.0,0.0
Jefferson Lerma Solís,MID,Crystal Palace,206,43,5,2024-09-21T16:30:00Z,True,14,45,0,1,0,0,0,0,0,0,0,0,0,0,0,2,49,5813,175,559,0.03,0.0,0.28,0.8,13.2,4.0,0.8
Jannik Vestergaard,DEF,Leicester,307,45,5,2024-09-21T14:00:00Z,True,8,0,0,0,0,0,0,0,0,0,0,0,0,0,0,0,40,296952,8896,20176,0.0,0.0,0.0,0.0,0.0,0.0,-0.5
Luke Thomas,DEF,Leicester,305,45,5,2024-09-21T14:00:00Z,True,8,0,0,0,0,0,0,0,0,0,0,0,0,0,0,0,40,49868,1087,2870,0.0,0.0,0.0,0.0,0.0,0.0,-0.5
Bruno Borges Fernandes,MID,Man Utd,366,43,5,2024-09-21T16:30:00Z,False,7,90,1,3,0,0,1,0,0,0,0,0,0,0,0,12,83,1139395,38752,93622,0.36,0.14,1.01,13.8,40.0,15.0,3.3
Adam Smith,DEF,Bournemouth,81,46,5,2024-09-21T14:00:00Z,False,12,21,0,1,0,0,0,0,0,0,0,0,0,0,0,4,45,18408,1534,975,0.0,0.0,0.4,5.0,0.0,0.0,1.5
Miodrag Pivaš,DEF,Newcastle,574,44,5,2024-09-21T14:00:00Z,False,9,0,0,0,0,0,0,0,0,0,0,0,0,0,0,0,40,11330,0,1718,0.0,0.0,0.0,0.0,0.0,0.0,0.0
Billy Gilmour,MID,Brighton,124,42,5,2024-09-22T13:00:00Z,True,16,0,0,0,0,0,0,0,0,0,0,0,0,0,0,0,50,6297,0,1478,0.0,0.0,0.0,0.0,0.0,0.0,0.0
Rasmus Højlund,FWD,Man Utd,375,43,5,2024-09-21T16:30:00Z,False,7,14,0,1,0,0,0,0,0,0,0,0,0,0,0,3,69,35760,2004,2558,0.0,0.01,0.14,0.0,0.5,4.0,0.2
Callum Wilson,FWD,Newcastle,421,44,5,2024-09-21T14:00:00Z,False,9,0,0,0,0,0,0,0,0,0,0,0,0,0,0,0,69,4209,115,440,0.0,0.0,0.0,0.0,0.0,0.0,0.0
Crysencio Summerville,MID,West Ham,587,50,5,2024-09-21T11:30:00Z,True,6,53,1,1,0,0,0,3,0,0,0,0,0,0,0,4,58,49964,1332,6324,0.0,0.01,1.2,2.6,1.9,0.0,0.8
Jesurun Rak-Sakyi,MID,Crystal Palace,213,43,5,2024-09-21T16:30:00Z,True,14,0,0,0,0,0,0,0,0,0,0,0,0,0,0,0,45,8213,0,1271,0.0,0.0,0.0,0.0,0.0,0.0,0.0
Oliver Skipp,MID,Leicester,501,45,5,2024-09-21T14:00:00Z,True,8,0,0,0,0,0,0,0,0,0,0,0,0,0,0,0,49,4996,508,354,0.0,0.0,0.0,0.0,0.0,0.0,0.5
Tomáš Souček,MID,West Ham,530,50,5,2024-09-21T11:30:00Z,True,6,52,0,0,0,0,0,1,0,0,0,1,0,0,0,9,50,311866,10799,31851,0.06,0.13,1.26,13.0,12.7,21.0,2.5
Taylor Harwood-Bellis,DEF,Southampton,461,48,5,2024-09-21T14:00:00Z,True,10,90,1,2,0,0,0,1,0,0,0,0,0,0,0,10,40,1091556,22963,42318,0.07,0.01,1.69,21.0,11.3,23.0,1.2
Alphonse Areola,GK,West Ham,513,50,5,2024-09-21T11:30:00Z,True,6,90,1,1,0,0,0,3,0,0,0,0,0,2,0,-1,45,817400,21391,35639,0.0,0.0,2.19,21.2,0.0,0.0,2.8
Lisandro Martínez,DEF,Man Utd,380,43,5,2024-09-21T16:30:00Z,False,7,90,1,5,0,0,1,0,0,0,0,1,0,0,0,18,45,519779,11003,29927,0.21,0.01,1.01,20.4,1.0,33.0,3.7
Richarlison de Andrade,FWD,Spurs,497,49,5,2024-09-21T14:00:00Z,True,4,0,0,0,0,0,0,0,0,0,0,0,0,0,0,0,69,46537,129,8025,0.0,0.0,0.0,0.0,0.0,0.0,0.0
Joško Gvardiol,DEF,Man City,350,47,5,2024-09-22T15:30:00Z,True,1,90,1,1,0,0,0,2,0,0,0,0,0,0,0,13,60,2506781,18827,321399,0.08,0.09,0.65,19.6,15.5,40.0,1.5
Harry Clarke,DEF,Ipswich,266,48,5,2024-09-21T14:00:00Z,False,17,0,0,0,0,0,0,0,0,0,0,0,0,0,0,0,40,2400,89,330,0.0,0.0,0.0,0.0,0.0,0.0,0.0
Joachim Andersen,DEF,Fulham,191,44,5,2024-09-21T14:00:00Z,True,15,90,1,2,0,0,0,1,0,0,0,0,0,0,0,15,44,1094620,6561,78810,0.06,0.01,1.54,25.6,11.3,16.0,0.5
Moisés Caicedo Corozo,MID,Chelsea,157,50,5,2024-09-21T11:30:00Z,False,19,90,1,6,0,1,1,0,0,0,0,0,0,0,0,28,49,69209,11849,5265,0.08,0.41,0.85,54.8,21.2,5.0,3.2
Carlos Henrique Casimiro,MID,Man Utd,368,43,5,2024-09-21T16:30:00Z,False,7,0,0,0,0,0,0,0,0,0,0,0,0,0,0,0,49,55642,2840,7083,0.0,0.0,0.0,0.0,0.0,0.0,0.7
Roman Dixon,DEF,Everton,627,45,5,2024-09-21T14:00:00Z,False,11,0,0,0,0,0,0,0,0,0,0,0,0,0,0,0,40,5675,821,386,0.0,0.0,0.0,0.0,0.0,0.0,0.5
Jhon Durán,FWD,Aston Villa,38,41,5,2024-09-21T14:00:00Z,True,20,28,0,5,1,0,0,0,0,0,0,0,0,0,0,26,61,414473,257452,24338,1.03,0.0,0.0,32.0,0.8,21.0,4.8
Jacob Murphy,MID,Newcastle,402,44,5,2024-09-21T14:00:00Z,False,9,45,0,4,0,1,0,1,0,0,0,0,0,0,0,11,53,73320,2141,13202,0.03,0.1,1.01,16.8,18.3,4.0,3.0
Sean Longstaff,MID,Newcastle,410,44,5,2024-09-21T14:00:00Z,False,9,0,0,0,0,0,0,0,0,0,0,0,0,0,0,0,49,80260,2905,9730,0.0,0.0,0.0,0.0,0.0,0.0,1.5
Leander Dendoncker,MID,Aston Villa,33,41,5,2024-09-21T14:00:00Z,True,20,0,0,0,0,0,0,0,0,0,0,0,0,0,0,0,45,53665,0,11532,0.0,0.0,0.0,0.0,0.0,0.0,0.0
Trevoh Chalobah,DEF,Crystal Palace,159,43,5,2024-09-21T16:30:00Z,True,14,0,0,0,0,0,0,0,0,0,0,0,0,0,0,0,44,16742,70,3549,0.0,0.0,0.0,0.0,0.0,0.0,0.0
Ryan Manning,DEF,Southampton,467,48,5,2024-09-21T14:00:00Z,True,10,0,0,0,0,0,0,0,0,0,0,0,0,0,0,0,44,6693,62,388,0.0,0.0,0.0,0.0,0.0,0.0,0.0
Vitalii Mykolenko,DEF,Everton,231,45,5,2024-09-21T14:00:00Z,False,11,0,0,0,0,0,0,0,0,0,0,0,0,0,0,0,44,474383,4066,77832,0.0,0.0,0.0,0.0,0.0,0.0,0.8
Ryan Christie,MID,Bournemouth,63,46,5,2024-09-21T14:00:00Z,False,12,68,1,1,0,0,0,3,0,0,0,1,0,0,0,7,49,21905,1166,2123,0.0,0.03,1.65,0.8,13.8,6.0,1.3
Fábio Silva,FWD,Wolves,545,41,5,2024-09-21T14:00:00Z,False,2,0,0,0,0,0,0,0,0,0,0,0,0,0,0,0,50,17476,0,3077,0.0,0.0,0.0,0.0,0.0,0.0,0.0
Kepa Arrizabalaga,GK,Bournemouth,152,46,5,2024-09-21T14:00:00Z,False,12,90,1,4,0,0,0,3,0,0,0,0,0,9,0,14,45,48397,3607,3168,0.0,0.0,2.06,59.4,0.0,0.0,1.3
Frank Onyeka,MID,Brentford,102,49,5,2024-09-21T14:00:00Z,False,18,0,0,0,0,0,0,0,0,0,0,0,0,0,0,0,49,2213,0,356,0.0,0.0,0.0,0.0,0.0,0.0,0.0
Youssef Ramalho Chermiti,FWD,Everton,237,45,5,2024-09-21T14:00:00Z,False,11,0,0,0,0,0,0,0,0,0,0,0,0,0,0,0,49,1097,82,205,0.0,0.0,0.0,0.0,0.0,0.0,0.0
Morgan Gibbs-White,MID,Nott'm Forest,433,42,5,2024-09-22T13:00:00Z,False,5,82,1,-1,0,0,0,2,0,0,0,0,1,0,0,-3,64,357182,24129,33513,0.07,0.03,0.89,2.6,1.9,23.0,3.2
Noni Madueke,MID,Chelsea,177,50,5,2024-09-21T11:30:00Z,False,19,90,1,3,0,0,1,0,0,0,0,0,0,0,0,12,66,1261725,149085,147001,0.16,0.01,0.85,9.6,16.4,31.0,7.0
Nélson Cabral Semedo,DEF,Wolves,559,41,5,2024-09-21T14:00:00Z,False,2,90,1,0,0,0,0,3,0,0,0,1,0,0,0,-4,45,7992,1974,662,0.0,0.01,1.73,13.0,2.3,0.0,0.8
Tommy Doyle,MID,Wolves,544,41,5,2024-09-21T14:00:00Z,False,2,8,0,1,0,0,0,2,0,0,0,0,0,0,0,3,49,4454,117,296,0.0,0.01,1.15,2.6,0.3,0.0,1.0
Tom Heaton,GK,Man Utd,374,43,5,2024-09-21T16:30:00Z,False,7,0,0,0,0,0,0,0,0,0,0,0,0,0,0,0,40,25587,691,977,0.0,0.0,0.0,0.0,0.0,0.0,0.0
Lucas Bergvall,MID,Spurs,481,49,5,2024-09-21T14:00:00Z,True,4,2,0,1,0,0,0,0,0,0,0,0,0,0,0,3,45,105233,7126,8536,0.0,0.0,0.0,0.0,1.3,0.0,0.8
Lesley Ugochukwu,MID,Southampton,188,48,5,2024-09-21T14:00:00Z,True,10,31,0,1,0,0,0,1,0,0,0,0,0,0,0,2,45,44894,7592,3326,0.0,0.0,0.61,1.4,0.6,0.0,0.8
Evan Ferguson,FWD,Brighton,123,42,5,2024-09-22T13:00:00Z,True,16,8,0,1,0,0,0,0,0,0,0,0,0,0,0,3,55,23668,6831,2254,0.05,0.0,0.0,0.0,0.0,5.0,0.7
Christian Eriksen,MID,Man Utd,370,43,5,2024-09-21T16:30:00Z,False,7,75,1,3,0,0,1,0,0,0,0,0,0,0,0,14,54,17385,1403,999,0.0,0.35,0.87,11.6,46.1,4.0,2.0
Danny Ings,FWD,West Ham,523,50,5,2024-09-21T11:30:00Z,True,6,0,0,0,0,0,0,0,0,0,0,0,0,0,0,0,50,186526,70520,14096,0.0,0.0,0.0,0.0,0.0,0.0,2.0
Jean-Ricner Bellegarde,MID,Wolves,535,41,5,2024-09-21T14:00:00Z,False,2,70,1,3,0,0,1,0,0,0,0,0,0,0,0,7,50,8030,1475,816,0.0,0.19,0.45,3.2,23.1,4.0,3.5
Tim Ream,DEF,Fulham,253,44,5,2024-09-21T14:00:00Z,True,15,0,0,0,0,0,0,0,0,0,0,0,0,0,0,0,45,794,0,43,0.0,0.0,0.0,0.0,0.0,0.0,0.0
Benoît Badiashile,DEF,Chelsea,153,50,5,2024-09-21T11:30:00Z,False,19,0,0,0,0,0,0,0,0,0,0,0,0,0,0,0,44,12991,311,1034,0.0,0.0,0.0,0.0,0.0,0.0,0.0
Radu Drăgușin,DEF,Spurs,486,49,5,2024-09-21T14:00:00Z,True,4,0,0,0,0,0,0,0,0,0,0,0,0,0,0,0,44,19178,459,1469,0.0,0.0,0.0,0.0,0.0,0.0,0.2
Jack Stephens,DEF,Southampton,472,48,5,2024-09-21T14:00:00Z,True,10,0,0,0,0,0,0,0,0,0,0,0,0,0,0,0,40,83673,501,16737,0.0,0.0,0.0,0.0,0.0,0.0,0.0
Mateo Kovačić,MID,Man City,354,47,5,2024-09-22T15:30:00Z,True,1,69,0,6,0,1,0,2,0,0,0,0,0,0,1,24,55,147368,7697,29388,0.2,0.31,0.65,11.8,68.0,11.0,2.2
Nicolás Domínguez,MID,Nott'm Forest,431,42,5,2024-09-22T13:00:00Z,False,5,0,0,0,0,0,0,0,0,0,0,0,0,0,0,0,49,3027,153,199,0.0,0.0,0.0,0.0,0.0,0.0,0.2
Ben Doak,MID,Liverpool,318,46,5,2024-09-21T14:00:00Z,True,3,0,0,0,0,0,0,0,0,0,0,0,0,0,0,0,45,3255,0,482,0.0,0.0,0.0,0.0,0.0,0.0,0.0
Phil Foden,MID,Man City,348,47,5,2024-09-22T15:30:00Z,True,1,20,0,1,0,0,0,0,0,0,0,0,0,0,0,3,93,570824,22446,75104,0.07,0.24,0.06,1.4,14.9,14.0,0.2
Mason Mount,MID,Man Utd,382,43,5,2024-09-21T16:30:00Z,False,7,0,0,0,0,0,0,0,0,0,0,0,0,0,0,0,63,12046,62,1233,0.0,0.0,0.0,0.0,0.0,0.0,0.0
Gabriel Martinelli Silva,MID,Arsenal,9,47,5,2024-09-22T15:30:00Z,False,13,86,1,5,0,1,0,1,0,0,0,0,0,0,0,18,69,190107,6790,21477,0.0,0.06,1.48,25.2,25.0,4.0,3.0
Yasin Ayari,MID,Brighton,600,42,5,2024-09-22T13:00:00Z,True,16,0,0,0,0,0,0,0,0,0,0,0,0,0,0,0,50,2972,487,240,0.0,0.0,0.0,0.0,0.0,0.0,1.7
Mikel Merino,MID,Arsenal,633,47,5,2024-09-22T15:30:00Z,False,13,0,0,0,0,0,0,0,0,0,0,0,0,0,0,0,60,645,79,148,0.0,0.0,0.0,0.0,0.0,0.0,0.0
Facundo Buonanotte,MID,Leicester,117,45,5,2024-09-21T14:00:00Z,True,8,34,0,0,0,0,0,0,0,0,0,1,0,0,0,-3,50,32267,2982,5932,0.04,0.01,0.22,1.4,1.7,5.0,2.3
Caoimhin Kelleher,GK,Liverpool,325,46,5,2024-09-21T14:00:00Z,True,3,90,1,9,0,0,1,0,0,0,0,0,0,7,1,38,44,41029,16281,2194,0.0,0.0,1.08,49.8,0.0,0.0,2.7
Odeluga Offiah,DEF,Brighton,139,42,5,2024-09-22T13:00:00Z,True,16,0,0,0,0,0,0,0,0,0,0,0,0,0,0,0,40,10785,0,1175,0.0,0.0,0.0,0.0,0.0,0.0,0.0
Lino da Cruz Sousa,DEF,Aston Villa,56,41,5,2024-09-21T14:00:00Z,True,20,0,0,0,0,0,0,0,0,0,0,0,0,0,0,0,40,10798,0,928,0.0,0.0,0.0,0.0,0.0,0.0,0.0
Amario Cozier-Duberry,MID,Brighton,118,42,5,2024-09-22T13:00:00Z,True,16,0,0,0,0,0,0,0,0,0,0,0,0,0,0,0,45,6868,0,1250,0.0,0.0,0.0,0.0,0.0,0.0,0.0
Emerson Leite de Souza Junior,DEF,Spurs,487,49,5,2024-09-21T14:00:00Z,True,4,0,0,0,0,0,0,0,0,0,0,0,0,0,0,0,45,1285,0,88,0.0,0.0,0.0,0.0,0.0,0.0,0.0
Kai Havertz,FWD,Arsenal,4,47,5,2024-09-22T15:30:00Z,False,13,90,1,2,0,0,0,2,0,0,0,0,0,0,0,8,81,1733362,108350,190859,0.06,0.0,2.16,15.0,0.0,17.0,3.5
Scott Carson,GK,Man City,344,47,5,2024-09-22T15:30:00Z,True,1,0,0,0,0,0,0,0,0,0,0,0,0,0,0,0,40,21205,866,838,0.0,0.0,0.0,0.0,0.0,0.0,0.0
Ethan Brierley,MID,Brentford,87,49,5,2024-09-21T14:00:00Z,False,18,0,0,0,0,0,0,0,0,0,0,0,0,0,0,0,45,10108,863,922,0.0,0.0,0.0,0.0,0.0,0.0,0.0
Andrey Nascimento dos Santos,MID,Chelsea,150,50,5,2024-09-21T11:30:00Z,False,19,0,0,0,0,0,0,0,0,0,0,0,0,0,0,0,45,450,0,35,0.0,0.0,0.0,0.0,0.0,0.0,0.0
Rico Henry,DEF,Brentford,92,49,5,2024-09-21T14:00:00Z,False,18,0,0,0,0,0,0,0,0,0,0,0,0,0,0,0,44,4522,44,443,0.0,0.0,0.0,0.0,0.0,0.0,0.0
Mateusz Lis,GK,Southampton,465,48,5,2024-09-21T14:00:00Z,True,10,0,0,0,0,0,0,0,0,0,0,0,0,0,0,0,40,17610,0,1097,0.0,0.0,0.0,0.0,0.0,0.0,0.0
Yoane Wissa,FWD,Brentford,110,49,5,2024-09-21T14:00:00Z,False,18,0,0,0,0,0,0,0,0,0,0,0,0,0,0,0,61,495998,81784,356745,0.0,0.0,0.0,0.0,0.0,0.0,0.0
Daniel Iversen,GK,Leicester,294,45,5,2024-09-21T14:00:00Z,True,8,0,0,0,0,0,0,0,0,0,0,0,0,0,0,0,40,70615,1193,2663,0.0,0.0,0.0,0.0,0.0,0.0,-0.5
Mads Hermansen,GK,Leicester,293,45,5,2024-09-21T14:00:00Z,True,8,90,1,3,0,0,0,1,0,0,0,0,0,4,0,12,45,56728,5469,3724,0.0,0.0,1.1,36.0,0.1,0.0,1.5
Rob Holding,DEF,Crystal Palace,202,43,5,2024-09-21T16:30:00Z,True,14,0,0,0,0,0,0,0,0,0,0,0,0,0,0,0,44,9351,167,509,0.0,0.0,0.0,0.0,0.0,0.0,0.0
Ismaïla Sarr,MID,Crystal Palace,585,43,5,2024-09-21T16:30:00Z,True,14,45,0,1,0,0,0,0,0,0,0,0,0,0,0,8,59,21206,1432,2065,0.31,0.12,0.28,9.4,11.8,47.0,1.8
Jarrod Bowen,MID,West Ham,514,50,5,2024-09-21T11:30:00Z,True,6,90,1,2,0,0,0,3,0,0,0,0,0,0,0,14,75,653433,76003,42652,0.12,0.11,2.19,9.4,20.5,29.0,5.0
Mark O’Mahony,FWD,Brighton,138,42,5,2024-09-22T13:00:00Z,True,16,0,0,0,0,0,0,0,0,0,0,0,0,0,0,0,45,48203,0,5419,0.0,0.0,0.0,0.0,0.0,0.0,0.0
Ryan Sessegnon,DEF,Fulham,579,44,5,2024-09-21T14:00:00Z,True,15,0,0,0,0,0,0,0,0,0,0,0,0,0,0,0,44,15435,289,1235,0.0,0.0,0.0,0.0,0.0,0.0,-0.5
Josh Dasilva,MID,Brentford,90,49,5,2024-09-21T14:00:00Z,False,18,0,0,0,0,0,0,0,0,0,0,0,0,0,0,0,49,526,23,65,0.0,0.0,0.0,0.0,0.0,0.0,0.0
Jadon Sancho,MID,Chelsea,386,50,5,2024-09-21T11:30:00Z,False,19,56,1,4,0,1,0,0,0,0,0,0,0,0,0,15,63,84250,50927,5254,0.0,0.21,0.5,18.8,30.0,6.0,2.3
Sam Johnstone,GK,Wolves,204,41,5,2024-09-21T14:00:00Z,False,2,90,1,1,0,0,0,3,0,0,0,0,0,0,0,-3,44,48928,4119,2637,0.0,0.0,1.73,4.4,0.0,0.0,1.5
Jonny Evans,DEF,Man Utd,371,43,5,2024-09-21T16:30:00Z,False,7,0,0,0,0,0,0,0,0,0,0,0,0,0,0,0,44,11547,327,654,0.0,0.0,0.0,0.0,0.0,0.0,0.3
Mohamed Salah,MID,Liverpool,328,46,5,2024-09-21T14:00:00Z,True,3,90,1,6,0,1,1,0,0,0,0,0,0,0,0,31,127,4921421,236813,74774,0.61,0.17,1.08,42.0,68.3,90.0,9.3
Federico Chiesa,MID,Liverpool,636,46,5,2024-09-21T14:00:00Z,True,3,18,0,1,0,0,0,0,0,0,0,0,0,0,0,-1,70,30745,4861,6988,0.16,0.08,0.55,0.2,0.9,15.0,0.8
Timothy Castagne,DEF,Fulham,244,44,5,2024-09-21T14:00:00Z,True,15,0,0,0,0,0,0,0,0,0,0,0,0,0,0,0,43,135247,2469,16943,0.0,0.0,0.0,0.0,0.0,0.0,-0.5
Tariq Lamptey,DEF,Brighton,131,42,5,2024-09-22T13:00:00Z,True,16,0,0,0,0,0,0,0,0,0,0,0,0,0,0,0,45,19145,1024,1463,0.0,0.0,0.0,0.0,0.0,0.0,0.0
Ola Aina,DEF,Nott'm Forest,422,42,5,2024-09-22T13:00:00Z,False,5,90,1,0,0,0,0,2,0,0,0,1,0,0,0,-5,45,512569,288860,18513,0.0,0.0,0.94,17.2,0.5,0.0,4.8
Taiwo Awoniyi,FWD,Nott'm Forest,424,42,5,2024-09-22T13:00:00Z,False,5,0,0,0,0,0,0,0,0,0,0,0,0,0,0,0,58,43975,2382,6941,0.0,0.0,0.0,0.0,0.0,0.0,0.5
Leandro Trossard,MID,Arsenal,23,47,5,2024-09-22T15:30:00Z,False,13,52,1,-2,0,0,0,2,0,0,0,0,1,0,0,-10,69,179003,9272,19539,0.08,0.0,0.6,0.0,0.0,4.0,2.2
Jacob Greaves,DEF,Ipswich,270,48,5,2024-09-21T14:00:00Z,False,17,90,1,2,0,0,0,1,0,0,0,0,0,0,0,10,40,252259,75558,9683,0.03,0.01,2.49,22.0,1.3,7.0,2.5
Issa Kaboré,DEF,Man City,626,47,5,2024-09-22T15:30:00Z,True,1,0,0,0,0,0,0,0,0,0,0,0,0,0,0,0,45,775,0,164,0.0,0.0,0.0,0.0,0.0,0.0,0.0
Alfie Whiteman,GK,Spurs,510,49,5,2024-09-21T14:00:00Z,True,4,0,0,0,0,0,0,0,0,0,0,0,0,0,0,0,40,162028,2304,3961,0.0,0.0,0.0,0.0,0.0,0.0,0.0
Séamus Coleman,DEF,Everton,221,45,5,2024-09-21T14:00:00Z,False,11,0,0,0,0,0,0,0,0,0,0,0,0,0,0,0,44,3631,52,479,0.0,0.0,0.0,0.0,0.0,0.0,0.0
Fabian Schär,DEF,Newcastle,415,44,5,2024-09-21T14:00:00Z,False,9,90,1,1,0,0,0,3,0,0,0,0,0,0,0,5,54,121229,25514,4320,0.4,0.2,2.29,12.6,7.7,12.0,2.7
Nicolas Jackson,FWD,Chelsea,180,50,5,2024-09-21T11:30:00Z,False,19,63,1,16,2,1,1,0,0,0,0,0,0,0,3,77,76,736895,116753,89550,0.76,0.06,0.57,87.8,23.2,47.0,8.2
Joe White,MID,Newcastle,419,44,5,2024-09-21T14:00:00Z,False,9,0,0,0,0,0,0,0,0,0,0,0,0,0,0,0,45,26262,0,3623,0.0,0.0,0.0,0.0,0.0,0.0,0.0
Jamie Vardy,FWD,Leicester,306,45,5,2024-09-21T14:00:00Z,True,8,82,1,2,0,0,0,1,0,0,0,0,0,0,0,5,57,1224199,531497,40499,0.0,0.01,1.02,0.0,1.2,8.0,2.7
Miguel Almirón Rejala,MID,Newcastle,391,44,5,2024-09-21T14:00:00Z,False,9,0,0,0,0,0,0,0,0,0,0,0,0,0,0,0,57,55223,2750,7613,0.0,0.0,0.0,0.0,0.0,0.0,1.0
James Garner,MID,Everton,223,45,5,2024-09-21T14:00:00Z,False,11,90,1,1,0,0,0,1,0,0,0,1,0,0,0,5,50,1715,97,155,0.01,0.0,0.66,19.6,4.7,4.0,1.0
Marcus Tavernier,MID,Bournemouth,83,46,5,2024-09-21T14:00:00Z,False,12,90,1,2,0,0,0,3,0,0,0,0,0,0,0,17,55,35852,8482,4719,0.02,0.07,2.06,16.0,41.8,2.0,3.5
Lewis Dobbin,MID,Aston Villa,37,41,5,2024-09-21T14:00:00Z,True,20,0,0,0,0,0,0,0,0,0,0,0,0,0,0,0,50,256,0,15,0.0,0.0,0.0,0.0,0.0,0.0,0.0
Viljami Sinisalo,GK,Aston Villa,55,41,5,2024-09-21T14:00:00Z,True,20,0,0,0,0,0,0,0,0,0,0,0,0,0,0,0,40,115,0,2,0.0,0.0,0.0,0.0,0.0,0.0,0.0
Omari Kellyman,MID,Chelsea,173,50,5,2024-09-21T11:30:00Z,False,19,0,0,0,0,0,0,0,0,0,0,0,0,0,0,0,45,3878,48,570,0.0,0.0,0.0,0.0,0.0,0.0,0.0
Daniel Castelo Podence,MID,Wolves,562,41,5,2024-09-21T14:00:00Z,False,2,0,0,0,0,0,0,0,0,0,0,0,0,0,0,0,55,3535,0,850,0.0,0.0,0.0,0.0,0.0,0.0,0.0
Martial Godo,MID,Fulham,605,44,5,2024-09-21T14:00:00Z,True,15,0,0,0,0,0,0,0,0,0,0,0,0,0,0,0,45,3892,358,373,0.0,0.0,0.0,0.0,0.0,0.0,-0.5
Harrison Reed,MID,Fulham,254,44,5,2024-09-21T14:00:00Z,True,15,23,0,0,0,0,0,0,0,0,0,1,0,0,0,-2,49,4377,180,391,0.0,0.0,1.12,0.2,0.6,4.0,0.3
Guido Rodríguez,MID,West Ham,588,50,5,2024-09-21T11:30:00Z,True,6,37,1,1,0,0,0,2,0,0,0,0,0,0,0,3,50,8404,288,668,0.0,0.01,0.93,5.0,1.4,0.0,1.5
Will Alves,MID,Leicester,606,45,5,2024-09-21T14:00:00Z,True,8,0,0,0,0,0,0,0,0,0,0,0,0,0,0,0,45,11279,889,868,0.0,0.0,0.0,0.0,0.0,0.0,-0.5
Carlos Baleba,MID,Brighton,115,42,5,2024-09-22T13:00:00Z,True,16,61,1,1,0,0,0,1,0,0,0,1,0,0,0,1,50,7327,1982,588,0.03,0.01,0.86,2.2,2.2,2.0,2.0
James Hill,DEF,Bournemouth,68,46,5,2024-09-21T14:00:00Z,False,12,0,0,0,0,0,0,0,0,0,0,0,0,0,0,0,40,38605,1345,2002,0.0,0.0,0.0,0.0,0.0,0.0,-0.5
David Datro Fofana,FWD,Chelsea,164,50,5,2024-09-21T11:30:00Z,False,19,0,0,0,0,0,0,0,0,0,0,0,0,0,0,0,54,9962,0,2446,0.0,0.0,0.0,0.0,0.0,0.0,0.0
Ryan Fraser,MID,Southampton,397,48,5,2024-09-21T14:00:00Z,True,10,58,1,1,0,0,0,0,0,0,0,0,0,0,0,3,49,3524,117,225,0.0,0.0,1.08,10.6,1.5,0.0,0.5
Ângelo Gabriel Borges Damaceno,MID,Chelsea,151,50,5,2024-09-21T11:30:00Z,False,19,0,0,0,0,0,0,0,0,0,0,0,0,0,0,0,45,24138,0,3293,0.0,0.0,0.0,0.0,0.0,0.0,0.0
Nathan Patterson,DEF,Everton,234,45,5,2024-09-21T14:00:00Z,False,11,0,0,0,0,0,0,0,0,0,0,0,0,0,0,0,44,1351,57,147,0.0,0.0,0.0,0.0,0.0,0.0,0.0
Robin Olsen,GK,Aston Villa,51,41,5,2024-09-21T14:00:00Z,True,20,0,0,0,0,0,0,0,0,0,0,0,0,0,0,0,45,10432,555,731,0.0,0.0,0.0,0.0,0.0,0.0,0.0
Mathias Jensen,MID,Brentford,95,49,5,2024-09-21T14:00:00Z,False,18,0,0,0,0,0,0,0,0,0,0,0,0,0,0,0,54,10700,46,3366,0.0,0.0,0.0,0.0,0.0,0.0,0.0
Bart Verbruggen,GK,Brighton,146,42,5,2024-09-22T13:00:00Z,True,16,90,1,1,0,0,0,2,0,0,0,0,0,2,0,7,45,233147,45653,8671,0.0,0.0,1.53,19.2,0.0,0.0,3.3
Dango Ouattara,MID,Bournemouth,74,46,5,2024-09-21T14:00:00Z,False,12,45,0,1,0,0,0,0,0,0,0,0,0,0,0,6,50,2369,20,634,0.0,0.01,0.96,7.2,3.8,16.0,0.5
Emmanuel Dennis,FWD,Nott'm Forest,430,42,5,2024-09-22T13:00:00Z,False,5,0,0,0,0,0,0,0,0,0,0,0,0,0,0,0,49,29253,8027,3408,0.0,0.0,0.0,0.0,0.0,0.0,0.0
Yehor Yarmoliuk,MID,Brentford,111,49,5,2024-09-21T14:00:00Z,False,18,62,1,2,0,0,0,2,0,0,0,0,0,0,0,13,45,231661,6806,16228,0.0,0.01,3.01,17.2,5.1,0.0,0.8
Julián Álvarez,FWD,Man City,352,47,5,2024-09-22T15:30:00Z,True,1,0,0,0,0,0,0,0,0,0,0,0,0,0,0,0,70,11881,0,592,0.0,0.0,0.0,0.0,0.0,0.0,0.0
Tyler Dibling,MID,Southampton,608,48,5,2024-09-21T14:00:00Z,True,10,81,1,11,1,0,1,0,0,0,0,0,0,0,3,35,45,43101,26874,4412,0.72,0.2,1.14,39.2,20.2,23.0,3.8
Paul Onuachu,FWD,Southampton,470,48,5,2024-09-21T14:00:00Z,True,10,0,0,0,0,0,0,0,0,0,0,0,0,0,0,0,50,11791,914,1229,0.0,0.0,0.0,0.0,0.0,0.0,0.0
Bobby Clark,MID,Liverpool,315,46,5,2024-09-21T14:00:00Z,True,3,0,0,0,0,0,0,0,0,0,0,0,0,0,0,0,45,2593,0,276,0.0,0.0,0.0,0.0,0.0,0.0,0.0
Kieran Tierney,DEF,Arsenal,21,47,5,2024-09-22T15:30:00Z,False,13,0,0,0,0,0,0,0,0,0,0,0,0,0,0,0,44,2761,41,219,0.0,0.0,0.0,0.0,0.0,0.0,0.0
Orel Mangala,MID,Everton,651,45,5,2024-09-21T14:00:00Z,False,11,90,1,2,0,0,0,1,0,0,0,0,0,0,0,15,50,398,132,57,0.0,0.06,0.66,8.6,14.3,0.0,2.0
Darwin Núñez Ribeiro,FWD,Liverpool,316,46,5,2024-09-21T14:00:00Z,True,3,71,1,6,1,0,1,0,0,0,0,0,0,0,0,29,72,237329,8157,32270,0.31,0.01,0.54,43.6,2.3,45.0,2.7
Josh Bowler,MID,Nott'm Forest,426,42,5,2024-09-22T13:00:00Z,False,5,0,0,0,0,0,0,0,0,0,0,0,0,0,0,0,45,4110,0,506,0.0,0.0,0.0,0.0,0.0,0.0,0.0
Sugawara Yukinari,DEF,Southampton,474,48,5,2024-09-21T14:00:00Z,True,10,90,1,2,0,0,0,1,0,0,0,0,0,0,0,9,45,31524,6409,3644,0.0,0.03,1.69,19.6,12.8,4.0,3.0
Aaron Wan-Bissaka,DEF,West Ham,388,50,5,2024-09-21T11:30:00Z,True,6,90,1,1,0,0,0,3,0,0,0,0,0,0,0,1,45,187892,7493,10427,0.0,0.29,2.19,26.2,39.0,6.0,1.2
Bobby De Cordova-Reid,MID,Leicester,290,45,5,2024-09-21T14:00:00Z,True,8,0,0,0,0,0,0,0,0,0,0,0,0,0,0,0,54,10094,130,1348,0.0,0.0,0.0,0.0,0.0,0.0,0.3
Manuel Ugarte,MID,Man Utd,652,43,5,2024-09-21T16:30:00Z,False,7,14,0,1,0,0,0,0,0,0,0,0,0,0,0,1,50,10577,3910,1521,0.0,0.0,0.14,3.8,2.6,0.0,1.0
Nathan Broadhead,MID,Ipswich,262,48,5,2024-09-21T14:00:00Z,False,17,0,0,0,0,0,0,0,0,0,0,0,0,0,0,0,49,811,56,75,0.0,0.0,0.0,0.0,0.0,0.0,0.0
Matheus Luiz Nunes,MID,Man City,356,47,5,2024-09-22T15:30:00Z,True,1,0,0,0,0,0,0,0,0,0,0,0,0,0,0,0,49,9502,785,1382,0.0,0.0,0.0,0.0,0.0,0.0,1.5
Jake O'Brien,DEF,Everton,582,45,5,2024-09-21T14:00:00Z,False,11,0,0,0,0,0,0,0,0,0,0,0,0,0,0,0,48,20848,621,1998,0.0,0.0,0.0,0.0,0.0,0.0,0.5
Cameron Peupion,MID,Brighton,140,42,5,2024-09-22T13:00:00Z,True,16,0,0,0,0,0,0,0,0,0,0,0,0,0,0,0,45,6282,450,531,0.0,0.0,0.0,0.0,0.0,0.0,0.0
Felipe Rodrigues da Silva,DEF,Nott'm Forest,653,42,5,2024-09-22T13:00:00Z,False,5,18,0,1,0,0,0,0,0,0,0,0,0,0,0,7,45,849,177,66,0.0,0.0,0.07,11.2,0.0,0.0,1.0
Kosta Nedeljković,DEF,Aston Villa,50,41,5,2024-09-21T14:00:00Z,True,20,0,0,0,0,0,0,0,0,0,0,0,0,0,0,0,40,186958,4959,21327,0.0,0.0,0.0,0.0,0.0,0.0,0.5
Jay Stansfield,FWD,Fulham,256,44,5,2024-09-21T14:00:00Z,True,15,0,0,0,0,0,0,0,0,0,0,0,0,0,0,0,50,6603,0,1093,0.0,0.0,0.0,0.0,0.0,0.0,0.0
Nikola Milenković,DEF,Nott'm Forest,573,42,5,2024-09-22T13:00:00Z,False,5,90,1,1,0,0,0,2,0,0,0,0,0,0,0,6,45,28995,5657,1191,0.0,0.0,0.94,31.2,0.2,0.0,3.8
Sepp van den Berg,DEF,Brentford,338,49,5,2024-09-21T14:00:00Z,False,18,90,1,1,0,0,0,3,0,0,0,0,0,0,0,4,40,107520,17450,5158,0.0,0.21,3.52,25.8,11.4,2.0,0.8
Kevin Mbabu,DEF,Fulham,250,44,5,2024-09-21T14:00:00Z,True,15,0,0,0,0,0,0,0,0,0,0,0,0,0,0,0,40,31387,0,4124,0.0,0.0,0.0,0.0,0.0,0.0,0.0
Malang Sarr,DEF,Chelsea,176,50,5,2024-09-21T11:30:00Z,False,19,0,0,0,0,0,0,0,0,0,0,0,0,0,0,0,45,336,0,25,0.0,0.0,0.0,0.0,0.0,0.0,0.0
Jarrad Branthwaite,DEF,Everton,219,45,5,2024-09-21T14:00:00Z,False,11,0,0,0,0,0,0,0,0,0,0,0,0,0,0,0,49,82598,179,10009,0.0,0.0,0.0,0.0,0.0,0.0,0.0
Ferdi Kadioglu,DEF,Brighton,628,42,5,2024-09-22T13:00:00Z,True,16,0,0,0,0,0,0,0,0,0,0,0,0,0,0,0,45,19663,4825,1230,0.0,0.0,0.0,0.0,0.0,0.0,0.3
Mats Wieffer,MID,Brighton,149,42,5,2024-09-22T13:00:00Z,True,16,28,0,1,0,0,0,1,0,0,0,0,0,0,0,4,49,8372,116,982,0.0,0.01,0.67,9.4,12.4,2.0,0.3
Kyle Walker,DEF,Man City,363,47,5,2024-09-22T15:30:00Z,True,1,77,1,1,0,0,0,2,0,0,0,0,0,0,0,17,53,532829,10690,37102,0.09,0.68,0.6,27.8,54.4,18.0,1.0
Shea Charles,MID,Southampton,458,48,5,2024-09-21T14:00:00Z,True,10,0,0,0,0,0,0,0,0,0,0,0,0,0,0,0,45,5278,0,592,0.0,0.0,0.0,0.0,0.0,0.0,0.0
Samuel Edozie,MID,Southampton,459,48,5,2024-09-21T14:00:00Z,True,10,0,0,0,0,0,0,0,0,0,0,0,0,0,0,0,49,1826,0,390,0.0,0.0,0.0,0.0,0.0,0.0,0.0
Robert Sánchez,GK,Chelsea,185,50,5,2024-09-21T11:30:00Z,False,19,90,1,10,0,0,1,0,0,0,0,0,0,7,2,39,46,689266,250476,20205,0.0,0.0,0.85,52.2,0.0,0.0,7.0
Sergio Reguilón,DEF,Spurs,496,49,5,2024-09-21T14:00:00Z,True,4,0,0,0,0,0,0,0,0,0,0,0,0,0,0,0,44,21173,523,1869,0.0,0.0,0.0,0.0,0.0,0.0,0.0
Asmir Begovic,GK,Everton,624,45,5,2024-09-21T14:00:00Z,False,11,0,0,0,0,0,0,0,0,0,0,0,0,0,0,0,40,17922,1947,685,0.0,0.0,0.0,0.0,0.0,0.0,0.5
Conor Townsend,DEF,Ipswich,583,48,5,2024-09-21T14:00:00Z,False,17,0,0,0,0,0,0,0,0,0,0,0,0,0,0,0,40,43544,1854,2173,0.0,0.0,0.0,0.0,0.0,0.0,0.0
Ricardo Barbosa Pereira,DEF,Leicester,302,45,5,2024-09-21T14:00:00Z,True,8,0,0,0,0,0,0,0,0,0,0,0,0,0,0,0,44,14670,288,1393,0.0,0.0,0.0,0.0,0.0,0.0,-0.5
Massimo Luongo,MID,Ipswich,277,48,5,2024-09-21T14:00:00Z,False,17,0,0,0,0,0,0,0,0,0,0,0,0,0,0,0,45,64811,4578,5372,0.0,0.0,0.0,0.0,0.0,0.0,0.8
Harvey Elliott,MID,Liverpool,319,46,5,2024-09-21T14:00:00Z,True,3,0,0,0,0,0,0,0,0,0,0,0,0,0,0,0,52,38446,70,11578,0.0,0.0,0.0,0.0,0.0,0.0,0.0
Garang Kuol,MID,Newcastle,406,44,5,2024-09-21T14:00:00Z,False,9,0,0,0,0,0,0,0,0,0,0,0,0,0,0,0,45,4918,442,391,0.0,0.0,0.0,0.0,0.0,0.0,0.5
Rúben Gato Alves Dias,DEF,Man City,361,47,5,2024-09-22T15:30:00Z,True,1,90,1,0,0,0,0,2,0,0,0,1,0,0,0,5,55,440185,8857,42495,0.21,0.34,0.65,17.0,33.7,20.0,0.5
Romelu Lukaku Bolingoli,FWD,Chelsea,175,50,5,2024-09-21T11:30:00Z,False,19,0,0,0,0,0,0,0,0,0,0,0,0,0,0,0,63,26220,0,2595,0.0,0.0,0.0,0.0,0.0,0.0,0.0
Ben Chilwell,DEF,Chelsea,160,50,5,2024-09-21T11:30:00Z,False,19,0,0,0,0,0,0,0,0,0,0,0,0,0,0,0,48,61154,2062,5609,0.0,0.0,0.0,0.0,0.0,0.0,0.0
George Hirst,FWD,Ipswich,272,48,5,2024-09-21T14:00:00Z,False,17,17,0,1,0,0,0,0,0,0,0,0,0,0,0,2,54,1669,345,248,0.5,0.01,0.37,1.2,1.3,39.0,0.5
Daniel Jebbison,FWD,Bournemouth,69,46,5,2024-09-21T14:00:00Z,False,12,0,0,0,0,0,0,0,0,0,0,0,0,0,0,0,45,281123,0,44079,0.0,0.0,0.0,0.0,0.0,0.0,0.0
Tyrick Mitchell,DEF,Crystal Palace,210,43,5,2024-09-21T16:30:00Z,True,14,90,1,6,0,0,1,0,0,0,0,0,0,0,0,27,49,175982,5507,13262,0.0,0.08,1.7,24.4,19.5,2.0,3.2
Myles Peart-Harris,MID,Brentford,103,49,5,2024-09-21T14:00:00Z,False,18,0,0,0,0,0,0,0,0,0,0,0,0,0,0,0,45,3137,0,406,0.0,0.0,0.0,0.0,0.0,0.0,0.0
Mahmoud Dahoud,MID,Brighton,119,42,5,2024-09-22T13:00:00Z,True,16,0,0,0,0,0,0,0,0,0,0,0,0,0,0,0,49,1730,0,234,0.0,0.0,0.0,0.0,0.0,0.0,0.0
Jonathan Panzo,DEF,Nott'm Forest,441,42,5,2024-09-22T13:00:00Z,False,5,0,0,0,0,0,0,0,0,0,0,0,0,0,0,0,40,126,0,7,0.0,0.0,0.0,0.0,0.0,0.0,0.0
Nico O'Reilly,MID,Man City,607,47,5,2024-09-22T15:30:00Z,True,1,0,0,0,0,0,0,0,0,0,0,0,0,0,0,0,50,1298,73,109,0.0,0.0,0.0,0.0,0.0,0.0,0.0
Aaron Ramsdale,GK,Southampton,14,48,5,2024-09-21T14:00:00Z,True,10,90,1,3,0,0,0,1,0,0,0,0,0,5,0,15,44,206185,34765,9537,0.0,0.0,1.69,41.2,0.0,0.0,2.0
Moussa Diaby,MID,Aston Villa,34,41,5,2024-09-21T14:00:00Z,True,20,0,0,0,0,0,0,0,0,0,0,0,0,0,0,0,65,2039,0,105,0.0,0.0,0.0,0.0,0.0,0.0,0.0
Micky van de Ven,DEF,Spurs,506,49,5,2024-09-21T14:00:00Z,True,4,90,1,1,0,0,0,1,0,0,0,1,0,0,0,5,45,747823,46525,25905,0.0,0.01,0.8,11.2,2.0,2.0,2.8
Igor Thiago Nascimento Rodrigues,FWD,Brentford,107,49,5,2024-09-21T14:00:00Z,False,18,0,0,0,0,0,0,0,0,0,0,0,0,0,0,0,59,1959,66,112,0.0,0.0,0.0,0.0,0.0,0.0,0.0
Kaden Rodney,MID,Crystal Palace,647,43,5,2024-09-21T16:30:00Z,True,14,0,0,0,0,0,0,0,0,0,0,0,0,0,0,0,45,2003,475,233,0.0,0.0,0.0,0.0,0.0,0.0,0.0
Callum Hudson-Odoi,MID,Nott'm Forest,434,42,5,2024-09-22T13:00:00Z,False,5,90,1,4,0,1,0,2,0,0,0,1,0,0,0,18,54,244528,41326,15829,0.11,0.03,0.94,8.4,11.6,15.0,4.0
Armel Bella-Kotchap,DEF,Southampton,456,48,5,2024-09-21T14:00:00Z,True,10,0,0,0,0,0,0,0,0,0,0,0,0,0,0,0,40,30824,625,1595,0.0,0.0,0.0,0.0,0.0,0.0,0.0
Rodrigo Martins Gomes,MID,Wolves,563,41,5,2024-09-21T14:00:00Z,False,2,19,0,1,0,0,0,3,0,0,0,0,0,0,0,3,54,9926,170,1281,0.0,0.0,1.28,9.0,0.3,0.0,0.5
Lamare Bogarde,DEF,Aston Villa,598,41,5,2024-09-21T14:00:00Z,True,20,0,0,0,0,0,0,0,0,0,0,0,0,0,0,0,40,43305,13114,3034,0.0,0.0,0.0,0.0,0.0,0.0,0.5
Noussair Mazraoui,DEF,Man Utd,594,43,5,2024-09-21T16:30:00Z,False,7,90,1,6,0,0,1,0,0,0,0,0,0,0,0,25,46,1542687,140892,64770,0.0,0.07,1.01,19.6,3.3,0.0,4.3
Cameron Archer,FWD,Southampton,27,48,5,2024-09-21T14:00:00Z,True,10,58,1,1,0,0,0,0,0,0,0,0,0,0,0,-7,50,179382,25230,18969,1.26,0.01,1.08,1.0,3.0,34.0,0.8
Ezri Konsa Ngoyo,DEF,Aston Villa,44,41,5,2024-09-21T14:00:00Z,True,20,90,1,9,1,0,0,1,0,0,0,0,0,0,1,33,45,1342311,45939,61074,0.21,0.02,0.51,45.4,5.3,35.0,3.2
Pedro Porro,DEF,Spurs,495,49,5,2024-09-21T14:00:00Z,True,4,87,1,2,0,0,0,1,0,0,0,0,0,0,0,13,56,3516690,142451,109777,0.06,0.03,0.8,14.2,7.9,6.0,2.8
Alfie Devine,MID,Spurs,485,49,5,2024-09-21T14:00:00Z,True,4,0,0,0,0,0,0,0,0,0,0,0,0,0,0,0,45,9970,0,1764,0.0,0.0,0.0,0.0,0.0,0.0,0.0
Elkan Baggott,DEF,Ipswich,261,48,5,2024-09-21T14:00:00Z,False,17,0,0,0,0,0,0,0,0,0,0,0,0,0,0,0,40,2474,0,165,0.0,0.0,0.0,0.0,0.0,0.0,0.0
Erling Haaland,FWD,Man City,351,47,5,2024-09-22T15:30:00Z,True,1,90,1,9,1,0,0,2,0,0,0,0,0,0,3,33,153,7253417,329275,54648,0.81,0.02,0.65,42.2,0.5,114.0,14.0
Leif Davis,DEF,Ipswich,267,48,5,2024-09-21T14:00:00Z,False,17,90,1,2,0,0,0,1,0,0,0,0,0,0,0,11,45,206391,34960,8831,0.19,0.06,2.49,14.6,36.9,19.0,3.8
Virgil van Dijk,DEF,Liverpool,339,46,5,2024-09-21T14:00:00Z,True,3,90,1,6,0,0,1,0,0,0,0,0,0,0,0,28,60,1546242,91987,46980,0.0,0.0,1.08,18.6,0.7,0.0,5.5
Bilal El Khannouss,MID,Leicester,635,45,5,2024-09-21T14:00:00Z,True,8,55,1,1,0,0,0,1,0,0,0,0,0,0,0,10,50,4005,398,595,0.0,0.03,0.88,6.4,24.2,0.0,0.2
Konstantinos Mavropanos,DEF,West Ham,528,50,5,2024-09-21T11:30:00Z,True,6,90,1,1,0,0,0,3,0,0,0,0,0,0,0,2,45,21096,2218,1683,0.12,0.01,2.19,23.0,1.6,6.0,3.0
Matt Turner,GK,Crystal Palace,445,43,5,2024-09-21T16:30:00Z,True,14,0,0,0,0,0,0,0,0,0,0,0,0,0,0,0,40,1616514,13183,73643,0.0,0.0,0.0,0.0,0.0,0.0,0.0
Juan Larios López,DEF,Southampton,464,48,5,2024-09-21T14:00:00Z,True,10,0,0,0,0,0,0,0,0,0,0,0,0,0,0,0,40,7524,254,327,0.0,0.0,0.0,0.0,0.0,0.0,0.0
Harry Toffolo,DEF,Nott'm Forest,444,42,5,2024-09-22T13:00:00Z,False,5,0,0,0,0,0,0,0,0,0,0,0,0,0,0,0,44,6894,90,462,0.0,0.0,0.0,0.0,0.0,0.0,0.0
Toby Collyer,MID,Man Utd,613,43,5,2024-09-21T16:30:00Z,False,7,0,0,0,0,0,0,0,0,0,0,0,0,0,0,0,45,6813,1060,990,0.0,0.0,0.0,0.0,0.0,0.0,0.3
Asher Agbinone,MID,Crystal Palace,646,43,5,2024-09-21T16:30:00Z,True,14,0,0,0,0,0,0,0,0,0,0,0,0,0,0,0,45,3227,1009,362,0.0,0.0,0.0,0.0,0.0,0.0,0.0
Kadan Young,MID,Aston Villa,656,41,5,2024-09-21T14:00:00Z,True,20,0,0,0,0,0,0,0,0,0,0,0,0,0,0,0,45,15066,13632,2201,0.0,0.0,0.0,0.0,0.0,0.0,0.0
Caleb Wiley,DEF,Chelsea,575,50,5,2024-09-21T11:30:00Z,False,19,0,0,0,0,0,0,0,0,0,0,0,0,0,0,0,40,3187,0,168,0.0,0.0,0.0,0.0,0.0,0.0,0.0
Ethan Pinnock,DEF,Brentford,104,49,5,2024-09-21T14:00:00Z,False,18,90,1,1,0,0,0,3,0,0,0,0,0,0,0,1,45,37771,1365,2566,0.0,0.0,3.52,31.0,0.4,2.0,1.0
William Saliba,DEF,Arsenal,18,47,5,2024-09-22T15:30:00Z,False,13,90,1,1,0,0,0,2,0,0,0,0,0,0,0,7,60,3663934,39461,146246,0.0,0.0,2.16,24.2,0.3,0.0,3.5
Altay Bayindir,GK,Man Utd,367,43,5,2024-09-21T16:30:00Z,False,7,0,0,0,0,0,0,0,0,0,0,0,0,0,0,0,44,9838,113,466,0.0,0.0,0.0,0.0,0.0,0.0,0.0
Rodrigo Bentancur,MID,Spurs,480,49,5,2024-09-21T14:00:00Z,True,4,62,1,2,0,0,0,1,0,0,0,0,0,0,0,16,50,16182,1916,1288,0.08,0.02,0.74,8.2,3.6,4.0,0.8
Dominic Solanke-Mitchell,FWD,Spurs,82,49,5,2024-09-21T14:00:00Z,True,4,87,1,6,1,0,0,1,0,0,0,0,0,0,0,26,75,811901,157210,63257,1.61,0.07,0.8,39.0,4.8,55.0,2.0
Chris Richards,DEF,Crystal Palace,194,43,5,2024-09-21T16:30:00Z,True,14,90,1,6,0,0,1,0,0,0,0,0,0,0,0,23,45,17577,312,1574,0.0,0.0,1.7,21.2,0.3,0.0,2.2
Rayan Aït-Nouri,DEF,Wolves,533,41,5,2024-09-21T14:00:00Z,False,2,90,1,0,0,0,0,3,0,0,0,1,0,0,0,-3,45,192717,1994,27924,0.13,0.02,1.73,4.6,4.4,16.0,0.6
James Justin,DEF,Leicester,295,45,5,2024-09-21T14:00:00Z,True,8,90,1,2,0,0,0,1,0,0,0,0,0,0,0,19,45,29264,3469,2244,0.0,0.02,1.1,22.4,16.3,0.0,0.7
Joshua Zirkzee,FWD,Man Utd,389,43,5,2024-09-21T16:30:00Z,False,7,60,1,2,0,0,1,0,0,0,0,0,0,0,0,11,70,370580,31735,58539,0.1,0.22,0.17,5.2,28.6,11.0,1.7
Martin Ødegaard,MID,Arsenal,13,47,5,2024-09-22T15:30:00Z,False,13,0,0,0,0,0,0,0,0,0,0,0,0,0,0,0,83,533452,864,194704,0.0,0.0,0.0,0.0,0.0,0.0,0.0
Cesare Casadei,MID,Chelsea,158,50,5,2024-09-21T11:30:00Z,False,19,0,0,0,0,0,0,0,0,0,0,0,0,0,0,0,45,14873,1457,1631,0.0,0.0,0.0,0.0,0.0,0.0,0.0
Jaden Philogene,MID,Aston Villa,569,41,5,2024-09-21T14:00:00Z,True,20,0,0,0,0,0,0,0,0,0,0,0,0,0,0,0,53,5056,123,462,0.0,0.0,0.0,0.0,0.0,0.0,0.0
Mario Lemina,MID,Wolves,557,41,5,2024-09-21T14:00:00Z,False,2,90,1,1,0,0,0,3,0,0,0,1,0,0,0,3,50,38369,24658,3417,0.19,0.02,1.73,17.2,5.2,34.0,4.5
Adam Wharton,MID,Crystal Palace,216,43,5,2024-09-21T16:30:00Z,True,14,45,1,1,0,0,0,0,0,0,0,0,0,0,0,3,49,38461,3498,3665,0.0,0.0,1.42,0.6,0.6,0.0,1.8
Luis Sinisterra,MID,Bournemouth,80,46,5,2024-09-21T14:00:00Z,False,12,20,0,1,0,0,0,0,0,0,0,0,0,0,0,3,50,50533,6649,6873,0.35,0.01,0.4,11.4,22.9,65.0,3.0
Michael Keane,DEF,Everton,228,45,5,2024-09-21T14:00:00Z,False,11,90,1,1,0,0,0,1,0,0,0,1,0,0,0,2,40,566968,47945,35898,0.0,0.0,0.66,20.8,0.1,0.0,1.9
Omar Richards,DEF,Nott'm Forest,438,42,5,2024-09-22T13:00:00Z,False,5,0,0,0,0,0,0,0,0,0,0,0,0,0,0,0,45,2793,0,284,0.0,0.0,0.0,0.0,0.0,0.0,0.0
Álex Moreno Lopera,DEF,Nott'm Forest,26,42,5,2024-09-22T13:00:00Z,False,5,45,1,0,0,0,0,2,0,0,0,0,0,0,0,-1,44,53734,6758,2701,0.0,0.0,0.39,7.0,0.3,0.0,1.5
Stephy Mavididi,MID,Leicester,298,45,5,2024-09-21T14:00:00Z,True,8,89,1,10,1,0,0,1,0,0,0,0,0,0,3,38,53,33840,9507,2623,0.29,0.31,1.02,50.2,25.9,52.0,4.3
Anthony Gordon,MID,Newcastle,398,44,5,2024-09-21T14:00:00Z,False,9,82,1,2,0,0,0,2,0,0,0,0,0,0,0,11,74,1583890,48135,177874,0.39,0.08,1.83,8.6,33.8,25.0,4.5
Diego Carlos Santos Silva,DEF,Aston Villa,35,41,5,2024-09-21T14:00:00Z,True,20,90,1,2,0,0,0,1,0,0,0,0,0,0,0,7,45,39882,2294,2163,0.0,0.01,0.51,20.0,1.9,0.0,0.5
Facundo Pellistri Rebollo,MID,Man Utd,384,43,5,2024-09-21T16:30:00Z,False,7,0,0,0,0,0,0,0,0,0,0,0,0,0,0,0,50,1023,0,77,0.0,0.0,0.0,0.0,0.0,0.0,0.0
Trent Alexander-Arnold,DEF,Liverpool,311,46,5,2024-09-21T14:00:00Z,True,3,90,1,11,0,1,1,0,0,0,0,0,0,0,2,39,71,3285302,117298,106657,0.0,0.13,1.08,35.2,26.0,2.0,6.5
Josh King,MID,Fulham,604,44,5,2024-09-21T14:00:00Z,True,15,0,0,0,0,0,0,0,0,0,0,0,0,0,0,0,45,10863,978,951,0.0,0.0,0.0,0.0,0.0,0.0,-0.5
Matt O'Riley,MID,Brighton,629,42,5,2024-09-22T13:00:00Z,True,16,0,0,0,0,0,0,0,0,0,0,0,0,0,0,0,55,395,72,64,0.0,0.0,0.0,0.0,0.0,0.0,0.0
Wanya Marçal-Madivádua,MID,Leicester,297,45,5,2024-09-21T14:00:00Z,True,8,0,0,0,0,0,0,0,0,0,0,0,0,0,0,0,45,2880,0,397,0.0,0.0,0.0,0.0,0.0,0.0,0.0
Jamal Lewis,DEF,Newcastle,408,44,5,2024-09-21T14:00:00Z,False,9,0,0,0,0,0,0,0,0,0,0,0,0,0,0,0,40,32503,0,5616,0.0,0.0,0.0,0.0,0.0,0.0,0.0
Jørgen Strand Larsen,FWD,Wolves,566,41,5,2024-09-21T14:00:00Z,False,2,64,1,2,0,0,1,0,0,0,0,0,0,0,0,6,55,109956,31650,11517,0.05,0.01,0.13,3.4,0.9,24.0,3.8
Jack Harrison,MID,Everton,224,45,5,2024-09-21T14:00:00Z,False,11,29,0,1,0,0,0,1,0,0,0,0,0,0,0,2,54,13351,493,1824,0.0,0.01,0.47,6.2,10.5,2.0,1.5
Riccardo Calafiori,DEF,Arsenal,578,47,5,2024-09-22T15:30:00Z,False,13,73,1,9,1,0,0,1,0,0,0,0,0,0,1,24,58,134546,649,17924,0.02,0.0,1.17,45.0,0.3,9.0,2.8
Luke Cundle,MID,Wolves,540,41,5,2024-09-21T14:00:00Z,False,2,0,0,0,0,0,0,0,0,0,0,0,0,0,0,0,45,29652,5007,3205,0.0,0.0,0.0,0.0,0.0,0.0,0.0
Jan Bednarek,DEF,Southampton,455,48,5,2024-09-21T14:00:00Z,True,10,90,1,2,0,0,0,1,0,0,0,0,0,0,0,13,40,340678,21624,12992,0.0,0.01,1.69,28.0,0.8,0.0,1.2
André Onana,GK,Man Utd,383,43,5,2024-09-21T16:30:00Z,False,7,90,1,9,0,0,1,0,0,0,0,0,0,4,2,32,50,569878,59694,21487,0.0,0.0,1.01,34.0,0.0,0.0,7.7
Odsonne Edouard,FWD,Leicester,198,45,5,2024-09-21T14:00:00Z,True,8,7,0,1,0,0,0,0,0,0,0,0,0,0,0,2,54,41869,1719,6290,0.0,0.04,0.08,2.2,10.5,8.0,0.3
Deivid Washington de Souza Eugênio,FWD,Chelsea,165,50,5,2024-09-21T11:30:00Z,False,19,0,0,0,0,0,0,0,0,0,0,0,0,0,0,0,50,14055,1425,1411,0.0,0.0,0.0,0.0,0.0,0.0,0.0
Lewis O'Brien,MID,Nott'm Forest,439,42,5,2024-09-22T13:00:00Z,False,5,0,0,0,0,0,0,0,0,0,0,0,0,0,0,0,50,107,0,3,0.0,0.0,0.0,0.0,0.0,0.0,0.0
Bukayo Saka,MID,Arsenal,17,47,5,2024-09-22T15:30:00Z,False,13,45,1,4,0,1,0,1,0,0,0,0,0,0,0,19,100,2931215,93151,255513,0.0,0.41,0.6,18.6,28.8,0.0,5.8
Alex Mighten,MID,Nott'm Forest,435,42,5,2024-09-22T13:00:00Z,False,5,0,0,0,0,0,0,0,0,0,0,0,0,0,0,0,45,2803,0,330,0.0,0.0,0.0,0.0,0.0,0.0,0.0
Djed Spence,DEF,Spurs,504,49,5,2024-09-21T14:00:00Z,True,4,0,0,0,0,0,0,0,0,0,0,0,0,0,0,0,44,9366,250,551,0.0,0.0,0.0,0.0,0.0,0.0,0.2
Hamza Choudhury,MID,Leicester,287,45,5,2024-09-21T14:00:00Z,True,8,0,0,0,0,0,0,0,0,0,0,0,0,0,0,0,45,24112,1227,1770,0.0,0.0,0.0,0.0,0.0,0.0,-0.3
Wesley Fofana,DEF,Chelsea,189,50,5,2024-09-21T11:30:00Z,False,19,56,1,0,0,0,0,0,0,0,0,1,0,0,0,0,45,76947,20287,4969,0.0,0.0,0.5,7.2,10.3,0.0,2.2
Lucas Digne,DEF,Aston Villa,36,41,5,2024-09-21T14:00:00Z,True,20,45,1,1,0,0,0,1,0,0,0,0,0,0,0,0,46,830162,187411,23716,0.0,0.01,0.51,2.2,2.5,0.0,3.5
Joe Aribo,MID,Southampton,452,48,5,2024-09-21T14:00:00Z,True,10,1,0,1,0,0,0,1,0,0,0,0,0,0,0,3,50,5953,256,988,0.0,0.0,0.55,0.0,0.3,0.0,1.2
Fábio Ferreira Vieira,MID,Arsenal,1,47,5,2024-09-22T15:30:00Z,False,13,0,0,0,0,0,0,0,0,0,0,0,0,0,0,0,54,1494,0,174,0.0,0.0,0.0,0.0,0.0,0.0,0.0
Guglielmo Vicario,GK,Spurs,508,49,5,2024-09-21T14:00:00Z,True,4,90,1,3,0,0,0,1,0,0,0,0,0,5,0,17,50,390976,22969,17423,0.0,0.0,0.8,40.0,0.0,0.0,3.0
Tony Yogane,MID,Brentford,661,49,5,2024-09-21T14:00:00Z,False,18,0,0,0,0,0,0,0,0,0,0,0,0,0,0,0,45,0,0,0,0.0,0.0,0.0,0.0,0.0,0.0,1.1
Nathan Fraser,FWD,Wolves,546,41,5,2024-09-21T14:00:00Z,False,2,0,0,0,0,0,0,0,0,0,0,0,0,0,0,0,45,338642,0,40419,0.0,0.0,0.0,0.0,0.0,0.0,0.0
Christian Walton,GK,Ipswich,283,48,5,2024-09-21T14:00:00Z,False,17,0,0,0,0,0,0,0,0,0,0,0,0,0,0,0,45,21791,418,2178,0.0,0.0,0.0,0.0,0.0,0.0,0.0
Matthijs de Ligt,DEF,Man Utd,593,43,5,2024-09-21T16:30:00Z,False,7,90,1,6,0,0,1,0,0,0,0,0,0,0,0,29,50,449909,112658,12008,0.54,0.0,1.01,21.2,0.5,99.0,7.0
Jack Hinshelwood,MID,Brighton,126,42,5,2024-09-22T13:00:00Z,True,16,90,1,10,1,0,0,2,0,0,0,0,0,0,3,36,50,6434,502,644,0.12,0.15,1.53,40.6,26.6,17.0,4.7
Antoine Semenyo,MID,Bournemouth,78,46,5,2024-09-21T14:00:00Z,False,12,69,1,2,0,0,0,3,0,0,0,0,0,0,0,9,56,622698,77210,60806,0.35,0.01,1.65,8.6,3.2,39.0,3.0
Will Dennis,GK,Bournemouth,599,46,5,2024-09-21T14:00:00Z,False,12,0,0,0,0,0,0,0,0,0,0,0,0,0,0,0,40,39628,1700,1324,0.0,0.0,0.0,0.0,0.0,0.0,-0.5
Omari Giraud-Hutchinson,MID,Ipswich,274,48,5,2024-09-21T14:00:00Z,False,17,90,1,1,0,0,0,1,0,0,0,1,0,0,0,12,54,43227,2207,4006,0.03,0.21,2.49,20.8,46.0,13.0,1.8
Dane Scarlett,FWD,Spurs,500,49,5,2024-09-21T14:00:00Z,True,4,0,0,0,0,0,0,0,0,0,0,0,0,0,0,0,45,10804,0,769,0.0,0.0,0.0,0.0,0.0,0.0,0.0
Joe Lumley,GK,Southampton,466,48,5,2024-09-21T14:00:00Z,True,10,0,0,0,0,0,0,0,0,0,0,0,0,0,0,0,40,31057,719,975,0.0,0.0,0.0,0.0,0.0,0.0,0.0
Dwight McNeil,MID,Everton,230,45,5,2024-09-21T14:00:00Z,False,11,90,1,2,0,0,0,1,0,0,0,0,0,0,0,20,54,256754,196829,16454,0.13,0.34,0.66,11.6,43.8,27.0,6.0
Kim Ji-soo,DEF,Brentford,96,49,5,2024-09-21T14:00:00Z,False,18,0,0,0,0,0,0,0,0,0,0,0,0,0,0,0,40,23936,585,1245,0.0,0.0,0.0,0.0,0.0,0.0,0.0
Franco Umeh-Chibueze,MID,Crystal Palace,644,43,5,2024-09-21T16:30:00Z,True,14,0,0,0,0,0,0,0,0,0,0,0,0,0,0,0,45,2593,732,337,0.0,0.0,0.0,0.0,0.0,0.0,0.0
Andy Irving,MID,West Ham,576,50,5,2024-09-21T11:30:00Z,True,6,18,0,1,0,0,0,0,0,0,0,0,0,0,0,4,49,2670,92,148,0.04,0.0,0.68,8.4,2.6,7.0,0.2
Karl Hein,GK,Arsenal,5,47,5,2024-09-22T15:30:00Z,False,13,0,0,0,0,0,0,0,0,0,0,0,0,0,0,0,40,4663,0,226,0.0,0.0,0.0,0.0,0.0,0.0,0.0
Nathaniel Clyne,DEF,Crystal Palace,196,43,5,2024-09-21T16:30:00Z,True,14,0,0,0,0,0,0,0,0,0,0,0,0,0,0,0,44,12960,425,791,0.0,0.0,0.0,0.0,0.0,0.0,0.8
Saša Lukić,MID,Fulham,249,44,5,2024-09-21T14:00:00Z,True,15,45,1,0,0,0,0,0,0,0,0,1,0,0,0,4,50,5948,216,385,0.0,0.07,0.11,6.0,16.5,0.0,0.7
Kevin De Bruyne,MID,Man City,345,47,5,2024-09-22T15:30:00Z,True,1,0,0,0,0,0,0,0,0,0,0,0,0,0,0,0,96,928993,26772,257537,0.0,0.0,0.0,0.0,0.0,0.0,2.8
Norberto Murara Neto,GK,Arsenal,73,47,5,2024-09-22T15:30:00Z,False,13,0,0,0,0,0,0,0,0,0,0,0,0,0,0,0,44,154013,1110,24185,0.0,0.0,0.0,0.0,0.0,0.0,0.8
Tyrell Malacia,DEF,Man Utd,379,43,5,2024-09-21T16:30:00Z,False,7,0,0,0,0,0,0,0,0,0,0,0,0,0,0,0,44,918,27,59,0.0,0.0,0.0,0.0,0.0,0.0,0.0
Lucas Tolentino Coelho de Lima,MID,West Ham,527,50,5,2024-09-21T11:30:00Z,True,6,71,1,2,0,0,0,3,0,0,0,0,0,0,0,7,60,200514,10261,28282,0.08,0.06,1.51,3.6,16.4,19.0,2.0
Lewis Dunk,DEF,Brighton,120,42,5,2024-09-22T13:00:00Z,True,16,90,1,0,0,0,0,2,0,0,0,1,0,0,0,5,46,863587,77363,27349,0.0,0.03,1.53,13.4,5.1,0.0,2.7
Mason Holgate,DEF,Everton,225,45,5,2024-09-21T14:00:00Z,False,11,0,0,0,0,0,0,0,0,0,0,0,0,0,0,0,40,36730,0,5013,0.0,0.0,0.0,0.0,0.0,0.0,0.0
Kurt Zouma,DEF,West Ham,532,50,5,2024-09-21T11:30:00Z,True,6,0,0,0,0,0,0,0,0,0,0,0,0,0,0,0,44,28567,0,6161,0.0,0.0,0.0,0.0,0.0,0.0,0.0
Sékou Mara,FWD,Southampton,468,48,5,2024-09-21T14:00:00Z,True,10,0,0,0,0,0,0,0,0,0,0,0,0,0,0,0,50,4550,0,595,0.0,0.0,0.0,0.0,0.0,0.0,0.0
Antony Matheus dos Santos,MID,Man Utd,365,43,5,2024-09-21T16:30:00Z,False,7,0,0,0,0,0,0,0,0,0,0,0,0,0,0,0,58,23143,1425,2174,0.0,0.0,0.0,0.0,0.0,0.0,0.0
Dara O'Shea,DEF,Ipswich,630,48,5,2024-09-21T14:00:00Z,False,17,90,1,1,0,0,0,1,0,0,0,1,0,0,0,12,40,50387,42574,3739,0.06,0.01,2.49,25.8,0.8,19.0,2.7
Kalvin Phillips,MID,Ipswich,359,48,5,2024-09-21T14:00:00Z,False,17,0,0,0,0,0,0,0,0,0,0,0,0,0,0,0,50,8630,545,559,0.0,0.0,0.0,0.0,0.0,0.0,1.0
Ibrahima Konaté,DEF,Liverpool,326,46,5,2024-09-21T14:00:00Z,True,3,90,1,8,0,1,1,0,0,0,0,1,0,0,0,36,51,639182,105958,27907,0.0,0.03,1.08,48.6,11.2,0.0,6.3
Chadi Riad Dnanou,DEF,Crystal Palace,195,43,5,2024-09-21T16:30:00Z,True,14,0,0,0,0,0,0,0,0,0,0,0,0,0,0,0,44,7519,47,1097,0.0,0.0,0.0,0.0,0.0,0.0,0.0
Freddie Ladapo,FWD,Ipswich,276,48,5,2024-09-21T14:00:00Z,False,17,0,0,0,0,0,0,0,0,0,0,0,0,0,0,0,45,134869,0,18548,0.0,0.0,0.0,0.0,0.0,0.0,0.0
Levi Colwill,DEF,Chelsea,162,50,5,2024-09-21T11:30:00Z,False,19,90,1,7,0,0,1,0,0,0,0,0,0,0,1,29,45,163296,25670,8658,0.0,0.31,0.85,26.0,13.6,4.0,3.8
Nick Pope,GK,Newcastle,413,44,5,2024-09-21T14:00:00Z,False,9,90,1,3,0,0,0,3,0,0,0,0,0,8,0,9,50,928683,39791,41682,0.0,0.0,2.29,53.0,0.0,0.0,3.7
Jorge Luiz Frello Filho,MID,Arsenal,7,47,5,2024-09-22T15:30:00Z,False,13,0,0,0,0,0,0,0,0,0,0,0,0,0,0,0,49,29155,2335,2426,0.0,0.0,0.0,0.0,0.0,0.0,0.5
Oliwier Zych,GK,Aston Villa,641,41,5,2024-09-21T14:00:00Z,True,20,0,0,0,0,0,0,0,0,0,0,0,0,0,0,0,40,36051,8163,2050,0.0,0.0,0.0,0.0,0.0,0.0,0.0
Luke Woolfenden,DEF,Ipswich,284,48,5,2024-09-21T14:00:00Z,False,17,0,0,0,0,0,0,0,0,0,0,0,0,0,0,0,40,184278,10684,7564,0.0,0.0,0.0,0.0,0.0,0.0,0.5
Łukasz Fabiański,GK,West Ham,521,50,5,2024-09-21T11:30:00Z,True,6,0,0,0,0,0,0,0,0,0,0,0,0,0,0,0,40,1587809,69406,43840,0.0,0.0,0.0,0.0,0.0,0.0,0.2
Idrissa Gueye,MID,Everton,222,45,5,2024-09-21T14:00:00Z,False,11,0,0,0,0,0,0,0,0,0,0,0,0,0,0,0,49,6276,921,1165,0.0,0.0,0.0,0.0,0.0,0.0,0.0
Joe Gomez,DEF,Liverpool,322,46,5,2024-09-21T14:00:00Z,True,3,0,0,0,0,0,0,0,0,0,0,0,0,0,0,0,49,44047,1203,3605,0.0,0.0,0.0,0.0,0.0,0.0,0.5
Dominic Calvert-Lewin,FWD,Everton,220,45,5,2024-09-21T14:00:00Z,False,11,90,1,2,0,0,0,1,0,0,0,0,0,0,0,3,59,408771,250138,39581,0.26,0.01,0.66,12.6,11.3,55.0,4.5
Yerson Mosquera,DEF,Wolves,558,41,5,2024-09-21T14:00:00Z,False,2,81,1,1,0,0,0,1,0,0,0,1,0,0,0,12,40,123035,10871,6782,0.0,0.01,0.58,25.0,10.6,4.0,0.5
Sil Swinkels,DEF,Aston Villa,640,41,5,2024-09-21T14:00:00Z,True,20,0,0,0,0,0,0,0,0,0,0,0,0,0,0,0,40,4686,810,435,0.0,0.0,0.0,0.0,0.0,0.0,0.0
Konstantinos Tsimikas,DEF,Liverpool,337,46,5,2024-09-21T14:00:00Z,True,3,0,0,0,0,0,0,0,0,0,0,0,0,0,0,0,47,24124,1572,2529,0.0,0.0,0.0,0.0,0.0,0.0,1.0
Christian Nørgaard,MID,Brentford,101,49,5,2024-09-21T14:00:00Z,False,18,0,0,0,0,0,0,0,0,0,0,0,0,0,0,0,49,11772,868,907,0.0,0.0,0.0,0.0,0.0,0.0,1.2
Emiliano Martínez Romero,GK,Aston Villa,47,41,5,2024-09-21T14:00:00Z,True,20,90,1,3,0,0,0,1,0,0,0,0,0,3,0,11,50,1382650,83160,75922,0.0,0.0,0.51,29.6,0.0,0.0,1.5
Declan Rice,MID,Arsenal,16,47,5,2024-09-22T15:30:00Z,False,13,90,1,1,0,0,0,2,0,0,0,1,0,0,0,2,63,301888,8900,20780,0.0,0.01,2.16,16.6,1.0,2.0,0.2
Dejan Kulusevski,MID,Spurs,492,49,5,2024-09-21T14:00:00Z,True,4,90,1,2,0,0,0,1,0,0,0,0,0,0,0,9,63,160487,14940,17301,0.38,0.11,0.8,13.0,38.2,48.0,2.8
Pascal Groß,MID,Brighton,125,42,5,2024-09-22T13:00:00Z,True,16,0,0,0,0,0,0,0,0,0,0,0,0,0,0,0,65,3226,0,248,0.0,0.0,0.0,0.0,0.0,0.0,0.0
Gabriel dos Santos Magalhães,DEF,Arsenal,3,47,5,2024-09-22T15:30:00Z,False,13,90,1,7,1,0,0,2,0,0,0,0,0,0,0,15,60,1375740,171534,39697,0.49,0.01,2.16,56.6,0.8,40.0,7.5
Cody Gakpo,FWD,Liverpool,321,46,5,2024-09-21T14:00:00Z,True,3,18,0,1,0,0,0,0,0,0,0,0,0,0,0,10,72,203266,13131,22934,0.07,0.09,0.55,7.2,30.8,6.0,1.5
Salah-Eddine Oulad M'hand,MID,Arsenal,638,47,5,2024-09-22T15:30:00Z,False,13,0,0,0,0,0,0,0,0,0,0,0,0,0,0,0,45,1103,238,174,0.0,0.0,0.0,0.0,0.0,0.0,0.0
Mohammed Kudus,MID,West Ham,525,50,5,2024-09-21T11:30:00Z,True,6,90,1,2,0,0,0,3,0,0,0,0,0,0,0,10,64,534684,20701,67144,0.19,0.01,2.19,13.6,3.8,50.0,2.2
Benicio Baker-Boaitey,MID,Brighton,114,42,5,2024-09-22T13:00:00Z,True,16,0,0,0,0,0,0,0,0,0,0,0,0,0,0,0,45,366,0,27,0.0,0.0,0.0,0.0,0.0,0.0,0.0
Vitaly Janelt,MID,Brentford,94,49,5,2024-09-21T14:00:00Z,False,18,90,1,2,0,0,0,3,0,0,0,0,0,0,0,14,49,22196,5046,2111,0.0,0.01,3.52,11.4,4.5,0.0,2.2
Adama Traoré,MID,Fulham,239,44,5,2024-09-21T14:00:00Z,True,15,73,1,4,0,1,0,1,0,0,0,1,0,0,0,24,50,369926,60272,33285,0.1,0.63,1.24,29.4,42.7,25.0,4.5
Jens Cajuste,MID,Ipswich,619,48,5,2024-09-21T14:00:00Z,False,17,60,1,2,0,0,0,1,0,0,0,0,0,0,0,5,45,4803,604,486,0.02,0.02,2.11,3.0,13.3,1.0,0.8
Tommy Setford,GK,Arsenal,639,47,5,2024-09-22T15:30:00Z,False,13,0,0,0,0,0,0,0,0,0,0,0,0,0,0,0,45,1262,153,131,0.0,0.0,0.0,0.0,0.0,0.0,0.0
Alexis Mac Allister,MID,Liverpool,329,46,5,2024-09-21T14:00:00Z,True,3,90,1,3,0,0,1,0,0,0,0,0,0,0,0,26,64,200083,6631,18307,0.03,0.23,1.08,28.0,29.2,17.0,3.0
Endo Wataru,MID,Liverpool,320,46,5,2024-09-21T14:00:00Z,True,3,0,0,0,0,0,0,0,0,0,0,0,0,0,0,0,49,17537,699,2235,0.0,0.0,0.0,0.0,0.0,0.0,0.7
João Pedro Ferreira Silva,MID,Nott'm Forest,596,42,5,2024-09-22T13:00:00Z,False,5,45,0,3,0,1,0,0,0,0,0,1,0,0,0,12,60,10384,522,950,0.0,0.24,0.55,19.4,10.3,6.0,1.5
Ashley Phillips,DEF,Spurs,478,49,5,2024-09-21T14:00:00Z,True,4,0,0,0,0,0,0,0,0,0,0,0,0,0,0,0,40,31227,0,2783,0.0,0.0,0.0,0.0,0.0,0.0,0.0
Keane Lewis-Potter,MID,Brentford,98,49,5,2024-09-21T14:00:00Z,False,18,90,1,5,0,1,0,3,0,0,0,0,0,0,0,24,50,5188,412,474,0.02,0.15,3.52,42.2,17.1,11.0,2.5
Ben Johnson,DEF,Ipswich,275,48,5,2024-09-21T14:00:00Z,False,17,8,0,1,0,0,0,0,0,0,0,0,0,0,0,4,40,393131,4285,28675,0.0,0.0,0.11,0.8,0.1,0.0,1.0
Michael Golding,MID,Leicester,292,45,5,2024-09-21T14:00:00Z,True,8,0,0,0,0,0,0,0,0,0,0,0,0,0,0,0,45,5190,233,402,0.0,0.0,0.0,0.0,0.0,0.0,-0.5
João Félix Sequeira,MID,Chelsea,621,50,5,2024-09-21T11:30:00Z,False,19,26,0,1,0,0,0,0,0,0,0,0,0,0,0,4,64,91582,6238,27682,0.2,0.05,0.28,0.0,1.4,14.0,2.0
Remi Matthews,GK,Crystal Palace,209,43,5,2024-09-21T16:30:00Z,True,14,0,0,0,0,0,0,0,0,0,0,0,0,0,0,0,40,88016,943,2740,0.0,0.0,0.0,0.0,0.0,0.0,0.0
Alfie Gilchrist,DEF,Chelsea,170,50,5,2024-09-21T11:30:00Z,False,19,0,0,0,0,0,0,0,0,0,0,0,0,0,0,0,40,5677,0,404,0.0,0.0,0.0,0.0,0.0,0.0,0.0
Nayef Aguerd,DEF,West Ham,529,50,5,2024-09-21T11:30:00Z,True,6,0,0,0,0,0,0,0,0,0,0,0,0,0,0,0,44,7370,0,1301,0.0,0.0,0.0,0.0,0.0,0.0,0.0
Emile Smith Rowe,MID,Fulham,19,44,5,2024-09-21T14:00:00Z,True,15,83,1,8,1,0,0,1,0,0,0,0,0,0,1,27,57,2822238,283731,82295,0.41,0.02,1.24,37.2,6.8,27.0,6.3
Enes Ünal,FWD,Bournemouth,65,46,5,2024-09-21T14:00:00Z,False,12,14,0,1,0,0,0,0,0,0,0,0,0,0,0,3,54,2721,692,214,0.04,0.0,0.39,0.2,0.3,2.0,0.0
Lucas Bergström,GK,Chelsea,154,50,5,2024-09-21T11:30:00Z,False,19,0,0,0,0,0,0,0,0,0,0,0,0,0,0,0,40,28687,955,1128,0.0,0.0,0.0,0.0,0.0,0.0,0.0
Kacper Kozłowski,MID,Brighton,130,42,5,2024-09-22T13:00:00Z,True,16,0,0,0,0,0,0,0,0,0,0,0,0,0,0,0,45,76,0,11,0.0,0.0,0.0,0.0,0.0,0.0,0.0
Francisco Evanilson de Lima Barbosa,FWD,Bournemouth,617,46,5,2024-09-21T14:00:00Z,False,12,75,1,2,0,0,0,3,0,0,0,0,0,0,0,6,59,27389,5360,7256,0.04,0.24,1.66,3.0,23.9,7.0,1.0
Axel Tuanzebe,DEF,Ipswich,282,48,5,2024-09-21T14:00:00Z,False,17,81,1,2,0,0,0,1,0,0,0,0,0,0,0,11,40,254407,83438,9828,0.0,0.02,2.38,15.2,12.8,4.0,2.5
Gabriel Fernando de Jesus,FWD,Arsenal,2,47,5,2024-09-22T15:30:00Z,False,13,3,0,0,0,0,0,1,0,0,0,1,0,0,0,3,68,89599,7682,6040,0.0,0.0,0.69,10.0,0.0,0.0,0.2
Iliman Ndiaye,FWD,Everton,232,45,5,2024-09-21T14:00:00Z,False,11,80,1,8,1,0,0,1,0,0,0,0,0,0,2,35,54,28361,4341,3379,0.21,0.06,0.58,44.4,47.1,25.0,3.5
David Raya Martin,GK,Arsenal,15,47,5,2024-09-22T15:30:00Z,False,13,90,1,4,0,0,0,2,0,0,0,0,0,9,0,21,55,2945014,157350,81104,0.0,0.0,2.16,63.0,0.0,0.0,6.2
Enso González,MID,Wolves,547,41,5,2024-09-21T14:00:00Z,False,2,0,0,0,0,0,0,0,0,0,0,0,0,0,0,0,45,3141,500,402,0.0,0.0,0.0,0.0,0.0,0.0,0.0
Archie Gray,MID,Spurs,489,49,5,2024-09-21T14:00:00Z,True,4,2,0,1,0,0,0,0,0,0,0,0,0,0,0,2,49,18118,455,1969,0.0,0.0,0.0,0.2,0.0,0.0,0.5
Christopher Nkunku,MID,Chelsea,181,50,5,2024-09-21T11:30:00Z,False,19,26,0,1,0,0,0,0,0,0,0,0,0,0,0,1,62,488660,38897,45317,0.59,0.04,0.28,3.2,1.8,37.0,2.5
Manuel Akanji,DEF,Man City,340,47,5,2024-09-22T15:30:00Z,True,1,90,1,1,0,0,0,2,0,0,0,0,0,0,0,13,55,551559,13765,39177,0.03,0.31,0.65,28.6,62.2,8.0,1.5
Kaelan Casey,DEF,West Ham,643,50,5,2024-09-21T11:30:00Z,True,6,0,0,0,0,0,0,0,0,0,0,0,0,0,0,0,40,14299,3391,1391,0.0,0.0,0.0,0.0,0.0,0.0,0.0
Ryan Gravenberch,MID,Liverpool,323,46,5,2024-09-21T14:00:00Z,True,3,90,1,3,0,0,1,0,0,0,0,0,0,0,0,24,50,64879,13310,6490,0.02,0.09,1.08,24.6,15.6,7.0,2.7
Joe Willock,MID,Newcastle,420,44,5,2024-09-21T14:00:00Z,False,9,45,1,1,0,0,0,2,0,0,0,0,0,0,0,2,48,19438,9930,1716,0.0,0.01,1.28,3.0,11.7,0.0,2.0
Mark Flekken,GK,Brentford,91,49,5,2024-09-21T14:00:00Z,False,18,90,1,3,0,0,0,3,0,0,0,0,0,6,0,13,45,1115324,40254,52649,0.0,0.01,3.52,55.2,0.0,0.0,2.8
Lewis Cook,MID,Bournemouth,64,46,5,2024-09-21T14:00:00Z,False,12,90,1,1,0,0,0,3,0,0,0,1,0,0,0,11,50,12329,1207,1237,0.0,0.19,2.06,14.4,31.3,6.0,2.3
Alex Iwobi,MID,Fulham,247,44,5,2024-09-21T14:00:00Z,True,15,90,1,7,0,1,0,1,0,0,0,0,0,0,2,30,55,116202,9216,15394,0.35,0.23,1.54,34.8,57.3,50.0,4.5
Ethan Nwaneri,MID,Arsenal,12,47,5,2024-09-22T15:30:00Z,False,13,0,0,0,0,0,0,0,0,0,0,0,0,0,0,0,45,28148,3531,2445,0.0,0.0,0.0,0.0,0.0,0.0,0.2
Ross Stewart,FWD,Southampton,473,48,5,2024-09-21T14:00:00Z,True,10,31,0,0,0,0,0,1,0,0,0,1,0,0,0,-3,45,209798,134274,17457,0.04,0.01,0.61,0.0,1.8,5.0,0.2
Matt Doherty,DEF,Wolves,543,41,5,2024-09-21T14:00:00Z,False,2,0,0,0,0,0,0,0,0,0,0,0,0,0,0,0,45,19997,487,1153,0.0,0.0,0.0,0.0,0.0,0.0,0.2
Alejo Véliz,FWD,Spurs,507,49,5,2024-09-21T14:00:00Z,True,4,0,0,0,0,0,0,0,0,0,0,0,0,0,0,0,50,746,0,45,0.0,0.0,0.0,0.0,0.0,0.0,0.0
Ilkay Gündogan,MID,Man City,625,47,5,2024-09-22T15:30:00Z,True,1,90,1,2,0,0,0,2,0,0,0,0,0,0,0,9,65,35485,7190,4955,0.19,0.16,0.65,3.0,36.2,9.0,1.5
Isaac Hayden,MID,Newcastle,400,44,5,2024-09-21T14:00:00Z,False,9,0,0,0,0,0,0,0,0,0,0,0,0,0,0,0,45,8974,728,705,0.0,0.0,0.0,0.0,0.0,0.0,0.5
Wilson Odobert,MID,Spurs,612,49,5,2024-09-21T14:00:00Z,True,4,0,0,0,0,0,0,0,0,0,0,0,0,0,0,0,55,5384,480,1660,0.0,0.0,0.0,0.0,0.0,0.0,0.0
Conor Bradley,DEF,Liverpool,313,46,5,2024-09-21T14:00:00Z,True,3,0,0,0,0,0,0,0,0,0,0,0,0,0,0,0,48,40693,844,3978,0.0,0.0,0.0,0.0,0.0,0.0,1.3
Tom Cairney,MID,Fulham,243,44,5,2024-09-21T14:00:00Z,True,15,0,0,0,0,0,0,0,0,0,0,0,0,0,0,0,49,3881,152,336,0.0,0.0,0.0,0.0,0.0,0.0,0.0
Jarell Quansah,DEF,Liverpool,333,46,5,2024-09-21T14:00:00Z,True,3,0,0,0,0,0,0,0,0,0,0,0,0,0,0,0,42,185094,4078,35987,0.0,0.0,0.0,0.0,0.0,0.0,0.5
Jacob Ramsey,MID,Aston Villa,53,41,5,2024-09-21T14:00:00Z,True,20,61,1,2,0,0,0,1,0,0,0,0,0,0,0,10,55,45163,8282,4054,0.0,0.03,0.51,2.6,7.2,2.0,1.8
Emiliano Buendía Stati,MID,Aston Villa,31,41,5,2024-09-21T14:00:00Z,True,20,1,0,1,0,0,0,0,0,0,0,0,0,0,0,1,54,10052,439,857,0.0,0.0,0.0,0.0,1.4,2.0,0.5
James McAtee,MID,Man City,357,47,5,2024-09-22T15:30:00Z,True,1,0,0,0,0,0,0,0,0,0,0,0,0,0,0,0,48,5092,357,716,0.0,0.0,0.0,0.0,0.0,0.0,0.2
Andrew Robertson,DEF,Liverpool,335,46,5,2024-09-21T14:00:00Z,True,3,90,1,6,0,0,1,0,0,0,0,0,0,0,0,33,60,810736,60027,43249,0.08,0.02,1.08,12.2,24.1,4.0,5.3
Luke Harris,MID,Fulham,246,44,5,2024-09-21T14:00:00Z,True,15,0,0,0,0,0,0,0,0,0,0,0,0,0,0,0,45,682,0,55,0.0,0.0,0.0,0.0,0.0,0.0,0.0
Youri Tielemans,MID,Aston Villa,57,41,5,2024-09-21T14:00:00Z,True,20,90,1,5,0,1,0,1,0,0,0,0,0,0,0,31,55,139491,20555,12521,0.0,0.38,0.51,33.4,47.9,2.0,2.5
João Neves Virgínia,GK,Everton,227,45,5,2024-09-21T14:00:00Z,False,11,0,0,0,0,0,0,0,0,0,0,0,0,0,0,0,40,53751,752,2249,0.0,0.0,0.0,0.0,0.0,0.0,0.5
Oleksandr Zinchenko,DEF,Arsenal,25,47,5,2024-09-22T15:30:00Z,False,13,0,0,0,0,0,0,0,0,0,0,0,0,0,0,0,49,184385,1173,45850,0.0,0.0,0.0,0.0,0.0,0.0,0.1
Francisco Jorge Tomás Oliveira,MID,Wolves,537,41,5,2024-09-21T14:00:00Z,False,2,0,0,0,0,0,0,0,0,0,0,0,0,0,0,0,45,16892,0,2852,0.0,0.0,0.0,0.0,0.0,0.0,0.0
Ederson Santana de Moraes,GK,Man City,347,47,5,2024-09-22T15:30:00Z,True,1,90,1,0,0,0,0,2,0,0,0,1,0,1,0,-2,55,832093,28577,36639,0.0,0.0,0.65,11.0,0.0,0.0,2.8
Andrew Omobamidele,DEF,Nott'm Forest,440,42,5,2024-09-22T13:00:00Z,False,5,0,0,0,0,0,0,0,0,0,0,0,0,0,0,0,44,6167,68,336,0.0,0.0,0.0,0.0,0.0,0.0,0.0
Norberto Bercique Gomes Betuncal,FWD,Everton,218,45,5,2024-09-21T14:00:00Z,False,11,0,0,0,0,0,0,0,0,0,0,0,0,0,0,0,50,77895,8106,9518,0.0,0.0,0.0,0.0,0.0,0.0,1.3
Diogo Dalot Teixeira,DEF,Man Utd,369,43,5,2024-09-21T16:30:00Z,False,7,90,1,9,0,0,1,0,0,0,0,0,0,0,3,35,50,878999,104530,32206,0.0,0.23,1.01,22.6,35.8,2.0,7.0
Pape Matar Sarr,MID,Spurs,499,49,5,2024-09-21T14:00:00Z,True,4,20,0,1,0,0,0,0,0,0,0,0,0,0,0,1,49,21457,1281,2374,0.0,0.02,0.0,0.0,1.4,2.0,0.8
Danny Welbeck,FWD,Brighton,148,42,5,2024-09-22T13:00:00Z,True,16,90,1,6,1,0,0,2,0,0,0,1,0,0,1,28,58,1985030,304848,133512,0.37,0.06,1.53,40.4,16.0,39.0,3.3
Yankuba Minteh,MID,Brighton,135,42,5,2024-09-22T13:00:00Z,True,16,28,0,1,0,0,0,1,0,0,0,0,0,0,0,5,55,252438,13980,24703,0.0,0.06,0.67,8.6,23.6,2.0,2.3
Nathan Aké,DEF,Man City,341,47,5,2024-09-22T15:30:00Z,True,1,0,0,0,0,0,0,0,0,0,0,0,0,0,0,0,53,127249,95,32359,0.0,0.0,0.0,0.0,0.0,0.0,0.0
Bernd Leno,GK,Fulham,248,44,5,2024-09-21T14:00:00Z,True,15,90,1,2,0,0,0,1,0,0,0,1,0,4,0,8,50,279737,6131,20903,0.0,0.0,1.54,26.2,0.0,0.0,2.0
Jamaal Lascelles,DEF,Newcastle,407,44,5,2024-09-21T14:00:00Z,False,9,0,0,0,0,0,0,0,0,0,0,0,0,0,0,0,45,406,46,30,0.0,0.0,0.0,0.0,0.0,0.0,0.0
Axel Disasi,DEF,Chelsea,167,50,5,2024-09-21T11:30:00Z,False,19,33,0,1,0,0,0,0,0,0,0,0,0,0,0,6,44,38136,5887,2163,0.0,0.0,0.35,6.4,0.2,0.0,1.8
Ismeal Kabia,MID,Arsenal,659,47,5,2024-09-22T15:30:00Z,False,13,0,0,0,0,0,0,0,0,0,0,0,0,0,0,0,45,320,280,54,0.0,0.0,0.0,0.0,0.0,0.0,0.0
Kevin Schade,MID,Brentford,106,49,5,2024-09-21T14:00:00Z,False,18,27,0,1,0,0,0,1,0,0,0,0,0,0,0,3,54,17286,11999,2790,0.06,0.0,0.51,7.2,0.3,19.0,2.2
Victor Kristiansen,DEF,Leicester,296,45,5,2024-09-21T14:00:00Z,True,8,90,1,2,0,0,0,1,0,0,0,0,0,0,0,15,45,13828,1380,794,0.0,0.11,1.1,17.4,15.7,0.0,0.5
Kyle Walker-Peters,DEF,Southampton,476,48,5,2024-09-21T14:00:00Z,True,10,0,0,0,0,0,0,0,0,0,0,0,0,0,0,0,45,46480,2976,3724,0.0,0.0,0.0,0.0,0.0,0.0,1.0
Daniel Bentley,GK,Wolves,536,41,5,2024-09-21T14:00:00Z,False,2,0,0,0,0,0,0,0,0,0,0,0,0,0,0,0,40,205587,3092,6166,0.0,0.0,0.0,0.0,0.0,0.0,0.0
Ivan Toney,FWD,Brentford,108,49,5,2024-09-21T14:00:00Z,False,18,0,0,0,0,0,0,0,0,0,0,0,0,0,0,0,73,176047,0,31395,0.0,0.0,0.0,0.0,0.0,0.0,0.0
Carlos Soler,MID,West Ham,654,50,5,2024-09-21T11:30:00Z,True,6,36,0,0,0,0,0,0,0,0,0,1,0,0,0,1,50,1174,291,186,0.09,0.01,0.99,0.4,1.8,11.0,0.0
Antonee Robinson,DEF,Fulham,255,44,5,2024-09-21T14:00:00Z,True,15,90,1,2,0,0,0,1,0,0,0,0,0,0,0,6,47,1797072,72697,67411,0.07,0.02,1.54,10.4,16.2,4.0,3.3
Romain Faivre,MID,Bournemouth,66,46,5,2024-09-21T14:00:00Z,False,12,0,0,0,0,0,0,0,0,0,0,0,0,0,0,0,50,775,0,79,0.0,0.0,0.0,0.0,0.0,0.0,0.0
James Ward-Prowse,MID,Nott'm Forest,531,42,5,2024-09-22T13:00:00Z,False,5,45,1,1,0,0,0,2,0,0,0,0,0,0,0,1,63,96179,2402,7048,0.0,0.07,0.39,3.0,0.3,0.0,1.0
Patson Daka,FWD,Leicester,289,45,5,2024-09-21T14:00:00Z,True,8,0,0,0,0,0,0,0,0,0,0,0,0,0,0,0,49,14522,532,2262,0.0,0.0,0.0,0.0,0.0,0.0,0.0
Illia Zabarnyi,DEF,Bournemouth,85,46,5,2024-09-21T14:00:00Z,False,12,90,1,1,0,0,0,3,0,0,0,0,0,0,0,10,45,36971,758,2813,0.0,0.01,2.06,31.4,1.3,0.0,1.0
Gavin Bazunu,GK,Southampton,454,48,5,2024-09-21T14:00:00Z,True,10,0,0,0,0,0,0,0,0,0,0,0,0,0,0,0,44,16058,97,1728,0.0,0.0,0.0,0.0,0.0,0.0,0.0
Sven Botman,DEF,Newcastle,393,44,5,2024-09-21T14:00:00Z,False,9,0,0,0,0,0,0,0,0,0,0,0,0,0,0,0,44,1484,80,117,0.0,0.0,0.0,0.0,0.0,0.0,0.0
Hugo Bueno López,DEF,Wolves,549,41,5,2024-09-21T14:00:00Z,False,2,0,0,0,0,0,0,0,0,0,0,0,0,0,0,0,45,1026,0,76,0.0,0.0,0.0,0.0,0.0,0.0,0.0
Danny Ward,GK,Leicester,308,45,5,2024-09-21T14:00:00Z,True,8,0,0,0,0,0,0,0,0,0,0,0,0,0,0,0,40,250999,4676,8903,0.0,0.0,0.0,0.0,0.0,0.0,-0.5
Samuel Amo-Ameyaw,MID,Southampton,451,48,5,2024-09-21T14:00:00Z,True,10,0,0,0,0,0,0,0,0,0,0,0,0,0,0,0,45,13911,864,1248,0.0,0.0,0.0,0.0,0.0,0.0,0.0
Joe Gauci,GK,Aston Villa,39,41,5,2024-09-21T14:00:00Z,True,20,0,0,0,0,0,0,0,0,0,0,0,0,0,0,0,40,88342,2994,3758,0.0,0.0,0.0,0.0,0.0,0.0,0.0
João Pedro Junqueira de Jesus,FWD,Brighton,129,42,5,2024-09-22T13:00:00Z,True,16,19,0,1,0,0,0,0,0,0,0,0,0,0,0,3,57,2945572,79128,517024,0.02,0.0,0.0,1.4,1.0,4.0,2.2
Justin Kluivert,MID,Bournemouth,71,46,5,2024-09-21T14:00:00Z,False,12,45,1,0,0,0,0,3,0,0,0,1,0,0,0,0,54,32056,2039,3419,0.14,0.0,1.1,0.0,0.4,29.0,2.0
Martin Dúbravka,GK,Newcastle,396,44,5,2024-09-21T14:00:00Z,False,9,0,0,0,0,0,0,0,0,0,0,0,0,0,0,0,43,76354,1570,5652,0.0,0.0,0.0,0.0,0.0,0.0,0.5
Flynn Downes,MID,Southampton,518,48,5,2024-09-21T14:00:00Z,True,10,90,1,1,0,0,0,1,0,0,0,1,0,0,0,18,49,6607,1192,543,0.02,0.26,1.69,8.6,18.4,4.0,1.5
Alejandro Garnacho,MID,Man Utd,372,43,5,2024-09-21T16:30:00Z,False,7,90,1,2,0,0,1,0,0,0,0,1,0,0,0,-4,64,1117258,73760,68143,0.47,0.01,1.01,5.6,2.7,36.0,3.3
Ronnie Edwards,DEF,Southampton,460,48,5,2024-09-21T14:00:00Z,True,10,0,0,0,0,0,0,0,0,0,0,0,0,0,0,0,40,17991,379,839,0.0,0.0,0.0,0.0,0.0,0.0,0.0
Edson Álvarez Velázquez,MID,West Ham,511,50,5,2024-09-21T11:30:00Z,True,6,53,1,0,0,0,0,3,0,0,0,1,0,0,0,6,50,13068,1014,874,0.01,0.01,1.2,2.2,12.7,5.0,1.0
Jack Grealish,MID,Man City,349,47,5,2024-09-22T15:30:00Z,True,1,12,0,1,0,0,0,0,0,0,0,0,0,0,0,6,64,23701,2679,1997,0.0,0.09,0.06,5.0,23.5,10.0,1.2
Marcus Myers-Harness,MID,Ipswich,271,48,5,2024-09-21T14:00:00Z,False,17,0,0,0,0,0,0,0,0,0,0,0,0,0,0,0,49,1398,0,208,0.0,0.0,0.0,0.0,0.0,0.0,0.0
Jack Taylor,MID,Ipswich,281,48,5,2024-09-21T14:00:00Z,False,17,29,0,0,0,0,0,0,0,0,0,1,0,0,0,-1,49,3132,90,263,0.0,0.0,0.39,2.6,4.3,0.0,0.2
Simon Adingra,MID,Brighton,113,42,5,2024-09-22T13:00:00Z,True,16,61,1,2,0,0,0,1,0,0,0,0,0,0,0,4,55,94940,6273,15898,0.03,0.02,0.86,1.4,12.6,10.0,1.3
Ben Mee,DEF,Brentford,100,49,5,2024-09-21T14:00:00Z,False,18,0,0,0,0,0,0,0,0,0,0,0,0,0,0,0,44,60744,1024,5520,0.0,0.0,0.0,0.0,0.0,0.0,0.0
Leon Chiwome,FWD,Wolves,539,41,5,2024-09-21T14:00:00Z,False,2,0,0,0,0,0,0,0,0,0,0,0,0,0,0,0,45,124808,42755,11350,0.0,0.0,0.0,0.0,0.0,0.0,0.0
Eric da Silva Moreira,MID,Nott'm Forest,428,42,5,2024-09-22T13:00:00Z,False,5,0,0,0,0,0,0,0,0,0,0,0,0,0,0,0,45,7303,624,643,0.0,0.0,0.0,0.0,0.0,0.0,0.0
Luis Guilherme Lira dos Santos,MID,West Ham,526,50,5,2024-09-21T11:30:00Z,True,6,0,0,0,0,0,0,0,0,0,0,0,0,0,0,0,49,2801,65,251,0.0,0.0,0.0,0.0,0.0,0.0,0.0
Joe Hodge,MID,Wolves,551,41,5,2024-09-21T14:00:00Z,False,2,0,0,0,0,0,0,0,0,0,0,0,0,0,0,0,45,37277,0,3559,0.0,0.0,0.0,0.0,0.0,0.0,0.0
Chiedozie Ogbene,MID,Ipswich,632,48,5,2024-09-21T14:00:00Z,False,17,0,0,0,0,0,0,0,0,0,0,0,0,0,0,0,50,1377,236,192,0.0,0.0,0.0,0.0,0.0,0.0,1.0
Harrison Armstrong,MID,Everton,603,45,5,2024-09-21T14:00:00Z,False,11,0,0,0,0,0,0,0,0,0,0,0,0,0,0,0,45,25097,2734,2257,0.0,0.0,0.0,0.0,0.0,0.0,0.7
Carney Chukwuemeka,MID,Chelsea,161,50,5,2024-09-21T11:30:00Z,False,19,0,0,0,0,0,0,0,0,0,0,0,0,0,0,0,49,6171,320,635,0.0,0.0,0.0,0.0,0.0,0.0,0.0
Tom King,GK,Wolves,556,41,5,2024-09-21T14:00:00Z,False,2,0,0,0,0,0,0,0,0,0,0,0,0,0,0,0,40,158944,5746,4495,0.0,0.0,0.0,0.0,0.0,0.0,0.0
Wout Faes,DEF,Leicester,291,45,5,2024-09-21T14:00:00Z,True,8,90,1,2,0,0,0,1,0,0,0,0,0,0,0,10,41,1346776,91988,43215,0.06,0.06,1.1,25.4,1.4,6.0,2.3
Leny Yoro,DEF,Man Utd,572,43,5,2024-09-21T16:30:00Z,False,7,0,0,0,0,0,0,0,0,0,0,0,0,0,0,0,44,9966,129,867,0.0,0.0,0.0,0.0,0.0,0.0,0.0
Pedro Lomba Neto,MID,Chelsea,560,50,5,2024-09-21T11:30:00Z,False,19,33,0,1,0,0,0,0,0,0,0,0,0,0,0,4,64,80588,3013,16770,0.0,0.02,0.35,8.4,2.8,6.0,1.5
Ian Maatsen,DEF,Aston Villa,45,41,5,2024-09-21T14:00:00Z,True,20,45,0,1,0,0,0,0,0,0,0,0,0,0,0,1,49,241577,5762,25948,0.0,0.02,0.0,4.0,1.8,6.0,1.0
Harry Winks,MID,Leicester,309,45,5,2024-09-21T14:00:00Z,True,8,90,1,2,0,0,0,1,0,0,0,0,0,0,0,16,45,1567079,123860,83552,0.02,0.18,1.1,19.2,48.4,1.0,1.3
Mads Roerslev Rasmussen,DEF,Brentford,105,49,5,2024-09-21T14:00:00Z,False,18,11,0,1,0,0,0,1,0,0,0,0,0,0,0,-1,45,9875,83,772,0.0,0.0,0.51,0.8,0.9,0.0,1.0
Jurriën Timber,DEF,Arsenal,6,47,5,2024-09-22T15:30:00Z,False,13,90,1,2,0,0,0,1,0,0,0,0,0,0,0,3,55,124508,23432,9726,0.0,0.0,1.68,12.0,0.0,0.0,3.5
Saša Kalajdžić,FWD,Wolves,555,41,5,2024-09-21T14:00:00Z,False,2,0,0,0,0,0,0,0,0,0,0,0,0,0,0,0,49,5262,230,724,0.0,0.0,0.0,0.0,0.0,0.0,0.0
Anthony Elanga,MID,Nott'm Forest,432,42,5,2024-09-22T13:00:00Z,False,5,45,1,1,0,0,0,2,0,0,0,0,0,0,0,3,53,121649,8989,10800,0.0,0.0,0.39,0.6,0.5,0.0,2.2
Julio Enciso,MID,Brighton,121,42,5,2024-09-22T13:00:00Z,True,16,0,0,0,0,0,0,0,0,0,0,0,0,0,0,0,54,8935,975,1112,0.0,0.0,0.0,0.0,0.0,0.0,0.7
Naouirou Ahamada,MID,Crystal Palace,190,43,5,2024-09-21T16:30:00Z,True,14,0,0,0,0,0,0,0,0,0,0,0,0,0,0,0,45,21033,0,3173,0.0,0.0,0.0,0.0,0.0,0.0,0.0
Jeremy Sarmiento Morante,MID,Brighton,141,42,5,2024-09-22T13:00:00Z,True,16,0,0,0,0,0,0,0,0,0,0,0,0,0,0,0,49,1652,0,241,0.0,0.0,0.0,0.0,0.0,0.0,0.0
Ayden Heaven,DEF,Arsenal,658,47,5,2024-09-22T15:30:00Z,False,13,0,0,0,0,0,0,0,0,0,0,0,0,0,0,0,40,1206,736,102,0.0,0.0,0.0,0.0,0.0,0.0,0.0
Vladimír Coufal,DEF,West Ham,516,50,5,2024-09-21T11:30:00Z,True,6,0,0,0,0,0,0,0,0,0,0,0,0,0,0,0,45,80258,1485,5168,0.0,0.0,0.0,0.0,0.0,0.0,2.0
Marc Cucurella Saseta,DEF,Chelsea,163,50,5,2024-09-21T11:30:00Z,False,19,90,1,5,0,0,1,0,0,0,0,1,0,0,0,28,50,624116,34588,30024,0.0,0.0,0.85,21.0,1.4,0.0,3.0
Toti António Gomes,DEF,Wolves,567,41,5,2024-09-21T14:00:00Z,False,2,0,0,0,0,0,0,0,0,0,0,0,0,0,0,0,44,18725,225,2470,0.0,0.0,0.0,0.0,0.0,0.0,0.6
Cristian Romero,DEF,Spurs,498,49,5,2024-09-21T14:00:00Z,True,4,90,1,2,0,0,0,1,0,0,0,0,0,0,0,14,51,1079613,86862,44022,0.07,0.03,0.8,19.4,2.4,35.0,4.8
Dan Burn,DEF,Newcastle,395,44,5,2024-09-21T14:00:00Z,False,9,90,1,1,0,0,0,3,0,0,0,0,0,0,0,6,45,1349728,19143,91167,0.01,0.0,2.29,20.6,0.8,21.0,1.3
Destiny Udogie,DEF,Spurs,505,49,5,2024-09-21T14:00:00Z,True,4,90,1,2,0,0,0,1,0,0,0,0,0,0,0,10,50,346733,18218,19884,0.05,0.04,0.8,28.4,16.1,17.0,2.5
Jordan Pickford,GK,Everton,235,45,5,2024-09-21T14:00:00Z,False,11,90,1,2,0,0,0,1,0,0,0,0,0,1,0,7,49,946255,12415,82959,0.0,0.01,0.66,13.0,0.0,0.0,2.3
Boubacar Traoré,MID,Wolves,534,41,5,2024-09-21T14:00:00Z,False,2,0,0,0,0,0,0,0,0,0,0,0,0,0,0,0,49,3643,80,471,0.0,0.0,0.0,0.0,0.0,0.0,0.0
Stefan Bajčetić Maquieira,MID,Liverpool,312,46,5,2024-09-21T14:00:00Z,True,3,0,0,0,0,0,0,0,0,0,0,0,0,0,0,0,45,8307,0,1481,0.0,0.0,0.0,0.0,0.0,0.0,0.0
Mikkel Damsgaard,MID,Brentford,89,49,5,2024-09-21T14:00:00Z,False,18,78,1,2,0,0,0,2,0,0,0,0,0,0,0,15,50,7114,579,540,0.09,0.03,3.01,18.4,13.1,19.0,2.0
Luis Díaz,MID,Liverpool,327,46,5,2024-09-21T14:00:00Z,True,3,71,1,16,2,0,1,0,0,0,0,0,0,0,3,59,78,2481914,434379,91631,0.59,0.09,0.54,78.6,15.8,60.0,12.5
Enzo Barrenechea,MID,Aston Villa,30,41,5,2024-09-21T14:00:00Z,True,20,0,0,0,0,0,0,0,0,0,0,0,0,0,0,0,49,2950,0,410,0.0,0.0,0.0,0.0,0.0,0.0,0.0
Carlos Vinícius Alves Morais,FWD,Fulham,258,44,5,2024-09-21T14:00:00Z,True,15,0,0,0,0,0,0,0,0,0,0,0,0,0,0,0,50,46467,245,11603,0.0,0.0,0.0,0.0,0.0,0.0,0.0
Pervis Estupiñán,DEF,Brighton,122,42,5,2024-09-22T13:00:00Z,True,16,81,1,1,0,0,0,2,0,0,0,0,0,0,0,8,50,52548,8346,9101,0.02,0.17,1.53,11.4,41.3,8.0,0.7
James Milner,MID,Brighton,134,42,5,2024-09-22T13:00:00Z,True,16,0,0,0,0,0,0,0,0,0,0,0,0,0,0,0,50,7209,26,1308,0.0,0.0,0.0,0.0,0.0,0.0,0.0
Ryan Trevitt,MID,Brentford,602,49,5,2024-09-21T14:00:00Z,False,18,3,0,1,0,0,0,0,0,0,0,0,0,0,0,5,45,5930,486,491,0.0,0.0,0.0,2.6,0.1,0.0,0.2
Enzo Fernández,MID,Chelsea,168,50,5,2024-09-21T11:30:00Z,False,19,83,1,3,0,0,1,0,0,0,0,0,0,0,0,15,50,156615,7687,22650,0.0,0.13,0.74,6.4,30.1,0.0,1.8
Luke Shaw,DEF,Man Utd,387,43,5,2024-09-21T16:30:00Z,False,7,0,0,0,0,0,0,0,0,0,0,0,0,0,0,0,49,26565,85,3057,0.0,0.0,0.0,0.0,0.0,0.0,0.0
Fábio Freitas Gouveia Carvalho,MID,Brentford,314,49,5,2024-09-21T14:00:00Z,False,18,86,1,2,0,0,0,3,0,0,0,0,0,0,0,18,48,87591,8722,11887,0.0,0.34,3.52,9.8,22.1,8.0,1.2
Jérémy Doku,MID,Man City,346,47,5,2024-09-22T15:30:00Z,True,1,69,1,2,0,0,0,2,0,0,0,0,0,0,0,9,65,292835,6351,83734,0.05,0.06,0.6,6.4,20.1,11.0,1.5
Marcus Bettinelli,GK,Chelsea,155,50,5,2024-09-21T11:30:00Z,False,19,0,0,0,0,0,0,0,0,0,0,0,0,0,0,0,40,38845,665,1119,0.0,0.0,0.0,0.0,0.0,0.0,0.0
Alisson Ramses Becker,GK,Liverpool,310,46,5,2024-09-21T14:00:00Z,True,3,0,0,0,0,0,0,0,0,0,0,0,0,0,0,0,55,1276919,65600,194960,0.0,0.0,0.0,0.0,0.0,0.0,2.2
Aaron Hickey,DEF,Brentford,93,49,5,2024-09-21T14:00:00Z,False,18,0,0,0,0,0,0,0,0,0,0,0,0,0,0,0,44,1771,18,188,0.0,0.0,0.0,0.0,0.0,0.0,0.0
Vítezslav Jaros,GK,Liverpool,660,46,5,2024-09-21T14:00:00Z,True,3,0,0,0,0,0,0,0,0,0,0,0,0,0,0,0,40,0,0,0,0.0,0.0,0.0,0.0,0.0,0.0,1.5
Alex McCarthy,GK,Southampton,469,48,5,2024-09-21T14:00:00Z,True,10,0,0,0,0,0,0,0,0,0,0,0,0,0,0,0,45,21102,957,2914,0.0,0.0,0.0,0.0,0.0,0.0,1.0
Neal Maupay,FWD,Everton,229,45,5,2024-09-21T14:00:00Z,False,11,0,0,0,0,0,0,0,0,0,0,0,0,0,0,0,49,63313,0,15684,0.0,0.0,0.0,0.0,0.0,0.0,0.0
Steven Benda,GK,Fulham,242,44,5,2024-09-21T14:00:00Z,True,15,0,0,0,0,0,0,0,0,0,0,0,0,0,0,0,40,49127,1142,1695,0.0,0.0,0.0,0.0,0.0,0.0,-0.5
Dean Henderson,GK,Crystal Palace,201,43,5,2024-09-21T16:30:00Z,True,14,90,1,9,0,0,1,0,0,0,0,1,0,7,2,32,45,1372393,12221,117151,0.0,0.0,1.7,52.2,0.0,0.0,3.8
Ki-Jana Hoever,DEF,Wolves,552,41,5,2024-09-21T14:00:00Z,False,2,0,0,0,0,0,0,0,0,0,0,0,0,0,0,0,40,22372,0,1727,0.0,0.0,0.0,0.0,0.0,0.0,0.0
Cheick Doucouré,MID,Crystal Palace,193,43,5,2024-09-21T16:30:00Z,True,14,0,0,0,0,0,0,0,0,0,0,0,0,0,0,0,49,12383,216,3541,0.0,0.0,0.0,0.0,0.0,0.0,0.0
Scott McTominay,MID,Man Utd,381,43,5,2024-09-21T16:30:00Z,False,7,0,0,0,0,0,0,0,0,0,0,0,0,0,0,0,49,26443,0,7000,0.0,0.0,0.0,0.0,0.0,0.0,0.0
Wilfred Ndidi,MID,Leicester,300,45,5,2024-09-21T14:00:00Z,True,8,90,1,2,0,0,0,1,0,0,0,0,0,0,0,17,50,62188,44852,5399,0.08,0.04,1.1,17.0,6.4,26.0,3.7
Maxence Lacroix,DEF,Crystal Palace,650,43,5,2024-09-21T16:30:00Z,True,14,90,1,5,0,0,1,0,0,0,0,1,0,0,0,18,45,3387,739,339,0.02,0.0,1.7,10.8,0.2,4.0,3.0
John Ruddy,GK,Newcastle,414,44,5,2024-09-21T14:00:00Z,False,9,0,0,0,0,0,0,0,0,0,0,0,0,0,0,0,40,33129,842,955,0.0,0.0,0.0,0.0,0.0,0.0,0.5
Caleb Okoli,DEF,Leicester,301,45,5,2024-09-21T14:00:00Z,True,8,90,1,2,0,0,0,1,0,0,0,0,0,0,0,10,40,23759,2669,1211,0.08,0.0,1.1,22.0,0.2,4.0,0.3
Odysseas Vlachodimos,GK,Newcastle,412,44,5,2024-09-21T14:00:00Z,False,9,0,0,0,0,0,0,0,0,0,0,0,0,0,0,0,44,12161,95,545,0.0,0.0,0.0,0.0,0.0,0.0,0.5
George Earthy,MID,West Ham,519,50,5,2024-09-21T11:30:00Z,True,6,0,0,0,0,0,0,0,0,0,0,0,0,0,0,0,45,4911,0,382,0.0,0.0,0.0,0.0,0.0,0.0,0.0
Daichi Kamada,MID,Crystal Palace,205,43,5,2024-09-21T16:30:00Z,True,14,90,1,3,0,0,1,0,0,0,0,0,0,0,0,11,53,23698,453,6265,0.0,0.02,1.7,15.4,1.4,0.0,1.8
Reece James,DEF,Chelsea,172,50,5,2024-09-21T11:30:00Z,False,19,0,0,0,0,0,0,0,0,0,0,0,0,0,0,0,50,7304,158,1116,0.0,0.0,0.0,0.0,0.0,0.0,0.0
Georginio Rutter,MID,Brighton,618,42,5,2024-09-22T13:00:00Z,True,16,70,1,2,0,0,0,2,0,0,0,0,0,0,0,3,55,5476,864,530,0.31,0.05,1.53,0.0,15.7,23.0,2.0
Conor Chaplin,MID,Ipswich,265,48,5,2024-09-21T14:00:00Z,False,17,17,0,1,0,0,0,0,0,0,0,0,0,0,0,3,53,15327,138,1820,0.0,0.0,0.37,1.6,3.3,0.0,1.0
Santiago Bueno,DEF,Wolves,564,41,5,2024-09-21T14:00:00Z,False,2,8,0,0,0,0,0,2,0,0,0,0,0,0,0,-7,44,8152,235,430,0.0,0.0,1.15,0.0,0.0,0.0,0.0
Corrie Ndaba,DEF,Ipswich,279,48,5,2024-09-21T14:00:00Z,False,17,0,0,0,0,0,0,0,0,0,0,0,0,0,0,0,40,607,0,26,0.0,0.0,0.0,0.0,0.0,0.0,0.0
Kenny Tete,DEF,Fulham,257,44,5,2024-09-21T14:00:00Z,True,15,90,1,1,0,0,0,1,0,0,0,1,0,0,0,3,45,41468,2177,3451,0.29,0.02,1.54,4.4,4.3,14.0,1.3
Pablo Sarabia,MID,Wolves,565,41,5,2024-09-21T14:00:00Z,False,2,0,0,0,0,0,0,0,0,0,0,0,0,0,0,0,53,12844,312,1780,0.0,0.0,0.0,0.0,0.0,0.0,0.2
Diogo Teixeira da Silva,MID,Liverpool,317,46,5,2024-09-21T14:00:00Z,True,3,0,0,0,0,0,0,0,0,0,0,0,0,0,0,0,76,1641967,51566,192288,0.0,0.0,0.0,0.0,0.0,0.0,3.0
Kortney Hause,DEF,Aston Villa,40,41,5,2024-09-21T14:00:00Z,True,20,0,0,0,0,0,0,0,0,0,0,0,0,0,0,0,40,67919,2322,3860,0.0,0.0,0.0,0.0,0.0,0.0,0.0
Liam Delap,FWD,Ipswich,268,48,5,2024-09-21T14:00:00Z,False,17,72,1,1,0,0,0,1,0,0,0,1,0,0,0,6,55,137456,45856,13115,0.05,0.03,2.13,0.0,0.8,4.0,2.8
Bastien Meupiyou,DEF,Wolves,637,41,5,2024-09-21T14:00:00Z,False,2,0,0,0,0,0,0,0,0,0,0,0,0,0,0,0,40,20853,3148,3676,0.0,0.0,0.0,0.0,0.0,0.0,0.0
Tino Livramento,DEF,Newcastle,409,44,5,2024-09-21T14:00:00Z,False,9,16,0,1,0,0,0,1,0,0,0,0,0,0,0,0,45,303731,15431,15676,0.0,0.0,0.6,1.0,0.7,0.0,2.0
Tyler Adams,MID,Bournemouth,60,46,5,2024-09-21T14:00:00Z,False,12,0,0,0,0,0,0,0,0,0,0,0,0,0,0,0,49,627,41,58,0.0,0.0,0.0,0.0,0.0,0.0,0.0
Danilo dos Santos de Oliveira,MID,Nott'm Forest,429,42,5,2024-09-22T13:00:00Z,False,5,0,0,0,0,0,0,0,0,0,0,0,0,0,0,0,48,2060,43,260,0.0,0.0,0.0,0.0,0.0,0.0,0.0
Jenson Metcalfe,MID,Everton,614,45,5,2024-09-21T14:00:00Z,False,11,0,0,0,0,0,0,0,0,0,0,0,0,0,0,0,45,739,0,91,0.0,0.0,0.0,0.0,0.0,0.0,0.0
Marcus Rashford,MID,Man Utd,385,43,5,2024-09-21T16:30:00Z,False,7,29,0,1,0,0,0,0,0,0,0,0,0,0,0,4,69,405441,118652,17555,0.0,0.05,0.84,2.2,1.7,0.0,3.7
James Maddison,MID,Spurs,494,49,5,2024-09-21T14:00:00Z,True,4,87,1,12,1,1,0,1,0,0,0,1,0,0,3,48,75,430205,28364,40155,0.92,1.08,0.8,59.6,46.3,56.0,5.2
Daniel Muñoz,DEF,Crystal Palace,211,43,5,2024-09-21T16:30:00Z,True,14,90,1,6,0,0,1,0,0,0,0,0,0,0,0,23,49,308579,3003,45735,0.0,0.01,1.7,18.0,15.3,0.0,2.2
Bruno Guimarães Rodriguez Moura,MID,Newcastle,394,44,5,2024-09-21T14:00:00Z,False,9,90,1,2,0,0,0,3,0,0,0,0,0,0,0,8,64,241013,9890,14226,0.05,0.05,2.29,7.2,6.6,1.0,3.5
Fraser Forster,GK,Spurs,488,49,5,2024-09-21T14:00:00Z,True,4,0,0,0,0,0,0,0,0,0,0,0,0,0,0,0,44,23047,402,1154,0.0,0.0,0.0,0.0,0.0,0.0,0.0
Elliot Anderson,MID,Nott'm Forest,423,42,5,2024-09-22T13:00:00Z,False,5,58,1,1,0,0,0,2,0,0,0,0,0,0,0,11,50,20537,3411,1371,0.0,0.0,0.87,17.0,0.3,0.0,3.2
Charlie Taylor,DEF,Southampton,475,48,5,2024-09-21T14:00:00Z,True,10,90,1,1,0,0,0,1,0,0,0,1,0,0,0,10,40,445226,5438,23893,0.0,0.0,1.69,23.0,1.7,0.0,0.5
Bryan Mbeumo,MID,Brentford,99,49,5,2024-09-21T14:00:00Z,False,18,90,1,8,1,0,0,3,0,0,0,0,0,0,1,31,71,1022015,251257,59711,0.64,0.02,3.52,43.2,2.4,55.0,6.2
Matty Cash,DEF,Aston Villa,32,41,5,2024-09-21T14:00:00Z,True,20,0,0,0,0,0,0,0,0,0,0,0,0,0,0,0,44,143366,372,22772,0.0,0.0,0.0,0.0,0.0,0.0,0.1
Adam Lallana,MID,Southampton,463,48,5,2024-09-21T14:00:00Z,True,10,58,1,4,0,1,0,0,0,0,0,1,0,0,1,19,50,3059,297,247,0.03,0.05,1.08,19.6,14.5,1.0,2.2
Sandro Tonali,MID,Newcastle,417,44,5,2024-09-21T14:00:00Z,False,9,16,0,1,0,0,0,1,0,0,0,0,0,0,0,8,55,34114,7671,3844,0.04,0.09,0.6,6.4,14.6,7.0,1.3
Issa Diop,DEF,Fulham,245,44,5,2024-09-21T14:00:00Z,True,15,6,0,1,0,0,0,0,0,0,0,0,0,0,0,3,45,28805,475,2913,0.0,0.0,0.3,4.2,0.0,0.0,0.7
Igor Julio dos Santos de Paulo,DEF,Brighton,128,42,5,2024-09-22T13:00:00Z,True,16,0,0,0,0,0,0,0,0,0,0,0,0,0,0,0,44,10282,274,690,0.0,0.0,0.0,0.0,0.0,0.0,0.0
Joelinton Cássio Apolinário de Lira,MID,Newcastle,403,44,5,2024-09-21T14:00:00Z,False,9,73,1,2,0,0,0,2,0,0,0,0,0,0,0,12,60,222981,7655,36981,0.1,0.02,1.69,8.6,24.3,6.0,1.5
John McGinn,MID,Aston Villa,48,41,5,2024-09-21T14:00:00Z,True,20,45,1,1,0,0,0,1,0,0,0,0,0,0,0,4,54,172734,6893,15839,0.03,0.19,0.51,0.0,4.6,2.0,1.8
Oscar Bobb,MID,Man City,343,47,5,2024-09-22T15:30:00Z,True,1,0,0,0,0,0,0,0,0,0,0,0,0,0,0,0,48,9766,221,1392,0.0,0.0,0.0,0.0,0.0,0.0,0.0
Pedro Cardoso de Lima,DEF,Wolves,561,41,5,2024-09-21T14:00:00Z,False,2,0,0,0,0,0,0,0,0,0,0,0,0,0,0,0,40,165310,7491,7803,0.0,0.0,0.0,0.0,0.0,0.0,0.0
Pierre-Emile Højbjerg,MID,Spurs,490,49,5,2024-09-21T14:00:00Z,True,4,0,0,0,0,0,0,0,0,0,0,0,0,0,0,0,50,381,0,16,0.0,0.0,0.0,0.0,0.0,0.0,0.0
Nathan Collins,DEF,Brentford,88,49,5,2024-09-21T14:00:00Z,False,18,90,1,1,0,0,0,3,0,0,0,0,0,0,0,0,45,115348,8065,10338,0.0,0.01,3.52,22.2,1.1,2.0,1.8
Jesper Lindstrøm,MID,Everton,577,45,5,2024-09-21T14:00:00Z,False,11,60,1,3,0,0,1,0,0,0,0,0,0,0,0,10,53,8196,97,880,0.47,0.05,0.19,10.2,11.9,33.0,1.7
Marc Guéhi,DEF,Crystal Palace,200,43,5,2024-09-21T16:30:00Z,True,14,90,1,6,0,0,1,0,0,0,0,0,0,0,0,25,45,568415,7938,41566,0.0,0.0,1.7,21.6,0.0,0.0,2.5
Mathias Jorgensen,DEF,Brentford,112,49,5,2024-09-21T14:00:00Z,False,18,0,0,0,0,0,0,0,0,0,0,0,0,0,0,0,45,1917,0,165,0.0,0.0,0.0,0.0,0.0,0.0,0.0
William Osula,FWD,Newcastle,590,44,5,2024-09-21T14:00:00Z,False,9,7,0,1,0,0,0,1,0,0,0,0,0,0,0,1,50,15008,1970,1647,0.0,0.0,0.47,1.0,0.0,0.0,0.7
Harry Souttar,DEF,Leicester,303,45,5,2024-09-21T14:00:00Z,True,8,0,0,0,0,0,0,0,0,0,0,0,0,0,0,0,40,1327,0,70,0.0,0.0,0.0,0.0,0.0,0.0,0.0
Jean-Philippe Mateta,FWD,Crystal Palace,207,43,5,2024-09-21T16:30:00Z,True,14,45,1,1,0,0,0,0,0,0,0,0,0,0,0,3,74,495230,108577,34817,0.0,0.0,1.42,2.0,10.4,2.0,4.5
Ben Nelson,DEF,Leicester,616,45,5,2024-09-21T14:00:00Z,True,8,0,0,0,0,0,0,0,0,0,0,0,0,0,0,0,40,3070,0,275,0.0,0.0,0.0,0.0,0.0,0.0,0.0
Bernardo Veiga de Carvalho e Silva,MID,Man City,342,47,5,2024-09-22T15:30:00Z,True,1,90,1,1,0,0,0,2,0,0,0,1,0,0,0,10,66,597720,21923,100454,0.06,0.25,0.65,10.4,58.4,20.0,2.8
Filip Jørgensen,GK,Chelsea,581,50,5,2024-09-21T11:30:00Z,False,19,0,0,0,0,0,0,0,0,0,0,0,0,0,0,0,44,25090,284,2490,0.0,0.0,0.0,0.0,0.0,0.0,0.0
David Brooks,MID,Bournemouth,62,46,5,2024-09-21T14:00:00Z,False,12,0,0,0,0,0,0,0,0,0,0,0,0,0,0,0,49,992,243,81,0.0,0.0,0.0,0.0,0.0,0.0,-0.5
Son Heung-min,MID,Spurs,503,49,5,2024-09-21T14:00:00Z,True,4,90,1,10,0,2,0,1,0,0,0,0,0,0,2,43,100,936643,103713,79079,0.07,0.45,0.8,49.4,77.0,21.0,7.8
Solly March,MID,Brighton,132,42,5,2024-09-22T13:00:00Z,True,16,0,0,0,0,0,0,0,0,0,0,0,0,0,0,0,65,603,72,75,0.0,0.0,0.0,0.0,0.0,0.0,0.0
Manor Solomon,MID,Spurs,502,49,5,2024-09-21T14:00:00Z,True,4,0,0,0,0,0,0,0,0,0,0,0,0,0,0,0,54,3287,0,344,0.0,0.0,0.0,0.0,0.0,0.0,0.0
Nathaniel Phillips,DEF,Liverpool,332,46,5,2024-09-21T14:00:00Z,True,3,0,0,0,0,0,0,0,0,0,0,0,0,0,0,0,40,12294,0,1493,0.0,0.0,0.0,0.0,0.0,0.0,0.0
Kieran Trippier,DEF,Newcastle,418,44,5,2024-09-21T14:00:00Z,False,9,73,1,1,0,0,0,2,0,0,0,0,0,0,0,7,58,654754,10908,66713,0.0,0.02,1.69,8.8,12.3,0.0,1.3
John Stones,DEF,Man City,362,47,5,2024-09-22T15:30:00Z,True,1,12,0,7,1,0,0,0,0,0,0,0,0,0,0,17,54,166714,3738,10949,0.34,0.01,0.06,33.0,0.3,33.0,2.2
Sam Morsy,MID,Ipswich,278,48,5,2024-09-21T14:00:00Z,False,17,90,1,9,1,0,0,1,0,0,0,0,0,0,2,33,49,16226,945,1735,0.11,0.12,2.49,47.8,16.5,9.0,3.2
Jayden Meghoma,DEF,Brentford,649,49,5,2024-09-21T14:00:00Z,False,18,0,0,0,0,0,0,0,0,0,0,0,0,0,0,0,40,1804,375,143,0.0,0.0,0.0,0.0,0.0,0.0,0.0
Lewis Hall,DEF,Newcastle,399,44,5,2024-09-21T14:00:00Z,False,9,45,0,1,0,0,0,1,0,0,0,0,0,0,0,7,44,285806,7940,27396,0.0,0.02,1.01,10.2,14.8,0.0,1.7
Marc Guiu Paz,FWD,Chelsea,178,50,5,2024-09-21T11:30:00Z,False,19,0,0,0,0,0,0,0,0,0,0,0,0,0,0,0,50,71810,3737,9966,0.0,0.0,0.0,0.0,0.0,0.0,0.0
Tom Cannon,FWD,Leicester,286,45,5,2024-09-21T14:00:00Z,True,8,0,0,0,0,0,0,0,0,0,0,0,0,0,0,0,45,96576,0,12529,0.0,0.0,0.0,0.0,0.0,0.0,0.0
Ben Davies,DEF,Spurs,484,49,5,2024-09-21T14:00:00Z,True,4,0,0,0,0,0,0,0,0,0,0,0,0,0,0,0,44,20460,526,1233,0.0,0.0,0.0,0.0,0.0,0.0,0.0
Tyler Morton,MID,Liverpool,331,46,5,2024-09-21T14:00:00Z,True,3,0,0,0,0,0,0,0,0,0,0,0,0,0,0,0,45,5459,289,416,0.0,0.0,0.0,0.0,0.0,0.0,0.5
Matheus França de Oliveira,MID,Crystal Palace,208,43,5,2024-09-21T16:30:00Z,True,14,0,0,0,0,0,0,0,0,0,0,0,0,0,0,0,44,86938,28086,11469,0.0,0.0,0.0,0.0,0.0,0.0,0.0
Calvin Bassey,DEF,Fulham,241,44,5,2024-09-21T14:00:00Z,True,15,90,1,2,0,0,0,1,0,0,0,0,0,0,0,13,45,42961,2133,2832,0.0,0.0,1.54,17.4,0.6,0.0,1.5
Eddie Nketiah,FWD,Crystal Palace,11,43,5,2024-09-21T16:30:00Z,True,14,65,1,2,0,0,1,0,0,0,0,0,0,0,0,9,59,105775,29860,11014,0.15,0.01,1.63,6.8,1.0,11.0,1.0
Andreas Hoelgebaum Pereira,MID,Fulham,240,44,5,2024-09-21T14:00:00Z,True,15,66,1,1,0,0,0,1,0,0,0,1,0,0,0,6,54,232630,2901,31322,0.06,0.08,0.42,12.6,43.7,20.0,1.5
Matheus Santos Carneiro Da Cunha,FWD,Wolves,541,41,5,2024-09-21T14:00:00Z,False,2,90,1,8,1,0,0,3,0,0,0,1,0,0,3,34,65,231215,15910,32421,0.03,0.22,1.73,43.6,52.7,13.0,4.5
Amadou Onana,MID,Aston Villa,233,41,5,2024-09-21T14:00:00Z,True,20,61,1,2,0,0,0,1,0,0,0,0,0,0,0,11,52,1265414,184794,72939,0.0,0.03,0.51,24.0,2.0,2.0,3.2
Morgan Rogers,MID,Aston Villa,54,41,5,2024-09-21T14:00:00Z,True,20,90,1,10,0,2,0,1,0,0,0,1,0,0,3,34,51,1639922,100954,87343,0.0,0.6,0.51,42.2,35.3,16.0,4.0
Reiss Nelson,MID,Fulham,10,44,5,2024-09-21T14:00:00Z,True,15,16,0,7,1,0,0,0,0,0,0,0,0,0,1,27,50,6967,738,672,0.31,0.05,0.3,38.0,12.0,21.0,1.5
Tosin Adarabioyo,DEF,Chelsea,187,50,5,2024-09-21T11:30:00Z,False,19,90,1,6,0,0,1,0,0,0,0,0,0,0,0,28,44,16601,615,1278,0.0,0.0,0.85,24.6,0.1,0.0,1.8
Matt Targett,DEF,Newcastle,416,44,5,2024-09-21T14:00:00Z,False,9,0,0,0,0,0,0,0,0,0,0,0,0,0,0,0,40,55747,3045,3043,0.0,0.0,0.0,0.0,0.0,0.0,0.5
Filip Marschall,GK,Aston Villa,46,41,5,2024-09-21T14:00:00Z,True,20,0,0,0,0,0,0,0,0,0,0,0,0,0,0,0,40,119,0,6,0.0,0.0,0.0,0.0,0.0,0.0,0.0
Jan Paul van Hecke,DEF,Brighton,144,42,5,2024-09-22T13:00:00Z,True,16,90,1,4,0,1,0,2,0,0,0,0,0,0,0,15,45,83538,14148,5721,0.0,0.05,1.53,30.6,15.3,2.0,4.0
Jean-Clair Todibo,DEF,West Ham,591,50,5,2024-09-21T11:30:00Z,True,6,0,0,0,0,0,0,0,0,0,0,0,0,0,0,0,44,36088,899,3234,0.0,0.0,0.0,0.0,0.0,0.0,0.2
Jack Clarke,MID,Ipswich,631,48,5,2024-09-21T14:00:00Z,False,17,29,0,1,0,0,0,0,0,0,0,0,0,0,0,7,55,2540,336,292,0.0,0.2,0.39,5.8,15.4,4.0,1.0
Chris Mepham,DEF,Bournemouth,72,46,5,2024-09-21T14:00:00Z,False,12,0,0,0,0,0,0,0,0,0,0,0,0,0,0,0,44,4634,0,660,0.0,0.0,0.0,0.0,0.0,0.0,0.0
Ollie Watkins,FWD,Aston Villa,58,41,5,2024-09-21T14:00:00Z,True,20,90,1,6,1,0,0,1,0,0,0,0,0,0,0,30,90,2964269,655181,94154,0.34,0.06,0.51,32.0,2.8,34.0,6.5
Jorge Cuenca Barreno,DEF,Fulham,586,44,5,2024-09-21T14:00:00Z,True,15,0,0,0,0,0,0,0,0,0,0,0,0,0,0,0,44,5482,101,307,0.0,0.0,0.0,0.0,0.0,0.0,-0.5
Rico Lewis,DEF,Man City,355,47,5,2024-09-22T15:30:00Z,True,1,0,0,0,0,0,0,0,0,0,0,0,0,0,0,0,47,1129358,76031,84473,0.0,0.0,0.0,0.0,0.0,0.0,2.2
Julián Araujo Zúñiga,DEF,Bournemouth,592,46,5,2024-09-21T14:00:00Z,False,12,69,1,1,0,0,0,3,0,0,0,0,0,0,0,-4,45,22183,487,1508,0.0,0.01,1.65,11.2,1.6,0.0,0.7
Murillo Santiago Costa dos Santos,DEF,Nott'm Forest,436,42,5,2024-09-22T13:00:00Z,False,5,90,1,1,0,0,0,2,0,0,0,0,0,0,0,10,45,75940,18477,3985,0.0,0.01,0.94,37.6,10.2,0.0,4.0
James Tarkowski,DEF,Everton,236,45,5,2024-09-21T14:00:00Z,False,11,90,1,2,0,0,0,1,0,0,0,0,0,0,0,6,49,115646,1834,15024,0.0,0.0,0.66,18.4,0.3,2.0,1.1
Joël Veltman,DEF,Brighton,145,42,5,2024-09-22T13:00:00Z,True,16,90,1,1,0,0,0,2,0,0,0,0,0,0,0,-1,45,379699,100292,14833,0.0,0.01,1.53,10.6,3.3,4.0,3.3
Jaidon Anthony,MID,Bournemouth,61,46,5,2024-09-21T14:00:00Z,False,12,0,0,0,0,0,0,0,0,0,0,0,0,0,0,0,45,25952,0,4102,0.0,0.0,0.0,0.0,0.0,0.0,0.0
Kamaldeen Sulemana,MID,Southampton,462,48,5,2024-09-21T14:00:00Z,True,10,0,0,0,0,0,0,0,0,0,0,0,0,0,0,0,50,329,20,50,0.0,0.0,0.0,0.0,0.0,0.0,0.0
Timo Werner,MID,Spurs,509,49,5,2024-09-21T14:00:00Z,True,4,0,0,0,0,0,0,0,0,0,0,0,0,0,0,0,63,17377,402,1823,0.0,0.0,0.0,0.0,0.0,0.0,0.5
Tyrone Mings,DEF,Aston Villa,49,41,5,2024-09-21T14:00:00Z,True,20,0,0,0,0,0,0,0,0,0,0,0,0,0,0,0,44,4865,160,397,0.0,0.0,0.0,0.0,0.0,0.0,0.0
Ethan Wheatley,FWD,Man Utd,648,43,5,2024-09-21T16:30:00Z,False,7,0,0,0,0,0,0,0,0,0,0,0,0,0,0,0,45,130390,39313,13665,0.0,0.0,0.0,0.0,0.0,0.0,0.0
Matz Sels,GK,Nott'm Forest,443,42,5,2024-09-22T13:00:00Z,False,5,90,1,1,0,0,0,2,0,0,0,0,0,1,0,1,45,249547,71900,12559,0.0,0.0,0.94,10.2,0.0,0.0,4.5
Ryan Yates,MID,Nott'm Forest,449,42,5,2024-09-22T13:00:00Z,False,5,45,0,1,0,0,0,0,0,0,0,0,0,0,0,3,50,20838,592,2002,0.0,0.0,0.55,4.6,0.3,0.0,1.2
Amad Diallo,MID,Man Utd,364,43,5,2024-09-21T16:30:00Z,False,7,75,1,3,0,0,1,0,0,0,0,0,0,0,0,7,50,519075,112715,27878,0.05,0.11,0.87,6.0,30.2,24.0,3.3
Sam Szmodics,MID,Ipswich,611,48,5,2024-09-21T14:00:00Z,False,17,60,1,2,0,0,0,1,0,0,0,0,0,0,0,0,60,43968,5080,6179,0.7,0.0,2.11,0.0,2.7,30.0,2.8
Malo Gusto,DEF,Chelsea,171,50,5,2024-09-21T11:30:00Z,False,19,0,0,0,0,0,0,0,0,0,0,0,0,0,0,0,49,172317,256,59431,0.0,0.0,0.0,0.0,0.0,0.0,0.0
Hwang Ui-jo,FWD,Nott'm Forest,446,42,5,2024-09-22T13:00:00Z,False,5,0,0,0,0,0,0,0,0,0,0,0,0,0,0,0,45,273467,0,48412,0.0,0.0,0.0,0.0,0.0,0.0,0.0
Jakub Stolarczyk,GK,Leicester,304,45,5,2024-09-21T14:00:00Z,True,8,0,0,0,0,0,0,0,0,0,0,0,0,0,0,0,40,4701,247,225,0.0,0.0,0.0,0.0,0.0,0.0,0.0
Lloyd Kelly,DEF,Newcastle,404,44,5,2024-09-21T14:00:00Z,False,9,45,1,0,0,0,0,2,0,0,0,0,0,0,0,-4,45,17976,827,1457,0.0,0.0,1.28,8.0,1.2,0.0,2.3
Mateus Gonçalo Espanha Fernandes,MID,Southampton,623,48,5,2024-09-21T14:00:00Z,True,10,90,1,3,0,0,1,0,0,0,0,0,0,0,0,17,50,1295,232,112,0.1,0.23,1.14,12.8,43.0,8.0,1.8
Valentín Barco,DEF,Brighton,116,42,5,2024-09-22T13:00:00Z,True,16,0,0,0,0,0,0,0,0,0,0,0,0,0,0,0,40,911285,0,122963,0.0,0.0,0.0,0.0,0.0,0.0,0.0
Dean Huijsen,DEF,Bournemouth,580,46,5,2024-09-21T14:00:00Z,False,12,90,1,0,0,0,0,3,0,0,0,1,0,0,0,-3,45,11013,87,843,0.04,0.0,2.06,7.0,20.5,4.0,-0.3
Carlos Roberto Forbs Borges,MID,Wolves,655,41,5,2024-09-21T14:00:00Z,False,2,0,0,0,0,0,0,0,0,0,0,0,0,0,0,0,55,856,192,113,0.0,0.0,0.0,0.0,0.0,0.0,0.5
André Trindade da Costa Neto,MID,Wolves,642,41,5,2024-09-21T14:00:00Z,False,2,90,1,2,0,0,0,3,0,0,0,0,0,0,0,21,50,1340,471,137,0.06,0.01,1.73,16.8,2.3,5.0,1.3
Max Aarons,DEF,Bournemouth,59,46,5,2024-09-21T14:00:00Z,False,12,0,0,0,0,0,0,0,0,0,0,0,0,0,0,0,44,21374,445,1514,0.0,0.0,0.0,0.0,0.0,0.0,-0.5
Rhys Williams,DEF,Liverpool,334,46,5,2024-09-21T14:00:00Z,True,3,0,0,0,0,0,0,0,0,0,0,0,0,0,0,0,40,9204,0,909,0.0,0.0,0.0,0.0,0.0,0.0,0.0
Michail Antonio,FWD,West Ham,512,50,5,2024-09-21T11:30:00Z,True,6,36,0,0,0,0,0,0,0,0,0,1,0,0,0,-1,55,145794,13217,17725,0.13,0.01,0.99,1.0,0.8,39.0,1.2
Ibrahim Osman,MID,Brighton,127,42,5,2024-09-22T13:00:00Z,True,16,0,0,0,0,0,0,0,0,0,0,0,0,0,0,0,50,506,0,39,0.0,0.0,0.0,0.0,0.0,0.0,0.0
Lewis Miley,MID,Newcastle,411,44,5,2024-09-21T14:00:00Z,False,9,0,0,0,0,0,0,0,0,0,0,0,0,0,0,0,50,229,14,25,0.0,0.0,0.0,0.0,0.0,0.0,0.0
Nathan Wood-Gordon,DEF,Southampton,477,48,5,2024-09-21T14:00:00Z,True,10,0,0,0,0,0,0,0,0,0,0,0,0,0,0,0,40,155521,8374,6828,0.0,0.0,0.0,0.0,0.0,0.0,0.0
Rodrigo Muniz Carvalho,FWD,Fulham,251,44,5,2024-09-21T14:00:00Z,True,15,16,0,4,0,1,0,0,0,0,0,0,0,0,0,16,60,540400,10473,231043,0.16,0.01,0.3,17.4,10.3,20.0,1.7
Benjamin White,DEF,Arsenal,24,47,5,2024-09-22T15:30:00Z,False,13,45,0,1,0,0,0,1,0,0,0,0,0,0,0,3,65,828404,10298,49110,0.0,0.0,1.56,15.4,0.1,0.0,3.8
Cameron Burgess,DEF,Ipswich,263,48,5,2024-09-21T14:00:00Z,False,17,0,0,0,0,0,0,0,0,0,0,0,0,0,0,0,40,31066,753,1904,0.0,0.0,0.0,0.0,0.0,0.0,0.0
Abdul Fatawu,MID,Leicester,570,45,5,2024-09-21T14:00:00Z,True,8,1,0,1,0,0,0,0,0,0,0,0,0,0,0,3,55,58991,2586,10194,0.0,0.0,0.08,0.0,0.3,0.0,1.0
Dominik Szoboszlai,MID,Liverpool,336,46,5,2024-09-21T14:00:00Z,True,3,60,1,3,0,0,1,0,0,0,0,0,0,0,0,11,65,264698,25525,25972,0.04,0.02,0.54,0.2,6.0,3.0,3.5
Tim Iroegbunam,MID,Everton,226,45,5,2024-09-21T14:00:00Z,False,11,9,0,1,0,0,0,0,0,0,0,0,0,0,0,2,45,147084,18651,11044,0.0,0.0,0.08,4.2,0.3,0.0,1.7
Neco Williams,DEF,Nott'm Forest,437,42,5,2024-09-22T13:00:00Z,False,5,45,0,0,0,0,0,0,0,0,0,1,0,0,0,-1,45,63914,1549,4643,0.0,0.0,0.55,5.4,0.3,0.0,2.2
Roméo Lavia,MID,Chelsea,174,50,5,2024-09-21T11:30:00Z,False,19,0,0,0,0,0,0,0,0,0,0,0,0,0,0,0,45,94411,1311,14483,0.0,0.0,0.0,0.0,0.0,0.0,0.0
Leon Bailey,MID,Aston Villa,28,41,5,2024-09-21T14:00:00Z,True,20,45,0,1,0,0,0,0,0,0,0,0,0,0,0,7,64,142911,4702,26695,0.07,0.33,0.0,3.6,17.4,19.0,1.0
Niclas Füllkrug,FWD,West Ham,589,50,5,2024-09-21T11:30:00Z,True,6,0,0,0,0,0,0,0,0,0,0,0,0,0,0,0,68,150348,332,41588,0.0,0.0,0.0,0.0,0.0,0.0,0.2
Harvey Barnes,MID,Newcastle,392,44,5,2024-09-21T14:00:00Z,False,9,90,1,10,1,0,0,3,0,0,0,0,0,0,3,34,64,221511,135696,13196,0.43,0.14,2.29,44.0,28.9,47.0,8.5
Brennan Johnson,MID,Spurs,491,49,5,2024-09-21T14:00:00Z,True,4,69,1,7,1,0,0,1,0,0,0,0,0,0,0,23,64,47422,4788,5028,0.49,0.06,0.8,36.0,16.9,60.0,4.0
Andrew Moran,MID,Brighton,601,42,5,2024-09-22T13:00:00Z,True,16,0,0,0,0,0,0,0,0,0,0,0,0,0,0,0,50,369,0,30,0.0,0.0,0.0,0.0,0.0,0.0,0.0
Harry Maguire,DEF,Man Utd,377,43,5,2024-09-21T16:30:00Z,False,7,0,0,0,0,0,0,0,0,0,0,0,0,0,0,0,50,67705,1253,7965,0.0,0.0,0.0,0.0,0.0,0.0,0.3
Mark Travers,GK,Bournemouth,84,46,5,2024-09-21T14:00:00Z,False,12,0,0,0,0,0,0,0,0,0,0,0,0,0,0,0,44,15304,617,821,0.0,0.0,0.0,0.0,0.0,0.0,0.0
Will Smallbone,MID,Southampton,471,48,5,2024-09-21T14:00:00Z,True,10,0,0,0,0,0,0,0,0,0,0,0,0,0,0,0,50,4294,34,952,0.0,0.0,0.0,0.0,0.0,0.0,0.0
Mykhailo Mudryk,MID,Chelsea,179,50,5,2024-09-21T11:30:00Z,False,19,0,0,0,0,0,0,0,0,0,0,0,0,0,0,0,63,27483,931,3200,0.0,0.0,0.0,0.0,0.0,0.0,0.5
Hamed Traorè,MID,Bournemouth,67,46,5,2024-09-21T14:00:00Z,False,12,0,0,0,0,0,0,0,0,0,0,0,0,0,0,0,45,10962,0,1570,0.0,0.0,0.0,0.0,0.0,0.0,0.0
Stefan Ortega Moreno,GK,Man City,358,47,5,2024-09-22T15:30:00Z,True,1,0,0,0,0,0,0,0,0,0,0,0,0,0,0,0,54,59830,216,3495,0.0,0.0,0.0,0.0,0.0,0.0,0.0
Renato Palma Veiga,MID,Chelsea,184,50,5,2024-09-21T11:30:00Z,False,19,0,0,0,0,0,0,0,0,0,0,0,0,0,0,0,45,28659,9195,2948,0.0,0.0,0.0,0.0,0.0,0.0,0.8
Eberechi Eze,MID,Crystal Palace,199,43,5,2024-09-21T16:30:00Z,True,14,90,1,3,0,0,1,0,0,0,0,0,0,0,0,8,69,2536985,74889,234179,0.5,0.13,1.7,11.2,32.1,23.0,4.2
Samuel Iling-Junior,MID,Aston Villa,41,41,5,2024-09-21T14:00:00Z,True,20,0,0,0,0,0,0,0,0,0,0,0,0,0,0,0,54,3176,0,497,0.0,0.0,0.0,0.0,0.0,0.0,0.0
Boubacar Kamara,MID,Aston Villa,42,41,5,2024-09-21T14:00:00Z,True,20,0,0,0,0,0,0,0,0,0,0,0,0,0,0,0,50,348,32,48,0.0,0.0,0.0,0.0,0.0,0.0,0.0
Ali Al-Hamadi,FWD,Ipswich,260,48,5,2024-09-21T14:00:00Z,False,17,0,0,0,0,0,0,0,0,0,0,0,0,0,0,0,50,37601,2279,5079,0.0,0.0,0.0,0.0,0.0,0.0,0.0
Willy Boly,DEF,Nott'm Forest,425,42,5,2024-09-22T13:00:00Z,False,5,0,0,0,0,0,0,0,0,0,0,0,0,0,0,0,44,18089,55,2793,0.0,0.0,0.0,0.0,0.0,0.0,0.2
Carlos Alcaraz Durán,MID,Southampton,450,48,5,2024-09-21T14:00:00Z,True,10,0,0,0,0,0,0,0,0,0,0,0,0,0,0,0,49,4037,0,826,0.0,0.0,0.0,0.0,0.0,0.0,0.0
Victor Lindelöf,DEF,Man Utd,376,43,5,2024-09-21T16:30:00Z,False,7,0,0,0,0,0,0,0,0,0,0,0,0,0,0,0,44,8471,32,874,0.0,0.0,0.0,0.0,0.0,0.0,0.0
Ross Barkley,MID,Aston Villa,29,41,5,2024-09-21T14:00:00Z,True,20,28,0,0,0,0,0,0,0,0,0,1,0,0,0,-3,53,49799,1745,3671,0.05,0.01,0.0,6.6,1.3,2.0,1.5
James McConnell,MID,Liverpool,330,46,5,2024-09-21T14:00:00Z,True,3,0,0,0,0,0,0,0,0,0,0,0,0,0,0,0,45,4330,286,356,0.0,0.0,0.0,0.0,0.0,0.0,0.5
Kobbie Mainoo,MID,Man Utd,378,43,5,2024-09-21T16:30:00Z,False,7,90,1,3,0,0,1,0,0,0,0,0,0,0,0,13,54,439743,10872,48374,0.04,0.14,1.01,5.2,4.7,6.0,2.0
Ramón Sosa,MID,Nott'm Forest,620,42,5,2024-09-22T13:00:00Z,False,5,31,0,6,1,0,0,0,0,0,0,0,0,0,0,23,55,2025,158,165,0.56,0.0,0.07,35.2,0.0,17.0,1.8
Sander Berge,MID,Fulham,622,44,5,2024-09-21T14:00:00Z,True,15,45,0,1,0,0,0,1,0,0,0,0,0,0,0,6,50,1759,124,160,0.0,0.01,1.43,8.6,11.5,4.0,0.3
Maldini Kacurri,DEF,Arsenal,657,47,5,2024-09-22T15:30:00Z,False,13,0,0,0,0,0,0,0,0,0,0,0,0,0,0,0,40,1719,1170,165,0.0,0.0,0.0,0.0,0.0,0.0,0.0
Adam Armstrong,FWD,Southampton,453,48,5,2024-09-21T14:00:00Z,True,10,8,0,1,0,0,0,1,0,0,0,0,0,0,0,3,54,105783,6817,21839,0.0,0.0,0.55,0.0,0.0,0.0,0.8
Aaron Cresswell,DEF,West Ham,517,50,5,2024-09-21T11:30:00Z,True,6,17,0,1,0,0,0,0,0,0,0,0,0,0,0,3,40,180590,6753,8789,0.0,0.01,0.68,3.0,11.8,0.0,0.5
Emil Krafth,DEF,Newcastle,405,44,5,2024-09-21T14:00:00Z,False,9,0,0,0,0,0,0,0,0,0,0,0,0,0,0,0,45,18653,686,1568,0.0,0.0,0.0,0.0,0.0,0.0,1.5
Jakub Kiwior,DEF,Arsenal,8,47,5,2024-09-22T15:30:00Z,False,13,16,0,1,0,0,0,1,0,0,0,0,0,0,0,-1,49,15120,390,1137,0.0,0.0,0.99,5.2,0.0,0.0,0.2
Kristoffer Ajer,DEF,Brentford,86,49,5,2024-09-21T14:00:00Z,False,18,78,1,0,0,0,0,2,0,0,0,1,0,0,0,0,45,36902,1326,2298,0.0,0.01,3.01,4.4,10.9,0.0,0.8
Will Hughes,MID,Crystal Palace,203,43,5,2024-09-21T16:30:00Z,True,14,24,0,0,0,0,0,0,0,0,0,1,0,0,0,-1,49,4071,138,340,0.03,0.0,0.06,2.6,0.4,17.0,0.2
David Ozoh,MID,Crystal Palace,212,43,5,2024-09-21T16:30:00Z,True,14,0,0,0,0,0,0,0,0,0,0,0,0,0,0,0,45,186,0,15,0.0,0.0,0.0,0.0,0.0,0.0,0.0
Jakub Moder,MID,Brighton,137,42,5,2024-09-22T13:00:00Z,True,16,0,0,0,0,0,0,0,0,0,0,0,0,0,0,0,44,36973,9662,3158,0.0,0.0,0.0,0.0,0.0,0.0,0.0
Cieran Slicker,GK,Ipswich,280,48,5,2024-09-21T14:00:00Z,False,17,0,0,0,0,0,0,0,0,0,0,0,0,0,0,0,40,86383,1482,3081,0.0,0.0,0.0,0.0,0.0,0.0,0.0
Raheem Sterling,MID,Arsenal,186,47,5,2024-09-22T15:30:00Z,False,13,0,0,0,0,0,0,0,0,0,0,0,0,0,0,0,68,121288,3783,9342,0.0,0.0,0.0,0.0,0.0,0.0,0.2
Raúl Jiménez,FWD,Fulham,252,44,5,2024-09-21T14:00:00Z,True,15,73,1,6,1,0,0,1,0,0,0,0,0,0,0,26,54,81801,43160,7694,0.49,0.01,1.24,38.0,4.7,63.0,3.7
Bryan Gil Salvatierra,MID,Spurs,483,49,5,2024-09-21T14:00:00Z,True,4,0,0,0,0,0,0,0,0,0,0,0,0,0,0,0,50,145,0,3,0.0,0.0,0.0,0.0,0.0,0.0,0.0
Myles Lewis-Skelly,MID,Arsenal,597,47,5,2024-09-22T15:30:00Z,False,13,1,0,0,0,0,0,1,0,0,0,1,0,0,0,0,45,5623,431,438,0.0,0.0,0.49,0.0,0.0,0.0,0.0
Giovani Lo Celso,MID,Spurs,493,49,5,2024-09-21T14:00:00Z,True,4,0,0,0,0,0,0,0,0,0,0,0,0,0,0,0,49,4709,0,776,0.0,0.0,0.0,0.0,0.0,0.0,0.0
Tawanda Chirewa,MID,Wolves,538,41,5,2024-09-21T14:00:00Z,False,2,0,0,0,0,0,0,0,0,0,0,0,0,0,0,0,45,5419,0,598,0.0,0.0,0.0,0.0,0.0,0.0,0.0
Cameron Humphreys,MID,Ipswich,273,48,5,2024-09-21T14:00:00Z,False,17,0,0,0,0,0,0,0,0,0,0,0,0,0,0,0,45,2744,0,366,0.0,0.0,0.0,0.0,0.0,0.0,0.0
Ashley Young,DEF,Everton,238,45,5,2024-09-21T14:00:00Z,False,11,90,1,6,0,1,0,1,0,0,0,0,0,0,1,27,45,15441,1220,1021,0.0,0.16,0.66,32.6,30.1,0.0,2.0
James Bree,DEF,Southampton,457,48,5,2024-09-21T14:00:00Z,True,10,0,0,0,0,0,0,0,0,0,0,0,0,0,0,0,40,16513,391,779,0.0,0.0,0.0,0.0,0.0,0.0,0.0
