id,code,element_type,team,team_code,web_name,first_name,second_name,now_cost,status,news,news_added,chance_of_playing_next_round,selected_by_percent,form,penalties_order,direct_freekicks_order,corners_and_indirect_freekicks_order,price_change_percent,price_change_projections
1,154561,1,1,3,Raya,David,Raya Martín,60,a,,,,38.3,6.0,,,,9.4,"[{'offset': 0, 'projected_percent': '9.4', 'likelihood': 1}, {'offset': 1, 'projected_percent': '10.3', 'likelihood': 1}, {'offset': 2, 'projected_percent': '11.0', 'likelihood': 1}]"
2,109745,1,1,3,Arrizabalaga,Kepa,Arrizabalaga Revuelta,50,a,,,,0.1,0.0,,,,-61.0,"[{'offset': 0, 'projected_percent': '-61.0', 'likelihood': -3}, {'offset': 1, 'projected_percent': '-72.4', 'likelihood': -3}, {'offset': 2, 'projected_percent': '-79.7', 'likelihood': -3}]"
3,437495,1,1,3,Meslier,Illan,Meslier,50,a,,,,0.0,0.0,,,,-56.6,"[{'offset': 0, 'projected_percent': '-56.6', 'likelihood': -3}, {'offset': 1, 'projected_percent': '-56.6', 'likelihood': -3}, {'offset': 2, 'projected_percent': '-56.6', 'likelihood': -3}]"
4,226597,2,1,3,Gabriel,Gabriel,dos Santos Magalhães,80,a,,,,29.2,5.0,,,,-6.6,"[{'offset': 0, 'projected_percent': '-6.6', 'likelihood': -1}, {'offset': 1, 'projected_percent': '-10.2', 'likelihood': -1}, {'offset': 2, 'projected_percent': '-12.5', 'likelihood': -1}]"
5,445122,2,1,3,J.Timber,Jurriën,Timber,65,i,Groin injury - Unknown return date,2026-07-23T12:01:23.272929Z,0.0,0.1,0.0,,,,-48.1,"[{'offset': 0, 'projected_percent': '-48.1', 'likelihood': -3}, {'offset': 1, 'projected_percent': '-57.8', 'likelihood': -3}, {'offset': 2, 'projected_percent': '-64.0', 'likelihood': -3}]"
6,462424,2,1,3,Saliba,William,Saliba,60,i,Back injury - Unknown return date,2026-07-23T12:01:23.289376Z,0.0,0.3,0.0,,,,-42.9,"[{'offset': 0, 'projected_percent': '-42.9', 'likelihood': -3}, {'offset': 1, 'projected_percent': '-51.7', 'likelihood': -3}, {'offset': 2, 'projected_percent': '-57.3', 'likelihood': -3}]"
7,499169,3,1,3,Lewis-Skelly,Myles,Lewis-Skelly,55,a,,,,0.7,3.0,,,,0.9,"[{'offset': 0, 'projected_percent': '0.9', 'likelihood': 1}, {'offset': 1, 'projected_percent': '1.0', 'likelihood': 1}, {'offset': 2, 'projected_percent': '1.1', 'likelihood': 1}]"
8,466075,2,1,3,Calafiori,Riccardo,Calafiori,56,a,,,,41.6,9.0,,,,3.3,"[{'offset': 0, 'projected_percent': '3.3', 'likelihood': 1}, {'offset': 1, 'projected_percent': '10.6', 'likelihood': 1}, {'offset': 2, 'projected_percent': '15.3', 'likelihood': 1}]"
9,448104,2,1,3,Hincapie,Piero,Hincapié,54,a,,,,1.5,1.0,,,,-3.0,"[{'offset': 0, 'projected_percent': '-3.0', 'likelihood': -1}, {'offset': 1, 'projected_percent': '-23.4', 'likelihood': -2}, {'offset': 2, 'projected_percent': '-36.5', 'likelihood': -2}]"
10,198869,2,1,3,White,Benjamin,White,55,a,,2026-07-23T12:01:23.305229Z,100.0,6.6,11.0,,,,44.3,"[{'offset': 0, 'projected_percent': '44.3', 'likelihood': 3}, {'offset': 1, 'projected_percent': '60.8', 'likelihood': 3}, {'offset': 2, 'projected_percent': '71.3', 'likelihood': 3}]"
11,500040,2,1,3,Mosquera,Cristhian,Mosquera,55,a,,,,5.8,6.0,,,,-16.9,"[{'offset': 0, 'projected_percent': '-16.9', 'likelihood': -1}, {'offset': 1, 'projected_percent': '-27.1', 'likelihood': -2}, {'offset': 2, 'projected_percent': '-33.6', 'likelihood': -2}]"
12,223340,3,1,3,Saka,Bukayo,Saka,95,a,,,,10.4,9.0,1.0,2.0,2.0,18.1,"[{'offset': 0, 'projected_percent': '18.1', 'likelihood': 1}, {'offset': 1, 'projected_percent': '22.5', 'likelihood': 2}, {'offset': 2, 'projected_percent': '25.4', 'likelihood': 2}]"
13,204480,3,1,3,Rice,Declan,Rice,75,a,,,,17.0,3.0,,1.0,1.0,-27.5,"[{'offset': 0, 'projected_percent': '-27.5', 'likelihood': -2}, {'offset': 1, 'projected_percent': '-39.8', 'likelihood': -2}, {'offset': 2, 'projected_percent': '-47.7', 'likelihood': -3}]"
14,232413,3,1,3,Eze,Eberechi,Eze,65,a,,,,1.8,1.0,,3.0,,-103.1,"[{'offset': 0, 'projected_percent': '-103.1', 'likelihood': -5}, {'offset': 1, 'projected_percent': '-134.0', 'likelihood': -5}, {'offset': 2, 'projected_percent': '-153.9', 'likelihood': -5}]"
15,184029,3,1,3,Ødegaard,Martin,Ødegaard,66,a,,,,11.5,11.0,3.0,,4.0,1.8,"[{'offset': 0, 'projected_percent': '1.8', 'likelihood': 1}, {'offset': 1, 'projected_percent': '12.8', 'likelihood': 1}, {'offset': 2, 'projected_percent': '19.9', 'likelihood': 1}]"
16,248857,3,1,3,Madueke,Noni,Madueke,64,a,,,,0.3,1.0,,,6.0,-3.2,"[{'offset': 0, 'projected_percent': '-3.2', 'likelihood': -1}, {'offset': 1, 'projected_percent': '-22.2', 'likelihood': -2}, {'offset': 2, 'projected_percent': '-34.4', 'likelihood': -2}]"
17,195384,3,1,3,Merino,Mikel,Merino Zazón,60,a,,,,0.6,1.0,,,,-102.6,"[{'offset': 0, 'projected_percent': '-102.6', 'likelihood': -5}, {'offset': 1, 'projected_percent': '-120.1', 'likelihood': -5}, {'offset': 2, 'projected_percent': '-131.3', 'likelihood': -5}]"
18,444145,3,1,3,Martinelli,Gabriel,Martinelli Silva,64,a,,,,0.2,0.0,,,,-18.5,"[{'offset': 0, 'projected_percent': '-18.5', 'likelihood': -1}, {'offset': 1, 'projected_percent': '-40.5', 'likelihood': -3}, {'offset': 2, 'projected_percent': '-54.6', 'likelihood': -3}]"
19,481655,3,1,3,Zubimendi,Martín,Zubimendi Ibáñez,55,a,,,,1.0,1.0,,,,-87.6,"[{'offset': 0, 'projected_percent': '-87.6', 'likelihood': -3}, {'offset': 1, 'projected_percent': '-111.8', 'likelihood': -5}, {'offset': 2, 'projected_percent': '-127.3', 'likelihood': -5}]"
20,616077,3,1,3,Dowman,Max,Dowman,54,a,,,,0.1,0.0,,,,-5.1,"[{'offset': 0, 'projected_percent': '-5.1', 'likelihood': -1}, {'offset': 1, 'projected_percent': '-11.4', 'likelihood': -1}, {'offset': 2, 'projected_percent': '-15.5', 'likelihood': -1}]"
22,499175,3,1,3,Nwaneri,Ethan,Nwaneri,55,a,,,,0.0,0.0,,,,-85.2,"[{'offset': 0, 'projected_percent': '-85.2', 'likelihood': -3}, {'offset': 1, 'projected_percent': '-85.2', 'likelihood': -3}, {'offset': 2, 'projected_percent': '-85.2', 'likelihood': -3}]"
23,438098,3,1,3,Fábio Vieira,Fábio,Ferreira Vieira,55,a,,,,0.0,0.0,,,,-61.8,"[{'offset': 0, 'projected_percent': '-61.8', 'likelihood': -3}, {'offset': 1, 'projected_percent': '-88.8', 'likelihood': -3}, {'offset': 2, 'projected_percent': '-106.0', 'likelihood': -5}]"
24,200641,3,1,3,Nelson,Reiss,Nelson,55,a,,,,0.0,0.0,,,,-46.1,"[{'offset': 0, 'projected_percent': '-46.1', 'likelihood': -3}, {'offset': 1, 'projected_percent': '-46.1', 'likelihood': -3}, {'offset': 2, 'projected_percent': '-46.1', 'likelihood': -3}]"
25,224117,4,1,3,Gyökeres,Viktor,Gyökeres,74,a,,,,6.9,0.0,2.0,,,-23.0,"[{'offset': 0, 'projected_percent': '-23.0', 'likelihood': -2}, {'offset': 1, 'projected_percent': '-61.9', 'likelihood': -3}, {'offset': 2, 'projected_percent': '-86.8', 'likelihood': -3}]"
26,219847,4,1,3,Havertz,Kai,Havertz,75,a,,,,7.4,6.0,,,,67.9,"[{'offset': 0, 'projected_percent': '67.9', 'likelihood': 3}, {'offset': 1, 'projected_percent': '88.6', 'likelihood': 3}, {'offset': 2, 'projected_percent': '101.8', 'likelihood': 5}]"
27,205651,4,1,3,G.Jesus,Gabriel,Fernando de Jesus,60,a,,,,0.3,0.0,,,,-76.6,"[{'offset': 0, 'projected_percent': '-76.6', 'likelihood': -3}, {'offset': 1, 'projected_percent': '-99.8', 'likelihood': -4}, {'offset': 2, 'projected_percent': '-114.7', 'likelihood': -5}]"
31,199798,2,1,3,Konsa,Ezri,Konsa Ngoyo,45,a,,,,10.9,0.0,,,,-80.7,"[{'offset': 0, 'projected_percent': '-80.7', 'likelihood': -3}, {'offset': 1, 'projected_percent': '-102.7', 'likelihood': -5}, {'offset': 2, 'projected_percent': '-116.8', 'likelihood': -5}]"
452,208706,3,1,3,Bruno G.,Bruno,Guimarães Rodriguez Moura,69,d,Thigh injury - 75% chance of playing,2026-08-20T17:00:08.846118Z,75.0,2.8,0.0,4.0,,5.0,-3.7,"[{'offset': 0, 'projected_percent': '-3.7', 'likelihood': -1}, {'offset': 1, 'projected_percent': '-25.8', 'likelihood': -2}, {'offset': 2, 'projected_percent': '-40.0', 'likelihood': -3}]"
557,439509,3,1,3,Tzolis,Christos,Tzolis,65,a,,,,26.0,6.0,,,3.0,82.6,"[{'offset': 0, 'projected_percent': '82.6', 'likelihood': 3}, {'offset': 1, 'projected_percent': '106.6', 'likelihood': 5}, {'offset': 2, 'projected_percent': '122.0', 'likelihood': 5}]"
28,98980,1,2,7,Martinez,Emiliano,Martínez Romero,50,a,,,,4.1,0.0,,,,-47.5,"[{'offset': 0, 'projected_percent': '-47.5', 'likelihood': -3}, {'offset': 1, 'projected_percent': '-59.3', 'likelihood': -3}, {'offset': 2, 'projected_percent': '-66.9', 'likelihood': -3}]"
29,72147,1,2,7,M.Bizot,Marco,Bizot,45,a,,,,0.1,1.0,,,,0.0,"[{'offset': 0, 'projected_percent': '0.0', 'likelihood': 0}, {'offset': 1, 'projected_percent': '0.0', 'likelihood': 0}, {'offset': 2, 'projected_percent': '0.1', 'likelihood': 1}]"
30,101188,2,2,7,Digne,Lucas,Digne,45,u,Has joined Paris Saint-Germain permanently,2026-08-10T14:03:30.089007Z,0.0,0.1,0.0,,,,0.0,"[{'offset': 0, 'projected_percent': '0.0', 'likelihood': 0}, {'offset': 1, 'projected_percent': '0.0', 'likelihood': 0}, {'offset': 2, 'projected_percent': '0.0', 'likelihood': 0}]"
32,199796,2,2,7,Cash,Matty,Cash,45,a,,,,7.7,-1.0,,,1.0,-36.5,"[{'offset': 0, 'projected_percent': '-36.5', 'likelihood': -2}, {'offset': 1, 'projected_percent': '-59.8', 'likelihood': -3}, {'offset': 2, 'projected_percent': '-74.7', 'likelihood': -3}]"
33,149484,2,2,7,Mings,Tyrone,Mings,45,a,,,,0.4,1.0,,,,0.2,"[{'offset': 0, 'projected_percent': '0.2', 'likelihood': 1}, {'offset': 1, 'projected_percent': '0.0', 'likelihood': 0}, {'offset': 2, 'projected_percent': '-2.6', 'likelihood': -1}]"
34,244954,2,2,7,Pau,Pau,Torres,45,a,,,,0.4,0.0,,,,-27.5,"[{'offset': 0, 'projected_percent': '-27.5', 'likelihood': -2}, {'offset': 1, 'projected_percent': '-44.7', 'likelihood': -3}, {'offset': 2, 'projected_percent': '-55.7', 'likelihood': -3}]"
35,515597,3,2,7,Bogarde,Lamare,Bogarde,50,a,,,,0.1,1.0,,,,-10.8,"[{'offset': 0, 'projected_percent': '-10.8', 'likelihood': -1}, {'offset': 1, 'projected_percent': '-26.8', 'likelihood': -2}, {'offset': 2, 'projected_percent': '-37.1', 'likelihood': -2}]"
36,441302,2,2,7,Maatsen,Ian,Maatsen,45,a,,,,0.7,0.0,,,,-31.3,"[{'offset': 0, 'projected_percent': '-31.3', 'likelihood': -2}, {'offset': 1, 'projected_percent': '-48.4', 'likelihood': -3}, {'offset': 2, 'projected_percent': '-59.4', 'likelihood': -3}]"
37,184667,2,2,7,Lindelöf,Victor,Lindelöf,45,a,,,,0.3,-2.0,,,,-31.7,"[{'offset': 0, 'projected_percent': '-31.7', 'likelihood': -2}, {'offset': 1, 'projected_percent': '-63.6', 'likelihood': -3}, {'offset': 2, 'projected_percent': '-84.0', 'likelihood': -3}]"
38,606798,2,2,7,A.García,Andrés,García,40,a,,,,1.7,0.0,,,,-10.1,"[{'offset': 0, 'projected_percent': '-10.1', 'likelihood': -1}, {'offset': 1, 'projected_percent': '-15.5', 'likelihood': -1}, {'offset': 2, 'projected_percent': '-19.0', 'likelihood': -1}]"
39,578545,2,2,7,Nedeljkovic,Kosta,Nedeljkovic,40,u,Has joined Rangers on loan for the rest of the season,2026-08-19T13:56:46.385411Z,0.0,0.2,0.0,,,,0.0,"[{'offset': 0, 'projected_percent': '0.0', 'likelihood': 0}, {'offset': 1, 'projected_percent': '0.0', 'likelihood': 0}, {'offset': 2, 'projected_percent': '0.0', 'likelihood': 0}]"
41,195546,3,2,7,Buendía,Emiliano,Buendía Stati,60,a,,,,1.2,2.0,1.0,1.0,3.0,-57.4,"[{'offset': 0, 'projected_percent': '-57.4', 'likelihood': -3}, {'offset': 1, 'projected_percent': '-94.0', 'likelihood': -3}, {'offset': 2, 'projected_percent': '-117.4', 'likelihood': -5}]"
44,215711,3,2,7,Bailey,Leon,Bailey,55,a,,,,0.1,0.0,,,,-47.0,"[{'offset': 0, 'projected_percent': '-47.0', 'likelihood': -3}, {'offset': 1, 'projected_percent': '-71.4', 'likelihood': -3}, {'offset': 2, 'projected_percent': '-87.0', 'likelihood': -3}]"
45,122806,3,2,7,McGinn,John,McGinn,55,a,,,,2.8,1.0,,,2.0,-52.8,"[{'offset': 0, 'projected_percent': '-52.8', 'likelihood': -3}, {'offset': 1, 'projected_percent': '-77.1', 'likelihood': -3}, {'offset': 2, 'projected_percent': '-92.8', 'likelihood': -3}]"
46,88894,3,2,7,Barkley,Ross,Barkley,50,a,,,,0.2,2.0,,,4.0,-9.9,"[{'offset': 0, 'projected_percent': '-9.9', 'likelihood': -1}, {'offset': 1, 'projected_percent': '-21.1', 'likelihood': -2}, {'offset': 2, 'projected_percent': '-28.2', 'likelihood': -2}]"
47,226944,3,2,7,Kamara,Boubacar,Kamara,50,a,,2026-07-23T12:01:23.337269Z,100.0,0.3,2.0,,,,-21.3,"[{'offset': 0, 'projected_percent': '-21.3', 'likelihood': -2}, {'offset': 1, 'projected_percent': '-37.7', 'likelihood': -2}, {'offset': 2, 'projected_percent': '-48.3', 'likelihood': -3}]"
48,449871,3,2,7,Onana,Amadou,Onana,50,i,Knee injury - Unknown return date,2026-07-23T12:01:23.352497Z,0.0,0.0,0.0,,,,-30.2,"[{'offset': 0, 'projected_percent': '-30.2', 'likelihood': -2}, {'offset': 1, 'projected_percent': '-30.2', 'likelihood': -2}, {'offset': 2, 'projected_percent': '-30.2', 'likelihood': -2}]"
49,469247,3,2,7,Iling Jr,Samuel,Iling-Junior,50,u,Has joined Bolton Wanderers on loan for the rest of the season,2026-08-17T13:52:28.532616Z,0.0,0.0,0.0,,,,0.0,"[{'offset': 0, 'projected_percent': '0.0', 'likelihood': 0}, {'offset': 1, 'projected_percent': '0.0', 'likelihood': 0}, {'offset': 2, 'projected_percent': '0.0', 'likelihood': 0}]"
50,645618,3,2,7,Burrowes,Bradley,Burrowes,45,a,,,,0.7,0.0,,,,-14.1,"[{'offset': 0, 'projected_percent': '-14.1', 'likelihood': -1}, {'offset': 1, 'projected_percent': '-18.8', 'likelihood': -1}, {'offset': 2, 'projected_percent': '-21.8', 'likelihood': -2}]"
51,577285,3,2,7,George Hemmings,George,Hemmings,45,a,,,,0.7,2.0,,,,1.1,"[{'offset': 0, 'projected_percent': '1.1', 'likelihood': 1}, {'offset': 1, 'projected_percent': '1.6', 'likelihood': 1}, {'offset': 2, 'projected_percent': '1.9', 'likelihood': 1}]"
52,653481,3,2,7,Alysson,Alysson Edward Franco,da Rocha dos Santos,50,a,,,,0.0,1.0,,,,-16.5,"[{'offset': 0, 'projected_percent': '-16.5', 'likelihood': -1}, {'offset': 1, 'projected_percent': '-16.5', 'likelihood': -1}, {'offset': 2, 'projected_percent': '-16.5', 'likelihood': -1}]"
53,614071,3,2,7,Manzambi,Johan,Manzambi,60,i,Knee injury - Unknown return date,2026-08-15T15:30:06.388335Z,0.0,0.2,0.0,,,,-81.2,"[{'offset': 0, 'projected_percent': '-81.2', 'likelihood': -3}, {'offset': 1, 'projected_percent': '-96.8', 'likelihood': -4}, {'offset': 2, 'projected_percent': '-106.8', 'likelihood': -5}]"
54,448089,3,2,7,Gomes,Joao,Gomes,55,s,Suspended until 19 Sep,2026-08-23T17:30:08.367415Z,0.0,0.1,-2.0,,,,-0.0,"[{'offset': 0, 'projected_percent': '-0.0', 'likelihood': 0}, {'offset': 1, 'projected_percent': '-0.0', 'likelihood': 0}, {'offset': 2, 'projected_percent': '-0.0', 'likelihood': 0}]"
55,178301,4,2,7,Watkins,Ollie,Watkins,79,a,,,,8.0,0.0,2.0,,,-23.2,"[{'offset': 0, 'projected_percent': '-23.2', 'likelihood': -2}, {'offset': 1, 'projected_percent': '-72.9', 'likelihood': -3}, {'offset': 2, 'projected_percent': '-104.7', 'likelihood': -5}]"
56,173879,4,2,7,Abraham,Tammy,Abraham,55,d,Knock - 75% chance of playing,2026-08-15T16:00:07.558543Z,75.0,0.1,0.0,,,,-46.4,"[{'offset': 0, 'projected_percent': '-46.4', 'likelihood': -3}, {'offset': 1, 'projected_percent': '-66.9', 'likelihood': -3}, {'offset': 2, 'projected_percent': '-80.1', 'likelihood': -3}]"
160,493105,3,2,7,Garnacho,Alejandro,Garnacho Ferreyra,60,a,,,,0.6,1.0,,,,-65.7,"[{'offset': 0, 'projected_percent': '-65.7', 'likelihood': -3}, {'offset': 1, 'projected_percent': '-92.6', 'likelihood': -3}, {'offset': 2, 'projected_percent': '-109.8', 'likelihood': -5}]"
582,690838,4,2,7,Madjo,Brian,Madjo,55,i,Unspecified injury - Unknown return date,2026-08-15T16:00:07.974271Z,0.0,0.4,0.0,,,,-8.1,"[{'offset': 0, 'projected_percent': '-8.1', 'likelihood': -1}, {'offset': 1, 'projected_percent': '-25.0', 'likelihood': -2}, {'offset': 2, 'projected_percent': '-35.8', 'likelihood': -2}]"
596,487992,2,2,7,Ruggeri,Matteo,Ruggeri,45,a,,,,0.1,1.0,,,,0.0,"[{'offset': 0, 'projected_percent': '0.0', 'likelihood': 0}, {'offset': 1, 'projected_percent': '0.0', 'likelihood': 0}, {'offset': 2, 'projected_percent': '0.0', 'likelihood': 0}]"
597,433969,1,2,7,Suzuki,Zion,Suzuki,50,a,,,,0.8,0.0,,,,0.0,"[{'offset': 0, 'projected_percent': '0.0', 'likelihood': 0}, {'offset': 1, 'projected_percent': '0.0', 'likelihood': 0}, {'offset': 2, 'projected_percent': '0.0', 'likelihood': 0}]"
606,569577,2,2,7,Rowe,Triston,Rowe,40,a,,,,0.1,0.0,,,,0.0,"[{'offset': 0, 'projected_percent': '0.0', 'likelihood': 0}, {'offset': 1, 'projected_percent': '0.0', 'likelihood': 0}, {'offset': 2, 'projected_percent': '0.0', 'likelihood': 0}]"
607,571380,3,2,7,Lynch,Luka,Lynch,45,a,,,,0.1,0.0,,,,0.0,"[{'offset': 0, 'projected_percent': '0.0', 'likelihood': 0}, {'offset': 1, 'projected_percent': '0.0', 'likelihood': 0}, {'offset': 2, 'projected_percent': '0.0', 'likelihood': 0}]"
611,214590,2,2,7,Wan-Bissaka,Aaron,Wan-Bissaka,45,a,,,,0.0,0.0,,,,0.0,"[{'offset': 0, 'projected_percent': '0.0', 'likelihood': 0}, {'offset': 1, 'projected_percent': '0.0', 'likelihood': 0}, {'offset': 2, 'projected_percent': '0.0', 'likelihood': 0}]"
57,457569,1,3,91,Petrović,Đorđe,Petrović,45,a,,,,3.3,2.0,,,,3.9,"[{'offset': 0, 'projected_percent': '3.9', 'likelihood': 1}, {'offset': 1, 'projected_percent': '6.3', 'likelihood': 1}, {'offset': 2, 'projected_percent': '7.8', 'likelihood': 1}]"
58,40383,1,3,91,Forster,Fraser,Forster,40,a,,,,3.2,0.0,,,,-0.9,"[{'offset': 0, 'projected_percent': '-0.9', 'likelihood': -1}, {'offset': 1, 'projected_percent': '-1.9', 'likelihood': -1}, {'offset': 2, 'projected_percent': '-2.6', 'likelihood': -1}]"
59,444172,1,3,91,Dennis,Will,Dennis,40,u,Has joined MK Dons permanently,2026-08-27T14:53:48.692835Z,0.0,0.2,0.0,,,,0.0,"[{'offset': 0, 'projected_percent': '0.0', 'likelihood': 0}, {'offset': 1, 'projected_percent': '0.0', 'likelihood': 0}, {'offset': 2, 'projected_percent': '0.0', 'likelihood': 0}]"
60,463981,2,3,91,Hill,James,Hill,55,a,,,,0.9,1.0,,,,1.4,"[{'offset': 0, 'projected_percent': '1.4', 'likelihood': 1}, {'offset': 1, 'projected_percent': '2.2', 'likelihood': 1}, {'offset': 2, 'projected_percent': '2.8', 'likelihood': 1}]"
61,494521,2,3,91,Truffert,Adrien,Truffert,55,a,,,,4.2,1.0,,,,-1.0,"[{'offset': 0, 'projected_percent': '-1.0', 'likelihood': -1}, {'offset': 1, 'projected_percent': '0.0', 'likelihood': 0}, {'offset': 2, 'projected_percent': '0.3', 'likelihood': 1}]"
62,242882,2,3,91,Diakité,Bafodé,Diakité,50,a,,,,0.2,0.0,,,,0.4,"[{'offset': 0, 'projected_percent': '0.4', 'likelihood': 1}, {'offset': 1, 'projected_percent': '0.3', 'likelihood': 1}, {'offset': 2, 'projected_percent': '0.3', 'likelihood': 1}]"
63,620487,2,3,91,Milosavljević,Veljko,Milosavljevic,50,i,Unspecified injury - Unknown return date,2026-08-06T10:00:10.456051Z,0.0,0.0,0.0,,,,-34.9,"[{'offset': 0, 'projected_percent': '-34.9', 'likelihood': -2}, {'offset': 1, 'projected_percent': '-44.0', 'likelihood': -3}, {'offset': 2, 'projected_percent': '-49.8', 'likelihood': -3}]"
64,54469,2,3,91,Smith,Adam,Smith,45,a,,,,0.1,1.0,,,,0.8,"[{'offset': 0, 'projected_percent': '0.8', 'likelihood': 1}, {'offset': 1, 'projected_percent': '1.2', 'likelihood': 1}, {'offset': 2, 'projected_percent': '1.4', 'likelihood': 1}]"
65,436893,2,3,91,J.Araujo,Julián,Araujo Zúñiga,45,i,Thigh injury - Unknown return date,2026-08-09T08:00:05.645826Z,0.0,0.0,0.0,,,,-48.3,"[{'offset': 0, 'projected_percent': '-48.3', 'likelihood': -3}, {'offset': 1, 'projected_percent': '-65.6', 'likelihood': -3}, {'offset': 2, 'projected_percent': '-76.7', 'likelihood': -3}]"
66,575901,2,3,91,Soler,Julio,Soler Barreto,40,d,Hamstring injury - 75% chance of playing,2026-08-15T16:30:07.021055Z,75.0,0.2,0.0,,,,-23.5,"[{'offset': 0, 'projected_percent': '-23.5', 'likelihood': -2}, {'offset': 1, 'projected_percent': '-30.6', 'likelihood': -2}, {'offset': 2, 'projected_percent': '-35.2', 'likelihood': -2}]"
67,499604,3,3,91,Rayan,Rayan Vitor,Simplício Rocha,65,a,,,,2.8,2.0,,,,1.9,"[{'offset': 0, 'projected_percent': '1.9', 'likelihood': 1}, {'offset': 1, 'projected_percent': '4.3', 'likelihood': 1}, {'offset': 2, 'projected_percent': '5.8', 'likelihood': 1}]"
68,201658,3,3,91,Tavernier,Marcus,Tavernier,60,a,,,,2.3,10.0,3.0,1.0,1.0,26.5,"[{'offset': 0, 'projected_percent': '26.5', 'likelihood': 2}, {'offset': 1, 'projected_percent': '48.4', 'likelihood': 3}, {'offset': 2, 'projected_percent': '62.4', 'likelihood': 3}]"
69,503139,3,3,91,Scott,Alex,Scott,60,a,,,,1.5,2.0,,4.0,2.0,-9.4,"[{'offset': 0, 'projected_percent': '-9.4', 'likelihood': -1}, {'offset': 1, 'projected_percent': '-15.8', 'likelihood': -1}, {'offset': 2, 'projected_percent': '-19.9', 'likelihood': -1}]"
70,222683,3,3,91,Kluivert,Justin,Kluivert,60,a,,,,1.2,3.0,2.0,2.0,3.0,3.0,"[{'offset': 0, 'projected_percent': '3.0', 'likelihood': 1}, {'offset': 1, 'projected_percent': '5.3', 'likelihood': 1}, {'offset': 2, 'projected_percent': '6.7', 'likelihood': 1}]"
71,155408,3,3,91,Cook,Lewis,Cook,50,a,,,,0.2,3.0,,,5.0,0.7,"[{'offset': 0, 'projected_percent': '0.7', 'likelihood': 1}, {'offset': 1, 'projected_percent': '1.1', 'likelihood': 1}, {'offset': 2, 'projected_percent': '1.4', 'likelihood': 1}]"
72,496208,3,3,91,Gannon-Doak,Ben,Gannon-Doak,50,a,,,,0.1,1.0,,,,-20.7,"[{'offset': 0, 'projected_percent': '-20.7', 'likelihood': -2}, {'offset': 1, 'projected_percent': '-20.7', 'likelihood': -2}, {'offset': 2, 'projected_percent': '-20.7', 'likelihood': -2}]"
73,200785,3,3,91,Adams,Tyler,Adams,50,a,,2026-08-15T16:30:07.029928Z,100.0,0.2,1.0,,,,0.1,"[{'offset': 0, 'projected_percent': '0.1', 'likelihood': 1}, {'offset': 1, 'projected_percent': '0.3', 'likelihood': 1}, {'offset': 2, 'projected_percent': '0.4', 'likelihood': 1}]"
74,111317,3,3,91,Brooks,David,Brooks,50,a,,2026-08-15T16:30:07.037929Z,100.0,0.1,0.0,,3.0,4.0,-7.4,"[{'offset': 0, 'projected_percent': '-7.4', 'likelihood': -1}, {'offset': 1, 'projected_percent': '-11.8', 'likelihood': -1}, {'offset': 2, 'projected_percent': '-14.7', 'likelihood': -1}]"
75,158499,3,3,91,Christie,Ryan,Christie,50,a,,2026-07-24T17:30:10.035483Z,100.0,0.0,0.0,,,6.0,0.0,"[{'offset': 0, 'projected_percent': '0.0', 'likelihood': 0}, {'offset': 1, 'projected_percent': '0.0', 'likelihood': 0}, {'offset': 2, 'projected_percent': '0.0', 'likelihood': 0}]"
76,614574,3,3,91,Tóth.A,Alex,Tóth,50,a,,,,0.0,1.0,,,,-9.2,"[{'offset': 0, 'projected_percent': '-9.2', 'likelihood': -1}, {'offset': 1, 'projected_percent': '-9.2', 'likelihood': -1}, {'offset': 2, 'projected_percent': '-9.2', 'likelihood': -1}]"
77,489888,3,3,91,Adli,Amine,Adli,50,i,Unspecified injury - Unknown return date,2026-08-15T16:00:07.590566Z,0.0,0.0,0.0,,,,-72.0,"[{'offset': 0, 'projected_percent': '-72.0', 'likelihood': -3}, {'offset': 1, 'projected_percent': '-86.2', 'likelihood': -3}, {'offset': 2, 'projected_percent': '-95.3', 'likelihood': -4}]"
78,560262,3,3,91,Kroupi.Jr,Junior,Kroupi,75,i,Foot injury - Unknown return date,2026-07-29T17:30:09.796802Z,0.0,0.3,0.0,1.0,,,-72.9,"[{'offset': 0, 'projected_percent': '-72.9', 'likelihood': -3}, {'offset': 1, 'projected_percent': '-89.8', 'likelihood': -3}, {'offset': 2, 'projected_percent': '-100.6', 'likelihood': -5}]"
79,444102,4,3,91,Evanilson,Francisco Evanilson,de Lima Barbosa,60,a,,,,2.9,4.0,,,,22.2,"[{'offset': 0, 'projected_percent': '22.2', 'likelihood': 2}, {'offset': 1, 'projected_percent': '36.3', 'likelihood': 2}, {'offset': 2, 'projected_percent': '45.4', 'likelihood': 3}]"
80,168636,4,3,91,Enes Ünal,Enes,Ünal,55,u,Has joined Getafe permanently,2026-08-14T14:14:21.881112Z,0.0,0.0,0.0,,,,0.0,"[{'offset': 0, 'projected_percent': '0.0', 'likelihood': 0}, {'offset': 1, 'projected_percent': '0.0', 'likelihood': 0}, {'offset': 2, 'projected_percent': '0.0', 'likelihood': 0}]"
81,561245,4,3,91,Rodríguez,Álvaro,Rodríguez,60,a,,2026-08-15T16:30:07.054142Z,100.0,0.1,0.0,,,,-7.0,"[{'offset': 0, 'projected_percent': '-7.0', 'likelihood': -1}, {'offset': 1, 'projected_percent': '0.0', 'likelihood': 0}, {'offset': 2, 'projected_percent': '0.1', 'likelihood': 1}]"
566,483067,2,3,91,Silva,António João,Pereira de Albuquerque Tavares da Silva,50,a,,,,0.4,2.0,,,,2.1,"[{'offset': 0, 'projected_percent': '2.1', 'likelihood': 1}, {'offset': 1, 'projected_percent': '3.4', 'likelihood': 1}, {'offset': 2, 'projected_percent': '4.3', 'likelihood': 1}]"
573,494928,2,3,91,Sanchez,Juanlu,Sánchez,45,a,,,,0.2,0.0,,,,-16.4,"[{'offset': 0, 'projected_percent': '-16.4', 'likelihood': -1}, {'offset': 1, 'projected_percent': '-25.9', 'likelihood': -2}, {'offset': 2, 'projected_percent': '-32.1', 'likelihood': -2}]"
608,523700,4,3,91,Jebbison,Daniel,Jebbison,50,a,,,,0.0,1.0,,,,0.0,"[{'offset': 0, 'projected_percent': '0.0', 'likelihood': 0}, {'offset': 1, 'projected_percent': '0.0', 'likelihood': 0}, {'offset': 2, 'projected_percent': '0.0', 'likelihood': 0}]"
615,230650,1,3,91,Di Gregorio,Michele,Di Gregorio,45,a,,,,0.0,0.0,,,,0.0,"[{'offset': 0, 'projected_percent': '0.0', 'likelihood': 0}, {'offset': 1, 'projected_percent': '0.0', 'likelihood': 0}, {'offset': 2, 'projected_percent': '0.0', 'likelihood': 0}]"
82,200720,1,4,94,Kelleher,Caoimhín,Kelleher,50,a,,,,6.5,7.0,,,,18.7,"[{'offset': 0, 'projected_percent': '18.7', 'likelihood': 1}, {'offset': 1, 'projected_percent': '26.3', 'likelihood': 2}, {'offset': 2, 'projected_percent': '31.1', 'likelihood': 2}]"
83,507433,1,4,94,Valdimarsson,Hákon Rafn,Valdimarsson,45,a,,,,0.1,0.0,,,,-9.4,"[{'offset': 0, 'projected_percent': '-9.4', 'likelihood': -1}, {'offset': 1, 'projected_percent': '-9.4', 'likelihood': -1}, {'offset': 2, 'projected_percent': '-9.4', 'likelihood': -1}]"
84,432830,2,4,94,Collins,Nathan,Collins,55,a,,,,2.1,6.0,,,,7.0,"[{'offset': 0, 'projected_percent': '7.0', 'likelihood': 1}, {'offset': 1, 'projected_percent': '8.7', 'likelihood': 1}, {'offset': 2, 'projected_percent': '9.9', 'likelihood': 1}]"
85,444765,2,4,94,Van den Berg,Sepp,van den Berg,50,i,Groin injury - Unknown return date,2026-08-15T15:30:06.416627Z,0.0,0.1,0.0,,,,-66.7,"[{'offset': 0, 'projected_percent': '-66.7', 'likelihood': -3}, {'offset': 1, 'projected_percent': '-82.2', 'likelihood': -3}, {'offset': 2, 'projected_percent': '-92.1', 'likelihood': -3}]"
86,249231,3,4,94,Lewis-Potter,Keane,Lewis-Potter,55,a,,,,1.0,10.0,,1.0,,18.0,"[{'offset': 0, 'projected_percent': '18.0', 'likelihood': 1}, {'offset': 1, 'projected_percent': '30.8', 'likelihood': 2}, {'offset': 2, 'projected_percent': '39.0', 'likelihood': 2}]"
87,191866,2,4,94,Ajer,Kristoffer,Ajer,45,a,,,,4.0,8.0,,,,19.7,"[{'offset': 0, 'projected_percent': '19.7', 'likelihood': 1}, {'offset': 1, 'projected_percent': '33.0', 'likelihood': 2}, {'offset': 2, 'projected_percent': '41.6', 'likelihood': 3}]"
88,607464,2,4,94,Kayode,Michael,Kayode,46,a,,,,7.4,13.0,,,,5.0,"[{'offset': 0, 'projected_percent': '5.0', 'likelihood': 1}, {'offset': 1, 'projected_percent': '17.4', 'likelihood': 1}, {'offset': 2, 'projected_percent': '25.3', 'likelihood': 2}]"
89,194010,2,4,94,Henry,Rico,Henry,45,a,,,,0.2,0.0,,,,-23.9,"[{'offset': 0, 'projected_percent': '-23.9', 'likelihood': -2}, {'offset': 1, 'projected_percent': '-42.3', 'likelihood': -3}, {'offset': 2, 'projected_percent': '-54.0', 'likelihood': -3}]"
90,472713,2,4,94,Hickey,Aaron,Hickey,45,a,,,,0.1,1.0,,,,0.1,"[{'offset': 0, 'projected_percent': '0.1', 'likelihood': 1}, {'offset': 1, 'projected_percent': '0.0', 'likelihood': 0}, {'offset': 2, 'projected_percent': '0.0', 'likelihood': 0}]"
91,231065,2,4,94,Pinnock,Ethan,Pinnock,45,a,,,,0.1,0.0,,,,-22.9,"[{'offset': 0, 'projected_percent': '-22.9', 'likelihood': -2}, {'offset': 1, 'projected_percent': '-46.4', 'likelihood': -3}, {'offset': 2, 'projected_percent': '-61.5', 'likelihood': -3}]"
92,570241,2,4,94,Ji-soo,Kim,Ji-soo,45,a,,,,0.0,0.0,,,,-11.2,"[{'offset': 0, 'projected_percent': '-11.2', 'likelihood': -1}, {'offset': 1, 'projected_percent': '-30.6', 'likelihood': -2}, {'offset': 2, 'projected_percent': '-43.1', 'likelihood': -3}]"
93,513086,2,4,94,Schuster,Jannik,Schuster,45,a,,,,0.2,0.0,,,,-22.7,"[{'offset': 0, 'projected_percent': '-22.7', 'likelihood': -2}, {'offset': 1, 'projected_percent': '-31.5', 'likelihood': -2}, {'offset': 2, 'projected_percent': '-37.1', 'likelihood': -2}]"
94,513418,3,4,94,Schade,Kevin,Schade,60,a,,,,3.5,3.0,2.0,,,0.6,"[{'offset': 0, 'projected_percent': '0.6', 'likelihood': 1}, {'offset': 1, 'projected_percent': '1.6', 'likelihood': 1}, {'offset': 2, 'projected_percent': '2.2', 'likelihood': 1}]"
95,533463,3,4,94,O.Dango,Dango,Ouattara,65,a,,,,1.1,3.0,,,2.0,-6.4,"[{'offset': 0, 'projected_percent': '-6.4', 'likelihood': -1}, {'offset': 1, 'projected_percent': '-16.9', 'likelihood': -1}, {'offset': 2, 'projected_percent': '-23.7', 'likelihood': -2}]"
96,440089,3,4,94,Damsgaard,Mikkel,Damsgaard,55,a,,,,0.5,1.0,,3.0,3.0,-39.2,"[{'offset': 0, 'projected_percent': '-39.2', 'likelihood': -2}, {'offset': 1, 'projected_percent': '-49.9', 'likelihood': -3}, {'offset': 2, 'projected_percent': '-56.7', 'likelihood': -3}]"
97,207283,3,4,94,Jensen,Mathias,Jensen,55,a,,,,0.2,6.0,3.0,2.0,1.0,1.1,"[{'offset': 0, 'projected_percent': '1.1', 'likelihood': 1}, {'offset': 1, 'projected_percent': '1.9', 'likelihood': 1}, {'offset': 2, 'projected_percent': '2.3', 'likelihood': 1}]"
98,204580,3,4,94,Janelt,Vitaly,Janelt,50,a,,,,0.4,9.0,,,4.0,11.0,"[{'offset': 0, 'projected_percent': '11.0', 'likelihood': 1}, {'offset': 1, 'projected_percent': '17.7', 'likelihood': 1}, {'offset': 2, 'projected_percent': '22.0', 'likelihood': 2}]"
99,543295,3,4,94,Milambo,Antoni,Milambo,50,i,Knee injury - Unknown return date,2026-07-23T12:01:23.384798Z,0.0,0.0,0.0,,,,-16.1,"[{'offset': 0, 'projected_percent': '-16.1', 'likelihood': -1}, {'offset': 1, 'projected_percent': '-16.1', 'likelihood': -1}, {'offset': 2, 'projected_percent': '-16.1', 'likelihood': -1}]"
100,244858,3,4,94,Carvalho,Fábio,Freitas Gouveia Carvalho,50,a,,2026-08-18T13:58:17.442072Z,100.0,0.0,0.0,,,,-33.4,"[{'offset': 0, 'projected_percent': '-33.4', 'likelihood': -2}, {'offset': 1, 'projected_percent': '-50.2', 'likelihood': -3}, {'offset': 2, 'projected_percent': '-60.9', 'likelihood': -3}]"
102,508395,3,4,94,Yarmoliuk,Yehor,Yarmoliuk,50,a,,,,1.2,1.0,,,,-36.8,"[{'offset': 0, 'projected_percent': '-36.8', 'likelihood': -2}, {'offset': 1, 'projected_percent': '-55.5', 'likelihood': -3}, {'offset': 2, 'projected_percent': '-67.5', 'likelihood': -3}]"
103,183656,3,4,94,Dasilva,Josh,Dasilva,50,a,,,,0.0,0.0,,,,-22.0,"[{'offset': 0, 'projected_percent': '-22.0', 'likelihood': -2}, {'offset': 1, 'projected_percent': '-22.0', 'likelihood': -2}, {'offset': 2, 'projected_percent': '-22.0', 'likelihood': -2}]"
105,444180,3,4,94,Anthony,Jaidon,Anthony,60,a,,,,0.2,1.0,,,,-5.9,"[{'offset': 0, 'projected_percent': '-5.9', 'likelihood': -1}, {'offset': 1, 'projected_percent': '0.0', 'likelihood': 0}, {'offset': 2, 'projected_percent': '0.1', 'likelihood': 1}]"
106,502500,4,4,94,Thiago,Igor Thiago,Nascimento Rodrigues,80,a,,,,16.7,0.0,1.0,,,-9.9,"[{'offset': 0, 'projected_percent': '-9.9', 'likelihood': -1}, {'offset': 1, 'projected_percent': '-17.3', 'likelihood': -1}, {'offset': 2, 'projected_percent': '-22.0', 'likelihood': -2}]"
107,593174,4,4,94,Furo,Kaye,Furo,45,a,,,,0.9,0.0,,,,0.4,"[{'offset': 0, 'projected_percent': '0.4', 'likelihood': 1}, {'offset': 1, 'projected_percent': '0.2', 'likelihood': 1}, {'offset': 2, 'projected_percent': '0.1', 'likelihood': 1}]"
108,75115,4,4,94,Wilson,Callum,Wilson,55,a,,,,0.4,1.0,,,,-0.1,"[{'offset': 0, 'projected_percent': '-0.1', 'likelihood': -1}, {'offset': 1, 'projected_percent': '0.1', 'likelihood': 1}, {'offset': 2, 'projected_percent': '0.1', 'likelihood': 1}]"
565,513545,3,4,94,M.Sangaré,Mamadou,Sangaré,56,a,,,,8.3,14.0,,,,17.8,"[{'offset': 0, 'projected_percent': '17.8', 'likelihood': 1}, {'offset': 1, 'projected_percent': '46.3', 'likelihood': 3}, {'offset': 2, 'projected_percent': '64.6', 'likelihood': 3}]"
109,489639,1,5,36,Verbruggen,Bart,Verbruggen,45,a,,,,21.5,6.0,,,,10.6,"[{'offset': 0, 'projected_percent': '10.6', 'likelihood': 1}, {'offset': 1, 'projected_percent': '12.0', 'likelihood': 1}, {'offset': 2, 'projected_percent': '12.9', 'likelihood': 1}]"
111,49262,1,5,36,Steele,Jason,Steele,40,a,,,,4.0,0.0,,,,-2.3,"[{'offset': 0, 'projected_percent': '-2.3', 'likelihood': -1}, {'offset': 1, 'projected_percent': '-4.7', 'likelihood': -1}, {'offset': 2, 'projected_percent': '-6.2', 'likelihood': -1}]"
113,231416,2,5,36,F.Kadıoğlu,Ferdi,Kadıoğlu,45,a,,2026-08-23T13:00:07.595211Z,100.0,2.3,0.0,,,3.0,-98.1,"[{'offset': 0, 'projected_percent': '-98.1', 'likelihood': -4}, {'offset': 1, 'projected_percent': '-123.5', 'likelihood': -5}, {'offset': 2, 'projected_percent': '-139.8', 'likelihood': -5}]"
114,204120,2,5,36,Boscagli,Olivier,Boscagli,45,a,,,,0.3,6.0,,,,1.0,"[{'offset': 0, 'projected_percent': '1.0', 'likelihood': 1}, {'offset': 1, 'projected_percent': '1.4', 'likelihood': 1}, {'offset': 2, 'projected_percent': '1.7', 'likelihood': 1}]"
115,465730,2,5,36,De Cuyper,Maxim,De Cuyper,46,a,,,,7.8,17.0,,4.0,2.0,16.5,"[{'offset': 0, 'projected_percent': '16.5', 'likelihood': 1}, {'offset': 1, 'projected_percent': '41.5', 'likelihood': 3}, {'offset': 2, 'projected_percent': '57.6', 'likelihood': 3}]"
116,83299,2,5,36,Dunk,Lewis,Dunk,45,a,,,,1.2,6.0,,3.0,,3.5,"[{'offset': 0, 'projected_percent': '3.5', 'likelihood': 1}, {'offset': 1, 'projected_percent': '4.9', 'likelihood': 1}, {'offset': 2, 'projected_percent': '5.7', 'likelihood': 1}]"
117,550090,2,5,36,Coppola,Diego,Coppola,45,a,,,,0.0,0.0,,,,-2.9,"[{'offset': 0, 'projected_percent': '-2.9', 'likelihood': -1}, {'offset': 1, 'projected_percent': '-2.9', 'likelihood': -1}, {'offset': 2, 'projected_percent': '-2.9', 'likelihood': -1}]"
118,223434,2,5,36,Igor,Igor Julio,dos Santos de Paulo,45,a,,,,0.1,0.0,,,,-16.2,"[{'offset': 0, 'projected_percent': '-16.2', 'likelihood': -1}, {'offset': 1, 'projected_percent': '-27.1', 'likelihood': -2}, {'offset': 2, 'projected_percent': '-34.1', 'likelihood': -2}]"
119,451490,2,5,36,Costinha,João Pedro,Loureiro da Costa,45,a,,,,0.0,1.0,,,,0.1,"[{'offset': 0, 'projected_percent': '0.1', 'likelihood': 1}, {'offset': 1, 'projected_percent': '0.0', 'likelihood': 0}, {'offset': 2, 'projected_percent': '-8.7', 'likelihood': -1}]"
120,454490,2,5,36,Svoboda,Michael,Svoboda,50,a,,,,0.1,0.0,,,,0.1,"[{'offset': 0, 'projected_percent': '0.1', 'likelihood': 1}, {'offset': 1, 'projected_percent': '0.0', 'likelihood': 0}, {'offset': 2, 'projected_percent': '-5.8', 'likelihood': -1}]"
121,451340,3,5,36,Mitoma,Mitoma,Kaoru,60,i,Hamstring injury - Unknown return date,2026-07-24T18:30:10.661894Z,0.0,0.0,0.0,,,,-46.8,"[{'offset': 0, 'projected_percent': '-46.8', 'likelihood': -3}, {'offset': 1, 'projected_percent': '-54.5', 'likelihood': -3}, {'offset': 2, 'projected_percent': '-59.5', 'likelihood': -3}]"
122,592031,3,5,36,Minteh,Yankuba,Minteh,60,i,Leg injury - Expected back 28 Nov,2026-08-14T18:00:06.418033Z,0.0,0.1,0.0,,,5.0,-96.5,"[{'offset': 0, 'projected_percent': '-96.5', 'likelihood': -4}, {'offset': 1, 'projected_percent': '-122.4', 'likelihood': -5}, {'offset': 2, 'projected_percent': '-139.0', 'likelihood': -5}]"
123,532529,3,5,36,Hinshelwood,Jack,Hinshelwood,60,d,Unspecified injury - 25% chance of playing,2026-08-27T19:30:07.780933Z,25.0,2.6,16.0,,,,54.4,"[{'offset': 0, 'projected_percent': '54.4', 'likelihood': 3}, {'offset': 1, 'projected_percent': '53.2', 'likelihood': 3}, {'offset': 2, 'projected_percent': '52.4', 'likelihood': 3}]"
124,60307,3,5,36,Groß,Pascal,Groß,55,a,,,,13.0,2.0,1.0,1.0,1.0,-25.2,"[{'offset': 0, 'projected_percent': '-25.2', 'likelihood': -2}, {'offset': 1, 'projected_percent': '-36.4', 'likelihood': -2}, {'offset': 2, 'projected_percent': '-43.6', 'likelihood': -3}]"
125,463067,4,5,36,Georginio,Georginio,Rutter,55,d,Unspecified injury - 75% chance of playing,2026-08-26T16:00:07.608056Z,75.0,1.0,5.0,,,,5.1,"[{'offset': 0, 'projected_percent': '5.1', 'likelihood': 1}, {'offset': 1, 'projected_percent': '2.3', 'likelihood': 1}, {'offset': 2, 'projected_percent': '0.6', 'likelihood': 1}]"
126,219249,3,5,36,O'Riley,Matt,O'Riley,55,a,,,,0.1,0.0,3.0,,,-27.1,"[{'offset': 0, 'projected_percent': '-27.1', 'likelihood': -2}, {'offset': 1, 'projected_percent': '-43.4', 'likelihood': -3}, {'offset': 2, 'projected_percent': '-53.9', 'likelihood': -3}]"
127,514254,3,5,36,Gomez,Diego,Gómez Amarilla,50,a,,,,3.8,6.0,,5.0,,3.0,"[{'offset': 0, 'projected_percent': '3.0', 'likelihood': 1}, {'offset': 1, 'projected_percent': '4.8', 'likelihood': 1}, {'offset': 2, 'projected_percent': '6.0', 'likelihood': 1}]"
128,536916,3,5,36,Buonanotte,Facundo,Buonanotte,50,u,Has joined Elche on loan for the rest of the season,2026-08-10T14:03:07.561436Z,0.0,0.0,0.0,,,,0.0,"[{'offset': 0, 'projected_percent': '0.0', 'likelihood': 0}, {'offset': 1, 'projected_percent': '0.0', 'likelihood': 0}, {'offset': 2, 'projected_percent': '0.0', 'likelihood': 0}]"
129,509416,3,5,36,Ayari,Yasin,Ayari,55,a,,,,0.6,2.0,,2.0,4.0,-22.9,"[{'offset': 0, 'projected_percent': '-22.9', 'likelihood': -2}, {'offset': 1, 'projected_percent': '-34.8', 'likelihood': -2}, {'offset': 2, 'projected_percent': '-42.5', 'likelihood': -3}]"
130,467779,2,5,36,Wieffer,Mats,Wieffer,50,a,,,,0.4,7.0,,,,4.4,"[{'offset': 0, 'projected_percent': '4.4', 'likelihood': 1}, {'offset': 1, 'projected_percent': '5.7', 'likelihood': 1}, {'offset': 2, 'projected_percent': '6.5', 'likelihood': 1}]"
132,597320,3,5,36,Howell,Harry,Howell,45,u,Has joined Leicester City on loan for the rest of the season,2026-08-17T13:53:19.019938Z,0.0,0.1,0.0,,,,0.0,"[{'offset': 0, 'projected_percent': '0.0', 'likelihood': 0}, {'offset': 1, 'projected_percent': '0.0', 'likelihood': 0}, {'offset': 2, 'projected_percent': '0.0', 'likelihood': 0}]"
133,549074,3,5,36,Watson,Tom,Watson,50,u,Has joined Leicester City on loan for the rest of the season,2026-08-03T14:05:44.459483Z,0.0,0.0,0.0,,,,0.0,"[{'offset': 0, 'projected_percent': '0.0', 'likelihood': 0}, {'offset': 1, 'projected_percent': '0.0', 'likelihood': 0}, {'offset': 2, 'projected_percent': '0.0', 'likelihood': 0}]"
134,556637,3,5,36,Oriola,Nehemiah,Oriola,45,a,,,,0.3,0.0,,,,-9.5,"[{'offset': 0, 'projected_percent': '-9.5', 'likelihood': -1}, {'offset': 1, 'projected_percent': '-9.5', 'likelihood': -1}, {'offset': 2, 'projected_percent': '-9.5', 'likelihood': -1}]"
135,700308,3,5,36,Yohanna,Zadok,Yohanna,50,a,,,,0.1,1.0,,,,-23.7,"[{'offset': 0, 'projected_percent': '-23.7', 'likelihood': -2}, {'offset': 1, 'projected_percent': '-49.5', 'likelihood': -3}, {'offset': 2, 'projected_percent': '-66.0', 'likelihood': -3}]"
137,608181,4,5,36,Tzimas,Stefanos,Tzimas,55,i,Knee injury - Unknown return date,2026-07-23T12:01:23.432796Z,0.0,0.0,0.0,,,,-32.8,"[{'offset': 0, 'projected_percent': '-32.8', 'likelihood': -2}, {'offset': 1, 'projected_percent': '-32.8', 'likelihood': -2}, {'offset': 2, 'projected_percent': '-32.8', 'likelihood': -2}]"
138,647850,4,5,36,Kostoulas,Charalampos,Kostoulas,55,a,,,,0.2,1.0,,,,-15.1,"[{'offset': 0, 'projected_percent': '-15.1', 'likelihood': -1}, {'offset': 1, 'projected_percent': '-10.0', 'likelihood': -1}, {'offset': 2, 'projected_percent': '-6.7', 'likelihood': -1}]"
139,487117,4,5,36,Ferguson,Evan,Ferguson,50,i,Ankle injury - Expected back 10 Oct,2026-07-23T12:01:23.448357Z,0.0,0.0,0.0,,,,-15.6,"[{'offset': 0, 'projected_percent': '-15.6', 'likelihood': -1}, {'offset': 1, 'projected_percent': '-24.6', 'likelihood': -2}, {'offset': 2, 'projected_percent': '-30.3', 'likelihood': -2}]"
328,222694,2,5,36,Struijk,Pascal,Struijk,50,a,,2026-08-15T20:30:07.523574Z,100.0,0.2,0.0,,,,-14.5,"[{'offset': 0, 'projected_percent': '-14.5', 'likelihood': -1}, {'offset': 1, 'projected_percent': '-28.1', 'likelihood': -2}, {'offset': 2, 'projected_percent': '-36.8', 'likelihood': -2}]"
504,610799,2,5,36,Vuskovic,Luka,Vušković,50,a,,,,2.5,6.0,,,,4.5,"[{'offset': 0, 'projected_percent': '4.5', 'likelihood': 1}, {'offset': 1, 'projected_percent': '4.3', 'likelihood': 1}, {'offset': 2, 'projected_percent': '4.2', 'likelihood': 1}]"
594,538007,4,5,36,David,Promise,David,60,a,,,,0.3,0.0,2.0,,,0.0,"[{'offset': 0, 'projected_percent': '0.0', 'likelihood': 0}, {'offset': 1, 'projected_percent': '0.0', 'likelihood': 0}, {'offset': 2, 'projected_percent': '0.0', 'likelihood': 0}]"
600,612855,3,5,36,Osman,Ibrahim,Osman,50,a,,,,0.0,1.0,,,,0.0,"[{'offset': 0, 'projected_percent': '0.0', 'likelihood': 0}, {'offset': 1, 'projected_percent': '0.0', 'likelihood': 0}, {'offset': 2, 'projected_percent': '0.0', 'likelihood': 0}]"
605,611695,3,5,36,Yalcouyé,Malick,Yalcouyé,45,a,,,,0.1,1.0,,,,0.0,"[{'offset': 0, 'projected_percent': '0.0', 'likelihood': 0}, {'offset': 1, 'projected_percent': '0.0', 'likelihood': 0}, {'offset': 2, 'projected_percent': '0.0', 'likelihood': 0}]"
614,512123,2,5,36,Hadjam,Jaouen,Hadjam,45,a,,,,0.0,0.0,,,,0.0,"[{'offset': 0, 'projected_percent': '0.0', 'likelihood': 0}, {'offset': 1, 'projected_percent': '0.0', 'likelihood': 0}, {'offset': 2, 'projected_percent': '0.0', 'likelihood': 0}]"
40,244850,3,6,8,Rogers,Morgan,Rogers,75,a,,,,26.1,8.0,,,4.0,74.7,"[{'offset': 0, 'projected_percent': '74.7', 'likelihood': 3}, {'offset': 1, 'projected_percent': '113.9', 'likelihood': 5}, {'offset': 2, 'projected_percent': '139.0', 'likelihood': 5}]"
101,56979,3,6,8,Henderson,Jordan,Henderson,50,d,Wrist injury - 75% chance of playing,2026-08-09T09:30:07.136250Z,75.0,0.0,0.0,,,,-29.8,"[{'offset': 0, 'projected_percent': '-29.8', 'likelihood': -2}, {'offset': 1, 'projected_percent': '-42.7', 'likelihood': -3}, {'offset': 2, 'projected_percent': '-50.9', 'likelihood': -3}]"
136,50175,4,6,8,Welbeck,Danny,Welbeck,60,a,,2026-08-20T14:00:07.949090Z,100.0,1.0,0.0,,,,-97.2,"[{'offset': 0, 'projected_percent': '-97.2', 'likelihood': -4}, {'offset': 1, 'projected_percent': '-103.0', 'likelihood': -5}, {'offset': 2, 'projected_percent': '-106.7', 'likelihood': -5}]"
140,215059,1,6,8,Sánchez,Robert,Lynch Sánchez,50,a,,,,2.3,2.0,,,,-19.6,"[{'offset': 0, 'projected_percent': '-19.6', 'likelihood': -1}, {'offset': 1, 'projected_percent': '-40.4', 'likelihood': -3}, {'offset': 2, 'projected_percent': '-53.7', 'likelihood': -3}]"
141,508479,1,6,8,Jörgensen,Filip,Jörgensen,50,u,Has joined RC Strasbourg on loan for the rest of the season,2026-08-12T14:07:02.607115Z,0.0,0.0,0.0,,,,0.0,"[{'offset': 0, 'projected_percent': '0.0', 'likelihood': 0}, {'offset': 1, 'projected_percent': '0.0', 'likelihood': 0}, {'offset': 2, 'projected_percent': '0.0', 'likelihood': 0}]"
142,225796,2,6,8,James,Reece,James,55,a,,,,10.0,0.0,,1.0,1.0,-3.1,"[{'offset': 0, 'projected_percent': '-3.1', 'likelihood': -1}, {'offset': 1, 'projected_percent': '-7.0', 'likelihood': -1}, {'offset': 2, 'projected_percent': '-9.5', 'likelihood': -1}]"
143,180736,2,6,8,Chalobah,Trevoh,Chalobah,55,u,Has joined Como permanently,2026-08-10T14:03:50.769483Z,0.0,0.1,0.0,,,,0.0,"[{'offset': 0, 'projected_percent': '0.0', 'likelihood': 0}, {'offset': 1, 'projected_percent': '0.0', 'likelihood': 0}, {'offset': 2, 'projected_percent': '0.0', 'likelihood': 0}]"
144,482609,2,6,8,Gusto,Malo,Gusto,50,a,,,,1.2,1.0,,,,1.7,"[{'offset': 0, 'projected_percent': '1.7', 'likelihood': 1}, {'offset': 1, 'projected_percent': '2.0', 'likelihood': 1}, {'offset': 2, 'projected_percent': '2.2', 'likelihood': 1}]"
145,444463,2,6,8,Fofana,Wesley,Fofana,50,a,,2026-07-23T12:01:23.464591Z,100.0,0.0,0.0,,,,0.0,"[{'offset': 0, 'projected_percent': '0.0', 'likelihood': 0}, {'offset': 1, 'projected_percent': '0.0', 'likelihood': 0}, {'offset': 2, 'projected_percent': '0.0', 'likelihood': 0}]"
146,242880,2,6,8,B.Badiashile,Benoît,Badiashile Mukinayi,45,u,Has joined Napoli on loan for the rest of the season,2026-08-25T14:03:47.079414Z,0.0,0.0,0.0,,,,0.0,"[{'offset': 0, 'projected_percent': '0.0', 'likelihood': 0}, {'offset': 1, 'projected_percent': '0.0', 'likelihood': 0}, {'offset': 2, 'projected_percent': '0.0', 'likelihood': 0}]"
147,109646,2,6,8,Tosin,Tosin,Adarabioyo,45,a,,,,0.2,0.0,,,,-37.2,"[{'offset': 0, 'projected_percent': '-37.2', 'likelihood': -2}, {'offset': 1, 'projected_percent': '-64.8', 'likelihood': -3}, {'offset': 2, 'projected_percent': '-82.5', 'likelihood': -3}]"
148,551210,2,6,8,Hato,Jorrel,Hato,45,a,,,,0.5,1.0,,,,0.1,"[{'offset': 0, 'projected_percent': '0.1', 'likelihood': 1}, {'offset': 1, 'projected_percent': '-0.7', 'likelihood': -1}, {'offset': 2, 'projected_percent': '-2.6', 'likelihood': -1}]"
149,460028,2,6,8,Colwill,Levi,Samuels Colwill,50,a,,,,1.5,0.0,,,,-12.8,"[{'offset': 0, 'projected_percent': '-12.8', 'likelihood': -1}, {'offset': 1, 'projected_percent': '-25.2', 'likelihood': -2}, {'offset': 2, 'projected_percent': '-33.2', 'likelihood': -2}]"
150,574458,2,6,8,M.Sarr,Mamadou,Sarr,45,a,,,,0.1,0.0,,,,-24.4,"[{'offset': 0, 'projected_percent': '-24.4', 'likelihood': -2}, {'offset': 1, 'projected_percent': '-36.0', 'likelihood': -2}, {'offset': 2, 'projected_percent': '-43.4', 'likelihood': -3}]"
151,577016,2,6,8,Acheampong,Josh,Acheampong,45,a,,,,0.4,3.0,,,,1.6,"[{'offset': 0, 'projected_percent': '1.6', 'likelihood': 1}, {'offset': 1, 'projected_percent': '3.0', 'likelihood': 1}, {'offset': 2, 'projected_percent': '3.9', 'likelihood': 1}]"
152,620109,2,6,8,Palestra,Marco,Palestra,55,d,Unspecified injury - 75% chance of playing,2026-08-24T18:30:07.421239Z,75.0,2.3,0.0,,,,-57.5,"[{'offset': 0, 'projected_percent': '-57.5', 'likelihood': -3}, {'offset': 1, 'projected_percent': '-109.6', 'likelihood': -5}, {'offset': 2, 'projected_percent': '-143.0', 'likelihood': -5}]"
153,220362,2,6,8,Disasi,Axel,Disasi,45,a,,,,0.1,0.0,,,,-23.2,"[{'offset': 0, 'projected_percent': '-23.2', 'likelihood': -2}, {'offset': 1, 'projected_percent': '-30.8', 'likelihood': -2}, {'offset': 2, 'projected_percent': '-35.6', 'likelihood': -2}]"
154,244851,3,6,8,Palmer,Cole,Palmer,95,a,,2026-08-24T22:00:07.971542Z,100.0,15.6,13.0,1.0,3.0,,108.5,"[{'offset': 0, 'projected_percent': '108.5', 'likelihood': 5}, {'offset': 1, 'projected_percent': '179.8', 'likelihood': 5}, {'offset': 2, 'projected_percent': '225.5', 'likelihood': 5}]"
155,448047,3,6,8,Enzo,Enzo,Fernández,70,a,,,,4.5,1.0,2.0,2.0,3.0,-64.0,"[{'offset': 0, 'projected_percent': '-64.0', 'likelihood': -3}, {'offset': 1, 'projected_percent': '-112.0', 'likelihood': -5}, {'offset': 2, 'projected_percent': '-142.8', 'likelihood': -5}]"
156,247632,3,6,8,Neto,Pedro,Lomba Neto,65,a,,,,1.2,1.0,,4.0,2.0,-55.7,"[{'offset': 0, 'projected_percent': '-55.7', 'likelihood': -3}, {'offset': 1, 'projected_percent': '-94.6', 'likelihood': -3}, {'offset': 2, 'projected_percent': '-119.5', 'likelihood': -5}]"
157,624773,3,6,8,Estêvão,Estêvão,Almeida de Oliveira Gonçalves,65,a,,,,1.1,1.0,3.0,,5.0,-68.5,"[{'offset': 0, 'projected_percent': '-68.5', 'likelihood': -3}, {'offset': 1, 'projected_percent': '-95.8', 'likelihood': -4}, {'offset': 2, 'projected_percent': '-113.3', 'likelihood': -5}]"
158,463936,3,6,8,Gittens,Jamie,Bynoe-Gittens,60,a,,,,0.0,0.0,,,,-62.4,"[{'offset': 0, 'projected_percent': '-62.4', 'likelihood': -3}, {'offset': 1, 'projected_percent': '-95.1', 'likelihood': -4}, {'offset': 2, 'projected_percent': '-116.1', 'likelihood': -5}]"
159,486672,3,6,8,Caicedo,Moisés,Caicedo Corozo,55,d,Unspecified injury - 75% chance of playing,2026-08-24T18:30:07.431154Z,75.0,3.0,0.0,,,,-69.1,"[{'offset': 0, 'projected_percent': '-69.1', 'likelihood': -3}, {'offset': 1, 'projected_percent': '-108.1', 'likelihood': -5}, {'offset': 2, 'projected_percent': '-133.0', 'likelihood': -5}]"
161,514356,3,6,8,Lavia,Roméo,Lavia,50,a,,,,0.1,1.0,,,,0.1,"[{'offset': 0, 'projected_percent': '0.1', 'likelihood': 1}, {'offset': 1, 'projected_percent': '0.4', 'likelihood': 1}, {'offset': 2, 'projected_percent': '0.5', 'likelihood': 1}]"
163,491007,3,6,8,D.Essugo,Dário,Luís Essugo,45,a,,,,0.2,0.0,,,,-27.1,"[{'offset': 0, 'projected_percent': '-27.1', 'likelihood': -2}, {'offset': 1, 'projected_percent': '-28.3', 'likelihood': -2}, {'offset': 2, 'projected_percent': '-29.1', 'likelihood': -2}]"
164,593117,3,6,8,Quenda,Geovany,Quenda,55,a,,2026-07-24T20:30:10.609931Z,100.0,0.0,1.0,,,,-58.3,"[{'offset': 0, 'projected_percent': '-58.3', 'likelihood': -3}, {'offset': 1, 'projected_percent': '-72.5', 'likelihood': -3}, {'offset': 2, 'projected_percent': '-81.6', 'likelihood': -3}]"
165,475168,4,6,8,João Pedro,João Pedro,Junqueira de Jesus,76,a,,,,67.8,11.0,,,,11.6,"[{'offset': 0, 'projected_percent': '11.6', 'likelihood': 1}, {'offset': 1, 'projected_percent': '37.8', 'likelihood': 2}, {'offset': 2, 'projected_percent': '54.6', 'likelihood': 3}]"
166,517052,4,6,8,N.Jackson,Nicolas,Jackson,65,a,,,,0.3,0.0,,,,-48.9,"[{'offset': 0, 'projected_percent': '-48.9', 'likelihood': -3}, {'offset': 1, 'projected_percent': '-53.3', 'likelihood': -3}, {'offset': 2, 'projected_percent': '-56.2', 'likelihood': -3}]"
167,463034,4,6,8,Delap,Liam,Delap,55,a,,,,0.5,0.0,4.0,,,-16.3,"[{'offset': 0, 'projected_percent': '-16.3', 'likelihood': -1}, {'offset': 1, 'projected_percent': '0.4', 'likelihood': 1}, {'offset': 2, 'projected_percent': '1.0', 'likelihood': 1}]"
168,499309,4,6,8,Marc Guiu,Marc,Guiu Paz,50,a,,,,0.5,0.0,,,,-31.4,"[{'offset': 0, 'projected_percent': '-31.4', 'likelihood': -2}, {'offset': 1, 'projected_percent': '-50.1', 'likelihood': -3}, {'offset': 2, 'projected_percent': '-62.1', 'likelihood': -3}]"
169,567119,4,6,8,Mheuka,Shumaira,Mheuka,45,a,,,,0.3,0.0,,,,-11.3,"[{'offset': 0, 'projected_percent': '-11.3', 'likelihood': -1}, {'offset': 1, 'projected_percent': '-11.3', 'likelihood': -1}, {'offset': 2, 'projected_percent': '-11.3', 'likelihood': -1}]"
170,503037,4,6,8,Emegha,Emmanuel,Emegha,50,a,,2026-07-24T20:30:10.622380Z,100.0,0.1,0.0,,,,-18.3,"[{'offset': 0, 'projected_percent': '-18.3', 'likelihood': -1}, {'offset': 1, 'projected_percent': '-36.6', 'likelihood': -2}, {'offset': 2, 'projected_percent': '-48.3', 'likelihood': -3}]"
200,437499,2,6,8,Lacroix,Maxence,Lacroix,60,a,,,,9.5,6.0,,,,8.0,"[{'offset': 0, 'projected_percent': '8.0', 'likelihood': 1}, {'offset': 1, 'projected_percent': '12.4', 'likelihood': 1}, {'offset': 2, 'projected_percent': '15.2', 'likelihood': 1}]"
560,549939,1,6,8,Penders,Mike,Penders,45,a,,,,0.1,0.0,,,,-23.0,"[{'offset': 0, 'projected_percent': '-23.0', 'likelihood': -2}, {'offset': 1, 'projected_percent': '-54.2', 'likelihood': -3}, {'offset': 2, 'projected_percent': '-74.2', 'likelihood': -3}]"
561,622758,2,6,8,Anselmino,Aaron,Anselmino,45,a,,2026-08-23T19:00:08.536705Z,100.0,0.0,0.0,,,,0.0,"[{'offset': 0, 'projected_percent': '0.0', 'likelihood': 0}, {'offset': 1, 'projected_percent': '0.0', 'likelihood': 0}, {'offset': 2, 'projected_percent': '0.0', 'likelihood': 0}]"
568,543158,3,6,8,Barco,Valentín,Barco,55,a,,,,0.1,0.0,,,,-36.1,"[{'offset': 0, 'projected_percent': '-36.1', 'likelihood': -2}, {'offset': 1, 'projected_percent': '-43.6', 'likelihood': -3}, {'offset': 2, 'projected_percent': '-48.4', 'likelihood': -3}]"
578,465920,3,6,8,Mudryk,Mykhailo,Mudryk,55,a,,,,0.0,0.0,,,,-33.6,"[{'offset': 0, 'projected_percent': '-33.6', 'likelihood': -2}, {'offset': 1, 'projected_percent': '-54.6', 'likelihood': -3}, {'offset': 2, 'projected_percent': '-68.1', 'likelihood': -3}]"
583,498444,2,6,8,Chavarria,Pep,Chavarría,50,a,,,,0.2,1.0,,,,-8.5,"[{'offset': 0, 'projected_percent': '-8.5', 'likelihood': -1}, {'offset': 1, 'projected_percent': '-20.0', 'likelihood': -2}, {'offset': 2, 'projected_percent': '-27.3', 'likelihood': -2}]"
104,428580,3,7,9,Onyeka,Frank,Onyeka,50,a,,,,0.2,2.0,,,,0.4,"[{'offset': 0, 'projected_percent': '0.4', 'likelihood': 1}, {'offset': 1, 'projected_percent': '0.6', 'likelihood': 1}, {'offset': 2, 'projected_percent': '0.7', 'likelihood': 1}]"
110,472739,1,7,9,Rushworth,Carl,Rushworth,45,a,,,,1.2,1.0,,,,2.1,"[{'offset': 0, 'projected_percent': '2.1', 'likelihood': 1}, {'offset': 1, 'projected_percent': '5.9', 'likelihood': 1}, {'offset': 2, 'projected_percent': '8.3', 'likelihood': 1}]"
171,484389,1,7,9,Dovin,Oliver,Dovin,40,a,,,,1.5,0.0,,,,-7.4,"[{'offset': 0, 'projected_percent': '-7.4', 'likelihood': -1}, {'offset': 1, 'projected_percent': '-8.7', 'likelihood': -1}, {'offset': 2, 'projected_percent': '-9.6', 'likelihood': -1}]"
172,110690,1,7,9,Wilson,Ben,Wilson,45,a,,,,0.5,0.0,,,,-26.7,"[{'offset': 0, 'projected_percent': '-26.7', 'likelihood': -2}, {'offset': 1, 'projected_percent': '-36.5', 'likelihood': -2}, {'offset': 2, 'projected_percent': '-42.8', 'likelihood': -3}]"
173,461102,2,7,9,Thomas,Bobby,Thomas,40,a,,,,7.9,3.0,,,,5.6,"[{'offset': 0, 'projected_percent': '5.6', 'likelihood': 1}, {'offset': 1, 'projected_percent': '10.1', 'likelihood': 1}, {'offset': 2, 'projected_percent': '13.0', 'likelihood': 1}]"
174,436761,2,7,9,Kitching,Liam,Kitching,40,a,,,,0.7,0.0,,,,-22.6,"[{'offset': 0, 'projected_percent': '-22.6', 'likelihood': -2}, {'offset': 1, 'projected_percent': '-32.3', 'likelihood': -2}, {'offset': 2, 'projected_percent': '-38.5', 'likelihood': -2}]"
175,451284,2,7,9,van Ewijk,Milan,van Ewijk,40,a,,,,13.1,1.0,,,,-1.6,"[{'offset': 0, 'projected_percent': '-1.6', 'likelihood': -1}, {'offset': 1, 'projected_percent': '-0.2', 'likelihood': -1}, {'offset': 2, 'projected_percent': '0.9', 'likelihood': 1}]"
176,173878,2,7,9,Dasilva,Jay,Dasilva,40,a,,,,0.8,1.0,,,,0.0,"[{'offset': 0, 'projected_percent': '0.0', 'likelihood': 0}, {'offset': 1, 'projected_percent': '0.5', 'likelihood': 1}, {'offset': 2, 'projected_percent': '0.8', 'likelihood': 1}]"
177,465390,2,7,9,Kesler-Hayden,Kaine,Kesler-Hayden,40,i,Hamstring injury - Unknown return date,2026-08-27T14:56:28.704361Z,0.0,0.1,0.0,,,,-9.9,"[{'offset': 0, 'projected_percent': '-9.9', 'likelihood': -1}, {'offset': 1, 'projected_percent': '-22.8', 'likelihood': -2}, {'offset': 2, 'projected_percent': '-31.0', 'likelihood': -2}]"
178,80178,2,7,9,Bidwell,Jake,Bidwell,40,a,,,,0.1,0.0,,,,-4.2,"[{'offset': 0, 'projected_percent': '-4.2', 'likelihood': -1}, {'offset': 1, 'projected_percent': '-9.8', 'likelihood': -1}, {'offset': 2, 'projected_percent': '-13.3', 'likelihood': -1}]"
179,204813,2,7,9,Latibeaudiere,Joel,Latibeaudiere,40,a,,,,0.0,0.0,,,,-22.0,"[{'offset': 0, 'projected_percent': '-22.0', 'likelihood': -2}, {'offset': 1, 'projected_percent': '-33.3', 'likelihood': -2}, {'offset': 2, 'projected_percent': '-40.6', 'likelihood': -3}]"
180,220583,2,7,9,Woolfenden,Luke,Woolfenden,40,i,Knee injury - Unknown return date,2026-08-27T14:56:28.718566Z,0.0,0.2,0.0,,,,-7.1,"[{'offset': 0, 'projected_percent': '-7.1', 'likelihood': -1}, {'offset': 1, 'projected_percent': '-19.1', 'likelihood': -1}, {'offset': 2, 'projected_percent': '-26.8', 'likelihood': -2}]"
181,577411,2,7,9,Brau,Miguel,Brau,40,a,,,,0.0,0.0,,,,-1.0,"[{'offset': 0, 'projected_percent': '-1.0', 'likelihood': -1}, {'offset': 1, 'projected_percent': '0.0', 'likelihood': 0}, {'offset': 2, 'projected_percent': '0.0', 'likelihood': 0}]"
182,539142,2,7,9,Amenda,Aurèle,Amenda,40,a,,,,0.9,1.0,,,,-1.7,"[{'offset': 0, 'projected_percent': '-1.7', 'likelihood': -1}, {'offset': 1, 'projected_percent': '0.5', 'likelihood': 1}, {'offset': 2, 'projected_percent': '0.9', 'likelihood': 1}]"
183,480457,3,7,9,Rudoni,Jack,Rudoni,50,a,,2026-07-23T12:01:23.481435Z,100.0,0.1,1.0,,1.0,3.0,0.0,"[{'offset': 0, 'projected_percent': '0.0', 'likelihood': 0}, {'offset': 1, 'projected_percent': '0.9', 'likelihood': 1}, {'offset': 2, 'projected_percent': '1.4', 'likelihood': 1}]"
184,168144,3,7,9,Grimes,Matt,Grimes,50,a,,,,0.2,2.0,3.0,,1.0,0.4,"[{'offset': 0, 'projected_percent': '0.4', 'likelihood': 1}, {'offset': 1, 'projected_percent': '0.7', 'likelihood': 1}, {'offset': 2, 'projected_percent': '0.9', 'likelihood': 1}]"
185,501459,3,7,9,Sakamoto,Tatsuhiro,Sakamoto,50,a,,,,0.1,0.0,,,,-51.4,"[{'offset': 0, 'projected_percent': '-51.4', 'likelihood': -3}, {'offset': 1, 'projected_percent': '-72.3', 'likelihood': -3}, {'offset': 2, 'projected_percent': '-85.6', 'likelihood': -3}]"
186,241293,3,7,9,Mason-Clark,Ephron,Mason-Clark,55,a,,2026-08-19T18:00:08.310507Z,100.0,0.1,0.0,,,,-37.5,"[{'offset': 0, 'projected_percent': '-37.5', 'likelihood': -2}, {'offset': 1, 'projected_percent': '-47.9', 'likelihood': -3}, {'offset': 2, 'projected_percent': '-54.6', 'likelihood': -3}]"
187,439668,3,7,9,Eccles,Josh,Eccles,50,a,,,,0.0,0.0,,,,-56.5,"[{'offset': 0, 'projected_percent': '-56.5', 'likelihood': -3}, {'offset': 1, 'projected_percent': '-56.5', 'likelihood': -3}, {'offset': 2, 'projected_percent': '-56.5', 'likelihood': -3}]"
188,226965,3,7,9,Torp,Victor,Torp,55,a,,,,0.2,1.0,2.0,2.0,2.0,-29.8,"[{'offset': 0, 'projected_percent': '-29.8', 'likelihood': -2}, {'offset': 1, 'projected_percent': '-29.8', 'likelihood': -2}, {'offset': 2, 'projected_percent': '-29.8', 'likelihood': -2}]"
189,684268,3,7,9,Shepherd,George,Shepherd,45,a,,,,0.3,0.0,,,,-23.9,"[{'offset': 0, 'projected_percent': '-23.9', 'likelihood': -2}, {'offset': 1, 'projected_percent': '-32.6', 'likelihood': -2}, {'offset': 2, 'projected_percent': '-38.1', 'likelihood': -2}]"
190,469272,3,7,9,Tchaouna,Loum,Tchaouna,55,a,,,,0.2,2.0,,,,0.6,"[{'offset': 0, 'projected_percent': '0.6', 'likelihood': 1}, {'offset': 1, 'projected_percent': '1.4', 'likelihood': 1}, {'offset': 2, 'projected_percent': '1.9', 'likelihood': 1}]"
191,492498,3,7,9,Borges Rodrigues,Raphael,Borges Rodrigues,45,a,,,,0.2,0.0,,,,-22.9,"[{'offset': 0, 'projected_percent': '-22.9', 'likelihood': -2}, {'offset': 1, 'projected_percent': '-28.3', 'likelihood': -2}, {'offset': 2, 'projected_percent': '-31.7', 'likelihood': -2}]"
192,629397,3,7,9,Andrews,Kai,Andrews,45,a,,,,0.6,0.0,,,,-22.6,"[{'offset': 0, 'projected_percent': '-22.6', 'likelihood': -2}, {'offset': 1, 'projected_percent': '-29.4', 'likelihood': -2}, {'offset': 2, 'projected_percent': '-33.7', 'likelihood': -2}]"
193,176412,4,7,9,Wright,Haji,Wright,55,i,Thigh injury - Unknown return date,2026-08-14T22:00:07.214508Z,0.0,0.1,0.0,1.0,,,-66.4,"[{'offset': 0, 'projected_percent': '-66.4', 'likelihood': -3}, {'offset': 1, 'projected_percent': '-82.5', 'likelihood': -3}, {'offset': 2, 'projected_percent': '-92.9', 'likelihood': -3}]"
194,230730,4,7,9,Thomas-Asante,Brandon,Thomas-Asante,50,a,,,,0.8,2.0,4.0,,,2.7,"[{'offset': 0, 'projected_percent': '2.7', 'likelihood': 1}, {'offset': 1, 'projected_percent': '4.3', 'likelihood': 1}, {'offset': 2, 'projected_percent': '5.3', 'likelihood': 1}]"
195,218997,4,7,9,Simms,Ellis,Simms,50,a,,,,1.0,2.0,,,,4.5,"[{'offset': 0, 'projected_percent': '4.5', 'likelihood': 1}, {'offset': 1, 'projected_percent': '7.3', 'likelihood': 1}, {'offset': 2, 'projected_percent': '9.1', 'likelihood': 1}]"
196,551262,4,7,9,Markelo,Jahnoah,Markelo,50,u,Has joined Shabab Al-Ahli Dubai permanently,2026-08-17T13:53:55.791223Z,0.0,0.0,0.0,,,,0.0,"[{'offset': 0, 'projected_percent': '0.0', 'likelihood': 0}, {'offset': 1, 'projected_percent': '0.0', 'likelihood': 0}, {'offset': 2, 'projected_percent': '0.0', 'likelihood': 0}]"
197,549653,4,7,9,Bassette,Norman,Bassette,45,u,Has joined KVC Westerlo on loan for the rest of the season,2026-07-28T12:58:50.001768Z,0.0,0.0,0.0,,,,0.0,"[{'offset': 0, 'projected_percent': '0.0', 'likelihood': 0}, {'offset': 1, 'projected_percent': '0.0', 'likelihood': 0}, {'offset': 2, 'projected_percent': '0.0', 'likelihood': 0}]"
492,210156,4,7,9,Awoniyi,Taiwo,Awoniyi,55,a,,,,0.8,1.0,5.0,,,-6.2,"[{'offset': 0, 'projected_percent': '-6.2', 'likelihood': -1}, {'offset': 1, 'projected_percent': '0.7', 'likelihood': 1}, {'offset': 2, 'projected_percent': '1.5', 'likelihood': 1}]"
575,661888,3,7,9,Yirenkyi,Caleb,Yirenkyi,50,a,,,,0.2,1.0,,,,-20.5,"[{'offset': 0, 'projected_percent': '-20.5', 'likelihood': -2}, {'offset': 1, 'projected_percent': '-22.0', 'likelihood': -2}, {'offset': 2, 'projected_percent': '-22.9', 'likelihood': -2}]"
584,196100,3,7,9,Hamer,Gustavo,Hamer,55,a,,,,0.1,1.0,,,,-6.0,"[{'offset': 0, 'projected_percent': '-6.0', 'likelihood': -1}, {'offset': 1, 'projected_percent': '-16.3', 'likelihood': -1}, {'offset': 2, 'projected_percent': '-22.8', 'likelihood': -2}]"
599,627221,4,7,9,Cherif,Sidiki,Cherif,50,a,,,,0.1,0.0,,,,0.0,"[{'offset': 0, 'projected_percent': '0.0', 'likelihood': 0}, {'offset': 1, 'projected_percent': '0.0', 'likelihood': 0}, {'offset': 2, 'projected_percent': '0.0', 'likelihood': 0}]"
42,485337,3,8,31,Guessand,Evann,Guessand,55,a,,,,0.0,1.0,,,,-13.4,"[{'offset': 0, 'projected_percent': '-13.4', 'likelihood': -1}, {'offset': 1, 'projected_percent': '0.1', 'likelihood': 1}, {'offset': 2, 'projected_percent': '0.2', 'likelihood': 1}]"
198,172649,1,8,31,Henderson,Dean,Henderson,50,a,,2026-08-20T14:00:08.018379Z,100.0,1.8,2.0,,,,-17.7,"[{'offset': 0, 'projected_percent': '-17.7', 'likelihood': -1}, {'offset': 1, 'projected_percent': '-23.7', 'likelihood': -2}, {'offset': 2, 'projected_percent': '-27.6', 'likelihood': -2}]"
199,121709,1,8,31,Benitez,Walter,Benítez,45,a,,,,0.1,0.0,,,,-26.9,"[{'offset': 0, 'projected_percent': '-26.9', 'likelihood': -2}, {'offset': 1, 'projected_percent': '-42.5', 'likelihood': -3}, {'offset': 2, 'projected_percent': '-52.5', 'likelihood': -3}]"
201,247348,2,8,31,Muñoz,Daniel,Muñoz Mejía,55,a,,,,8.4,0.0,,,,-52.0,"[{'offset': 0, 'projected_percent': '-52.0', 'likelihood': -3}, {'offset': 1, 'projected_percent': '-79.6', 'likelihood': -3}, {'offset': 2, 'projected_percent': '-97.2', 'likelihood': -4}]"
202,427623,2,8,31,Richards,Chris,Richards,50,a,,,,0.7,3.0,,,,-9.2,"[{'offset': 0, 'projected_percent': '-9.2', 'likelihood': -1}, {'offset': 1, 'projected_percent': '-18.8', 'likelihood': -1}, {'offset': 2, 'projected_percent': '-24.9', 'likelihood': -2}]"
203,651426,2,8,31,Canvot,Jaydee,Canvot,50,a,,,,0.3,1.0,,,,-40.6,"[{'offset': 0, 'projected_percent': '-40.6', 'likelihood': -3}, {'offset': 1, 'projected_percent': '-66.5', 'likelihood': -3}, {'offset': 2, 'projected_percent': '-83.2', 'likelihood': -3}]"
204,244723,2,8,31,Mitchell,Tyrick,Mitchell,45,a,,,,5.6,1.0,,,,-26.1,"[{'offset': 0, 'projected_percent': '-26.1', 'likelihood': -2}, {'offset': 1, 'projected_percent': '-38.9', 'likelihood': -2}, {'offset': 2, 'projected_percent': '-47.1', 'likelihood': -3}]"
205,218364,2,8,31,Sosa,Borna,Sosa,45,a,,,,0.0,0.0,,,,-29.0,"[{'offset': 0, 'projected_percent': '-29.0', 'likelihood': -2}, {'offset': 1, 'projected_percent': '-43.8', 'likelihood': -3}, {'offset': 2, 'projected_percent': '-53.3', 'likelihood': -3}]"
206,515621,2,8,31,Chadi Riad,Chadi,Riad Dnanou,45,i,Knee injury - Unknown return date,2026-08-22T18:00:07.352049Z,0.0,0.0,1.0,,,,-94.3,"[{'offset': 0, 'projected_percent': '-94.3', 'likelihood': -3}, {'offset': 1, 'projected_percent': '-119.1', 'likelihood': -5}, {'offset': 2, 'projected_percent': '-135.0', 'likelihood': -5}]"
207,242313,2,8,31,Mingueza,Oscar,Mingueza,45,a,,,,0.1,0.0,,,,-61.8,"[{'offset': 0, 'projected_percent': '-61.8', 'likelihood': -3}, {'offset': 1, 'projected_percent': '-75.3', 'likelihood': -3}, {'offset': 2, 'projected_percent': '-84.0', 'likelihood': -3}]"
208,232185,3,8,31,Sarr,Ismaïla,Sarr,64,i,Groin injury - Unknown return date,2026-08-22T18:00:07.363165Z,0.0,2.7,0.0,2.0,,,-6.5,"[{'offset': 0, 'projected_percent': '-6.5', 'likelihood': -1}, {'offset': 1, 'projected_percent': '-49.9', 'likelihood': -3}, {'offset': 2, 'projected_percent': '-77.7', 'likelihood': -3}]"
210,496221,3,8,31,Wharton,Adam,Wharton,55,a,,2026-07-23T12:01:23.498963Z,100.0,0.9,4.0,,,1.0,-2.5,"[{'offset': 0, 'projected_percent': '-2.5', 'likelihood': -1}, {'offset': 1, 'projected_percent': '-1.3', 'likelihood': -1}, {'offset': 2, 'projected_percent': '-0.5', 'likelihood': -1}]"
211,488024,3,8,31,Yeremy,Yéremy,Pino Santos,55,a,,,,0.2,1.0,,1.0,2.0,-46.9,"[{'offset': 0, 'projected_percent': '-46.9', 'likelihood': -3}, {'offset': 1, 'projected_percent': '-65.1', 'likelihood': -3}, {'offset': 2, 'projected_percent': '-76.8', 'likelihood': -3}]"
212,108413,3,8,31,Hughes,Will,Hughes,45,a,,,,10.9,0.0,,,3.0,-20.7,"[{'offset': 0, 'projected_percent': '-20.7', 'likelihood': -2}, {'offset': 1, 'projected_percent': '-29.9', 'likelihood': -2}, {'offset': 2, 'projected_percent': '-35.8', 'likelihood': -2}]"
213,152551,3,8,31,Lerma,Jefferson,Lerma Solís,50,a,,,,0.1,0.0,,,,-47.2,"[{'offset': 0, 'projected_percent': '-47.2', 'likelihood': -3}, {'offset': 1, 'projected_percent': '-72.9', 'likelihood': -3}, {'offset': 2, 'projected_percent': '-89.5', 'likelihood': -3}]"
214,209400,3,8,31,Kamada,Daichi,Kamada,50,a,,,,0.3,3.0,,,4.0,-14.9,"[{'offset': 0, 'projected_percent': '-14.9', 'likelihood': -1}, {'offset': 1, 'projected_percent': '-23.5', 'likelihood': -2}, {'offset': 2, 'projected_percent': '-29.0', 'likelihood': -2}]"
215,489706,3,8,31,Devenny,Justin,Devenny,50,a,,,,0.0,0.0,3.0,2.0,,-39.8,"[{'offset': 0, 'projected_percent': '-39.8', 'likelihood': -2}, {'offset': 1, 'projected_percent': '-39.8', 'likelihood': -2}, {'offset': 2, 'projected_percent': '-39.8', 'likelihood': -2}]"
216,606921,3,8,31,Esse,Romain,Esse,50,a,,,,0.0,0.0,,,,-35.8,"[{'offset': 0, 'projected_percent': '-35.8', 'likelihood': -2}, {'offset': 1, 'projected_percent': '-47.1', 'likelihood': -3}, {'offset': 2, 'projected_percent': '-54.4', 'likelihood': -3}]"
217,536694,3,8,31,M.França,Matheus,França de Oliveira,50,a,,,,0.0,0.0,,,,-102.6,"[{'offset': 0, 'projected_percent': '-102.6', 'likelihood': -5}, {'offset': 1, 'projected_percent': '-185.1', 'likelihood': -5}, {'offset': 2, 'projected_percent': '-238.1', 'likelihood': -5}]"
218,438464,3,8,31,Doucouré,Cheick,Doucouré,50,a,,,,0.1,0.0,,,,-50.4,"[{'offset': 0, 'projected_percent': '-50.4', 'likelihood': -3}, {'offset': 1, 'projected_percent': '-54.0', 'likelihood': -3}, {'offset': 2, 'projected_percent': '-56.3', 'likelihood': -3}]"
219,450542,3,8,31,J.Rak-Sakyi,Jesurun,Rak-Sakyi,50,a,,,,0.0,0.0,,,,-36.2,"[{'offset': 0, 'projected_percent': '-36.2', 'likelihood': -2}, {'offset': 1, 'projected_percent': '-36.2', 'likelihood': -2}, {'offset': 2, 'projected_percent': '-36.2', 'likelihood': -2}]"
220,590014,2,8,31,Cardines,Rio,Cardines,45,u,Has joined Bristol City on loan for the rest of the season,2026-08-12T14:08:46.501813Z,0.0,0.0,0.0,,,,0.0,"[{'offset': 0, 'projected_percent': '0.0', 'likelihood': 0}, {'offset': 1, 'projected_percent': '0.0', 'likelihood': 0}, {'offset': 2, 'projected_percent': '0.0', 'likelihood': 0}]"
221,672492,3,8,31,Drakes-Thomas,Joél,Drakes-Thomas,45,a,,,,0.1,0.0,,,,-21.7,"[{'offset': 0, 'projected_percent': '-21.7', 'likelihood': -2}, {'offset': 1, 'projected_percent': '-43.6', 'likelihood': -3}, {'offset': 2, 'projected_percent': '-57.6', 'likelihood': -3}]"
222,247412,4,8,31,Strand Larsen,Jørgen,Strand Larsen,60,a,,,,0.5,1.0,,,,-51.3,"[{'offset': 0, 'projected_percent': '-51.3', 'likelihood': -3}, {'offset': 1, 'projected_percent': '-83.9', 'likelihood': -3}, {'offset': 2, 'projected_percent': '-104.7', 'likelihood': -5}]"
223,231747,4,8,31,Mateta,Jean-Philippe,Mateta,65,a,,,,5.3,2.0,1.0,,,-35.5,"[{'offset': 0, 'projected_percent': '-35.5', 'likelihood': -2}, {'offset': 1, 'projected_percent': '-60.3', 'likelihood': -3}, {'offset': 2, 'projected_percent': '-76.1', 'likelihood': -3}]"
224,205533,4,8,31,Nketiah,Eddie,Nketiah,55,a,,,,0.5,1.0,,,,-20.1,"[{'offset': 0, 'projected_percent': '-20.1', 'likelihood': -2}, {'offset': 1, 'projected_percent': '-30.5', 'likelihood': -2}, {'offset': 2, 'projected_percent': '-37.1', 'likelihood': -2}]"
225,660392,4,8,31,Uche,Christantus,Uche,50,u,has returned to Getafe CF,2026-07-23T12:18:56.275922Z,0.0,0.0,0.0,,,,0.0,"[{'offset': 0, 'projected_percent': '0.0', 'likelihood': 0}, {'offset': 1, 'projected_percent': '0.0', 'likelihood': 0}, {'offset': 2, 'projected_percent': '0.0', 'likelihood': 0}]"
241,433154,3,8,31,McNeil,Dwight,McNeil,55,a,,,,0.2,2.0,,,,-28.7,"[{'offset': 0, 'projected_percent': '-28.7', 'likelihood': -2}, {'offset': 1, 'projected_percent': '-44.7', 'likelihood': -3}, {'offset': 2, 'projected_percent': '-55.0', 'likelihood': -3}]"
555,169593,1,8,31,Matthews,Remi,Matthews,40,a,,,,1.8,0.0,,,,0.2,"[{'offset': 0, 'projected_percent': '0.2', 'likelihood': 1}, {'offset': 1, 'projected_percent': '0.0', 'likelihood': 0}, {'offset': 2, 'projected_percent': '-0.5', 'likelihood': -1}]"
577,223723,2,8,31,Tomiyasu,Takehiro,Tomiyasu,45,a,,,,0.4,1.0,,,,-17.5,"[{'offset': 0, 'projected_percent': '-17.5', 'likelihood': -1}, {'offset': 1, 'projected_percent': '-30.4', 'likelihood': -2}, {'offset': 2, 'projected_percent': '-38.6', 'likelihood': -2}]"
588,570794,2,8,31,Khalaili,Anan,Khalaili,50,a,,,,0.1,1.0,,,,0.0,"[{'offset': 0, 'projected_percent': '0.0', 'likelihood': 0}, {'offset': 1, 'projected_percent': '0.0', 'likelihood': 0}, {'offset': 2, 'projected_percent': '0.0', 'likelihood': 0}]"
595,559152,3,8,31,Gozo,Zavier,Gozo,50,a,,,,0.0,0.0,,,,0.0,"[{'offset': 0, 'projected_percent': '0.0', 'likelihood': 0}, {'offset': 1, 'projected_percent': '0.0', 'likelihood': 0}, {'offset': 2, 'projected_percent': '0.0', 'likelihood': 0}]"
21,128295,3,9,11,Nørgaard,Christian,Nørgaard,50,i,Unspecified injury - Unknown return date,2026-08-15T20:00:06.779594Z,0.0,0.1,0.0,,,,-57.2,"[{'offset': 0, 'projected_percent': '-57.2', 'likelihood': -3}, {'offset': 1, 'projected_percent': '-72.8', 'likelihood': -3}, {'offset': 2, 'projected_percent': '-82.9', 'likelihood': -3}]"
209,242898,3,9,11,Johnson,Brennan,Johnson,60,a,,,,0.2,1.0,,,,-49.1,"[{'offset': 0, 'projected_percent': '-49.1', 'likelihood': -3}, {'offset': 1, 'projected_percent': '-72.2', 'likelihood': -3}, {'offset': 2, 'projected_percent': '-87.1', 'likelihood': -3}]"
226,111234,1,9,11,Pickford,Jordan,Pickford,55,a,,,,8.8,7.0,,,,12.3,"[{'offset': 0, 'projected_percent': '12.3', 'likelihood': 1}, {'offset': 1, 'projected_percent': '15.3', 'likelihood': 1}, {'offset': 2, 'projected_percent': '17.1', 'likelihood': 1}]"
227,229600,1,9,11,Travers,Mark,Travers,50,a,,,,0.0,0.0,,,,-15.2,"[{'offset': 0, 'projected_percent': '-15.2', 'likelihood': -1}, {'offset': 1, 'projected_percent': '0.0', 'likelihood': 0}, {'offset': 2, 'projected_percent': '0.1', 'likelihood': 1}]"
228,138001,1,9,11,King,Tom,King,45,a,,,,0.0,0.0,,,,-8.4,"[{'offset': 0, 'projected_percent': '-8.4', 'likelihood': -1}, {'offset': 1, 'projected_percent': '0.1', 'likelihood': 1}, {'offset': 2, 'projected_percent': '0.1', 'likelihood': 1}]"
229,17761,2,9,11,Tarkowski,James,Tarkowski,60,a,,,,8.7,6.0,,,,3.6,"[{'offset': 0, 'projected_percent': '3.6', 'likelihood': 1}, {'offset': 1, 'projected_percent': '0.4', 'likelihood': 1}, {'offset': 2, 'projected_percent': '-1.9', 'likelihood': -1}]"
230,480455,2,9,11,Branthwaite,Jarrad,Branthwaite,55,a,,,,1.8,6.0,,,,4.8,"[{'offset': 0, 'projected_percent': '4.8', 'likelihood': 1}, {'offset': 1, 'projected_percent': '6.0', 'likelihood': 1}, {'offset': 2, 'projected_percent': '6.7', 'likelihood': 1}]"
231,106611,2,9,11,Keane,Michael,Keane,50,a,,,,1.4,0.0,,,,-61.1,"[{'offset': 0, 'projected_percent': '-61.1', 'likelihood': -3}, {'offset': 1, 'projected_percent': '-90.6', 'likelihood': -3}, {'offset': 2, 'projected_percent': '-109.5', 'likelihood': -5}]"
232,512462,2,9,11,O'Brien,Jake,O'Brien,50,a,,,,0.4,0.0,,,,-56.6,"[{'offset': 0, 'projected_percent': '-56.6', 'likelihood': -3}, {'offset': 1, 'projected_percent': '-95.2', 'likelihood': -4}, {'offset': 2, 'projected_percent': '-120.0', 'likelihood': -5}]"
233,224967,2,9,11,Mykolenko,Vitalii,Mykolenko,45,a,,,,1.6,6.0,,,,4.6,"[{'offset': 0, 'projected_percent': '4.6', 'likelihood': 1}, {'offset': 1, 'projected_percent': '6.5', 'likelihood': 1}, {'offset': 2, 'projected_percent': '7.7', 'likelihood': 1}]"
234,243571,2,9,11,Patterson,Nathan,Patterson,45,a,,,,0.0,0.0,,,,-16.8,"[{'offset': 0, 'projected_percent': '-16.8', 'likelihood': -1}, {'offset': 1, 'projected_percent': '-12.2', 'likelihood': -1}, {'offset': 2, 'projected_percent': '-9.3', 'likelihood': -1}]"
235,499300,2,9,11,Aznou,Adam,Aznou,40,a,,,,0.2,0.0,,,,-9.2,"[{'offset': 0, 'projected_percent': '-9.2', 'likelihood': -1}, {'offset': 1, 'projected_percent': '-22.8', 'likelihood': -2}, {'offset': 2, 'projected_percent': '-31.6', 'likelihood': -2}]"
236,215413,3,9,11,Dewsbury-Hall,Kiernan,Dewsbury-Hall,65,a,,,,4.6,11.0,,,2.0,44.0,"[{'offset': 0, 'projected_percent': '44.0', 'likelihood': 3}, {'offset': 1, 'projected_percent': '61.2', 'likelihood': 3}, {'offset': 2, 'projected_percent': '72.2', 'likelihood': 3}]"
237,440993,3,9,11,Ndiaye,Iliman,Ndiaye,60,a,,,,16.1,9.0,1.0,,,27.9,"[{'offset': 0, 'projected_percent': '27.9', 'likelihood': 2}, {'offset': 1, 'projected_percent': '34.6', 'likelihood': 2}, {'offset': 2, 'projected_percent': '38.9', 'likelihood': 2}]"
239,232928,3,9,11,Garner,James,Garner,60,a,,2026-07-25T14:30:10.455878Z,100.0,0.1,1.0,3.0,1.0,1.0,0.0,"[{'offset': 0, 'projected_percent': '0.0', 'likelihood': 0}, {'offset': 1, 'projected_percent': '0.0', 'likelihood': 0}, {'offset': 2, 'projected_percent': '0.0', 'likelihood': 0}]"
240,490094,3,9,11,Iroegbunam,Tim,Iroegbunam,50,i,Thigh injury - Unknown return date,2026-08-15T20:00:06.878792Z,0.0,0.0,0.0,,,,-50.5,"[{'offset': 0, 'projected_percent': '-50.5', 'likelihood': -3}, {'offset': 1, 'projected_percent': '-65.6', 'likelihood': -3}, {'offset': 2, 'projected_percent': '-75.3', 'likelihood': -3}]"
242,550615,3,9,11,George,Tyrique,George,55,a,,,,0.3,3.0,,,,0.1,"[{'offset': 0, 'projected_percent': '0.1', 'likelihood': 1}, {'offset': 1, 'projected_percent': '0.0', 'likelihood': 0}, {'offset': 2, 'projected_percent': '0.0', 'likelihood': 0}]"
243,502697,3,9,11,Alcaraz,Carlos,Alcaraz Durán,50,a,,,,0.1,1.0,,,,-11.0,"[{'offset': 0, 'projected_percent': '-11.0', 'likelihood': -1}, {'offset': 1, 'projected_percent': '-23.0', 'likelihood': -2}, {'offset': 2, 'projected_percent': '-30.7', 'likelihood': -2}]"
244,609873,3,9,11,Armstrong,Harrison,Armstrong,50,a,,,,0.2,8.0,,,,3.9,"[{'offset': 0, 'projected_percent': '3.9', 'likelihood': 1}, {'offset': 1, 'projected_percent': '6.1', 'likelihood': 1}, {'offset': 2, 'projected_percent': '7.5', 'likelihood': 1}]"
245,496661,3,9,11,Dibling,Tyler,Dibling,55,a,,,,0.0,0.0,,,,-72.1,"[{'offset': 0, 'projected_percent': '-72.1', 'likelihood': -3}, {'offset': 1, 'projected_percent': '-87.8', 'likelihood': -3}, {'offset': 2, 'projected_percent': '-97.9', 'likelihood': -4}]"
246,513466,3,9,11,Röhl,Merlin,Röhl,50,a,,,,0.1,3.0,,,,-3.9,"[{'offset': 0, 'projected_percent': '-3.9', 'likelihood': -1}, {'offset': 1, 'projected_percent': '-32.4', 'likelihood': -2}, {'offset': 2, 'projected_percent': '-50.7', 'likelihood': -3}]"
247,244860,3,9,11,Hackney,Hayden,Hackney,55,d,Knock - 75% chance of playing,2026-08-26T22:00:07.797766Z,75.0,0.3,3.0,,,,-14.6,"[{'offset': 0, 'projected_percent': '-14.6', 'likelihood': -1}, {'offset': 1, 'projected_percent': '-35.2', 'likelihood': -2}, {'offset': 2, 'projected_percent': '-48.4', 'likelihood': -3}]"
248,486385,4,9,11,Beto,Norberto Bercique,Gomes Betuncal,55,a,,,,2.4,1.0,4.0,,,-57.9,"[{'offset': 0, 'projected_percent': '-57.9', 'likelihood': -3}, {'offset': 1, 'projected_percent': '-94.0', 'likelihood': -3}, {'offset': 2, 'projected_percent': '-117.1', 'likelihood': -5}]"
249,586309,4,9,11,Barry,Thierno,Barry,55,a,,,,3.2,8.0,2.0,,,45.9,"[{'offset': 0, 'projected_percent': '45.9', 'likelihood': 3}, {'offset': 1, 'projected_percent': '82.5', 'likelihood': 3}, {'offset': 2, 'projected_percent': '105.9', 'likelihood': 5}]"
250,80201,1,10,54,Leno,Bernd,Leno,45,a,,,,3.0,2.0,,,,0.8,"[{'offset': 0, 'projected_percent': '0.8', 'likelihood': 1}, {'offset': 1, 'projected_percent': '1.5', 'likelihood': 1}, {'offset': 2, 'projected_percent': '2.0', 'likelihood': 1}]"
251,86873,1,10,54,Lecomte,Benjamin,Lecomte,40,a,,,,1.2,0.0,,,,-6.5,"[{'offset': 0, 'projected_percent': '-6.5', 'likelihood': -1}, {'offset': 1, 'projected_percent': '-8.7', 'likelihood': -1}, {'offset': 2, 'projected_percent': '-10.1', 'likelihood': -1}]"
252,505079,1,10,54,McNally,Alfie,McNally,40,a,,,,0.2,0.0,,,,0.1,"[{'offset': 0, 'projected_percent': '0.1', 'likelihood': 1}, {'offset': 1, 'projected_percent': '0.0', 'likelihood': 0}, {'offset': 2, 'projected_percent': '0.0', 'likelihood': 0}]"
253,174874,2,10,54,Andersen,Joachim,Andersen,50,a,,2026-07-23T12:01:23.516350Z,100.0,0.1,0.0,,,,0.0,"[{'offset': 0, 'projected_percent': '0.0', 'likelihood': 0}, {'offset': 1, 'projected_percent': '0.0', 'likelihood': 0}, {'offset': 2, 'projected_percent': '0.0', 'likelihood': 0}]"
254,169528,2,10,54,Robinson,Antonee,Robinson,45,a,,,,1.7,1.0,2.0,,,1.3,"[{'offset': 0, 'projected_percent': '1.3', 'likelihood': 1}, {'offset': 1, 'projected_percent': '2.0', 'likelihood': 1}, {'offset': 2, 'projected_percent': '2.5', 'likelihood': 1}]"
255,246301,2,10,54,J.Cuenca,Jorge,Cuenca Barreno,45,a,,,,0.0,3.0,,,,0.2,"[{'offset': 0, 'projected_percent': '0.2', 'likelihood': 1}, {'offset': 1, 'projected_percent': '0.3', 'likelihood': 1}, {'offset': 2, 'projected_percent': '0.3', 'likelihood': 1}]"
256,167074,2,10,54,Tete,Kenny,Tete,45,a,,,,0.3,0.0,,,,-24.0,"[{'offset': 0, 'projected_percent': '-24.0', 'likelihood': -2}, {'offset': 1, 'projected_percent': '-34.3', 'likelihood': -2}, {'offset': 2, 'projected_percent': '-40.9', 'likelihood': -3}]"
257,232892,2,10,54,Bassey,Calvin,Bassey,45,a,,,,0.8,0.0,,,,0.9,"[{'offset': 0, 'projected_percent': '0.9', 'likelihood': 1}, {'offset': 1, 'projected_percent': '1.0', 'likelihood': 1}, {'offset': 2, 'projected_percent': '1.0', 'likelihood': 1}]"
258,166477,2,10,54,Castagne,Timothy,Castagne,45,a,,,,0.4,6.0,,,,2.9,"[{'offset': 0, 'projected_percent': '2.9', 'likelihood': 1}, {'offset': 1, 'projected_percent': '4.9', 'likelihood': 1}, {'offset': 2, 'projected_percent': '6.2', 'likelihood': 1}]"
261,153133,3,10,54,Iwobi,Alex,Iwobi,55,a,,,,1.0,2.0,3.0,1.0,1.0,-8.3,"[{'offset': 0, 'projected_percent': '-8.3', 'likelihood': -1}, {'offset': 1, 'projected_percent': '-13.3', 'likelihood': -1}, {'offset': 2, 'projected_percent': '-16.6', 'likelihood': -1}]"
262,209289,3,10,54,Smith Rowe,Emile,Smith Rowe,55,a,,,,0.4,0.0,,,,-34.4,"[{'offset': 0, 'projected_percent': '-34.4', 'likelihood': -2}, {'offset': 1, 'projected_percent': '-53.5', 'likelihood': -3}, {'offset': 2, 'projected_percent': '-65.7', 'likelihood': -3}]"
263,560552,3,10,54,Kevin,Kevin,Santos Lopes de Macedo,55,a,,,,0.1,1.0,,,3.0,-33.6,"[{'offset': 0, 'projected_percent': '-33.6', 'likelihood': -2}, {'offset': 1, 'projected_percent': '-98.9', 'likelihood': -4}, {'offset': 2, 'projected_percent': '-140.9', 'likelihood': -5}]"
264,477555,3,10,54,Bobb,Oscar,Bobb,55,a,,,,0.3,2.0,,,2.0,0.8,"[{'offset': 0, 'projected_percent': '0.8', 'likelihood': 1}, {'offset': 1, 'projected_percent': '1.5', 'likelihood': 1}, {'offset': 2, 'projected_percent': '1.9', 'likelihood': 1}]"
265,207189,3,10,54,Berge,Sander,Berge,50,a,,,,0.4,2.0,,,,-13.9,"[{'offset': 0, 'projected_percent': '-13.9', 'likelihood': -1}, {'offset': 1, 'projected_percent': '-18.5', 'likelihood': -1}, {'offset': 2, 'projected_percent': '-21.4', 'likelihood': -2}]"
266,76357,3,10,54,Cairney,Tom,Cairney,50,i,Knee injury - Expected back 10 Oct,2026-08-14T18:00:06.460944Z,0.0,0.0,0.0,,,,-49.1,"[{'offset': 0, 'projected_percent': '-49.1', 'likelihood': -3}, {'offset': 1, 'projected_percent': '-49.1', 'likelihood': -3}, {'offset': 2, 'projected_percent': '-49.1', 'likelihood': -3}]"
268,577725,3,10,54,King,Josh,King,55,a,,,,0.5,7.0,,,,12.1,"[{'offset': 0, 'projected_percent': '12.1', 'likelihood': 1}, {'offset': 1, 'projected_percent': '19.3', 'likelihood': 1}, {'offset': 2, 'projected_percent': '23.9', 'likelihood': 2}]"
269,184349,2,10,54,Sessegnon,Ryan,Sessegnon,45,a,,,,0.4,1.0,,,,-15.8,"[{'offset': 0, 'projected_percent': '-15.8', 'likelihood': -1}, {'offset': 1, 'projected_percent': '-24.6', 'likelihood': -2}, {'offset': 2, 'projected_percent': '-30.3', 'likelihood': -2}]"
270,153366,3,10,54,Reed,Harrison,Reed,45,a,,,,1.4,0.0,,,,-16.9,"[{'offset': 0, 'projected_percent': '-16.9', 'likelihood': -1}, {'offset': 1, 'projected_percent': '-27.7', 'likelihood': -2}, {'offset': 2, 'projected_percent': '-34.6', 'likelihood': -2}]"
271,244042,4,10,54,Muniz,Rodrigo,Muniz Carvalho,55,a,,,,0.6,1.0,,,,-26.5,"[{'offset': 0, 'projected_percent': '-26.5', 'likelihood': -2}, {'offset': 1, 'projected_percent': '-43.7', 'likelihood': -3}, {'offset': 2, 'projected_percent': '-54.7', 'likelihood': -3}]"
272,631786,4,10,54,Kusi-Asare,Jonah,Kusi-Asare,45,a,,,,7.0,0.0,,,,-5.6,"[{'offset': 0, 'projected_percent': '-5.6', 'likelihood': -1}, {'offset': 1, 'projected_percent': '-11.3', 'likelihood': -1}, {'offset': 2, 'projected_percent': '-14.9', 'likelihood': -1}]"
569,551466,4,10,54,Gonzalo,Gonzalo,García,60,a,,,,3.6,6.0,1.0,,,46.4,"[{'offset': 0, 'projected_percent': '46.4', 'likelihood': 3}, {'offset': 1, 'projected_percent': '103.3', 'likelihood': 5}, {'offset': 2, 'projected_percent': '139.8', 'likelihood': 5}]"
570,571779,3,10,54,Palacios,César,Palacios,55,a,,,,0.2,2.0,,,,-14.3,"[{'offset': 0, 'projected_percent': '-14.3', 'likelihood': -1}, {'offset': 1, 'projected_percent': '-20.9', 'likelihood': -2}, {'offset': 2, 'projected_percent': '-25.2', 'likelihood': -2}]"
580,463210,3,10,54,Charles,Shea,Charles,50,a,,,,0.1,1.0,,,,-10.2,"[{'offset': 0, 'projected_percent': '-10.2', 'likelihood': -1}, {'offset': 1, 'projected_percent': '-16.1', 'likelihood': -1}, {'offset': 2, 'projected_percent': '-19.8', 'likelihood': -1}]"
610,547686,2,10,54,De Fougerolles,Luc,De Fougerolles,40,a,,,,0.1,0.0,,,,0.0,"[{'offset': 0, 'projected_percent': '0.0', 'likelihood': 0}, {'offset': 1, 'projected_percent': '0.0', 'likelihood': 0}, {'offset': 2, 'projected_percent': '0.0', 'likelihood': 0}]"
273,167825,1,11,88,Phillips,Dillon,Phillips,40,a,,,,1.5,0.0,,,,-7.7,"[{'offset': 0, 'projected_percent': '-7.7', 'likelihood': -1}, {'offset': 1, 'projected_percent': '-13.0', 'likelihood': -1}, {'offset': 2, 'projected_percent': '-16.5', 'likelihood': -1}]"
274,105666,1,11,88,Butland,Jack,Butland,45,i,Arm injury - Unknown return date,2026-08-08T19:00:05.601633Z,0.0,0.1,0.0,,,,-27.0,"[{'offset': 0, 'projected_percent': '-27.0', 'likelihood': -2}, {'offset': 1, 'projected_percent': '-33.6', 'likelihood': -2}, {'offset': 2, 'projected_percent': '-37.9', 'likelihood': -2}]"
275,494950,1,11,88,Cartwright,Harvey,Cartwright,40,u,Has joined Grimsby Town on loan for the rest of the season,2026-07-29T13:00:27.959925Z,0.0,0.0,0.0,,,,0.0,"[{'offset': 0, 'projected_percent': '0.0', 'likelihood': 0}, {'offset': 1, 'projected_percent': '0.0', 'likelihood': 0}, {'offset': 2, 'projected_percent': '0.0', 'likelihood': 0}]"
276,444307,1,11,88,Lo-Tutala,Thimothée,Lo-Tutala,40,u,Has joined Colchester United on loan for the rest of the season,2026-08-17T13:50:27.125537Z,0.0,0.0,0.0,,,,0.0,"[{'offset': 0, 'projected_percent': '0.0', 'likelihood': 0}, {'offset': 1, 'projected_percent': '0.0', 'likelihood': 0}, {'offset': 2, 'projected_percent': '0.0', 'likelihood': 0}]"
277,108416,2,11,88,Egan,John,Egan,40,a,,,,2.0,8.0,,,,12.4,"[{'offset': 0, 'projected_percent': '12.4', 'likelihood': 1}, {'offset': 1, 'projected_percent': '14.7', 'likelihood': 1}, {'offset': 2, 'projected_percent': '16.2', 'likelihood': 1}]"
278,501902,2,11,88,Hughes,Charlie,Hughes,40,i,Groin injury - Unknown return date,2026-08-02T09:00:11.030017Z,0.0,0.1,0.0,,,,-35.1,"[{'offset': 0, 'projected_percent': '-35.1', 'likelihood': -2}, {'offset': 1, 'projected_percent': '-46.3', 'likelihood': -3}, {'offset': 2, 'projected_percent': '-53.6', 'likelihood': -3}]"
279,146426,2,11,88,Ajayi,Semi,Ajayi,40,a,,2026-08-22T17:30:07.668197Z,100.0,1.8,14.0,,,,20.8,"[{'offset': 0, 'projected_percent': '20.8', 'likelihood': 2}, {'offset': 1, 'projected_percent': '38.7', 'likelihood': 2}, {'offset': 2, 'projected_percent': '50.1', 'likelihood': 3}]"
280,193278,2,11,88,Coyle,Lewie,Coyle,40,a,,2026-08-22T17:30:07.685683Z,100.0,0.6,6.0,,,,-19.5,"[{'offset': 0, 'projected_percent': '-19.5', 'likelihood': -1}, {'offset': 1, 'projected_percent': '-15.2', 'likelihood': -1}, {'offset': 2, 'projected_percent': '-12.4', 'likelihood': -1}]"
281,433590,2,11,88,Drameh,Cody,Drameh,40,a,,2026-08-08T19:00:05.613036Z,100.0,0.1,1.0,,,,0.0,"[{'offset': 0, 'projected_percent': '0.0', 'likelihood': 0}, {'offset': 1, 'projected_percent': '0.0', 'likelihood': 0}, {'offset': 2, 'projected_percent': '0.0', 'likelihood': 0}]"
282,232351,2,11,88,Giles,Ryan,Giles,40,a,,,,0.9,6.0,,1.0,1.0,3.7,"[{'offset': 0, 'projected_percent': '3.7', 'likelihood': 1}, {'offset': 1, 'projected_percent': '4.2', 'likelihood': 1}, {'offset': 2, 'projected_percent': '4.5', 'likelihood': 1}]"
283,449428,2,11,88,Jacob,Matty,Jacob,40,i,Hip injury - Expected back 5 Sep,2026-08-02T09:00:11.038361Z,0.0,0.0,0.0,,,,-24.4,"[{'offset': 0, 'projected_percent': '-24.4', 'likelihood': -2}, {'offset': 1, 'projected_percent': '-35.9', 'likelihood': -2}, {'offset': 2, 'projected_percent': '-43.3', 'likelihood': -3}]"
284,661800,2,11,88,McCarthy,Cathal,McCarthy,40,a,,,,0.1,0.0,,,,-8.8,"[{'offset': 0, 'projected_percent': '-8.8', 'likelihood': -1}, {'offset': 1, 'projected_percent': '-12.9', 'likelihood': -1}, {'offset': 2, 'projected_percent': '-15.5', 'likelihood': -1}]"
285,160817,2,11,88,McNair,Paddy,McNair,40,a,,,,0.1,1.0,,,,0.0,"[{'offset': 0, 'projected_percent': '0.0', 'likelihood': 0}, {'offset': 1, 'projected_percent': '-7.0', 'likelihood': -1}, {'offset': 2, 'projected_percent': '-13.9', 'likelihood': -1}]"
286,540324,3,11,88,Belloumi,Mohamed,Belloumi,50,a,,,,0.6,3.0,,2.0,3.0,4.7,"[{'offset': 0, 'projected_percent': '4.7', 'likelihood': 1}, {'offset': 1, 'projected_percent': '6.2', 'likelihood': 1}, {'offset': 2, 'projected_percent': '7.2', 'likelihood': 1}]"
287,232905,3,11,88,Millar,Liam,Millar,50,a,,,,0.1,0.0,,,,-40.3,"[{'offset': 0, 'projected_percent': '-40.3', 'likelihood': -3}, {'offset': 1, 'projected_percent': '-66.9', 'likelihood': -3}, {'offset': 2, 'projected_percent': '-84.0', 'likelihood': -3}]"
288,171270,3,11,88,Dowell,Kieran,Dowell,45,a,,,,0.4,0.0,,,,-20.9,"[{'offset': 0, 'projected_percent': '-20.9', 'likelihood': -2}, {'offset': 1, 'projected_percent': '-26.2', 'likelihood': -2}, {'offset': 2, 'projected_percent': '-29.6', 'likelihood': -2}]"
289,101282,3,11,88,Crooks,Matt,Crooks,45,a,,,,0.7,2.0,,,,2.2,"[{'offset': 0, 'projected_percent': '2.2', 'likelihood': 1}, {'offset': 1, 'projected_percent': '3.6', 'likelihood': 1}, {'offset': 2, 'projected_percent': '4.5', 'likelihood': 1}]"
290,243413,3,11,88,Slater,Regan,Slater,45,a,,,,3.8,6.0,,,2.0,27.7,"[{'offset': 0, 'projected_percent': '27.7', 'likelihood': 2}, {'offset': 1, 'projected_percent': '41.1', 'likelihood': 3}, {'offset': 2, 'projected_percent': '49.7', 'likelihood': 3}]"
291,465525,3,11,88,Matazo,Eliot,Matazo,45,i,Knee injury - Unknown return date,2026-07-23T12:01:23.532635Z,0.0,0.0,0.0,,,,-8.1,"[{'offset': 0, 'projected_percent': '-8.1', 'likelihood': -1}, {'offset': 1, 'projected_percent': '-8.1', 'likelihood': -1}, {'offset': 2, 'projected_percent': '-8.1', 'likelihood': -1}]"
292,208481,3,11,88,Ömür,Abdülkadir,Ömür,50,a,,,,0.0,0.0,,,,-35.0,"[{'offset': 0, 'projected_percent': '-35.0', 'likelihood': -2}, {'offset': 1, 'projected_percent': '-55.0', 'likelihood': -3}, {'offset': 2, 'projected_percent': '-67.9', 'likelihood': -3}]"
293,490161,3,11,88,Kamara,Abu,Kamara,50,u,Has joined Portsmouth permanently,2026-08-12T14:08:23.542043Z,0.0,0.0,0.0,,,,0.0,"[{'offset': 0, 'projected_percent': '0.0', 'likelihood': 0}, {'offset': 1, 'projected_percent': '0.0', 'likelihood': 0}, {'offset': 2, 'projected_percent': '0.0', 'likelihood': 0}]"
294,553783,3,11,88,Zambrano,Óscar,Zambrano,45,i,Thigh injury - Unknown return date,2026-08-04T18:30:11.016909Z,0.0,0.1,0.0,,,,-25.7,"[{'offset': 0, 'projected_percent': '-25.7', 'likelihood': -2}, {'offset': 1, 'projected_percent': '-27.9', 'likelihood': -2}, {'offset': 2, 'projected_percent': '-29.4', 'likelihood': -2}]"
295,169432,4,11,88,McBurnie,Oli,McBurnie,55,a,,,,2.1,5.0,1.0,,,27.3,"[{'offset': 0, 'projected_percent': '27.3', 'likelihood': 2}, {'offset': 1, 'projected_percent': '41.2', 'likelihood': 3}, {'offset': 2, 'projected_percent': '50.2', 'likelihood': 3}]"
296,213292,3,11,88,Akintola,David,Akintola,50,a,,,,0.0,0.0,,,,0.0,"[{'offset': 0, 'projected_percent': '0.0', 'likelihood': 0}, {'offset': 1, 'projected_percent': '-22.2', 'likelihood': -2}, {'offset': 2, 'projected_percent': '-40.4', 'likelihood': -3}]"
297,470294,3,11,88,Gyabi,Darko,Gyabi,45,i,Thigh injury - Unknown return date,2026-08-04T18:30:11.027155Z,0.0,0.0,0.0,,,,-30.7,"[{'offset': 0, 'projected_percent': '-30.7', 'likelihood': -2}, {'offset': 1, 'projected_percent': '-34.6', 'likelihood': -2}, {'offset': 2, 'projected_percent': '-37.2', 'likelihood': -2}]"
298,500957,4,11,88,Destan,Enis,Destan,45,u,Has joined Konyaspor permanently,2026-08-17T13:50:27.145733Z,0.0,0.3,0.0,,,,0.0,"[{'offset': 0, 'projected_percent': '0.0', 'likelihood': 0}, {'offset': 1, 'projected_percent': '0.0', 'likelihood': 0}, {'offset': 2, 'projected_percent': '0.0', 'likelihood': 0}]"
299,534392,4,11,88,Burstow,Mason,Burstow,45,u,Has joined Sheffield Wednesday on loan for the rest of the season,2026-08-03T14:05:20.234842Z,0.0,0.1,0.0,,,,0.0,"[{'offset': 0, 'projected_percent': '0.0', 'likelihood': 0}, {'offset': 1, 'projected_percent': '0.0', 'likelihood': 0}, {'offset': 2, 'projected_percent': '0.0', 'likelihood': 0}]"
340,462635,3,11,88,Gelhardt,Joe,Gelhardt,50,i,Ankle injury - Expected back 5 Sep,2026-08-17T21:30:07.799839Z,0.0,0.0,0.0,,,,-33.1,"[{'offset': 0, 'projected_percent': '-33.1', 'likelihood': -2}, {'offset': 1, 'projected_percent': '-47.3', 'likelihood': -3}, {'offset': 2, 'projected_percent': '-56.4', 'likelihood': -3}]"
556,169359,2,11,88,Targett,Matt,Targett,40,a,,,,2.3,1.0,,,,-12.6,"[{'offset': 0, 'projected_percent': '-12.6', 'likelihood': -1}, {'offset': 1, 'projected_percent': '-17.4', 'likelihood': -1}, {'offset': 2, 'projected_percent': '-20.5', 'likelihood': -2}]"
563,445028,3,11,88,Morita,Hidemasa,Morita,50,a,,2026-08-15T16:00:07.961518Z,100.0,0.0,0.0,,,,0.0,"[{'offset': 0, 'projected_percent': '0.0', 'likelihood': 0}, {'offset': 1, 'projected_percent': '0.0', 'likelihood': 0}, {'offset': 2, 'projected_percent': '0.0', 'likelihood': 0}]"
572,473284,1,11,88,Tzolakis,Konstantinos,Tzolakis,45,a,,,,2.7,10.0,,,,28.4,"[{'offset': 0, 'projected_percent': '28.4', 'likelihood': 2}, {'offset': 1, 'projected_percent': '40.9', 'likelihood': 3}, {'offset': 2, 'projected_percent': '48.9', 'likelihood': 3}]"
574,552946,3,11,88,Hjertø-Dahl,Jens,Hjertø-Dahl,50,a,,,,0.1,0.0,,,,-25.9,"[{'offset': 0, 'projected_percent': '-25.9', 'likelihood': -2}, {'offset': 1, 'projected_percent': '-29.3', 'likelihood': -2}, {'offset': 2, 'projected_percent': '-31.4', 'likelihood': -2}]"
576,608227,3,11,88,Stroud,Elliot,Stroud,50,a,,,,0.1,3.0,,,,0.3,"[{'offset': 0, 'projected_percent': '0.3', 'likelihood': 1}, {'offset': 1, 'projected_percent': '0.4', 'likelihood': 1}, {'offset': 2, 'projected_percent': '0.4', 'likelihood': 1}]"
585,597462,2,11,88,Herrington,Lucas,Herrington,40,a,,,,0.7,1.0,,,,-1.2,"[{'offset': 0, 'projected_percent': '-1.2', 'likelihood': -1}, {'offset': 1, 'projected_percent': '-5.8', 'likelihood': -1}, {'offset': 2, 'projected_percent': '-8.8', 'likelihood': -1}]"
586,606930,2,11,88,Mendy,Nobel,Mendy,40,a,,2026-08-22T17:30:08.045208Z,100.0,3.6,15.0,,,,11.3,"[{'offset': 0, 'projected_percent': '11.3', 'likelihood': 1}, {'offset': 1, 'projected_percent': '49.1', 'likelihood': 3}, {'offset': 2, 'projected_percent': '73.4', 'likelihood': 3}]"
589,469266,3,11,88,Gourna-Douath,Lucas,Gourna-Douath,50,a,,,,0.0,0.0,,,,0.0,"[{'offset': 0, 'projected_percent': '0.0', 'likelihood': 0}, {'offset': 1, 'projected_percent': '0.0', 'likelihood': 0}, {'offset': 2, 'projected_percent': '0.0', 'likelihood': 0}]"
259,219924,2,12,40,Diop,Issa,Diop,40,a,,,,17.1,2.0,,,,-5.6,"[{'offset': 0, 'projected_percent': '-5.6', 'likelihood': -1}, {'offset': 1, 'projected_percent': '-9.3', 'likelihood': -1}, {'offset': 2, 'projected_percent': '-11.7', 'likelihood': -1}]"
267,212314,3,12,40,Lukić,Saša,Lukić,50,a,,,,0.1,5.0,,,4.0,0.0,"[{'offset': 0, 'projected_percent': '0.0', 'likelihood': 0}, {'offset': 1, 'projected_percent': '-7.8', 'likelihood': -1}, {'offset': 2, 'projected_percent': '-14.2', 'likelihood': -1}]"
300,108813,1,12,40,Walton,Christian,Walton,45,a,,,,0.5,0.0,,,,-34.3,"[{'offset': 0, 'projected_percent': '-34.3', 'likelihood': -2}, {'offset': 1, 'projected_percent': '-57.0', 'likelihood': -3}, {'offset': 2, 'projected_percent': '-71.6', 'likelihood': -3}]"
301,112520,1,12,40,Palmer,Alex,Palmer,40,a,,,,4.5,0.0,,,,-5.6,"[{'offset': 0, 'projected_percent': '-5.6', 'likelihood': -1}, {'offset': 1, 'projected_percent': '-8.0', 'likelihood': -1}, {'offset': 2, 'projected_percent': '-9.5', 'likelihood': -1}]"
302,50093,1,12,40,Button,David,Button,40,a,,,,0.4,0.0,,,,0.1,"[{'offset': 0, 'projected_percent': '0.1', 'likelihood': 1}, {'offset': 1, 'projected_percent': '-0.1', 'likelihood': -1}, {'offset': 2, 'projected_percent': '-1.1', 'likelihood': -1}]"
303,183015,2,12,40,Kipré,Cédric,Kipré,40,a,,,,0.6,0.0,,,,-25.6,"[{'offset': 0, 'projected_percent': '-25.6', 'likelihood': -2}, {'offset': 1, 'projected_percent': '-36.6', 'likelihood': -2}, {'offset': 2, 'projected_percent': '-43.6', 'likelihood': -3}]"
304,216616,2,12,40,O'Shea,Dara,O'Shea,40,a,,,,3.4,4.0,,,,0.1,"[{'offset': 0, 'projected_percent': '0.1', 'likelihood': 1}, {'offset': 1, 'projected_percent': '-0.7', 'likelihood': -1}, {'offset': 2, 'projected_percent': '-1.5', 'likelihood': -1}]"
305,455084,2,12,40,Davis,Leif,Davis,40,a,,,,4.9,2.0,,2.0,2.0,-7.3,"[{'offset': 0, 'projected_percent': '-7.3', 'likelihood': -1}, {'offset': 1, 'projected_percent': '-11.9', 'likelihood': -1}, {'offset': 2, 'projected_percent': '-14.9', 'likelihood': -1}]"
306,449429,2,12,40,Greaves,Jacob,Greaves,40,a,,,,1.4,2.0,,,,-8.4,"[{'offset': 0, 'projected_percent': '-8.4', 'likelihood': -1}, {'offset': 1, 'projected_percent': '-14.1', 'likelihood': -1}, {'offset': 2, 'projected_percent': '-17.7', 'likelihood': -1}]"
307,222018,2,12,40,Johnson,Ben,Johnson,40,a,,,,0.1,0.0,,,,-19.1,"[{'offset': 0, 'projected_percent': '-19.1', 'likelihood': -1}, {'offset': 1, 'projected_percent': '-17.0', 'likelihood': -1}, {'offset': 2, 'projected_percent': '-15.6', 'likelihood': -1}]"
308,176420,2,12,40,Furlong,Darnell,Furlong,40,a,,,,0.6,0.0,,,,-23.5,"[{'offset': 0, 'projected_percent': '-23.5', 'likelihood': -2}, {'offset': 1, 'projected_percent': '-33.6', 'likelihood': -2}, {'offset': 2, 'projected_percent': '-40.1', 'likelihood': -3}]"
309,501390,3,12,40,Núñez,Marcelino,Núñez,50,a,,,,0.1,4.0,,1.0,1.0,0.0,"[{'offset': 0, 'projected_percent': '0.0', 'likelihood': 0}, {'offset': 1, 'projected_percent': '-3.1', 'likelihood': -1}, {'offset': 2, 'projected_percent': '-5.2', 'likelihood': -1}]"
310,241117,3,12,40,Matusiwa,Azor,Matusiwa,50,i,Muscular injury - Unknown return date,2026-07-29T18:00:10.305484Z,0.0,0.0,0.0,,,,-48.3,"[{'offset': 0, 'projected_percent': '-48.3', 'likelihood': -3}, {'offset': 1, 'projected_percent': '-48.3', 'likelihood': -3}, {'offset': 2, 'projected_percent': '-48.3', 'likelihood': -3}]"
311,149929,3,12,40,Burns,Wes,Burns,50,u,Has joined Leicester City permanently,2026-08-10T14:02:47.597478Z,0.0,0.0,0.0,,,,0.0,"[{'offset': 0, 'projected_percent': '0.0', 'likelihood': 0}, {'offset': 1, 'projected_percent': '0.0', 'likelihood': 0}, {'offset': 2, 'projected_percent': '0.0', 'likelihood': 0}]"
312,231899,3,12,40,Taylor,Jack,Taylor,45,i,Knee injury - Unknown return date,2026-07-29T18:00:10.319370Z,0.0,0.0,0.0,,,,-32.2,"[{'offset': 0, 'projected_percent': '-32.2', 'likelihood': -2}, {'offset': 1, 'projected_percent': '-34.3', 'likelihood': -2}, {'offset': 2, 'projected_percent': '-35.6', 'likelihood': -2}]"
313,443261,3,12,40,Clarke,Jack,Clarke,55,a,,,,0.3,7.0,1.0,3.0,3.0,0.5,"[{'offset': 0, 'projected_percent': '0.5', 'likelihood': 1}, {'offset': 1, 'projected_percent': '0.4', 'likelihood': 1}, {'offset': 2, 'projected_percent': '0.4', 'likelihood': 1}]"
314,229164,3,12,40,Ogbene,Chiedozie,Ogbene,50,a,,,,0.0,0.0,,,,-50.5,"[{'offset': 0, 'projected_percent': '-50.5', 'likelihood': -3}, {'offset': 1, 'projected_percent': '-50.5', 'likelihood': -3}, {'offset': 2, 'projected_percent': '-50.5', 'likelihood': -3}]"
315,531442,3,12,40,Fatawu,Abdul,Fatawu,55,a,,,,0.2,2.0,,,,-38.8,"[{'offset': 0, 'projected_percent': '-38.8', 'likelihood': -2}, {'offset': 1, 'projected_percent': '-55.7', 'likelihood': -3}, {'offset': 2, 'projected_percent': '-66.6', 'likelihood': -3}]"
316,543968,4,12,40,Emersonn,Emersonn,Correia da Silva,55,a,,,,1.7,9.0,2.0,,,24.7,"[{'offset': 0, 'projected_percent': '24.7', 'likelihood': 2}, {'offset': 1, 'projected_percent': '29.2', 'likelihood': 2}, {'offset': 2, 'projected_percent': '32.1', 'likelihood': 2}]"
317,222625,4,12,40,Hirst,George,Hirst,50,u,Has joined Stoke City permanently,2026-08-21T13:06:08.606019Z,0.0,0.2,0.0,,,,0.0,"[{'offset': 0, 'projected_percent': '0.0', 'likelihood': 0}, {'offset': 1, 'projected_percent': '0.0', 'likelihood': 0}, {'offset': 2, 'projected_percent': '0.0', 'likelihood': 0}]"
318,481624,3,12,40,Philogene,Jaden,Philogene,55,i,Ankle injury - Unknown return date,2026-08-25T11:30:07.532993Z,0.0,0.1,0.0,3.0,,5.0,-44.3,"[{'offset': 0, 'projected_percent': '-44.3', 'likelihood': -3}, {'offset': 1, 'projected_percent': '-71.7', 'likelihood': -3}, {'offset': 2, 'projected_percent': '-89.2', 'likelihood': -3}]"
319,172453,3,12,40,Szmodics,Sam,Szmodics,50,u,Has joined Derby County on loan for the rest of the season,2026-08-17T13:51:41.713979Z,0.0,0.0,0.0,,,,0.0,"[{'offset': 0, 'projected_percent': '0.0', 'likelihood': 0}, {'offset': 1, 'projected_percent': '0.0', 'likelihood': 0}, {'offset': 2, 'projected_percent': '0.0', 'likelihood': 0}]"
320,147675,4,12,40,Akpom,Chuba,Akpom,50,a,,,,0.5,1.0,,,,-5.2,"[{'offset': 0, 'projected_percent': '-5.2', 'likelihood': -1}, {'offset': 1, 'projected_percent': '-11.2', 'likelihood': -1}, {'offset': 2, 'projected_percent': '-15.0', 'likelihood': -1}]"
321,557012,4,12,40,Walle Egeli,Sindre,Walle Egeli,45,a,,,,2.4,1.0,,,,4.4,"[{'offset': 0, 'projected_percent': '4.4', 'likelihood': 1}, {'offset': 1, 'projected_percent': '6.5', 'likelihood': 1}, {'offset': 2, 'projected_percent': '7.9', 'likelihood': 1}]"
322,462387,4,12,40,Al-Hamadi,Ali,Al-Hamadi,50,u,Has joined Sheffield Wednesday on loan for the rest of the season,2026-08-27T14:54:10.215357Z,0.0,0.1,0.0,,,,0.0,"[{'offset': 0, 'projected_percent': '0.0', 'likelihood': 0}, {'offset': 1, 'projected_percent': '0.0', 'likelihood': 0}, {'offset': 2, 'projected_percent': '0.0', 'likelihood': 0}]"
323,461587,3,12,40,McAteer,Kasey,McAteer,45,a,,,,1.4,1.0,,,,-11.6,"[{'offset': 0, 'projected_percent': '-11.6', 'likelihood': -1}, {'offset': 1, 'projected_percent': '-17.3', 'likelihood': -1}, {'offset': 2, 'projected_percent': '-20.9', 'likelihood': -2}]"
324,232457,3,12,40,Mehmeti,Anis,Mehmeti,50,a,,,,0.0,0.0,,,,-49.7,"[{'offset': 0, 'projected_percent': '-49.7', 'likelihood': -3}, {'offset': 1, 'projected_percent': '-68.4', 'likelihood': -3}, {'offset': 2, 'projected_percent': '-80.5', 'likelihood': -3}]"
554,546600,1,12,40,Van Oevelen,Kayne,van Oevelen,45,u,Has joined Valencia on loan for the rest of the season,2026-08-25T14:04:09.529320Z,0.0,0.0,0.0,,,,0.0,"[{'offset': 0, 'projected_percent': '0.0', 'likelihood': 0}, {'offset': 1, 'projected_percent': '0.0', 'likelihood': 0}, {'offset': 2, 'projected_percent': '0.0', 'likelihood': 0}]"
562,442967,3,12,40,Maeda,Daizen,Maeda,55,a,,,,0.4,2.0,,,,-32.8,"[{'offset': 0, 'projected_percent': '-32.8', 'likelihood': -2}, {'offset': 1, 'projected_percent': '-60.0', 'likelihood': -3}, {'offset': 2, 'projected_percent': '-77.5', 'likelihood': -3}]"
564,240514,1,12,40,Scherpen,Kjell,Scherpen,45,a,,,,0.6,2.0,,,,-10.9,"[{'offset': 0, 'projected_percent': '-10.9', 'likelihood': -1}, {'offset': 1, 'projected_percent': '-22.5', 'likelihood': -2}, {'offset': 2, 'projected_percent': '-29.9', 'likelihood': -2}]"
571,216055,3,12,40,Florentino,Florentino Ibrain,Morris Luís,50,d,Calf injury - 75% chance of playing,2026-08-25T11:30:07.678802Z,75.0,0.1,0.0,,,,-35.8,"[{'offset': 0, 'projected_percent': '-35.8', 'likelihood': -2}, {'offset': 1, 'projected_percent': '-65.8', 'likelihood': -3}, {'offset': 2, 'projected_percent': '-85.1', 'likelihood': -3}]"
591,474120,3,12,40,Enciso,Julio,Enciso,55,a,,2026-08-22T18:00:07.551930Z,100.0,0.5,5.0,,,,0.0,"[{'offset': 0, 'projected_percent': '0.0', 'likelihood': 0}, {'offset': 1, 'projected_percent': '0.0', 'likelihood': 0}, {'offset': 2, 'projected_percent': '0.0', 'likelihood': 0}]"
592,572584,2,12,40,Ouattara,Abdoul,Ouattara,40,a,,,,1.0,1.0,,,,0.0,"[{'offset': 0, 'projected_percent': '0.0', 'likelihood': 0}, {'offset': 1, 'projected_percent': '0.0', 'likelihood': 0}, {'offset': 2, 'projected_percent': '0.0', 'likelihood': 0}]"
602,524180,3,12,40,Humphreys,Cameron,Humphreys,45,a,,,,0.0,0.0,,,,0.0,"[{'offset': 0, 'projected_percent': '0.0', 'likelihood': 0}, {'offset': 1, 'projected_percent': '0.0', 'likelihood': 0}, {'offset': 2, 'projected_percent': '0.0', 'likelihood': 0}]"
260,153682,3,13,2,Wilson,Harry,Wilson,65,a,,,,5.7,3.0,,,2.0,-25.7,"[{'offset': 0, 'projected_percent': '-25.7', 'likelihood': -2}, {'offset': 1, 'projected_percent': '-43.6', 'likelihood': -3}, {'offset': 2, 'projected_percent': '-55.1', 'likelihood': -3}]"
326,201595,1,13,2,Perri,Lucas Estella,Perri,45,a,,,,0.6,0.0,,,,-35.6,"[{'offset': 0, 'projected_percent': '-35.6', 'likelihood': -2}, {'offset': 1, 'projected_percent': '-53.7', 'likelihood': -3}, {'offset': 2, 'projected_percent': '-65.4', 'likelihood': -3}]"
327,434752,2,13,2,Bijol,Jaka,Bijol,50,a,,,,0.9,10.0,,,,13.8,"[{'offset': 0, 'projected_percent': '13.8', 'likelihood': 1}, {'offset': 1, 'projected_percent': '20.2', 'likelihood': 2}, {'offset': 2, 'projected_percent': '24.3', 'likelihood': 2}]"
329,214225,2,13,2,Rodon,Joe,Rodon,45,a,,,,3.6,6.0,,,,2.5,"[{'offset': 0, 'projected_percent': '2.5', 'likelihood': 1}, {'offset': 1, 'projected_percent': '4.7', 'likelihood': 1}, {'offset': 2, 'projected_percent': '6.2', 'likelihood': 1}]"
330,226182,2,13,2,Bogle,Jayden,Bogle,45,a,,,,0.6,6.0,,,,1.4,"[{'offset': 0, 'projected_percent': '1.4', 'likelihood': 1}, {'offset': 1, 'projected_percent': '1.5', 'likelihood': 1}, {'offset': 2, 'projected_percent': '1.6', 'likelihood': 1}]"
331,243526,2,13,2,Gudmundsson,Gabriel,Gudmundsson,45,i,Hamstring injury - Unknown return date,2026-08-08T20:00:07.546568Z,0.0,0.0,0.0,,,,-37.4,"[{'offset': 0, 'projected_percent': '-37.4', 'likelihood': -2}, {'offset': 1, 'projected_percent': '-52.1', 'likelihood': -3}, {'offset': 2, 'projected_percent': '-61.6', 'likelihood': -3}]"
332,220627,2,13,2,Justin,James,Justin,45,a,,,,1.1,10.0,,,,10.4,"[{'offset': 0, 'projected_percent': '10.4', 'likelihood': 1}, {'offset': 1, 'projected_percent': '17.3', 'likelihood': 1}, {'offset': 2, 'projected_percent': '21.8', 'likelihood': 2}]"
333,437738,2,13,2,Bornauw,Sebastiaan,Bornauw,45,u,Has joined Hamburg SV on loan for the rest of the season,2026-08-19T13:56:14.645970Z,0.0,0.0,0.0,,,,0.0,"[{'offset': 0, 'projected_percent': '0.0', 'likelihood': 0}, {'offset': 1, 'projected_percent': '0.0', 'likelihood': 0}, {'offset': 2, 'projected_percent': '0.0', 'likelihood': 0}]"
334,522047,2,13,2,Muharemović,Tarik,Muharemović,50,a,,,,3.4,6.0,,,,4.3,"[{'offset': 0, 'projected_percent': '4.3', 'likelihood': 1}, {'offset': 1, 'projected_percent': '4.7', 'likelihood': 1}, {'offset': 2, 'projected_percent': '4.9', 'likelihood': 1}]"
335,466525,3,13,2,Stach,Anton,Stach,60,a,,,,2.3,13.0,,1.0,1.0,24.1,"[{'offset': 0, 'projected_percent': '24.1', 'likelihood': 2}, {'offset': 1, 'projected_percent': '41.4', 'likelihood': 3}, {'offset': 2, 'projected_percent': '52.6', 'likelihood': 3}]"
336,435997,3,13,2,Okafor,Noah,Okafor,60,a,,,,0.4,1.0,,,,-73.5,"[{'offset': 0, 'projected_percent': '-73.5', 'likelihood': -3}, {'offset': 1, 'projected_percent': '-119.4', 'likelihood': -5}, {'offset': 2, 'projected_percent': '-148.8', 'likelihood': -5}]"
337,427637,3,13,2,Aaronson,Brenden,Aaronson,55,a,,,,0.9,3.0,,3.0,,-21.6,"[{'offset': 0, 'projected_percent': '-21.6', 'likelihood': -2}, {'offset': 1, 'projected_percent': '-33.9', 'likelihood': -2}, {'offset': 2, 'projected_percent': '-41.8', 'likelihood': -3}]"
338,199598,3,13,2,Ampadu,Ethan,Ampadu,55,a,,,,1.4,5.0,,,,-11.1,"[{'offset': 0, 'projected_percent': '-11.1', 'likelihood': -1}, {'offset': 1, 'projected_percent': '-13.8', 'likelihood': -1}, {'offset': 2, 'projected_percent': '-15.5', 'likelihood': -1}]"
339,180135,3,13,2,Longstaff,Sean,Longstaff,50,a,,,,0.1,1.0,,2.0,3.0,-30.6,"[{'offset': 0, 'projected_percent': '-30.6', 'likelihood': -2}, {'offset': 1, 'projected_percent': '-43.5', 'likelihood': -3}, {'offset': 2, 'projected_percent': '-51.8', 'likelihood': -3}]"
341,492859,3,13,2,Gnonto,Wilfried,Gnonto,50,i,Hamstring injury - Unknown return date,2026-08-17T20:30:08.092366Z,0.0,0.0,0.0,,,,-78.8,"[{'offset': 0, 'projected_percent': '-78.8', 'likelihood': -3}, {'offset': 1, 'projected_percent': '-99.5', 'likelihood': -4}, {'offset': 2, 'projected_percent': '-112.8', 'likelihood': -5}]"
342,221399,3,13,2,Harrison,Jack,Harrison,50,u,Has joined New England Revolution permanently,2026-07-28T12:59:09.492431Z,0.0,0.0,0.0,,,,0.0,"[{'offset': 0, 'projected_percent': '0.0', 'likelihood': 0}, {'offset': 1, 'projected_percent': '0.0', 'likelihood': 0}, {'offset': 2, 'projected_percent': '0.0', 'likelihood': 0}]"
343,200617,3,13,2,James,Daniel,James,50,a,,,,0.1,0.0,,,,-28.1,"[{'offset': 0, 'projected_percent': '-28.1', 'likelihood': -2}, {'offset': 1, 'projected_percent': '-35.8', 'likelihood': -2}, {'offset': 2, 'projected_percent': '-40.7', 'likelihood': -3}]"
344,486520,3,13,2,Gruev,Ilia,Gruev,50,i,Knee injury - Unknown return date,2026-08-14T23:00:06.272027Z,0.0,0.0,0.0,,,,-60.8,"[{'offset': 0, 'projected_percent': '-60.8', 'likelihood': -3}, {'offset': 1, 'projected_percent': '-60.8', 'likelihood': -3}, {'offset': 2, 'projected_percent': '-60.8', 'likelihood': -3}]"
345,248056,3,13,2,Tanaka,Tanaka,Ao,50,a,,,,0.2,0.0,,,4.0,-64.0,"[{'offset': 0, 'projected_percent': '-64.0', 'likelihood': -3}, {'offset': 1, 'projected_percent': '-85.7', 'likelihood': -3}, {'offset': 2, 'projected_percent': '-99.7', 'likelihood': -4}]"
346,177815,4,13,2,Calvert-Lewin,Dominic,Calvert-Lewin,60,a,,,,28.8,1.0,1.0,,,-10.7,"[{'offset': 0, 'projected_percent': '-10.7', 'likelihood': -1}, {'offset': 1, 'projected_percent': '-20.2', 'likelihood': -2}, {'offset': 2, 'projected_percent': '-26.3', 'likelihood': -2}]"
347,174594,4,13,2,Nmecha,Lukas,Nmecha,55,a,,,,0.5,0.0,2.0,,,-60.3,"[{'offset': 0, 'projected_percent': '-60.3', 'likelihood': -3}, {'offset': 1, 'projected_percent': '-84.8', 'likelihood': -3}, {'offset': 2, 'projected_percent': '-100.6', 'likelihood': -5}]"
348,235826,4,13,2,Piroe,Joël,Piroe,50,u,Has joined West Ham United on loan for the rest of the season,2026-08-19T13:56:14.666726Z,0.0,0.1,0.0,3.0,,,0.0,"[{'offset': 0, 'projected_percent': '0.0', 'likelihood': 0}, {'offset': 1, 'projected_percent': '0.0', 'likelihood': 0}, {'offset': 2, 'projected_percent': '0.0', 'likelihood': 0}]"
349,565297,4,13,2,Mateo Joseph,Mateo,Joseph Fernández-Regatillo,45,i,Knee injury - Unknown return date,2026-07-29T18:00:10.338170Z,0.0,0.1,0.0,,,,-19.6,"[{'offset': 0, 'projected_percent': '-19.6', 'likelihood': -1}, {'offset': 1, 'projected_percent': '-22.1', 'likelihood': -2}, {'offset': 2, 'projected_percent': '-23.6', 'likelihood': -2}]"
385,432720,1,13,2,Trafford,James,Trafford,50,a,,,,4.2,9.0,,,,15.8,"[{'offset': 0, 'projected_percent': '15.8', 'likelihood': 1}, {'offset': 1, 'projected_percent': '21.5', 'likelihood': 2}, {'offset': 2, 'projected_percent': '25.1', 'likelihood': 2}]"
598,173774,2,13,2,Elvedi,Nico,Elvedi,45,a,,,,0.0,0.0,,,,0.0,"[{'offset': 0, 'projected_percent': '0.0', 'likelihood': 0}, {'offset': 1, 'projected_percent': '0.0', 'likelihood': 0}, {'offset': 2, 'projected_percent': '0.0', 'likelihood': 0}]"
603,643970,2,13,2,Lienou,Jayden,Lienou,40,a,,,,0.1,0.0,,,,0.0,"[{'offset': 0, 'projected_percent': '0.0', 'likelihood': 0}, {'offset': 1, 'projected_percent': '0.0', 'likelihood': 0}, {'offset': 2, 'projected_percent': '0.0', 'likelihood': 0}]"
604,592740,3,13,2,Cresswell,Alfie,Cresswell,45,a,,,,0.1,0.0,,,,0.0,"[{'offset': 0, 'projected_percent': '0.0', 'likelihood': 0}, {'offset': 1, 'projected_percent': '0.0', 'likelihood': 0}, {'offset': 2, 'projected_percent': '0.0', 'likelihood': 0}]"
350,116535,1,14,14,A.Becker,Alisson,Becker,55,a,,,,3.8,2.0,,,,1.3,"[{'offset': 0, 'projected_percent': '1.3', 'likelihood': 1}, {'offset': 1, 'projected_percent': '4.1', 'likelihood': 1}, {'offset': 2, 'projected_percent': '5.9', 'likelihood': 1}]"
351,449027,1,14,14,Mamardashvili,Giorgi,Mamardashvili,50,a,,,,0.2,0.0,,,,-43.6,"[{'offset': 0, 'projected_percent': '-43.6', 'likelihood': -3}, {'offset': 1, 'projected_percent': '-54.8', 'likelihood': -3}, {'offset': 2, 'projected_percent': '-62.0', 'likelihood': -3}]"
352,155503,1,14,14,Woodman,Freddie,Woodman,40,a,,,,1.1,0.0,,,,-6.2,"[{'offset': 0, 'projected_percent': '-6.2', 'likelihood': -1}, {'offset': 1, 'projected_percent': '-5.6', 'likelihood': -1}, {'offset': 2, 'projected_percent': '-5.2', 'likelihood': -1}]"
353,586268,1,14,14,Pecsi,Armin,Pecsi,40,u,Has joined TSV Hartberg on loan for the rest of the season,2026-08-18T14:11:18.638344Z,0.0,0.0,0.0,,,,0.0,"[{'offset': 0, 'projected_percent': '0.0', 'likelihood': 0}, {'offset': 1, 'projected_percent': '0.0', 'likelihood': 0}, {'offset': 2, 'projected_percent': '0.0', 'likelihood': 0}]"
354,432987,1,14,14,Jaros,Vitezslav,Jaros,40,i,Knee injury - Unknown return date,2026-07-29T18:00:10.351066Z,0.0,0.0,0.0,,,,-1.7,"[{'offset': 0, 'projected_percent': '-1.7', 'likelihood': -1}, {'offset': 1, 'projected_percent': '-1.7', 'likelihood': -1}, {'offset': 2, 'projected_percent': '-1.7', 'likelihood': -1}]"
355,464353,1,14,14,Davies,Harvey,Davies,40,a,,,,0.1,0.0,,,,-0.5,"[{'offset': 0, 'projected_percent': '-0.5', 'likelihood': -1}, {'offset': 1, 'projected_percent': '0.0', 'likelihood': 0}, {'offset': 2, 'projected_percent': '0.0', 'likelihood': 0}]"
356,97032,2,14,14,Virgil,Virgil,van Dijk,65,a,,,,19.6,2.0,,,,1.4,"[{'offset': 0, 'projected_percent': '1.4', 'likelihood': 1}, {'offset': 1, 'projected_percent': '2.5', 'likelihood': 1}, {'offset': 2, 'projected_percent': '3.2', 'likelihood': 1}]"
357,216094,2,14,14,Frimpong,Jeremie,Frimpong,55,a,,,,3.4,0.0,,,,-9.4,"[{'offset': 0, 'projected_percent': '-9.4', 'likelihood': -1}, {'offset': 1, 'projected_percent': '-10.7', 'likelihood': -1}, {'offset': 2, 'projected_percent': '-11.6', 'likelihood': -1}]"
358,544877,2,14,14,Kerkez,Milos,Kerkez,55,a,,,,3.5,0.0,,,,-20.4,"[{'offset': 0, 'projected_percent': '-20.4', 'likelihood': -2}, {'offset': 1, 'projected_percent': '-25.3', 'likelihood': -2}, {'offset': 2, 'projected_percent': '-28.5', 'likelihood': -2}]"
359,171287,2,14,14,Gomez,Joe,Gomez,50,i,Muscular injury - Unknown return date,2026-07-26T08:30:10.078473Z,0.0,0.0,0.0,,,,-37.7,"[{'offset': 0, 'projected_percent': '-37.7', 'likelihood': -2}, {'offset': 1, 'projected_percent': '-37.7', 'likelihood': -2}, {'offset': 2, 'projected_percent': '-37.7', 'likelihood': -2}]"
360,492777,2,14,14,Bradley,Conor,Bradley,50,i,Knee injury - Unknown return date,2026-07-23T12:01:23.565711Z,0.0,0.0,0.0,,,,-25.3,"[{'offset': 0, 'projected_percent': '-25.3', 'likelihood': -2}, {'offset': 1, 'projected_percent': '-25.3', 'likelihood': -2}, {'offset': 2, 'projected_percent': '-25.3', 'likelihood': -2}]"
361,519440,2,14,14,Lucky,Wellity,Lucky,40,a,,,,0.1,0.0,,,,-12.3,"[{'offset': 0, 'projected_percent': '-12.3', 'likelihood': -1}, {'offset': 1, 'projected_percent': '-17.0', 'likelihood': -1}, {'offset': 2, 'projected_percent': '-20.0', 'likelihood': -2}]"
362,606702,2,14,14,Jacquet,Jeremy,Jacquet,50,a,,2026-07-23T12:01:23.581126Z,100.0,2.4,1.0,,,,3.1,"[{'offset': 0, 'projected_percent': '3.1', 'likelihood': 1}, {'offset': 1, 'projected_percent': '4.0', 'likelihood': 1}, {'offset': 2, 'projected_percent': '4.5', 'likelihood': 1}]"
363,647681,2,14,14,Leoni,Giovanni,Leoni,40,i,Knee injury - Unknown return date,2026-07-23T12:01:23.596909Z,0.0,0.0,0.0,,,,-12.4,"[{'offset': 0, 'projected_percent': '-12.4', 'likelihood': -1}, {'offset': 1, 'projected_percent': '-12.4', 'likelihood': -1}, {'offset': 2, 'projected_percent': '-12.4', 'likelihood': -1}]"
364,214285,2,14,14,Tsimikas,Kostas,Tsimikas,50,a,,,,0.1,0.0,,,,-35.8,"[{'offset': 0, 'projected_percent': '-35.8', 'likelihood': -2}, {'offset': 1, 'projected_percent': '-50.0', 'likelihood': -3}, {'offset': 2, 'projected_percent': '-59.1', 'likelihood': -3}]"
365,489580,2,14,14,Ramsay,Calvin,Ramsay,40,u,Has joined St Mirren on loan for the rest of the season,2026-08-26T14:05:26.748768Z,0.0,0.2,0.0,,,,0.0,"[{'offset': 0, 'projected_percent': '0.0', 'likelihood': 0}, {'offset': 1, 'projected_percent': '0.0', 'likelihood': 0}, {'offset': 2, 'projected_percent': '0.0', 'likelihood': 0}]"
366,494595,3,14,14,Wirtz,Florian,Wirtz,75,a,,,,11.5,2.0,4.0,2.0,3.0,-32.8,"[{'offset': 0, 'projected_percent': '-32.8', 'likelihood': -2}, {'offset': 1, 'projected_percent': '-52.6', 'likelihood': -3}, {'offset': 2, 'projected_percent': '-65.3', 'likelihood': -3}]"
367,243298,3,14,14,Gakpo,Cody,Gakpo,70,a,,,,6.1,12.0,3.0,,2.0,68.0,"[{'offset': 0, 'projected_percent': '68.0', 'likelihood': 3}, {'offset': 1, 'projected_percent': '104.2', 'likelihood': 5}, {'offset': 2, 'projected_percent': '127.3', 'likelihood': 5}]"
368,424876,3,14,14,Szoboszlai,Dominik,Szoboszlai,70,a,,,,43.2,8.0,1.0,1.0,1.0,69.2,"[{'offset': 0, 'projected_percent': '69.2', 'likelihood': 3}, {'offset': 1, 'projected_percent': '104.6', 'likelihood': 5}, {'offset': 2, 'projected_percent': '127.2', 'likelihood': 5}]"
369,611922,3,14,14,Ngumoha,Rio,Ngumoha,60,a,,,,1.1,2.0,,,,-32.7,"[{'offset': 0, 'projected_percent': '-32.7', 'likelihood': -2}, {'offset': 1, 'projected_percent': '-45.9', 'likelihood': -3}, {'offset': 2, 'projected_percent': '-54.4', 'likelihood': -3}]"
370,223541,3,14,14,Chiesa,Federico,Chiesa,55,i,Back injury - Unknown return date,2026-08-27T13:30:07.598926Z,0.0,0.1,0.0,,,,-36.3,"[{'offset': 0, 'projected_percent': '-36.3', 'likelihood': -2}, {'offset': 1, 'projected_percent': '-66.7', 'likelihood': -3}, {'offset': 2, 'projected_percent': '-86.3', 'likelihood': -3}]"
371,441266,3,14,14,Gravenberch,Ryan,Gravenberch,60,a,,,,2.0,5.0,,,,0.7,"[{'offset': 0, 'projected_percent': '0.7', 'likelihood': 1}, {'offset': 1, 'projected_percent': '1.6', 'likelihood': 1}, {'offset': 2, 'projected_percent': '2.1', 'likelihood': 1}]"
372,243016,3,14,14,Mac Allister,Alexis,Mac Allister,55,a,,,,1.6,1.0,5.0,,,-36.7,"[{'offset': 0, 'projected_percent': '-36.7', 'likelihood': -2}, {'offset': 1, 'projected_percent': '-50.2', 'likelihood': -3}, {'offset': 2, 'projected_percent': '-58.9', 'likelihood': -3}]"
373,206915,3,14,14,C.Jones,Curtis,Jones,55,d,Hip injury - 75% chance of playing,2026-08-16T18:30:07.426408Z,75.0,0.0,0.0,,,,-77.2,"[{'offset': 0, 'projected_percent': '-77.2', 'likelihood': -3}, {'offset': 1, 'projected_percent': '-87.7', 'likelihood': -3}, {'offset': 2, 'projected_percent': '-94.5', 'likelihood': -3}]"
374,158983,3,14,14,Endo,Endo,Wataru,50,a,,2026-07-23T12:01:23.612529Z,100.0,0.1,0.0,,,,-30.4,"[{'offset': 0, 'projected_percent': '-30.4', 'likelihood': -2}, {'offset': 1, 'projected_percent': '-46.3', 'likelihood': -3}, {'offset': 2, 'projected_percent': '-56.5', 'likelihood': -3}]"
375,591386,3,14,14,Nyoni,Trey,Nyoni,50,a,,,,0.0,0.0,,,,-63.6,"[{'offset': 0, 'projected_percent': '-63.6', 'likelihood': -3}, {'offset': 1, 'projected_percent': '-81.2', 'likelihood': -3}, {'offset': 2, 'projected_percent': '-92.4', 'likelihood': -3}]"
376,535928,3,14,14,Bajcetic,Stefan,Bajčetić Maquieira,50,i,Hamstring injury - Unknown return date,2026-07-23T12:01:23.628373Z,0.0,0.0,0.0,,,,-20.0,"[{'offset': 0, 'projected_percent': '-20.0', 'likelihood': -2}, {'offset': 1, 'projected_percent': '-20.0', 'likelihood': -2}, {'offset': 2, 'projected_percent': '-20.0', 'likelihood': -2}]"
377,551499,3,14,14,Munoz,Victor,Munoz,65,a,,,,0.6,4.0,,,,0.5,"[{'offset': 0, 'projected_percent': '0.5', 'likelihood': 1}, {'offset': 1, 'projected_percent': '0.4', 'likelihood': 1}, {'offset': 2, 'projected_percent': '0.3', 'likelihood': 1}]"
378,491501,3,14,14,McConnell,James,McConnell,45,a,,,,0.3,0.0,,,,-27.7,"[{'offset': 0, 'projected_percent': '-27.7', 'likelihood': -2}, {'offset': 1, 'projected_percent': '-36.9', 'likelihood': -2}, {'offset': 2, 'projected_percent': '-42.7', 'likelihood': -3}]"
379,219168,4,14,14,Isak,Alexander,Isak,90,a,,,,16.5,2.0,2.0,,,-6.5,"[{'offset': 0, 'projected_percent': '-6.5', 'likelihood': -1}, {'offset': 1, 'projected_percent': '-7.1', 'likelihood': -1}, {'offset': 2, 'projected_percent': '-7.5', 'likelihood': -1}]"
380,510663,4,14,14,Ekitiké,Hugo,Ekitiké,75,i,Achilles injury - Unknown return date,2026-07-23T12:01:23.643771Z,0.0,0.1,0.0,,,,-40.1,"[{'offset': 0, 'projected_percent': '-40.1', 'likelihood': -3}, {'offset': 1, 'projected_percent': '-46.9', 'likelihood': -3}, {'offset': 2, 'projected_percent': '-51.2', 'likelihood': -3}]"
381,514514,3,14,14,Koumas,Lewis,Koumas,50,a,,,,0.0,1.0,,,,-4.6,"[{'offset': 0, 'projected_percent': '-4.6', 'likelihood': -1}, {'offset': 1, 'projected_percent': '-60.9', 'likelihood': -3}, {'offset': 2, 'projected_percent': '-97.1', 'likelihood': -4}]"
382,500058,4,14,14,Danns,Jayden,Danns,45,i,Unspecified injury - Unknown return date,2026-07-23T12:01:23.659279Z,0.0,0.0,0.0,,,,-10.3,"[{'offset': 0, 'projected_percent': '-10.3', 'likelihood': -1}, {'offset': 1, 'projected_percent': '-10.3', 'likelihood': -1}, {'offset': 2, 'projected_percent': '-10.3', 'likelihood': -1}]"
383,444884,3,14,14,Elliott,Harvey,Elliott,55,a,,,,0.1,0.0,,,,-53.3,"[{'offset': 0, 'projected_percent': '-53.3', 'likelihood': -3}, {'offset': 1, 'projected_percent': '-59.6', 'likelihood': -3}, {'offset': 2, 'projected_percent': '-63.7', 'likelihood': -3}]"
579,445087,2,14,14,Araujo,Ronald,Araujo,55,a,,,,2.7,1.0,,,,-9.7,"[{'offset': 0, 'projected_percent': '-9.7', 'likelihood': -1}, {'offset': 1, 'projected_percent': '-19.5', 'likelihood': -1}, {'offset': 2, 'projected_percent': '-25.9', 'likelihood': -2}]"
238,114283,3,15,43,Grealish,Jack,Grealish,65,a,,2026-07-29T10:00:10.492904Z,100.0,0.2,1.0,,,,-18.9,"[{'offset': 0, 'projected_percent': '-18.9', 'likelihood': -1}, {'offset': 1, 'projected_percent': '-29.5', 'likelihood': -2}, {'offset': 2, 'projected_percent': '-36.3', 'likelihood': -2}]"
384,204936,1,15,43,Donnarumma,Gianluigi,Donnarumma,55,a,,,,8.3,3.0,,,,-4.2,"[{'offset': 0, 'projected_percent': '-4.2', 'likelihood': -1}, {'offset': 1, 'projected_percent': '-2.8', 'likelihood': -1}, {'offset': 2, 'projected_percent': '-1.9', 'likelihood': -1}]"
386,122074,1,15,43,Bettinelli,Marcus,Bettinelli,45,a,,,,0.0,0.0,,,,-11.8,"[{'offset': 0, 'projected_percent': '-11.8', 'likelihood': -1}, {'offset': 1, 'projected_percent': '-11.8', 'likelihood': -1}, {'offset': 2, 'projected_percent': '-11.8', 'likelihood': -1}]"
387,472769,2,15,43,O'Reilly,Nico,O'Reilly,65,a,,,,20.9,2.0,,,,-5.9,"[{'offset': 0, 'projected_percent': '-5.9', 'likelihood': -1}, {'offset': 1, 'projected_percent': '-9.3', 'likelihood': -1}, {'offset': 2, 'projected_percent': '-11.5', 'likelihood': -1}]"
388,209036,2,15,43,Guéhi,Marc,Guéhi,60,a,,,,19.4,10.0,,,,49.6,"[{'offset': 0, 'projected_percent': '49.6', 'likelihood': 3}, {'offset': 1, 'projected_percent': '66.6', 'likelihood': 3}, {'offset': 2, 'projected_percent': '77.4', 'likelihood': 3}]"
389,465351,2,15,43,Matheus N.,Matheus,Nunes,60,d,Unspecified injury - 75% chance of playing,2026-08-27T11:30:08.171622Z,75.0,1.5,1.0,5.0,,,-5.4,"[{'offset': 0, 'projected_percent': '-5.4', 'likelihood': -1}, {'offset': 1, 'projected_percent': '-22.3', 'likelihood': -2}, {'offset': 2, 'projected_percent': '-33.1', 'likelihood': -2}]"
390,171314,2,15,43,Rúben,Rúben,dos Santos Gato Alves Dias,55,a,,,,1.8,2.0,,,,-1.1,"[{'offset': 0, 'projected_percent': '-1.1', 'likelihood': -1}, {'offset': 1, 'projected_percent': '-4.5', 'likelihood': -1}, {'offset': 2, 'projected_percent': '-6.7', 'likelihood': -1}]"
391,477424,2,15,43,Gvardiol,Joško,Gvardiol,55,a,,,,13.5,9.0,,,,66.4,"[{'offset': 0, 'projected_percent': '66.4', 'likelihood': 3}, {'offset': 1, 'projected_percent': '97.6', 'likelihood': 4}, {'offset': 2, 'projected_percent': '117.5', 'likelihood': 5}]"
392,448514,2,15,43,Aït-Nouri,Rayan,Aït-Nouri,55,a,,,,0.8,0.0,,,,-73.5,"[{'offset': 0, 'projected_percent': '-73.5', 'likelihood': -3}, {'offset': 1, 'projected_percent': '-109.8', 'likelihood': -5}, {'offset': 2, 'projected_percent': '-133.0', 'likelihood': -5}]"
393,578153,2,15,43,Khusanov,Abdukodir,Khusanov,55,a,,,,1.7,2.0,,,,-17.0,"[{'offset': 0, 'projected_percent': '-17.0', 'likelihood': -1}, {'offset': 1, 'projected_percent': '-23.0', 'likelihood': -2}, {'offset': 2, 'projected_percent': '-26.8', 'likelihood': -2}]"
394,494307,2,15,43,Alleyne,Max,Alleyne,50,u,Has joined Burnley on loan for the rest of the season,2026-08-18T14:11:56.324656Z,0.0,0.0,0.0,,,,0.0,"[{'offset': 0, 'projected_percent': '0.0', 'likelihood': 0}, {'offset': 1, 'projected_percent': '0.0', 'likelihood': 0}, {'offset': 2, 'projected_percent': '0.0', 'likelihood': 0}]"
395,477064,2,15,43,Lewis,Rico,Lewis,45,a,,,,0.2,1.0,,,,0.5,"[{'offset': 0, 'projected_percent': '0.5', 'likelihood': 1}, {'offset': 1, 'projected_percent': '0.9', 'likelihood': 1}, {'offset': 2, 'projected_percent': '1.2', 'likelihood': 1}]"
396,616222,2,15,43,Vitor Reis,Vitor,de Oliveira Nunes dos Reis,45,a,,,,0.0,0.0,,,,-22.3,"[{'offset': 0, 'projected_percent': '-22.3', 'likelihood': -2}, {'offset': 1, 'projected_percent': '-50.8', 'likelihood': -3}, {'offset': 2, 'projected_percent': '-69.0', 'likelihood': -3}]"
397,437730,3,15,43,Semenyo,Antoine,Semenyo,85,a,,,,24.3,2.0,3.0,,,-17.7,"[{'offset': 0, 'projected_percent': '-17.7', 'likelihood': -1}, {'offset': 1, 'projected_percent': '-27.4', 'likelihood': -2}, {'offset': 2, 'projected_percent': '-33.6', 'likelihood': -2}]"
398,209244,3,15,43,Foden,Phil,Foden,70,a,,,,4.1,1.0,,3.0,3.0,-24.4,"[{'offset': 0, 'projected_percent': '-24.4', 'likelihood': -2}, {'offset': 1, 'projected_percent': '-40.7', 'likelihood': -3}, {'offset': 2, 'projected_percent': '-51.1', 'likelihood': -3}]"
399,466052,3,15,43,Cherki,Rayan,Cherki,75,a,,,,10.5,8.0,,1.0,1.0,63.6,"[{'offset': 0, 'projected_percent': '63.6', 'likelihood': 3}, {'offset': 1, 'projected_percent': '95.2', 'likelihood': 4}, {'offset': 2, 'projected_percent': '115.5', 'likelihood': 5}]"
400,248875,3,15,43,Doku,Jérémy,Doku,75,i,Calf injury - Expected back 5 Sep,2026-08-18T17:00:08.385597Z,0.0,1.3,0.0,4.0,,,-97.9,"[{'offset': 0, 'projected_percent': '-97.9', 'likelihood': -4}, {'offset': 1, 'projected_percent': '-128.1', 'likelihood': -5}, {'offset': 2, 'projected_percent': '-147.5', 'likelihood': -5}]"
401,438234,4,15,43,Marmoush,Omar,Marmoush,70,a,,,,1.1,0.0,2.0,2.0,,2.4,"[{'offset': 0, 'projected_percent': '2.4', 'likelihood': 1}, {'offset': 1, 'projected_percent': '5.6', 'likelihood': 1}, {'offset': 2, 'projected_percent': '7.6', 'likelihood': 1}]"
402,220566,3,15,43,Rodrigo,Rodrigo 'Rodri',Hernandez Cascante,65,u,Has joined Barcelona permanently,2026-07-23T12:01:23.675537Z,0.0,0.0,0.0,,,,0.0,"[{'offset': 0, 'projected_percent': '0.0', 'likelihood': 0}, {'offset': 1, 'projected_percent': '0.0', 'likelihood': 0}, {'offset': 2, 'projected_percent': '0.0', 'likelihood': 0}]"
404,433036,3,15,43,Reijnders,Tijjani,Reijnders,60,u,Has joined Al Qadsiah permanently,2026-08-20T14:02:58.154273Z,0.0,0.1,0.0,,,,0.0,"[{'offset': 0, 'projected_percent': '0.0', 'likelihood': 0}, {'offset': 1, 'projected_percent': '0.0', 'likelihood': 0}, {'offset': 2, 'projected_percent': '0.0', 'likelihood': 0}]"
405,465694,3,15,43,N.Gonzalez,Nico,González Iglesias,55,a,,,,0.2,0.0,,,,0.0,"[{'offset': 0, 'projected_percent': '0.0', 'likelihood': 0}, {'offset': 1, 'projected_percent': '0.1', 'likelihood': 1}, {'offset': 2, 'projected_percent': '0.1', 'likelihood': 1}]"
406,91651,3,15,43,Kovačić,Mateo,Kovačić,55,a,,,,0.1,1.0,,,,-20.2,"[{'offset': 0, 'projected_percent': '-20.2', 'likelihood': -2}, {'offset': 1, 'projected_percent': '-26.4', 'likelihood': -2}, {'offset': 2, 'projected_percent': '-30.3', 'likelihood': -2}]"
407,575204,3,15,43,Echeverri,Claudio,Echeverri,50,a,,,,0.0,0.0,,,,-46.0,"[{'offset': 0, 'projected_percent': '-46.0', 'likelihood': -3}, {'offset': 1, 'projected_percent': '-61.7', 'likelihood': -3}, {'offset': 2, 'projected_percent': '-71.7', 'likelihood': -3}]"
408,155405,3,15,43,Phillips,Kalvin,Phillips,50,u,Has joined Sheffield United on loan for the rest of the season,2026-08-18T14:11:56.348781Z,0.0,0.0,0.0,,,,0.0,"[{'offset': 0, 'projected_percent': '0.0', 'likelihood': 0}, {'offset': 1, 'projected_percent': '0.0', 'likelihood': 0}, {'offset': 2, 'projected_percent': '0.0', 'likelihood': 0}]"
409,590039,3,15,43,Mukasa,Divine,Mukasa,45,a,,,,0.2,0.0,,,,-32.5,"[{'offset': 0, 'projected_percent': '-32.5', 'likelihood': -2}, {'offset': 1, 'projected_percent': '-44.0', 'likelihood': -3}, {'offset': 2, 'projected_percent': '-51.4', 'likelihood': -3}]"
410,649208,3,15,43,Monga,Jeremy,Monga,50,a,,,,0.0,0.0,,,,-50.5,"[{'offset': 0, 'projected_percent': '-50.5', 'likelihood': -3}, {'offset': 1, 'projected_percent': '-50.5', 'likelihood': -3}, {'offset': 2, 'projected_percent': '-50.5', 'likelihood': -3}]"
411,223094,4,15,43,Haaland,Erling,Haaland,155,a,,,,67.9,2.0,1.0,,,-2.3,"[{'offset': 0, 'projected_percent': '-2.3', 'likelihood': -1}, {'offset': 1, 'projected_percent': '-3.3', 'likelihood': -1}, {'offset': 2, 'projected_percent': '-4.0', 'likelihood': -1}]"
481,215379,3,15,43,Anderson,Elliot,Anderson,64,a,,2026-08-23T17:00:07.952697Z,100.0,6.1,2.0,,,2.0,-1.6,"[{'offset': 0, 'projected_percent': '-1.6', 'likelihood': -1}, {'offset': 1, 'projected_percent': '-11.9', 'likelihood': -1}, {'offset': 2, 'projected_percent': '-18.4', 'likelihood': -1}]"
587,106921,1,15,43,Rulli,Gerónimo,Rulli,50,a,,,,0.0,0.0,,,,-4.5,"[{'offset': 0, 'projected_percent': '-4.5', 'likelihood': -1}, {'offset': 1, 'projected_percent': '-26.9', 'likelihood': -2}, {'offset': 2, 'projected_percent': '-41.3', 'likelihood': -3}]"
616,637238,3,15,43,Bouaddi,Ayyoub,Bouaddi,55,a,,,,0.0,0.0,,,,0.0,"[{'offset': 0, 'projected_percent': '0.0', 'likelihood': 0}, {'offset': 1, 'projected_percent': '0.0', 'likelihood': 0}, {'offset': 2, 'projected_percent': '0.0', 'likelihood': 0}]"
43,166989,3,16,1,Tielemans,Youri,Tielemans,60,a,,2026-07-23T12:01:23.321726Z,100.0,2.4,2.0,3.0,,,-41.6,"[{'offset': 0, 'projected_percent': '-41.6', 'likelihood': -3}, {'offset': 1, 'projected_percent': '-52.7', 'likelihood': -3}, {'offset': 2, 'projected_percent': '-59.8', 'likelihood': -3}]"
131,535301,3,16,1,Baleba,Carlos,Baleba,50,i,Ankle injury - Unknown return date,2026-08-06T16:00:10.997714Z,0.0,0.2,0.0,,,,-16.8,"[{'offset': 0, 'projected_percent': '-16.8', 'likelihood': -1}, {'offset': 1, 'projected_percent': '-26.4', 'likelihood': -2}, {'offset': 2, 'projected_percent': '-32.5', 'likelihood': -2}]"
162,532605,3,16,1,Andrey Santos,Andrey,Nascimento dos Santos,50,a,,,,1.0,2.0,,,,-30.3,"[{'offset': 0, 'projected_percent': '-30.3', 'likelihood': -2}, {'offset': 1, 'projected_percent': '-38.4', 'likelihood': -2}, {'offset': 2, 'projected_percent': '-43.6', 'likelihood': -3}]"
325,59735,1,16,1,Darlow,Karl,Darlow,45,a,,2026-07-23T12:01:23.549136Z,100.0,0.0,0.0,,,,-1.1,"[{'offset': 0, 'projected_percent': '-1.1', 'likelihood': -1}, {'offset': 1, 'projected_percent': '-1.1', 'likelihood': -1}, {'offset': 2, 'projected_percent': '-1.1', 'likelihood': -1}]"
412,465247,1,16,1,Lammens,Senne,Lammens,50,a,,,,15.6,1.0,,,,-11.2,"[{'offset': 0, 'projected_percent': '-11.2', 'likelihood': -1}, {'offset': 1, 'projected_percent': '-14.3', 'likelihood': -1}, {'offset': 2, 'projected_percent': '-16.2', 'likelihood': -1}]"
413,451302,1,16,1,Bayindir,Altay,Bayındır,45,u,Has joined Celta Vigo on loan for the rest of the season,2026-08-10T14:02:28.608415Z,0.0,0.0,0.0,,,,0.0,"[{'offset': 0, 'projected_percent': '0.0', 'likelihood': 0}, {'offset': 1, 'projected_percent': '0.0', 'likelihood': 0}, {'offset': 2, 'projected_percent': '0.0', 'likelihood': 0}]"
414,21205,1,16,1,Heaton,Tom,Heaton,40,i,Hamstring injury - Unknown return date,2026-08-15T16:00:07.854151Z,0.0,0.1,0.0,,,,-14.7,"[{'offset': 0, 'projected_percent': '-14.7', 'likelihood': -1}, {'offset': 1, 'projected_percent': '-17.4', 'likelihood': -1}, {'offset': 2, 'projected_percent': '-19.0', 'likelihood': -1}]"
415,596777,3,16,1,Dorgu,Patrick,Dorgu,60,a,,,,1.1,0.0,,,,-93.1,"[{'offset': 0, 'projected_percent': '-93.1', 'likelihood': -3}, {'offset': 1, 'projected_percent': '-131.3', 'likelihood': -5}, {'offset': 2, 'projected_percent': '-155.7', 'likelihood': -5}]"
416,209365,2,16,1,De Ligt,Matthijs,de Ligt,50,i,Back injury - Unknown return date,2026-07-23T12:01:23.690880Z,0.0,0.0,0.0,,,,-28.2,"[{'offset': 0, 'projected_percent': '-28.2', 'likelihood': -2}, {'offset': 1, 'projected_percent': '-36.6', 'likelihood': -2}, {'offset': 2, 'projected_percent': '-42.0', 'likelihood': -3}]"
417,216051,2,16,1,Dalot,Diogo,Dalot Teixeira,50,a,,,,2.5,1.0,,,,-38.5,"[{'offset': 0, 'projected_percent': '-38.5', 'likelihood': -2}, {'offset': 1, 'projected_percent': '-60.9', 'likelihood': -3}, {'offset': 2, 'projected_percent': '-75.2', 'likelihood': -3}]"
418,95658,2,16,1,Maguire,Harry,Maguire,50,a,,,,17.1,1.0,,,,-10.7,"[{'offset': 0, 'projected_percent': '-10.7', 'likelihood': -1}, {'offset': 1, 'projected_percent': '-15.5', 'likelihood': -1}, {'offset': 2, 'projected_percent': '-18.6', 'likelihood': -1}]"
419,221820,2,16,1,Martinez,Lisandro,Martínez,50,a,,2026-07-24T20:00:10.337107Z,100.0,1.3,0.0,,,,-39.4,"[{'offset': 0, 'projected_percent': '-39.4', 'likelihood': -2}, {'offset': 1, 'projected_percent': '-63.1', 'likelihood': -3}, {'offset': 2, 'projected_percent': '-78.3', 'likelihood': -3}]"
420,550864,2,16,1,Yoro,Leny,Yoro,50,a,,,,0.6,0.0,,,,-61.6,"[{'offset': 0, 'projected_percent': '-61.6', 'likelihood': -3}, {'offset': 1, 'projected_percent': '-84.1', 'likelihood': -3}, {'offset': 2, 'projected_percent': '-98.5', 'likelihood': -4}]"
421,606745,2,16,1,Heaven,Ayden,Heaven,45,a,,,,0.4,1.0,,,,-9.5,"[{'offset': 0, 'projected_percent': '-9.5', 'likelihood': -1}, {'offset': 1, 'projected_percent': '-11.2', 'likelihood': -1}, {'offset': 2, 'projected_percent': '-12.3', 'likelihood': -1}]"
422,230001,2,16,1,Mazraoui,Noussair,Mazraoui,45,a,,,,0.7,1.0,,,,0.1,"[{'offset': 0, 'projected_percent': '0.1', 'likelihood': 1}, {'offset': 1, 'projected_percent': '0.4', 'likelihood': 1}, {'offset': 2, 'projected_percent': '0.6', 'likelihood': 1}]"
423,106760,2,16,1,Shaw,Luke,Shaw,45,a,,,,19.7,1.0,,,3.0,-13.3,"[{'offset': 0, 'projected_percent': '-13.3', 'likelihood': -1}, {'offset': 1, 'projected_percent': '-17.3', 'likelihood': -1}, {'offset': 2, 'projected_percent': '-19.8', 'likelihood': -1}]"
424,577974,2,16,1,Amass,Harry,Amass,40,a,,,,0.2,0.0,,,,-18.3,"[{'offset': 0, 'projected_percent': '-18.3', 'likelihood': -1}, {'offset': 1, 'projected_percent': '-27.6', 'likelihood': -2}, {'offset': 2, 'projected_percent': '-33.6', 'likelihood': -2}]"
425,547676,2,16,1,Fredricson,Tyler,Fredricson,40,u,Has joined Lausanne-Sport permanently,2026-08-18T14:12:31.904433Z,0.0,0.0,0.0,,,,0.0,"[{'offset': 0, 'projected_percent': '0.0', 'likelihood': 0}, {'offset': 1, 'projected_percent': '0.0', 'likelihood': 0}, {'offset': 2, 'projected_percent': '0.0', 'likelihood': 0}]"
426,141746,3,16,1,B.Fernandes,Bruno,Borges Fernandes,120,a,,,,48.4,2.0,1.0,1.0,1.0,-13.5,"[{'offset': 0, 'projected_percent': '-13.5', 'likelihood': -1}, {'offset': 1, 'projected_percent': '-19.4', 'likelihood': -1}, {'offset': 2, 'projected_percent': '-23.2', 'likelihood': -2}]"
427,446008,3,16,1,Mbeumo,Bryan,Mbeumo,80,a,,,,36.0,2.0,2.0,2.0,2.0,-14.5,"[{'offset': 0, 'projected_percent': '-14.5', 'likelihood': -1}, {'offset': 1, 'projected_percent': '-21.4', 'likelihood': -2}, {'offset': 2, 'projected_percent': '-25.9', 'likelihood': -2}]"
428,430871,3,16,1,Cunha,Matheus,Santos Carneiro da Cunha,80,a,,,,9.4,2.0,,,,-28.0,"[{'offset': 0, 'projected_percent': '-28.0', 'likelihood': -2}, {'offset': 1, 'projected_percent': '-37.7', 'likelihood': -2}, {'offset': 2, 'projected_percent': '-43.9', 'likelihood': -3}]"
429,176297,3,16,1,Rashford,Marcus,Rashford,70,a,,,,1.7,1.0,,,,-16.2,"[{'offset': 0, 'projected_percent': '-16.2', 'likelihood': -1}, {'offset': 1, 'projected_percent': '-18.7', 'likelihood': -1}, {'offset': 2, 'projected_percent': '-20.2', 'likelihood': -2}]"
430,184341,3,16,1,Mount,Mason,Mount,55,d,Foot injury - 75% chance of playing,2026-08-15T16:00:07.879135Z,75.0,0.0,0.0,,3.0,,-39.2,"[{'offset': 0, 'projected_percent': '-39.2', 'likelihood': -2}, {'offset': 1, 'projected_percent': '-56.7', 'likelihood': -3}, {'offset': 2, 'projected_percent': '-67.9', 'likelihood': -3}]"
431,493250,3,16,1,Amad,Amad,Diallo,59,d,Unspecified injury - 75% chance of playing,2026-08-22T11:00:08.617283Z,75.0,1.0,0.0,,,4.0,-13.4,"[{'offset': 0, 'projected_percent': '-13.4', 'likelihood': -1}, {'offset': 1, 'projected_percent': '-45.7', 'likelihood': -3}, {'offset': 2, 'projected_percent': '-66.4', 'likelihood': -3}]"
432,516895,3,16,1,Mainoo,Kobbie,Mainoo,55,a,,,,1.0,1.0,,,,-49.0,"[{'offset': 0, 'projected_percent': '-49.0', 'likelihood': -3}, {'offset': 1, 'projected_percent': '-61.4', 'likelihood': -3}, {'offset': 2, 'projected_percent': '-69.4', 'likelihood': -3}]"
433,232112,3,16,1,Ugarte,Manuel,Ugarte Ribeiro,50,i,Knee injury - Unknown return date,2026-07-23T12:01:23.706702Z,0.0,0.0,0.0,,,,-30.1,"[{'offset': 0, 'projected_percent': '-30.1', 'likelihood': -2}, {'offset': 1, 'projected_percent': '-30.1', 'likelihood': -2}, {'offset': 2, 'projected_percent': '-30.1', 'likelihood': -2}]"
434,547037,3,16,1,J.Fletcher,Jack,Fletcher,50,a,,,,0.0,0.0,,,,-44.4,"[{'offset': 0, 'projected_percent': '-44.4', 'likelihood': -3}, {'offset': 1, 'projected_percent': '-44.4', 'likelihood': -3}, {'offset': 2, 'projected_percent': '-44.4', 'likelihood': -3}]"
435,576628,3,16,1,Lacey,Shea,Lacey,50,a,,,,0.0,1.0,,,,-20.7,"[{'offset': 0, 'projected_percent': '-20.7', 'likelihood': -2}, {'offset': 1, 'projected_percent': '-39.4', 'likelihood': -2}, {'offset': 2, 'projected_percent': '-51.4', 'likelihood': -3}]"
436,490881,3,16,1,Collyer,Toby,Collyer,50,a,,,,0.0,0.0,,,,-43.6,"[{'offset': 0, 'projected_percent': '-43.6', 'likelihood': -3}, {'offset': 1, 'projected_percent': '-43.6', 'likelihood': -3}, {'offset': 2, 'projected_percent': '-43.6', 'likelihood': -3}]"
437,576620,3,16,1,Bendito Mantato,Bendito,Mantato,45,a,,,,0.2,0.0,,,,-27.5,"[{'offset': 0, 'projected_percent': '-27.5', 'likelihood': -2}, {'offset': 1, 'projected_percent': '-34.1', 'likelihood': -2}, {'offset': 2, 'projected_percent': '-38.3', 'likelihood': -2}]"
438,519913,3,16,1,Fletcher,Tyler,Fletcher,45,a,,,,0.3,0.0,,,,-30.4,"[{'offset': 0, 'projected_percent': '-30.4', 'likelihood': -2}, {'offset': 1, 'projected_percent': '-42.5', 'likelihood': -3}, {'offset': 2, 'projected_percent': '-50.3', 'likelihood': -3}]"
439,485711,4,16,1,Šeško,Benjamin,Sesko,70,a,,2026-07-23T12:01:23.722029Z,100.0,1.8,1.0,,,,6.5,"[{'offset': 0, 'projected_percent': '6.5', 'likelihood': 1}, {'offset': 1, 'projected_percent': '10.4', 'likelihood': 1}, {'offset': 2, 'projected_percent': '12.9', 'likelihood': 1}]"
440,458249,4,16,1,Zirkzee,Joshua,Zirkzee,55,a,,,,0.5,0.0,,,,-92.8,"[{'offset': 0, 'projected_percent': '-92.8', 'likelihood': -3}, {'offset': 1, 'projected_percent': '-128.5', 'likelihood': -5}, {'offset': 2, 'projected_percent': '-151.5', 'likelihood': -5}]"
441,596047,4,16,1,Obi,Chido,Obi,45,a,,,,1.1,0.0,,,,-16.6,"[{'offset': 0, 'projected_percent': '-16.6', 'likelihood': -1}, {'offset': 1, 'projected_percent': '-22.0', 'likelihood': -2}, {'offset': 2, 'projected_percent': '-25.4', 'likelihood': -2}]"
442,98747,1,17,4,Pope,Nick,Pope,50,a,,,,1.3,0.0,,,,-30.3,"[{'offset': 0, 'projected_percent': '-30.3', 'likelihood': -2}, {'offset': 1, 'projected_percent': '-42.2', 'likelihood': -3}, {'offset': 2, 'projected_percent': '-49.8', 'likelihood': -3}]"
443,81441,1,17,4,Gillespie,Mark,Gillespie,45,a,,,,0.0,0.0,,,,-4.7,"[{'offset': 0, 'projected_percent': '-4.7', 'likelihood': -1}, {'offset': 1, 'projected_percent': '-4.7', 'likelihood': -1}, {'offset': 2, 'projected_percent': '-4.7', 'likelihood': -1}]"
444,554578,1,17,4,Jaouen,Ewen,Jaouen,45,a,,,,0.0,0.0,,,,-33.7,"[{'offset': 0, 'projected_percent': '-33.7', 'likelihood': -2}, {'offset': 1, 'projected_percent': '-43.2', 'likelihood': -3}, {'offset': 2, 'projected_percent': '-49.2', 'likelihood': -3}]"
445,465642,2,17,4,Thiaw,Malick,Thiaw,50,a,,,,1.7,3.0,,,,3.8,"[{'offset': 0, 'projected_percent': '3.8', 'likelihood': 1}, {'offset': 1, 'projected_percent': '5.5', 'likelihood': 1}, {'offset': 2, 'projected_percent': '6.6', 'likelihood': 1}]"
446,119471,2,17,4,Schär,Fabian,Schär,50,a,,2026-08-15T16:30:07.209742Z,100.0,0.3,1.0,,2.0,,0.2,"[{'offset': 0, 'projected_percent': '0.2', 'likelihood': 1}, {'offset': 1, 'projected_percent': '0.3', 'likelihood': 1}, {'offset': 2, 'projected_percent': '0.4', 'likelihood': 1}]"
447,220237,2,17,4,Botman,Sven,Botman,50,a,,,,0.5,3.0,,,,2.8,"[{'offset': 0, 'projected_percent': '2.8', 'likelihood': 1}, {'offset': 1, 'projected_percent': '3.8', 'likelihood': 1}, {'offset': 2, 'projected_percent': '4.4', 'likelihood': 1}]"
448,78916,2,17,4,Burn,Dan,Burn,50,i,Ankle injury - Expected back 14 Sep,2026-08-23T18:00:08.367241Z,0.0,1.7,0.0,,,,-71.5,"[{'offset': 0, 'projected_percent': '-71.5', 'likelihood': -3}, {'offset': 1, 'projected_percent': '-96.8', 'likelihood': -4}, {'offset': 2, 'projected_percent': '-113.1', 'likelihood': -5}]"
449,487838,2,17,4,Hall,Lewis,Hall,50,a,,,,4.1,3.0,,1.0,1.0,15.4,"[{'offset': 0, 'projected_percent': '15.4', 'likelihood': 1}, {'offset': 1, 'projected_percent': '19.3', 'likelihood': 1}, {'offset': 2, 'projected_percent': '21.8', 'likelihood': 2}]"
450,441191,2,17,4,Livramento,Tino,Livramento,50,i,Calf injury - Unknown return date,2026-07-23T12:01:23.753221Z,0.0,0.0,0.0,,,,-59.3,"[{'offset': 0, 'projected_percent': '-59.3', 'likelihood': -3}, {'offset': 1, 'projected_percent': '-69.6', 'likelihood': -3}, {'offset': 2, 'projected_percent': '-76.2', 'likelihood': -3}]"
451,545477,2,17,4,A.Murphy,Alex,Murphy,40,u,Has joined FC Kaiserslautern on loan for the rest of the season,2026-08-12T14:05:29.224600Z,0.0,0.1,0.0,,,,0.0,"[{'offset': 0, 'projected_percent': '0.0', 'likelihood': 0}, {'offset': 1, 'projected_percent': '0.0', 'likelihood': 0}, {'offset': 2, 'projected_percent': '0.0', 'likelihood': 0}]"
453,201666,3,17,4,Barnes,Harvey,Barnes,60,a,,,,1.1,2.0,,,,1.8,"[{'offset': 0, 'projected_percent': '1.8', 'likelihood': 1}, {'offset': 1, 'projected_percent': '5.3', 'likelihood': 1}, {'offset': 2, 'projected_percent': '7.6', 'likelihood': 1}]"
454,449434,3,17,4,Elanga,Anthony,Elanga,60,a,,,,2.0,9.0,,,4.0,33.0,"[{'offset': 0, 'projected_percent': '33.0', 'likelihood': 2}, {'offset': 1, 'projected_percent': '52.3', 'likelihood': 3}, {'offset': 2, 'projected_percent': '64.6', 'likelihood': 3}]"
456,232653,3,17,4,J.Ramsey,Jacob,Ramsey,50,a,,,,0.4,0.0,,,,-32.9,"[{'offset': 0, 'projected_percent': '-32.9', 'likelihood': -2}, {'offset': 1, 'projected_percent': '-48.0', 'likelihood': -3}, {'offset': 2, 'projected_percent': '-57.7', 'likelihood': -3}]"
457,114243,3,17,4,J.Murphy,Jacob,Murphy,60,a,,,,0.2,0.0,,,2.0,-49.2,"[{'offset': 0, 'projected_percent': '-49.2', 'likelihood': -3}, {'offset': 1, 'projected_percent': '-71.1', 'likelihood': -3}, {'offset': 2, 'projected_percent': '-85.2', 'likelihood': -3}]"
458,180974,3,17,4,Joelinton,Joelinton Cássio,Apolinário de Lira,55,i,Unspecified injury - Unknown return date,2026-08-16T08:00:08.074045Z,0.0,0.0,0.0,,,,-66.2,"[{'offset': 0, 'projected_percent': '-66.2', 'likelihood': -3}, {'offset': 1, 'projected_percent': '-89.4', 'likelihood': -3}, {'offset': 2, 'projected_percent': '-104.2', 'likelihood': -5}]"
459,547719,3,17,4,L.Miley,Lewis,Miley,55,a,,2026-07-23T12:01:23.785456Z,100.0,0.1,3.0,,,3.0,0.4,"[{'offset': 0, 'projected_percent': '0.4', 'likelihood': 1}, {'offset': 1, 'projected_percent': '0.8', 'likelihood': 1}, {'offset': 2, 'projected_percent': '1.0', 'likelihood': 1}]"
460,200089,3,17,4,Willock,Joe,Willock,50,a,,,,0.2,6.0,,,,2.6,"[{'offset': 0, 'projected_percent': '2.6', 'likelihood': 1}, {'offset': 1, 'projected_percent': '4.3', 'likelihood': 1}, {'offset': 2, 'projected_percent': '5.3', 'likelihood': 1}]"
461,611665,3,17,4,Touré,Bazoumana,Touré,60,a,,,,0.2,0.0,,,,-76.2,"[{'offset': 0, 'projected_percent': '-76.2', 'likelihood': -3}, {'offset': 1, 'projected_percent': '-109.5', 'likelihood': -5}, {'offset': 2, 'projected_percent': '-130.9', 'likelihood': -5}]"
462,636852,3,17,4,Steur,Sean,Steur,50,a,,,,0.1,1.0,,,,-2.4,"[{'offset': 0, 'projected_percent': '-2.4', 'likelihood': -1}, {'offset': 1, 'projected_percent': '-8.8', 'likelihood': -1}, {'offset': 2, 'projected_percent': '-12.9', 'likelihood': -1}]"
463,470313,4,17,4,Woltemade,Nick,Woltemade,60,a,,,,1.6,0.0,1.0,,,-66.4,"[{'offset': 0, 'projected_percent': '-66.4', 'likelihood': -3}, {'offset': 1, 'projected_percent': '-98.4', 'likelihood': -4}, {'offset': 2, 'projected_percent': '-118.9', 'likelihood': -5}]"
464,216646,4,17,4,Wissa,Yoane,Wissa,60,a,,,,3.3,4.0,3.0,,,49.1,"[{'offset': 0, 'projected_percent': '49.1', 'likelihood': 3}, {'offset': 1, 'projected_percent': '81.8', 'likelihood': 3}, {'offset': 2, 'projected_percent': '102.8', 'likelihood': 5}]"
465,538207,4,17,4,Osula,William,Osula,60,i,Foot injury - Unknown return date,2026-08-25T19:00:08.004915Z,0.0,1.0,4.0,2.0,,,0.3,"[{'offset': 0, 'projected_percent': '0.3', 'likelihood': 1}, {'offset': 1, 'projected_percent': '-38.6', 'likelihood': -2}, {'offset': 2, 'projected_percent': '-64.1', 'likelihood': -3}]"
466,599303,4,17,4,Neave,Sean,Neave,45,a,,,,0.8,0.0,,,,-3.7,"[{'offset': 0, 'projected_percent': '-3.7', 'likelihood': -1}, {'offset': 1, 'projected_percent': '-4.9', 'likelihood': -1}, {'offset': 2, 'projected_percent': '-5.6', 'likelihood': -1}]"
559,632794,3,17,4,Bamba,Aladji,Bamba,50,a,,,,0.1,1.0,,,,-23.1,"[{'offset': 0, 'projected_percent': '-23.1', 'likelihood': -2}, {'offset': 1, 'projected_percent': '-27.1', 'likelihood': -2}, {'offset': 2, 'projected_percent': '-29.6', 'likelihood': -2}]"
567,470551,1,17,4,Horníček,Lukás,Hornícek,50,a,,,,0.7,1.0,,,,0.7,"[{'offset': 0, 'projected_percent': '0.7', 'likelihood': 1}, {'offset': 1, 'projected_percent': '0.8', 'likelihood': 1}, {'offset': 2, 'projected_percent': '0.8', 'likelihood': 1}]"
593,463726,2,17,4,Dedić,Amar,Dedic,45,a,,,,0.4,1.0,,,,0.0,"[{'offset': 0, 'projected_percent': '0.0', 'likelihood': 0}, {'offset': 1, 'projected_percent': '0.0', 'likelihood': 0}, {'offset': 2, 'projected_percent': '0.0', 'likelihood': 0}]"
609,553746,2,17,4,Shahar,Leo,Shahar,40,a,,,,0.1,0.0,,,,0.0,"[{'offset': 0, 'projected_percent': '0.0', 'likelihood': 0}, {'offset': 1, 'projected_percent': '0.0', 'likelihood': 0}, {'offset': 2, 'projected_percent': '0.0', 'likelihood': 0}]"
467,85633,1,18,17,Sels,Matz,Sels,50,a,,,,1.5,2.0,,,,-18.2,"[{'offset': 0, 'projected_percent': '-18.2', 'likelihood': -1}, {'offset': 1, 'projected_percent': '-31.4', 'likelihood': -2}, {'offset': 2, 'projected_percent': '-39.8', 'likelihood': -2}]"
468,221389,1,18,17,John,John Victor,Maciel Furtado,45,a,,,,0.1,0.0,,,,-17.7,"[{'offset': 0, 'projected_percent': '-17.7', 'likelihood': -1}, {'offset': 1, 'projected_percent': '-50.5', 'likelihood': -3}, {'offset': 2, 'projected_percent': '-71.6', 'likelihood': -3}]"
469,215136,2,18,17,N.Williams,Neco,Williams,50,a,,,,9.1,2.0,,2.0,1.0,-25.3,"[{'offset': 0, 'projected_percent': '-25.3', 'likelihood': -2}, {'offset': 1, 'projected_percent': '-44.5', 'likelihood': -3}, {'offset': 2, 'projected_percent': '-56.9', 'likelihood': -3}]"
470,485047,2,18,17,Morato,Felipe,Rodrigues da Silva,50,a,,,,0.0,0.0,,,,-38.1,"[{'offset': 0, 'projected_percent': '-38.1', 'likelihood': -2}, {'offset': 1, 'projected_percent': '-47.7', 'likelihood': -3}, {'offset': 2, 'projected_percent': '-53.9', 'likelihood': -3}]"
471,227444,2,18,17,Milenković,Nikola,Milenković,55,a,,,,1.8,2.0,,,,-28.1,"[{'offset': 0, 'projected_percent': '-28.1', 'likelihood': -2}, {'offset': 1, 'projected_percent': '-45.7', 'likelihood': -3}, {'offset': 2, 'projected_percent': '-56.9', 'likelihood': -3}]"
472,575476,2,18,17,Murillo,Murillo,Costa dos Santos,55,a,,2026-07-23T12:01:23.801183Z,100.0,1.7,4.0,,3.0,,-3.6,"[{'offset': 0, 'projected_percent': '-3.6', 'likelihood': -1}, {'offset': 1, 'projected_percent': '-11.5', 'likelihood': -1}, {'offset': 2, 'projected_percent': '-16.6', 'likelihood': -1}]"
473,159506,2,18,17,Aina,Ola,Aina,45,a,,,,3.5,5.0,,,,-2.7,"[{'offset': 0, 'projected_percent': '-2.7', 'likelihood': -1}, {'offset': 1, 'projected_percent': '-8.4', 'likelihood': -1}, {'offset': 2, 'projected_percent': '-12.0', 'likelihood': -1}]"
474,575458,2,18,17,Jair Cunha,Jair,Paula da Cunha Filho,45,a,,,,0.2,1.0,,,,-21.3,"[{'offset': 0, 'projected_percent': '-21.3', 'likelihood': -2}, {'offset': 1, 'projected_percent': '-32.8', 'likelihood': -2}, {'offset': 2, 'projected_percent': '-40.2', 'likelihood': -3}]"
475,500151,2,18,17,Savona,Nicolò,Savona,45,i,Knee injury - Unknown return date,2026-07-23T12:01:23.816304Z,0.0,0.0,0.0,,,,0.0,"[{'offset': 0, 'projected_percent': '0.0', 'likelihood': 0}, {'offset': 1, 'projected_percent': '0.1', 'likelihood': 1}, {'offset': 2, 'projected_percent': '0.1', 'likelihood': 1}]"
476,204822,2,18,17,O.Richards,Omar,Richards,40,a,,,,0.2,0.0,,,,-20.9,"[{'offset': 0, 'projected_percent': '-20.9', 'likelihood': -2}, {'offset': 1, 'projected_percent': '-28.7', 'likelihood': -2}, {'offset': 2, 'projected_percent': '-33.6', 'likelihood': -2}]"
477,549067,2,18,17,Abbott,Zach,Abbott,40,a,,,,0.3,0.0,,,,-13.0,"[{'offset': 0, 'projected_percent': '-13.0', 'likelihood': -1}, {'offset': 1, 'projected_percent': '-18.7', 'likelihood': -1}, {'offset': 2, 'projected_percent': '-22.4', 'likelihood': -2}]"
478,470315,2,18,17,Netz,Luca,Netz,45,a,,,,0.0,1.0,,,,-21.6,"[{'offset': 0, 'projected_percent': '-21.6', 'likelihood': -2}, {'offset': 1, 'projected_percent': '-11.0', 'likelihood': -1}, {'offset': 2, 'projected_percent': '-4.2', 'likelihood': -1}]"
479,538638,2,18,17,Bindon,Tyler,Bindon,40,a,,,,0.2,0.0,,,,-17.7,"[{'offset': 0, 'projected_percent': '-17.7', 'likelihood': -1}, {'offset': 1, 'projected_percent': '-27.6', 'likelihood': -2}, {'offset': 2, 'projected_percent': '-33.9', 'likelihood': -2}]"
480,222531,3,18,17,Gibbs-White,Morgan,Gibbs-White,80,a,,2026-08-24T15:30:08.350159Z,100.0,8.6,2.0,2.0,1.0,,-150.0,"[{'offset': 0, 'projected_percent': '-150.0', 'likelihood': -5}, {'offset': 1, 'projected_percent': '-257.4', 'likelihood': -5}, {'offset': 2, 'projected_percent': '-326.2', 'likelihood': -5}]"
482,209046,3,18,17,Hudson-Odoi,Callum,Hudson-Odoi,60,a,,2026-07-23T12:01:23.832709Z,100.0,0.2,0.0,,4.0,,-88.9,"[{'offset': 0, 'projected_percent': '-88.9', 'likelihood': -3}, {'offset': 1, 'projected_percent': '-170.8', 'likelihood': -5}, {'offset': 2, 'projected_percent': '-223.2', 'likelihood': -5}]"
483,456512,3,18,17,Ndoye,Dan,Ndoye,55,a,,,,0.4,3.0,,,,-34.3,"[{'offset': 0, 'projected_percent': '-34.3', 'likelihood': -2}, {'offset': 1, 'projected_percent': '-47.8', 'likelihood': -3}, {'offset': 2, 'projected_percent': '-56.4', 'likelihood': -3}]"
484,503301,3,18,17,Hutchinson,Omari,Hutchinson,55,a,,,,0.2,0.0,,,4.0,-52.1,"[{'offset': 0, 'projected_percent': '-52.1', 'likelihood': -3}, {'offset': 1, 'projected_percent': '-74.3', 'likelihood': -3}, {'offset': 2, 'projected_percent': '-88.6', 'likelihood': -3}]"
485,476887,3,18,17,Bakwa,Dilane,Bakwa,55,u,Has joined Lille on loan for the rest of the season,2026-08-27T14:53:03.381941Z,0.0,0.0,0.0,,,,0.0,"[{'offset': 0, 'projected_percent': '0.0', 'likelihood': 0}, {'offset': 1, 'projected_percent': '0.0', 'likelihood': 0}, {'offset': 2, 'projected_percent': '0.0', 'likelihood': 0}]"
486,432714,3,18,17,McAtee,James,McAtee,55,a,,,,0.1,3.0,,,2.0,0.1,"[{'offset': 0, 'projected_percent': '0.1', 'likelihood': 1}, {'offset': 1, 'projected_percent': '0.3', 'likelihood': 1}, {'offset': 2, 'projected_percent': '0.4', 'likelihood': 1}]"
487,250199,3,18,17,Dominguez,Nicolás,Domínguez,50,a,,,,0.1,0.0,,,,-41.5,"[{'offset': 0, 'projected_percent': '-41.5', 'likelihood': -3}, {'offset': 1, 'projected_percent': '-58.0', 'likelihood': -3}, {'offset': 2, 'projected_percent': '-68.6', 'likelihood': -3}]"
488,210462,3,18,17,I.Sangaré,Ibrahim,Sangaré,50,i,Calf injury - Unknown return date,2026-08-28T09:30:07.471668Z,0.0,1.0,2.0,,,,-13.3,"[{'offset': 0, 'projected_percent': '-13.3', 'likelihood': -1}, {'offset': 1, 'projected_percent': '-21.7', 'likelihood': -2}, {'offset': 2, 'projected_percent': '-27.1', 'likelihood': -2}]"
489,204968,3,18,17,Yates,Ryan,Yates,45,a,,2026-08-17T20:30:08.195072Z,100.0,1.4,0.0,,,,-0.1,"[{'offset': 0, 'projected_percent': '0', 'likelihood': 0}, {'offset': 1, 'projected_percent': '0', 'likelihood': 0}, {'offset': 2, 'projected_percent': '0', 'likelihood': 0}]"
490,60689,4,18,17,Wood,Chris,Wood,60,a,,,,1.6,1.0,1.0,,,-63.7,"[{'offset': 0, 'projected_percent': '-63.7', 'likelihood': -3}, {'offset': 1, 'projected_percent': '-98.6', 'likelihood': -4}, {'offset': 2, 'projected_percent': '-121.1', 'likelihood': -5}]"
491,482973,4,18,17,Igor Jesus,Igor Jesus,Maciel da Cruz,60,a,,,,3.8,2.0,3.0,,,-46.0,"[{'offset': 0, 'projected_percent': '-46.0', 'likelihood': -3}, {'offset': 1, 'projected_percent': '-82.8', 'likelihood': -3}, {'offset': 2, 'projected_percent': '-106.4', 'likelihood': -5}]"
493,465680,4,18,17,Kalimuendo,Arnaud,Kalimuendo,55,a,,,,0.1,1.0,,,,-32.4,"[{'offset': 0, 'projected_percent': '-32.4', 'likelihood': -2}, {'offset': 1, 'projected_percent': '-60.3', 'likelihood': -3}, {'offset': 2, 'projected_percent': '-78.2', 'likelihood': -3}]"
558,204561,3,18,17,Schlager,Xaver,Schlager,50,a,,,,0.1,1.0,,,3.0,-35.2,"[{'offset': 0, 'projected_percent': '-35.2', 'likelihood': -2}, {'offset': 1, 'projected_percent': '-53.3', 'likelihood': -3}, {'offset': 2, 'projected_percent': '-65.0', 'likelihood': -3}]"
581,568420,2,18,17,Diomande,Ousmane,Diomande,55,a,,,,0.7,0.0,,,,-20.1,"[{'offset': 0, 'projected_percent': '-20.1', 'likelihood': -2}, {'offset': 1, 'projected_percent': '-53.5', 'likelihood': -3}, {'offset': 2, 'projected_percent': '-74.9', 'likelihood': -3}]"
590,428971,1,18,17,Benda,Steven,Benda,45,a,,,,0.1,0.0,,,,0.0,"[{'offset': 0, 'projected_percent': '0.0', 'likelihood': 0}, {'offset': 1, 'projected_percent': '0.0', 'likelihood': 0}, {'offset': 2, 'projected_percent': '0.0', 'likelihood': 0}]"
112,469142,2,19,6,Van Hecke,Jan Paul,van Hecke,50,a,,,,9.7,1.0,,,,-20.7,"[{'offset': 0, 'projected_percent': '-20.7', 'likelihood': -2}, {'offset': 1, 'projected_percent': '-34.0', 'likelihood': -2}, {'offset': 2, 'projected_percent': '-42.6', 'likelihood': -3}]"
403,510281,3,19,6,Sávio,Sávio,Moreira de Oliveira,65,a,,,,0.7,0.0,,,,15.7,"[{'offset': 0, 'projected_percent': '15.7', 'likelihood': 1}, {'offset': 1, 'projected_percent': '35.6', 'likelihood': 2}, {'offset': 2, 'projected_percent': '48.3', 'likelihood': 3}]"
455,432422,3,19,6,Tonali,Sandro,Tonali,55,a,,,,3.8,2.0,,5.0,2.0,-40.9,"[{'offset': 0, 'projected_percent': '-40.9', 'likelihood': -3}, {'offset': 1, 'projected_percent': '-57.8', 'likelihood': -3}, {'offset': 2, 'projected_percent': '-68.6', 'likelihood': -3}]"
494,184254,1,19,6,Vicario,Guglielmo,Vicario,45,u,Has joined Juventus on loan for the rest of the season,2026-08-19T13:55:33.193962Z,0.0,0.2,0.0,,,,0.0,"[{'offset': 0, 'projected_percent': '0.0', 'likelihood': 0}, {'offset': 1, 'projected_percent': '0.0', 'likelihood': 0}, {'offset': 2, 'projected_percent': '0.0', 'likelihood': 0}]"
495,214572,1,19,6,Austin,Brandon,Austin,40,a,,,,0.9,0.0,,,,-0.4,"[{'offset': 0, 'projected_percent': '-0.4', 'likelihood': -1}, {'offset': 1, 'projected_percent': '-0.7', 'likelihood': -1}, {'offset': 2, 'projected_percent': '-1.0', 'likelihood': -1}]"
496,485055,1,19,6,Kinsky,Antonín,Kinský,45,a,,,,22.8,2.0,,,,-5.5,"[{'offset': 0, 'projected_percent': '-5.5', 'likelihood': -1}, {'offset': 1, 'projected_percent': '-7.8', 'likelihood': -1}, {'offset': 2, 'projected_percent': '-9.3', 'likelihood': -1}]"
497,67089,1,19,6,Dubravka,Martin,Dubravka,40,a,,,,18.6,0.0,,,,-4.3,"[{'offset': 0, 'projected_percent': '-4.3', 'likelihood': -1}, {'offset': 1, 'projected_percent': '-6.7', 'likelihood': -1}, {'offset': 2, 'projected_percent': '-8.3', 'likelihood': -1}]"
498,221466,2,19,6,Senesi,Marcos,Senesi Barón,60,a,,,,7.6,3.0,,,,-22.8,"[{'offset': 0, 'projected_percent': '-22.8', 'likelihood': -2}, {'offset': 1, 'projected_percent': '-33.2', 'likelihood': -2}, {'offset': 2, 'projected_percent': '-39.8', 'likelihood': -2}]"
499,441164,2,19,6,Pedro Porro,Pedro,Porro Sauceda,55,a,,2026-08-21T15:22:48.149081Z,100.0,13.6,0.0,,1.0,1.0,-0.4,"[{'offset': 0, 'projected_percent': '-0.4', 'likelihood': -1}, {'offset': 1, 'projected_percent': '-0.4', 'likelihood': -1}, {'offset': 2, 'projected_percent': '-0.4', 'likelihood': -1}]"
500,221632,2,19,6,Romero,Cristian,Romero,50,u,Has joined Atletico Madrid permanently,2026-08-17T13:49:05.465401Z,0.0,0.2,0.0,,,,0.0,"[{'offset': 0, 'projected_percent': '0.0', 'likelihood': 0}, {'offset': 1, 'projected_percent': '0.0', 'likelihood': 0}, {'offset': 2, 'projected_percent': '0.0', 'likelihood': 0}]"
501,135720,2,19,6,Danso,Kevin,Danso,50,a,,,,0.2,0.0,,,,-28.8,"[{'offset': 0, 'projected_percent': '-28.8', 'likelihood': -2}, {'offset': 1, 'projected_percent': '-44.1', 'likelihood': -3}, {'offset': 2, 'projected_percent': '-53.9', 'likelihood': -3}]"
502,122798,2,19,6,Robertson,Andrew,Robertson,45,a,,,,3.8,3.0,,,3.0,0.9,"[{'offset': 0, 'projected_percent': '0.9', 'likelihood': 1}, {'offset': 1, 'projected_percent': '1.2', 'likelihood': 1}, {'offset': 2, 'projected_percent': '1.4', 'likelihood': 1}]"
503,491279,2,19,6,Van de Ven,Micky,van de Ven,50,a,,2026-08-21T15:00:07.610517Z,100.0,4.3,0.0,,,,0.0,"[{'offset': 0, 'projected_percent': '0.0', 'likelihood': 0}, {'offset': 1, 'projected_percent': '0.0', 'likelihood': 0}, {'offset': 2, 'projected_percent': '0.0', 'likelihood': 0}]"
505,232859,2,19,6,Spence,Djed,Spence,45,u,Has joined Internazionale permanently,2026-08-18T14:13:08.454214Z,0.0,0.5,0.0,,,,0.0,"[{'offset': 0, 'projected_percent': '0.0', 'likelihood': 0}, {'offset': 1, 'projected_percent': '0.0', 'likelihood': 0}, {'offset': 2, 'projected_percent': '0.0', 'likelihood': 0}]"
506,487053,2,19,6,Udogie,Destiny,Udogie,45,a,,,,0.5,1.0,,,,-23.6,"[{'offset': 0, 'projected_percent': '-23.6', 'likelihood': -2}, {'offset': 1, 'projected_percent': '-36.8', 'likelihood': -2}, {'offset': 2, 'projected_percent': '-45.2', 'likelihood': -3}]"
507,548308,2,19,6,Phillips,Ashley,Phillips,45,u,Has joined Middlesbrough permanently,2026-08-18T14:13:08.474144Z,0.0,0.0,0.0,,,,0.0,"[{'offset': 0, 'projected_percent': '0.0', 'likelihood': 0}, {'offset': 1, 'projected_percent': '0.0', 'likelihood': 0}, {'offset': 2, 'projected_percent': '0.0', 'likelihood': 0}]"
508,115556,2,19,6,Davies,Ben,Davies,40,a,,,,1.1,0.0,,,,-18.9,"[{'offset': 0, 'projected_percent': '-18.9', 'likelihood': -1}, {'offset': 1, 'projected_percent': '-29.4', 'likelihood': -2}, {'offset': 2, 'projected_percent': '-36.0', 'likelihood': -2}]"
509,640419,2,19,6,Byfield,Jun'ai,Byfield,40,a,,,,0.1,0.0,,,,-11.0,"[{'offset': 0, 'projected_percent': '-11.0', 'likelihood': -1}, {'offset': 1, 'projected_percent': '-11.0', 'likelihood': -1}, {'offset': 2, 'projected_percent': '-11.0', 'likelihood': -1}]"
510,499716,2,19,6,Rowswell,James,Rowswell,40,a,,,,0.1,0.0,,,,-14.0,"[{'offset': 0, 'projected_percent': '-14.0', 'likelihood': -1}, {'offset': 1, 'projected_percent': '-14.0', 'likelihood': -1}, {'offset': 2, 'projected_percent': '-14.0', 'likelihood': -1}]"
511,616221,2,19,6,Souza,João Victor,de Souza Menezes,40,a,,,,0.3,0.0,,,,-17.6,"[{'offset': 0, 'projected_percent': '-17.6', 'likelihood': -1}, {'offset': 1, 'projected_percent': '-20.8', 'likelihood': -2}, {'offset': 2, 'projected_percent': '-22.8', 'likelihood': -2}]"
512,460842,3,19,6,Kudus,Mohammed,Kudus,65,d,Thigh injury - 50% chance of playing,2026-07-23T12:01:23.848657Z,50.0,0.1,0.0,2.0,3.0,5.0,-79.5,"[{'offset': 0, 'projected_percent': '-79.5', 'likelihood': -3}, {'offset': 1, 'projected_percent': '-107.4', 'likelihood': -5}, {'offset': 2, 'projected_percent': '-125.3', 'likelihood': -5}]"
513,493362,3,19,6,Xavi,Xavi,Simons,60,i,Knee injury - Unknown return date,2026-07-23T12:01:23.864304Z,0.0,0.0,0.0,3.0,2.0,6.0,-36.5,"[{'offset': 0, 'projected_percent': '-36.5', 'likelihood': -2}, {'offset': 1, 'projected_percent': '-50.9', 'likelihood': -3}, {'offset': 2, 'projected_percent': '-60.2', 'likelihood': -3}]"
514,511499,3,19,6,Tel,Mathys,Tel,60,a,,,,0.5,2.0,,4.0,4.0,-49.2,"[{'offset': 0, 'projected_percent': '-49.2', 'likelihood': -3}, {'offset': 1, 'projected_percent': '-59.8', 'likelihood': -3}, {'offset': 2, 'projected_percent': '-66.6', 'likelihood': -3}]"
515,172780,3,19,6,Maddison,James,Maddison,65,d,Shoulder injury - 75% chance of playing,2026-08-25T14:30:07.623508Z,75.0,1.1,1.0,,,,-74.3,"[{'offset': 0, 'projected_percent': '-74.3', 'likelihood': -3}, {'offset': 1, 'projected_percent': '-126.9', 'likelihood': -5}, {'offset': 2, 'projected_percent': '-160.7', 'likelihood': -5}]"
516,202993,3,19,6,Bentancur,Rodrigo,Bentancur,55,a,,,,0.2,1.0,,,,-30.0,"[{'offset': 0, 'projected_percent': '-30.0', 'likelihood': -2}, {'offset': 1, 'projected_percent': '-33.5', 'likelihood': -2}, {'offset': 2, 'projected_percent': '-35.8', 'likelihood': -2}]"
517,550839,3,19,6,Odobert,Wilson,Odobert,55,i,Knee injury - Unknown return date,2026-07-23T12:01:23.879434Z,0.0,0.0,0.0,,,,-11.1,"[{'offset': 0, 'projected_percent': '-11.1', 'likelihood': -1}, {'offset': 1, 'projected_percent': '-11.1', 'likelihood': -1}, {'offset': 2, 'projected_percent': '-11.1', 'likelihood': -1}]"
518,482442,3,19,6,P.M.Sarr,Pape Matar,Sarr,49,i,Hamstring injury - Unknown return date,2026-08-21T14:30:08.419690Z,0.0,0.2,0.0,,,,-2.6,"[{'offset': 0, 'projected_percent': '-2.6', 'likelihood': -1}, {'offset': 1, 'projected_percent': '-19.8', 'likelihood': -1}, {'offset': 2, 'projected_percent': '-30.9', 'likelihood': -2}]"
519,232787,3,19,6,Gallagher,Conor,Gallagher,55,a,,,,0.3,0.0,,,,-52.7,"[{'offset': 0, 'projected_percent': '-52.7', 'likelihood': -3}, {'offset': 1, 'projected_percent': '-75.7', 'likelihood': -3}, {'offset': 2, 'projected_percent': '-90.5', 'likelihood': -3}]"
520,570526,3,19,6,Bergvall,Lucas,Bergvall,55,a,,,,0.2,1.0,,,,-29.7,"[{'offset': 0, 'projected_percent': '-29.7', 'likelihood': -2}, {'offset': 1, 'projected_percent': '-39.8', 'likelihood': -2}, {'offset': 2, 'projected_percent': '-46.3', 'likelihood': -3}]"
521,445044,3,19,6,Kulusevski,Dejan,Kulusevski,65,i,Knee injury - Unknown return date,2026-07-23T12:01:23.895175Z,0.0,0.0,0.0,,,,-29.6,"[{'offset': 0, 'projected_percent': '-29.6', 'likelihood': -2}, {'offset': 1, 'projected_percent': '-11.7', 'likelihood': -1}, {'offset': 2, 'projected_percent': '-0.3', 'likelihood': -1}]"
522,547701,3,19,6,Gray,Archie,Gray,50,a,,,,0.2,2.0,,,,-10.1,"[{'offset': 0, 'projected_percent': '-10.1', 'likelihood': -1}, {'offset': 1, 'projected_percent': '-3.8', 'likelihood': -1}, {'offset': 2, 'projected_percent': '0.0', 'likelihood': 0}]"
523,499721,3,19,6,Moore,Mikey,Moore,50,a,,,,0.2,2.0,,,,-2.2,"[{'offset': 0, 'projected_percent': '-2.2', 'likelihood': -1}, {'offset': 1, 'projected_percent': '0.3', 'likelihood': 1}, {'offset': 2, 'projected_percent': '0.5', 'likelihood': 1}]"
524,499726,3,19,6,Olusesi,Callum,Olusesi,45,a,,,,0.8,0.0,,,,-32.0,"[{'offset': 0, 'projected_percent': '-32.0', 'likelihood': -2}, {'offset': 1, 'projected_percent': '-40.6', 'likelihood': -3}, {'offset': 2, 'projected_percent': '-46.2', 'likelihood': -3}]"
525,551226,3,19,6,Fernandes,Mateus,Fernandes,60,a,,,,1.7,1.0,,,,-71.2,"[{'offset': 0, 'projected_percent': '-71.2', 'likelihood': -3}, {'offset': 1, 'projected_percent': '-95.3', 'likelihood': -4}, {'offset': 2, 'projected_percent': '-110.7', 'likelihood': -5}]"
526,154566,4,19,6,Solanke,Dominic,Solanke-Mitchell,60,a,,,,1.3,1.0,1.0,,,-42.5,"[{'offset': 0, 'projected_percent': '-42.5', 'likelihood': -3}, {'offset': 1, 'projected_percent': '-48.7', 'likelihood': -3}, {'offset': 2, 'projected_percent': '-52.6', 'likelihood': -3}]"
527,212319,4,19,6,Richarlison,Richarlison,de Andrade,60,a,,,,2.9,2.0,4.0,,,-35.8,"[{'offset': 0, 'projected_percent': '-35.8', 'likelihood': -2}, {'offset': 1, 'projected_percent': '-63.7', 'likelihood': -3}, {'offset': 2, 'projected_percent': '-81.7', 'likelihood': -3}]"
528,490145,4,19,6,Scarlett,Dane,Scarlett,45,a,,,,1.7,0.0,,,,-4.9,"[{'offset': 0, 'projected_percent': '-4.9', 'likelihood': -1}, {'offset': 1, 'projected_percent': '-6.7', 'likelihood': -1}, {'offset': 2, 'projected_percent': '-7.9', 'likelihood': -1}]"
601,611917,3,19,6,Williams-Barnett,Luca,Williams-Barnett,45,a,,,,0.1,0.0,,,,0.0,"[{'offset': 0, 'projected_percent': '0.0', 'likelihood': 0}, {'offset': 1, 'projected_percent': '0.0', 'likelihood': 0}, {'offset': 2, 'projected_percent': '0.0', 'likelihood': 0}]"
529,498016,1,20,56,Roefs,Robin,Roefs,50,a,,,,4.0,1.0,,,,-18.6,"[{'offset': 0, 'projected_percent': '-18.6', 'likelihood': -1}, {'offset': 1, 'projected_percent': '-28.3', 'likelihood': -2}, {'offset': 2, 'projected_percent': '-34.6', 'likelihood': -2}]"
530,232571,1,20,56,Patterson,Anthony,Patterson,40,u,Has joined Wrexham permanently,2026-08-12T14:08:03.064533Z,0.0,0.2,0.0,,,,0.0,"[{'offset': 0, 'projected_percent': '0.0', 'likelihood': 0}, {'offset': 1, 'projected_percent': '0.0', 'likelihood': 0}, {'offset': 2, 'projected_percent': '0.0', 'likelihood': 0}]"
531,515046,1,20,56,Ellborg,Melker,Ellborg,45,a,,,,0.1,0.0,,,,-27.8,"[{'offset': 0, 'projected_percent': '-27.8', 'likelihood': -2}, {'offset': 1, 'projected_percent': '-30.8', 'likelihood': -2}, {'offset': 2, 'projected_percent': '-32.6', 'likelihood': -2}]"
532,223827,2,20,56,Ballard,Daniel,Ballard,50,a,,,,5.1,0.0,,,,-25.2,"[{'offset': 0, 'projected_percent': '-25.2', 'likelihood': -2}, {'offset': 1, 'projected_percent': '-40.9', 'likelihood': -3}, {'offset': 2, 'projected_percent': '-51.1', 'likelihood': -3}]"
533,200834,2,20,56,Mukiele,Nordi,Mukiele,55,a,,2026-08-09T08:30:05.954750Z,100.0,2.5,0.0,,,,-47.3,"[{'offset': 0, 'projected_percent': '-47.3', 'likelihood': -3}, {'offset': 1, 'projected_percent': '-75.0', 'likelihood': -3}, {'offset': 2, 'projected_percent': '-92.8', 'likelihood': -3}]"
534,487676,2,20,56,Hume,Trai,Hume,45,a,,,,6.4,2.0,,,3.0,-11.2,"[{'offset': 0, 'projected_percent': '-11.2', 'likelihood': -1}, {'offset': 1, 'projected_percent': '-16.1', 'likelihood': -1}, {'offset': 2, 'projected_percent': '-19.2', 'likelihood': -1}]"
535,201895,2,20,56,Alderete,Omar,Alderete,50,a,,2026-08-09T08:30:05.962393Z,100.0,0.5,1.0,,,,-12.6,"[{'offset': 0, 'projected_percent': '-12.6', 'likelihood': -1}, {'offset': 1, 'projected_percent': '-34.2', 'likelihood': -2}, {'offset': 2, 'projected_percent': '-48.1', 'likelihood': -3}]"
536,434399,2,20,56,Reinildo,Reinildo,Mandava,45,a,,,,0.5,1.0,,,,-18.3,"[{'offset': 0, 'projected_percent': '-18.3', 'likelihood': -1}, {'offset': 1, 'projected_percent': '-26.4', 'likelihood': -2}, {'offset': 2, 'projected_percent': '-31.6', 'likelihood': -2}]"
537,519634,2,20,56,Seelt,Jenson,Seelt,45,a,,,,0.0,0.0,,,,-26.1,"[{'offset': 0, 'projected_percent': '-26.1', 'likelihood': -2}, {'offset': 1, 'projected_percent': '-26.1', 'likelihood': -2}, {'offset': 2, 'projected_percent': '-26.1', 'likelihood': -2}]"
538,477547,2,20,56,Hjelde,Leo Fuhr,Hjelde,40,u,Has joined KV Mechelen on loan for the rest of the season,2026-08-12T14:08:03.081789Z,0.0,0.1,0.0,,,,0.0,"[{'offset': 0, 'projected_percent': '0.0', 'likelihood': 0}, {'offset': 1, 'projected_percent': '0.0', 'likelihood': 0}, {'offset': 2, 'projected_percent': '0.0', 'likelihood': 0}]"
539,167512,2,20,56,O'Nien,Luke,O'Nien,40,a,,,,3.4,1.0,,,,-9.4,"[{'offset': 0, 'projected_percent': '-9.4', 'likelihood': -1}, {'offset': 1, 'projected_percent': '-15.0', 'likelihood': -1}, {'offset': 2, 'projected_percent': '-18.5', 'likelihood': -1}]"
540,105717,2,20,56,Masuaku,Arthur,Masuaku,40,u,Has joined Konyaspor permanently,2026-08-12T14:08:03.097784Z,0.0,0.2,0.0,,,,0.0,"[{'offset': 0, 'projected_percent': '0.0', 'likelihood': 0}, {'offset': 1, 'projected_percent': '0.0', 'likelihood': 0}, {'offset': 2, 'projected_percent': '0.0', 'likelihood': 0}]"
541,93605,2,20,56,Meunier,Thomas,Meunier,45,a,,2026-08-16T08:30:07.830062Z,100.0,0.3,1.0,,,,-5.4,"[{'offset': 0, 'projected_percent': '-5.4', 'likelihood': -1}, {'offset': 1, 'projected_percent': '-5.4', 'likelihood': -1}, {'offset': 2, 'projected_percent': '-5.4', 'likelihood': -1}]"
542,484420,3,20,56,E.Le Fée,Enzo,Le Fée,60,a,,,,8.8,2.0,2.0,2.0,1.0,-46.6,"[{'offset': 0, 'projected_percent': '-46.6', 'likelihood': -3}, {'offset': 1, 'projected_percent': '-68.4', 'likelihood': -3}, {'offset': 2, 'projected_percent': '-82.3', 'likelihood': -3}]"
543,547027,3,20,56,Diarra,Habib,Diarra,55,a,,,,0.1,1.0,1.0,,,-49.6,"[{'offset': 0, 'projected_percent': '-49.6', 'likelihood': -3}, {'offset': 1, 'projected_percent': '-75.8', 'likelihood': -3}, {'offset': 2, 'projected_percent': '-92.6', 'likelihood': -3}]"
544,84450,3,20,56,Xhaka,Granit,Xhaka,55,a,,,,4.6,9.0,,1.0,2.0,10.2,"[{'offset': 0, 'projected_percent': '10.2', 'likelihood': 1}, {'offset': 1, 'projected_percent': '15.5', 'likelihood': 1}, {'offset': 2, 'projected_percent': '18.9', 'likelihood': 1}]"
545,577669,3,20,56,Sadiki,Noah,Sadiki,50,a,,,,0.3,2.0,,,,-24.1,"[{'offset': 0, 'projected_percent': '-24.1', 'likelihood': -2}, {'offset': 1, 'projected_percent': '-38.0', 'likelihood': -2}, {'offset': 2, 'projected_percent': '-46.9', 'likelihood': -3}]"
546,535818,3,20,56,Adingra,Simon,Adingra,50,i,Ankle injury - Unknown return date,2026-08-20T14:00:08.416985Z,0.0,0.1,0.0,,,,-96.0,"[{'offset': 0, 'projected_percent': '-96.0', 'likelihood': -4}, {'offset': 1, 'projected_percent': '-116.3', 'likelihood': -5}, {'offset': 2, 'projected_percent': '-129.3', 'likelihood': -5}]"
547,461199,3,20,56,Mundle,Romaine,Mundle,50,a,,,,0.0,0.0,,,,-56.6,"[{'offset': 0, 'projected_percent': '-56.6', 'likelihood': -3}, {'offset': 1, 'projected_percent': '-56.6', 'likelihood': -3}, {'offset': 2, 'projected_percent': '-56.6', 'likelihood': -3}]"
548,554197,3,20,56,Rigg,Chris,Rigg,50,a,,,,0.1,1.0,,,,-28.2,"[{'offset': 0, 'projected_percent': '-28.2', 'likelihood': -2}, {'offset': 1, 'projected_percent': '-42.0', 'likelihood': -3}, {'offset': 2, 'projected_percent': '-50.9', 'likelihood': -3}]"
549,549912,3,20,56,Talbi,Chemsdine,Talbi,55,a,,,,0.2,1.0,,,,-48.1,"[{'offset': 0, 'projected_percent': '-48.1', 'likelihood': -3}, {'offset': 1, 'projected_percent': '-75.8', 'likelihood': -3}, {'offset': 2, 'projected_percent': '-93.6', 'likelihood': -3}]"
550,699989,3,20,56,Jocelin.T,Djiamgone Jocelin Ta,Bi,50,a,,,,0.0,0.0,,,,-31.2,"[{'offset': 0, 'projected_percent': '-31.2', 'likelihood': -2}, {'offset': 1, 'projected_percent': '-76.6', 'likelihood': -3}, {'offset': 2, 'projected_percent': '-105.7', 'likelihood': -5}]"
551,536661,3,20,56,Angulo,Nilson,Angulo,50,a,,,,0.1,5.0,,3.0,,1.7,"[{'offset': 0, 'projected_percent': '1.7', 'likelihood': 1}, {'offset': 1, 'projected_percent': '2.5', 'likelihood': 1}, {'offset': 2, 'projected_percent': '3.1', 'likelihood': 1}]"
552,441264,4,20,56,Brobbey,Brian,Brobbey,60,a,,,,12.9,2.0,,,,-19.9,"[{'offset': 0, 'projected_percent': '-19.9', 'likelihood': -1}, {'offset': 1, 'projected_percent': '-34.3', 'likelihood': -2}, {'offset': 2, 'projected_percent': '-43.5', 'likelihood': -3}]"
553,437505,4,20,56,Isidor,Wilson,Isidor,55,a,,,,0.9,1.0,,,,-45.1,"[{'offset': 0, 'projected_percent': '-45.1', 'likelihood': -3}, {'offset': 1, 'projected_percent': '-70.9', 'likelihood': -3}, {'offset': 2, 'projected_percent': '-87.4', 'likelihood': -3}]"
612,638411,2,20,56,Methalie,Dayann,Méthalie,45,a,,,,0.0,0.0,,,,0.0,"[{'offset': 0, 'projected_percent': '0.0', 'likelihood': 0}, {'offset': 1, 'projected_percent': '0.0', 'likelihood': 0}, {'offset': 2, 'projected_percent': '0.0', 'likelihood': 0}]"
613,696104,3,20,56,Ahoka,Jules,Ahoka,45,a,,,,0.0,0.0,,,,0.0,"[{'offset': 0, 'projected_percent': '0.0', 'likelihood': 0}, {'offset': 1, 'projected_percent': '0.0', 'likelihood': 0}, {'offset': 2, 'projected_percent': '0.0', 'likelihood': 0}]"
