name,position,team,element,fixture,GW,kickoff_time,was_home,opponent_team,minutes,starts,total_points,goals_scored,assists,clean_sheets,goals_conceded,own_goals,penalties_saved,penalties_missed,yellow_cards,red_cards,saves,bonus,bps,value,selected,transfers_in,transfers_out,expected_goals,expected_assists,expected_goals_conceded,influence,creativity,threat,clearances_blocks_interceptions,tackles,recoveries,defensive_contribution,xP
Reinildo Mandava,DEF,Sunderland,541,5,1,2025-08-16T14:00:00Z,True,19,90,1,6,0,0,1,0,0,0,0,0,0,0,0,27,40,677026,0,0,0.0,0.0,0.56,13.6,2.5,0.0,6,2,3,8,0.5
Lewis Dobbin,MID,Aston Villa,57,2,1,2025-08-16T11:30:00Z,True,15,0,0,0,0,0,0,0,0,0,0,0,0,0,0,0,50,4994,0,0,0.0,0.0,0.0,0.0,0.0,0.0,0,0,0,0,1.0
Ryan Christie,MID,Bournemouth,87,1,1,2025-08-15T19:00:00Z,False,12,0,0,0,0,0,0,0,0,0,0,0,0,0,0,0,50,10562,0,0,0.0,0.0,0.0,0.0,0.0,0.0,0,0,0,0,0.0
Zeki Amdouni,FWD,Burnley,216,6,1,2025-08-16T14:00:00Z,False,18,0,0,0,0,0,0,0,0,0,0,0,0,0,0,0,50,6453,0,0,0.0,0.0,0.0,0.0,0.0,0.0,0,0,0,0,0.0
Lucas Tolentino Coelho de Lima,MID,West Ham,612,5,1,2025-08-16T14:00:00Z,False,17,90,1,2,0,0,0,3,0,0,0,0,0,0,0,11,60,110926,0,0,0.0,0.08,0.68,5.8,14.2,4.0,0,1,5,6,2.6
Jorrel Hato,DEF,Chelsea,672,8,1,2025-08-17T13:00:00Z,True,8,0,0,0,0,0,0,0,0,0,0,0,0,0,0,0,50,29623,0,0,0.0,0.0,0.0,0.0,0.0,0.0,0,0,0,0,3.1
Myles Peart-Harris,MID,Brentford,133,4,1,2025-08-17T13:00:00Z,False,16,0,0,0,0,0,0,0,0,0,0,0,0,0,0,0,45,3919,0,0,0.0,0.0,0.0,0.0,0.0,0.0,0,0,0,0,1.0
Ben Gannon-Doak,MID,Liverpool,391,1,1,2025-08-15T19:00:00Z,True,4,0,0,0,0,0,0,0,0,0,0,0,0,0,0,0,50,4207,0,0,0.0,0.0,0.0,0.0,0.0,0.0,0,0,0,0,0.5
Bashir Humphreys,DEF,Burnley,193,6,1,2025-08-16T14:00:00Z,False,18,0,0,0,0,0,0,0,0,0,0,0,0,0,0,0,40,6171,0,0,0.0,0.0,0.0,0.0,0.0,0.0,0,0,0,0,0.1
Romain Faivre,MID,Bournemouth,92,1,1,2025-08-15T19:00:00Z,False,12,0,0,0,0,0,0,0,0,0,0,0,0,0,0,0,45,18512,0,0,0.0,0.0,0.0,0.0,0.0,0.0,0,0,0,0,0.0
Enock Agyei,MID,Burnley,203,6,1,2025-08-16T14:00:00Z,False,18,0,0,0,0,0,0,0,0,0,0,0,0,0,0,0,50,5235,0,0,0.0,0.0,0.0,0.0,0.0,0.0,0,0,0,0,1.0
Callum Bates,MID,Everton,306,10,1,2025-08-18T19:00:00Z,False,11,0,0,0,0,0,0,0,0,0,0,0,0,0,0,0,45,8013,0,0,0.0,0.0,0.0,0.0,0.0,0.0,0,0,0,0,1.5
Harry Tyrer,GK,Everton,289,10,1,2025-08-18T19:00:00Z,False,11,0,0,0,0,0,0,0,0,0,0,0,0,0,0,0,40,11717,0,0,0.0,0.0,0.0,0.0,0.0,0.0,0,0,0,0,1.5
Etienne Green,GK,Burnley,184,6,1,2025-08-16T14:00:00Z,False,18,0,0,0,0,0,0,0,0,0,0,0,0,0,0,0,40,40049,0,0,0.0,0.0,0.0,0.0,0.0,0.0,0,0,0,0,0.5
Destiny Udogie,DEF,Spurs,574,6,1,2025-08-16T14:00:00Z,True,3,0,0,0,0,0,0,0,0,0,0,0,0,0,0,0,45,87334,0,0,0.0,0.0,0.0,0.0,0.0,0.0,0,0,0,0,0.0
Simon Moore,GK,Sunderland,529,5,1,2025-08-16T14:00:00Z,True,19,0,0,0,0,0,0,0,0,0,0,0,0,0,0,0,40,47851,0,0,0.0,0.0,0.0,0.0,0.0,0.0,0,0,0,0,0.5
Ben Winterburn,MID,Bournemouth,96,1,1,2025-08-15T19:00:00Z,False,12,6,0,1,0,0,0,2,0,0,0,0,0,0,0,3,45,7035,0,0,0.0,0.0,0.31,0.0,0.0,0.0,0,0,0,0,0.0
Mikey Moore,MID,Spurs,592,6,1,2025-08-16T14:00:00Z,True,3,0,0,0,0,0,0,0,0,0,0,0,0,0,0,0,50,1092,0,0,0.0,0.0,0.0,0.0,0.0,0.0,0,0,0,0,0.0
Pape Matar Sarr,MID,Spurs,593,6,1,2025-08-16T14:00:00Z,True,3,90,1,6,0,1,1,0,0,0,0,0,0,0,0,29,50,267148,0,0,0.0,0.22,0.94,33.2,18.7,2.0,4,2,4,10,2.0
Hákon Rafn Valdimarsson,GK,Brentford,105,4,1,2025-08-17T13:00:00Z,False,16,0,0,0,0,0,0,0,0,0,0,0,0,0,0,0,40,101164,0,0,0.0,0.0,0.0,0.0,0.0,0.0,0,0,0,0,1.0
Toby Collyer,MID,Man Utd,460,9,1,2025-08-17T15:30:00Z,True,1,0,0,0,0,0,0,0,0,0,0,0,0,0,0,0,45,11142,0,0,0.0,0.0,0.0,0.0,0.0,0.0,0,0,0,0,0.5
Marcos Senesi Barón,DEF,Bournemouth,72,1,1,2025-08-15T19:00:00Z,False,12,90,1,2,0,0,0,4,0,0,0,0,0,0,0,1,45,66685,0,0,0.0,0.05,2.21,26.6,14.6,2.0,12,3,2,15,0.9
Tyler Morton,MID,Liverpool,395,1,1,2025-08-15T19:00:00Z,True,4,0,0,0,0,0,0,0,0,0,0,0,0,0,0,0,45,624,0,0,0.0,0.0,0.0,0.0,0.0,0.0,0,0,0,0,0.0
Alexis Mac Allister,MID,Liverpool,386,1,1,2025-08-15T19:00:00Z,True,4,71,1,5,0,1,0,1,0,0,0,0,0,0,0,27,65,150572,0,0,0.03,0.02,1.49,27.4,15.2,11.0,1,3,2,6,3.2
André Trindade da Costa Neto,MID,Wolves,643,7,1,2025-08-16T16:30:00Z,True,13,71,1,4,0,0,0,3,0,0,0,0,0,0,0,16,55,6500,0,0,0.0,0.01,2.22,15.6,1.7,0.0,3,4,8,15,1.5
Harrison Ashby,DEF,Newcastle,482,2,1,2025-08-16T11:30:00Z,False,2,0,0,0,0,0,0,0,0,0,0,0,0,0,0,0,40,12407,0,0,0.0,0.0,0.0,0.0,0.0,0.0,0,0,0,0,1.5
Samuel Amissah,DEF,Fulham,323,3,1,2025-08-16T14:00:00Z,False,6,0,0,0,0,0,0,0,0,0,0,0,0,0,0,0,40,15548,0,0,0.0,0.0,0.0,0.0,0.0,0.0,0,0,0,0,1.0
Luís Hemir Silva Semedo,FWD,Sunderland,563,5,1,2025-08-16T14:00:00Z,True,19,0,0,0,0,0,0,0,0,0,0,0,0,0,0,0,45,17649,0,0,0.0,0.0,0.0,0.0,0.0,0.0,0,0,0,0,0.5
Adama Traoré Diarra,MID,Fulham,326,3,1,2025-08-16T14:00:00Z,False,6,24,0,1,0,0,0,0,0,0,0,0,0,0,0,1,55,31362,0,0,0.0,0.0,0.43,0.0,0.8,0.0,0,0,0,0,2.0
Yasin Ayari,MID,Brighton,166,3,1,2025-08-16T14:00:00Z,True,10,90,1,3,0,0,0,1,0,0,0,0,0,0,1,20,50,20119,0,0,0.0,0.12,0.76,7.2,3.2,2.0,3,1,6,10,1.5
Mateo Kovačić,MID,Man City,422,7,1,2025-08-16T16:30:00Z,False,20,0,0,0,0,0,0,0,0,0,0,0,0,0,0,0,60,1064,0,0,0.0,0.0,0.0,0.0,0.0,0.0,0,0,0,0,0.0
Thierno Barry,FWD,Everton,310,10,1,2025-08-18T19:00:00Z,False,11,4,0,1,0,0,0,0,0,0,0,0,0,0,0,3,60,70912,0,0,0.0,0.0,0.2,0.0,1.0,2.0,0,0,0,0,2.5
Ollie Scarles,DEF,West Ham,608,5,1,2025-08-16T14:00:00Z,False,17,0,0,0,0,0,0,0,0,0,0,0,0,0,0,0,45,3366,0,0,0.0,0.0,0.0,0.0,0.0,0.0,0,0,0,0,2.4
Rico Lewis,DEF,Man City,410,7,1,2025-08-16T16:30:00Z,False,20,65,1,11,0,1,1,0,0,0,0,0,0,0,2,41,50,61558,0,0,0.0,0.59,0.35,29.2,13.1,8.0,5,1,1,6,3.1
Brenden Aaronson,MID,Leeds,350,10,1,2025-08-18T19:00:00Z,True,9,23,0,1,0,0,0,0,0,0,0,0,0,0,0,10,55,6703,0,0,0.0,0.21,0.47,9.2,24.9,6.0,0,2,0,2,1.5
Eliezer Mayenda Dossou,FWD,Sunderland,561,5,1,2025-08-16T14:00:00Z,True,19,75,1,8,1,0,1,0,0,0,0,0,0,0,2,37,55,27150,0,0,0.09,0.0,0.33,34.0,11.3,26.0,0,0,0,0,1.2
Steven Benda,GK,Fulham,315,3,1,2025-08-16T14:00:00Z,False,6,0,0,0,0,0,0,0,0,0,0,0,0,0,0,0,40,970,0,0,0.0,0.0,0.0,0.0,0.0,0.0,0,0,0,0,0.0
Myles Lewis-Skelly,DEF,Arsenal,10,9,1,2025-08-17T15:30:00Z,False,14,18,0,0,0,0,0,0,0,0,0,1,0,0,0,-1,55,399029,0,0,0.0,0.0,0.66,0.2,0.0,0.0,1,0,0,1,3.8
Hugo Bueno López,DEF,Wolves,633,7,1,2025-08-16T16:30:00Z,True,13,18,0,1,0,0,0,1,0,0,0,0,0,0,0,0,45,7781,0,0,0.0,0.01,0.24,4.4,11.1,6.0,1,0,2,1,1.4
Milan Aleksić,MID,Sunderland,546,5,1,2025-08-16T14:00:00Z,True,19,0,0,0,0,0,0,0,0,0,0,0,0,0,0,0,50,3560,0,0,0.0,0.0,0.0,0.0,0.0,0.0,0,0,0,0,1.0
Toti Gomes,DEF,Wolves,637,7,1,2025-08-16T16:30:00Z,True,13,90,1,0,0,0,0,4,0,0,0,0,0,0,0,0,45,16594,0,0,0.0,0.0,2.47,14.6,10.8,0.0,2,2,4,4,1.4
Ismaïla Sarr,MID,Crystal Palace,267,8,1,2025-08-17T13:00:00Z,False,7,90,1,3,0,0,1,0,0,0,0,0,0,0,0,16,65,502135,0,0,0.0,0.01,1.6,10.0,15.5,0.0,4,0,3,7,1.7
Abdukodir Khusanov,DEF,Man City,406,7,1,2025-08-16T16:30:00Z,False,20,8,0,1,0,0,0,0,0,0,0,0,0,0,0,7,55,33910,0,0,0.0,0.0,0.08,3.6,0.0,0.0,0,1,0,1,3.8
André Onana,GK,Man Utd,432,9,1,2025-08-17T15:30:00Z,True,1,0,0,0,0,0,0,0,0,0,0,0,0,0,0,0,50,17015,0,0,0.0,0.0,0.0,0.0,0.0,0.0,0,0,0,0,2.6
Rio Cardines,MID,Crystal Palace,690,8,1,2025-08-17T13:00:00Z,False,7,0,0,0,0,0,0,0,0,0,0,0,0,0,0,0,45,0,0,0,0.0,0.0,0.0,0.0,0.0,0.0,0,0,0,0,0.5
Alejandro Garnacho Ferreyra,MID,Man Utd,453,9,1,2025-08-17T15:30:00Z,True,1,0,0,0,0,0,0,0,0,0,0,0,0,0,0,0,65,18209,0,0,0.0,0.0,0.0,0.0,0.0,0.0,0,0,0,0,1.7
Dan Neil,MID,Sunderland,549,5,1,2025-08-16T14:00:00Z,True,19,0,0,0,0,0,0,0,0,0,0,0,0,0,0,0,50,3600,0,0,0.0,0.0,0.0,0.0,0.0,0.0,0,0,0,0,1.0
Kiernan Dewsbury-Hall,MID,Everton,242,10,1,2025-08-18T19:00:00Z,False,11,90,1,2,0,0,0,1,0,0,0,0,0,0,0,15,50,476441,0,0,0.0,0.24,2.07,12.6,27.4,2.0,2,2,2,6,2.0
Kieran Trippier,DEF,Newcastle,478,2,1,2025-08-16T11:30:00Z,False,2,90,1,6,0,0,1,0,0,0,0,0,0,0,0,26,50,179895,0,0,0.0,0.06,0.2,9.8,22.5,0.0,4,0,4,4,3.1
João Maria Lobo Alves Palhares Costa Palhinha Gonçalves,MID,Spurs,673,6,1,2025-08-16T14:00:00Z,True,3,10,0,1,0,0,0,0,0,0,0,0,0,0,0,2,55,38151,0,0,0.0,0.0,0.0,0.2,0.6,0.0,0,0,0,0,2.5
Tino Livramento,DEF,Newcastle,477,2,1,2025-08-16T11:30:00Z,False,2,90,1,9,0,0,1,0,0,0,0,0,0,0,3,33,50,340715,0,0,0.0,0.03,0.2,18.0,25.4,4.0,3,2,5,5,3.1
Issa Diop,DEF,Fulham,320,3,1,2025-08-16T14:00:00Z,False,6,0,0,0,0,0,0,0,0,0,0,0,0,0,0,0,45,7811,0,0,0.0,0.0,0.0,0.0,0.0,0.0,0,0,0,0,1.9
Rasmus Højlund,FWD,Man Utd,465,9,1,2025-08-17T15:30:00Z,True,1,0,0,0,0,0,0,0,0,0,0,0,0,0,0,0,65,59759,0,0,0.0,0.0,0.0,0.0,0.0,0.0,0,0,0,0,1.7
Dane Scarlett,FWD,Spurs,599,6,1,2025-08-16T14:00:00Z,True,3,0,0,0,0,0,0,0,0,0,0,0,0,0,0,0,45,76280,0,0,0.0,0.0,0.0,0.0,0.0,0.0,0,0,0,0,1.5
Ezri Konsa Ngoyo,DEF,Aston Villa,38,2,1,2025-08-16T11:30:00Z,True,15,65,1,3,0,0,1,0,0,0,0,0,1,0,0,15,45,2210503,0,0,0.0,0.01,1.11,1.8,1.1,0.0,3,0,1,3,1.4
Caleb Kporha,DEF,Crystal Palace,265,8,1,2025-08-17T13:00:00Z,False,7,0,0,0,0,0,0,0,0,0,0,0,0,0,0,0,40,2907,0,0,0.0,0.0,0.0,0.0,0.0,0.0,0,0,0,0,0.0
Archie Gray,MID,Spurs,591,6,1,2025-08-16T14:00:00Z,True,3,70,1,3,0,0,1,0,0,0,0,0,0,0,0,13,50,13480,0,0,0.0,0.05,0.89,3.6,3.0,2.0,2,1,5,8,2.0
Noah Sadiki,MID,Sunderland,552,5,1,2025-08-16T14:00:00Z,True,19,90,1,3,0,0,1,0,0,0,0,0,0,0,0,6,50,3593,0,0,0.0,0.01,0.56,11.0,3.8,0.0,5,2,2,9,1.0
Sávio Moreira de Oliveira,MID,Man City,415,7,1,2025-08-16T16:30:00Z,False,20,0,0,0,0,0,0,0,0,0,0,0,0,0,0,0,70,115640,0,0,0.0,0.0,0.0,0.0,0.0,0.0,0,0,0,0,0.0
Nathan Collins,DEF,Brentford,106,4,1,2025-08-17T13:00:00Z,False,16,90,1,0,0,0,0,3,0,0,0,1,0,0,0,0,50,173943,0,0,0.02,0.0,1.86,9.8,0.2,5.0,5,0,5,5,2.6
Manuel Ugarte Ribeiro,MID,Man Utd,459,9,1,2025-08-17T15:30:00Z,True,1,25,0,1,0,0,0,0,0,0,0,0,0,0,0,0,50,16335,0,0,0.03,0.01,0.21,0.0,11.4,1.0,0,0,1,1,1.0
Lewis Hall,DEF,Newcastle,473,2,1,2025-08-16T11:30:00Z,False,2,0,0,0,0,0,0,0,0,0,0,0,0,0,0,0,55,198399,0,0,0.0,0.0,0.0,0.0,0.0,0.0,0,0,0,0,3.8
Wesley Fofana,DEF,Chelsea,230,8,1,2025-08-17T13:00:00Z,True,8,0,0,0,0,0,0,0,0,0,0,0,0,0,0,0,45,20068,0,0,0.0,0.0,0.0,0.0,0.0,0.0,0,0,0,0,1.8
Martial Godo,MID,Fulham,333,3,1,2025-08-16T14:00:00Z,False,6,0,0,0,0,0,0,0,0,0,0,0,0,0,0,0,45,6788,0,0,0.0,0.0,0.0,0.0,0.0,0.0,0,0,0,0,1.0
Leo Fuhr Hjelde,DEF,Sunderland,536,5,1,2025-08-16T14:00:00Z,True,19,0,0,0,0,0,0,0,0,0,0,0,0,0,0,0,40,545,0,0,0.0,0.0,0.0,0.0,0.0,0.0,0,0,0,0,0.0
Krisztián Hegyi,GK,West Ham,602,5,1,2025-08-16T14:00:00Z,False,17,0,0,0,0,0,0,0,0,0,0,0,0,0,0,0,40,28199,0,0,0.0,0.0,0.0,0.0,0.0,0.0,0,0,0,0,1.5
Will Hughes,MID,Crystal Palace,270,8,1,2025-08-17T13:00:00Z,False,7,69,1,2,0,0,1,0,0,0,0,1,0,0,0,7,50,11049,0,0,0.0,0.0,1.22,14.4,0.1,0.0,6,0,3,9,1.0
Jadon Sancho,MID,Man Utd,456,9,1,2025-08-17T15:30:00Z,True,1,0,0,0,0,0,0,0,0,0,0,0,0,0,0,0,60,10745,0,0,0.0,0.0,0.0,0.0,0.0,0.0,0,0,0,0,1.6
Micky van de Ven,DEF,Spurs,575,6,1,2025-08-16T14:00:00Z,True,3,90,1,6,0,0,1,0,0,0,0,0,0,0,0,27,45,2650169,0,0,0.59,0.01,0.94,11.6,1.0,14.0,5,1,4,6,2.4
Konstantinos Mavropanos,DEF,West Ham,606,5,1,2025-08-16T14:00:00Z,False,17,0,0,0,0,0,0,0,0,0,0,0,0,0,0,0,45,5344,0,0,0.0,0.0,0.0,0.0,0.0,0.0,0,0,0,0,2.4
Emmanuel Agbadou,DEF,Wolves,631,7,1,2025-08-16T16:30:00Z,True,13,90,1,0,0,0,0,4,0,0,0,0,0,0,0,-7,45,43103,0,0,0.02,0.01,2.47,11.8,0.3,1.0,5,2,2,7,1.4
Oscar Bobb,MID,Man City,424,7,1,2025-08-16T16:30:00Z,False,20,90,1,6,0,1,1,0,0,0,0,0,0,0,0,25,55,9671,0,0,0.0,0.07,0.56,24.6,25.4,8.0,0,0,4,4,2.5
Oluwaseun Adewumi,MID,Burnley,212,6,1,2025-08-16T14:00:00Z,False,18,0,0,0,0,0,0,0,0,0,0,0,0,0,0,0,45,3513,0,0,0.0,0.0,0.0,0.0,0.0,0.0,0,0,0,0,0.0
Jordan Henderson,MID,Brentford,124,4,1,2025-08-17T13:00:00Z,False,16,21,0,1,0,0,0,0,0,0,0,0,0,0,0,2,50,28255,0,0,0.0,0.0,0.0,0.0,1.1,0.0,0,0,3,3,1.5
Harry Wilson,MID,Fulham,329,3,1,2025-08-16T14:00:00Z,False,6,90,1,5,0,1,0,1,0,0,0,0,0,0,0,16,55,102174,0,0,0.07,0.02,1.48,3.0,5.4,13.0,1,1,4,6,2.0
Malick Thiaw,DEF,Newcastle,684,2,1,2025-08-16T11:30:00Z,False,2,0,0,0,0,0,0,0,0,0,0,0,0,0,0,0,50,15050,0,0,0.0,0.0,0.0,0.0,0.0,0.0,0,0,0,0,3.1
Emerson Palmieri dos Santos,DEF,West Ham,604,5,1,2025-08-16T14:00:00Z,False,17,0,0,0,0,0,0,0,0,0,0,0,0,0,0,0,45,21358,0,0,0.0,0.0,0.0,0.0,0.0,0.0,0,0,0,0,2.4
Trey Nyoni,MID,Liverpool,396,1,1,2025-08-15T19:00:00Z,True,4,0,0,0,0,0,0,0,0,0,0,0,0,0,0,0,45,7885,0,0,0.0,0.0,0.0,0.0,0.0,0.0,0,0,0,0,2.0
Malo Gusto,DEF,Chelsea,228,8,1,2025-08-17T13:00:00Z,True,8,11,0,1,0,0,0,0,0,0,0,0,0,0,0,2,50,160818,0,0,0.02,0.0,0.05,0.0,1.3,1.0,0,0,0,0,3.1
Jérémy Doku,MID,Man City,418,7,1,2025-08-16T16:30:00Z,False,20,65,1,3,0,0,1,0,0,0,0,0,0,0,0,4,65,109378,0,0,0.0,0.02,0.35,0.0,3.2,4.0,0,0,1,1,2.7
Luis Guilherme Lira dos Santos,MID,West Ham,619,5,1,2025-08-16T14:00:00Z,False,17,0,0,0,0,0,0,0,0,0,0,0,0,0,0,0,50,3179,0,0,0.0,0.0,0.0,0.0,0.0,0.0,0,0,0,0,2.0
Sebastiaan Bornauw,DEF,Leeds,345,10,1,2025-08-18T19:00:00Z,True,9,0,0,0,0,0,0,0,0,0,0,0,0,0,0,0,40,6544,0,0,0.0,0.0,0.0,0.0,0.0,0.0,0,0,0,0,0.4
Kendry Páez Andrade,MID,Chelsea,248,8,1,2025-08-17T13:00:00Z,True,8,0,0,0,0,0,0,0,0,0,0,0,0,0,0,0,45,1494,0,0,0.0,0.0,0.0,0.0,0.0,0.0,0,0,0,0,0.0
Asher Agbinone,MID,Crystal Palace,274,8,1,2025-08-17T13:00:00Z,False,7,0,0,0,0,0,0,0,0,0,0,0,0,0,0,0,45,5499,0,0,0.0,0.0,0.0,0.0,0.0,0.0,0,0,0,0,0.5
Matz Sels,GK,Nott'm Forest,502,4,1,2025-08-17T13:00:00Z,True,5,90,1,2,0,0,0,1,0,0,0,0,0,2,0,9,50,2023172,0,0,0.0,0.0,1.5,14.6,0.0,0.0,0,0,7,0,3.1
Marko Stamenić,MID,Nott'm Forest,524,4,1,2025-08-17T13:00:00Z,True,5,0,0,0,0,0,0,0,0,0,0,0,0,0,0,0,45,6596,0,0,0.0,0.0,0.0,0.0,0.0,0.0,0,0,0,0,1.0
Nathan Fraser,FWD,Wolves,658,7,1,2025-08-16T16:30:00Z,True,13,0,0,0,0,0,0,0,0,0,0,0,0,0,0,0,45,221318,0,0,0.0,0.0,0.0,0.0,0.0,0.0,0,0,0,0,0.5
Evan Ferguson,FWD,Brighton,179,3,1,2025-08-16T14:00:00Z,True,10,0,0,0,0,0,0,0,0,0,0,0,0,0,0,0,55,2506,0,0,0.0,0.0,0.0,0.0,0.0,0.0,0,0,0,0,0.0
Idrissa Gana Gueye,MID,Everton,302,10,1,2025-08-18T19:00:00Z,False,11,90,1,2,0,0,0,1,0,0,0,0,0,0,0,12,55,10149,0,0,0.06,0.12,2.07,7.2,19.6,3.0,0,1,4,5,2.5
Justin Devenny,MID,Crystal Palace,276,8,1,2025-08-17T13:00:00Z,False,7,6,0,1,0,0,0,0,0,0,0,0,0,0,0,5,45,190346,0,0,0.0,0.0,0.38,3.0,0.0,2.0,1,1,0,2,0.5
Karl Darlow,GK,Leeds,341,10,1,2025-08-18T19:00:00Z,True,9,0,0,0,0,0,0,0,0,0,0,0,0,0,0,0,40,318054,0,0,0.0,0.0,0.0,0.0,0.0,0.0,0,0,0,0,0.5
Junior Kroupi,FWD,Bournemouth,100,1,1,2025-08-15T19:00:00Z,False,12,1,0,1,0,0,0,1,0,0,0,0,0,0,0,2,45,85883,0,0,0.0,0.0,0.11,0.0,0.0,0.0,0,0,0,0,0.0
Habib Diarra,MID,Sunderland,544,5,1,2025-08-16T14:00:00Z,True,19,90,1,3,0,0,1,0,0,0,0,0,0,0,0,4,55,10094,0,0,0.23,0.01,0.56,7.0,2.8,20.0,2,1,3,6,1.5
Luis Sinisterra Lucumí,MID,Bournemouth,91,1,1,2025-08-15T19:00:00Z,False,12,0,0,0,0,0,0,0,0,0,0,0,0,0,0,0,50,4168,0,0,0.0,0.0,0.0,0.0,0.0,0.0,0,0,0,0,0.1
Antonín Kinský,GK,Spurs,567,6,1,2025-08-16T14:00:00Z,True,3,0,0,0,0,0,0,0,0,0,0,0,0,0,0,0,40,214302,0,0,0.0,0.0,0.0,0.0,0.0,0.0,0,0,0,0,1.5
Jakub Kiwior,DEF,Arsenal,9,9,1,2025-08-17T15:30:00Z,False,14,0,0,0,0,0,0,0,0,0,0,0,0,0,0,0,55,12048,0,0,0.0,0.0,0.0,0.0,0.0,0.0,0,0,0,0,3.8
Fábio Soares Silva,FWD,Wolves,655,7,1,2025-08-16T16:30:00Z,True,13,0,0,0,0,0,0,0,0,0,0,0,0,0,0,0,50,54084,0,0,0.0,0.0,0.0,0.0,0.0,0.0,0,0,0,0,0.9
Đorđe Petrović,GK,Bournemouth,67,1,1,2025-08-15T19:00:00Z,False,12,90,1,2,0,0,0,4,0,0,0,0,0,6,0,10,45,288826,0,0,0.0,0.0,2.21,47.8,0.0,0.0,4,0,8,0,1.3
Kim Ji-soo,DEF,Brentford,117,4,1,2025-08-17T13:00:00Z,False,16,0,0,0,0,0,0,0,0,0,0,0,0,0,0,0,40,15310,0,0,0.0,0.0,0.0,0.0,0.0,0.0,0,0,0,0,1.0
Alphonse Areola,GK,West Ham,600,5,1,2025-08-16T14:00:00Z,False,17,0,0,0,0,0,0,0,0,0,0,0,0,0,0,0,45,467077,0,0,0.0,0.0,0.0,0.0,0.0,0.0,0,0,0,0,2.8
Gabriel dos Santos Magalhães,DEF,Arsenal,5,9,1,2025-08-17T15:30:00Z,False,14,90,1,6,0,0,1,0,0,0,0,0,0,0,0,23,60,1696374,0,0,0.0,0.0,1.52,22.8,0.3,4.0,6,1,1,7,4.5
Jamaldeen Jimoh-Aloba,MID,Aston Villa,62,2,1,2025-08-16T11:30:00Z,True,15,0,0,0,0,0,0,0,0,0,0,0,0,0,0,0,45,4601,0,0,0.0,0.0,0.0,0.0,0.0,0.0,0,0,0,0,0.5
Armando Broja,FWD,Burnley,680,6,1,2025-08-16T14:00:00Z,False,18,0,0,0,0,0,0,0,0,0,0,0,0,0,0,0,55,21496,0,0,0.0,0.0,0.0,0.0,0.0,0.0,0,0,0,0,1.2
Benoît Badiashile Mukinayi,DEF,Chelsea,229,8,1,2025-08-17T13:00:00Z,True,8,0,0,0,0,0,0,0,0,0,0,0,0,0,0,0,45,2103,0,0,0.0,0.0,0.0,0.0,0.0,0.0,0,0,0,0,0.0
Aarón Anselmino,DEF,Chelsea,234,8,1,2025-08-17T13:00:00Z,True,8,0,0,0,0,0,0,0,0,0,0,0,0,0,0,0,40,10457,0,0,0.0,0.0,0.0,0.0,0.0,0.0,0,0,0,0,1.5
Jean-Ricner Bellegarde,MID,Wolves,644,7,1,2025-08-16T16:30:00Z,True,13,72,1,2,0,0,0,3,0,0,0,0,0,0,0,5,55,8829,0,0,0.02,0.03,2.22,4.6,17.7,5.0,1,2,0,3,1.5
Luke Harris,MID,Fulham,334,3,1,2025-08-16T14:00:00Z,False,6,0,0,0,0,0,0,0,0,0,0,0,0,0,0,0,45,487,0,0,0.0,0.0,0.0,0.0,0.0,0.0,0,0,0,0,0.0
Ola Aina,DEF,Nott'm Forest,507,4,1,2025-08-17T13:00:00Z,True,5,90,1,4,0,0,0,1,0,0,0,0,0,0,0,15,50,1453394,0,0,0.0,0.04,1.5,27.2,16.1,2.0,9,3,8,12,2.6
Dominik Szoboszlai,MID,Liverpool,387,1,1,2025-08-15T19:00:00Z,True,4,90,1,2,0,0,0,2,0,0,0,0,0,0,0,17,65,203688,0,0,0.1,0.09,1.7,14.0,29.8,24.0,2,4,5,11,3.2
Marcus Bettinelli,GK,Man City,401,7,1,2025-08-16T16:30:00Z,False,20,0,0,0,0,0,0,0,0,0,0,0,0,0,0,0,40,16987,0,0,0.0,0.0,0.0,0.0,0.0,0.0,0,0,0,0,1.5
Tomáš Souček,MID,West Ham,613,5,1,2025-08-16T14:00:00Z,False,17,19,0,1,0,0,0,2,0,0,0,0,0,0,0,4,60,96476,0,0,0.07,0.0,0.08,4.2,1.3,19.0,1,0,0,1,2.6
Jack Grealish,MID,Everton,419,10,1,2025-08-18T19:00:00Z,False,11,19,0,1,0,0,0,1,0,0,0,0,0,0,0,4,65,348900,0,0,0.02,0.0,1.14,5.8,0.8,5.0,1,0,1,2,2.7
Ilia Gruev,MID,Leeds,356,10,1,2025-08-18T19:00:00Z,True,9,12,0,1,0,0,0,0,0,0,0,0,0,0,0,3,50,4328,0,0,0.0,0.0,0.28,1.6,0.3,0.0,1,0,0,1,1.0
Kadan Young,MID,Aston Villa,63,2,1,2025-08-16T11:30:00Z,True,15,0,0,0,0,0,0,0,0,0,0,0,0,0,0,0,45,66802,0,0,0.0,0.0,0.0,0.0,0.0,0.0,0,0,0,0,0.5
Endo Wataru,MID,Liverpool,392,1,1,2025-08-15T19:00:00Z,True,4,30,0,4,0,1,0,2,0,0,0,0,0,0,0,15,50,7610,0,0,0.0,0.0,0.89,24.6,10.7,0.0,1,2,0,3,2.5
Mats Wieffer,MID,Brighton,173,3,1,2025-08-16T14:00:00Z,True,10,90,1,4,0,0,0,1,0,0,0,0,0,0,0,17,50,4812,0,0,0.02,0.02,0.76,24.8,2.8,21.0,8,5,5,18,1.5
İlkay Gündoğan,MID,Man City,420,7,1,2025-08-16T16:30:00Z,False,20,0,0,0,0,0,0,0,0,0,0,0,0,0,0,0,65,20021,0,0,0.0,0.0,0.0,0.0,0.0,0.0,0,0,0,0,2.7
Pedro Porro Sauceda,DEF,Spurs,568,6,1,2025-08-16T14:00:00Z,True,3,90,1,6,0,0,1,0,0,0,0,0,0,0,0,26,55,2170796,0,0,0.02,0.26,0.94,21.2,42.8,1.0,2,2,4,4,3.8
Daichi Kamada,MID,Crystal Palace,271,8,1,2025-08-17T13:00:00Z,False,7,0,0,0,0,0,0,0,0,0,0,0,0,0,0,0,50,2116,0,0,0.0,0.0,0.0,0.0,0.0,0.0,0,0,0,0,0.0
Tyrique George,MID,Chelsea,243,8,1,2025-08-17T13:00:00Z,True,8,0,0,0,0,0,0,0,0,0,0,0,0,0,0,0,50,4627,0,0,0.0,0.0,0.0,0.0,0.0,0.0,0,0,0,0,2.0
Andy Irving,MID,West Ham,621,5,1,2025-08-16T14:00:00Z,False,17,8,0,1,0,0,0,1,0,0,0,0,0,0,0,6,45,26335,0,0,0.0,0.06,0.04,4.4,14.8,0.0,0,1,1,2,1.5
Nick Pope,GK,Newcastle,469,2,1,2025-08-16T11:30:00Z,False,2,90,1,9,0,0,1,0,0,0,0,0,0,3,2,32,50,320357,0,0,0.0,0.0,0.2,27.0,0.0,0.0,1,0,16,0,3.6
Karl Hein,GK,Arsenal,3,9,1,2025-08-17T15:30:00Z,False,14,0,0,0,0,0,0,0,0,0,0,0,0,0,0,0,40,55400,0,0,0.0,0.0,0.0,0.0,0.0,0.0,0,0,0,0,1.5
Ki-Jana Hoever,DEF,Wolves,638,7,1,2025-08-16T16:30:00Z,True,13,72,1,1,0,0,0,3,0,0,0,0,0,0,0,0,40,225356,0,0,0.0,0.14,2.22,17.6,19.8,0.0,5,2,2,7,0.5
Fer López González,MID,Wolves,645,7,1,2025-08-16T16:30:00Z,True,13,18,0,1,0,0,0,1,0,0,0,0,0,0,0,5,55,4451,0,0,0.08,0.02,0.24,3.4,0.6,19.0,0,0,0,0,1.5
Daniel James,MID,Leeds,353,10,1,2025-08-18T19:00:00Z,True,9,77,1,3,0,0,1,0,0,0,0,0,0,0,0,6,55,49896,0,0,0.14,0.05,0.28,6.2,15.7,11.0,1,0,1,2,1.5
Christopher Nkunku,MID,Chelsea,240,8,1,2025-08-17T13:00:00Z,True,8,0,0,0,0,0,0,0,0,0,0,0,0,0,0,0,60,22100,0,0,0.0,0.0,0.0,0.0,0.0,0.0,0,0,0,0,2.6
Abdoullah Ba,MID,Sunderland,554,5,1,2025-08-16T14:00:00Z,True,19,0,0,0,0,0,0,0,0,0,0,0,0,0,0,0,45,26616,0,0,0.0,0.0,0.0,0.0,0.0,0.0,0,0,0,0,0.5
Mike Trésor Ndayishimiye,MID,Burnley,214,6,1,2025-08-16T14:00:00Z,False,18,0,0,0,0,0,0,0,0,0,0,0,0,0,0,0,45,7318,0,0,0.0,0.0,0.0,0.0,0.0,0.0,0,0,0,0,0.5
Matthew Cox,GK,Brentford,103,4,1,2025-08-17T13:00:00Z,False,16,0,0,0,0,0,0,0,0,0,0,0,0,0,0,0,40,13507,0,0,0.0,0.0,0.0,0.0,0.0,0.0,0,0,0,0,1.0
Darko Gyabi,MID,Leeds,361,10,1,2025-08-18T19:00:00Z,True,9,0,0,0,0,0,0,0,0,0,0,0,0,0,0,0,45,8337,0,0,0.0,0.0,0.0,0.0,0.0,0.0,0,0,0,0,0.5
Michael Obafemi,FWD,Burnley,219,6,1,2025-08-16T14:00:00Z,False,18,0,0,0,0,0,0,0,0,0,0,0,0,0,0,0,45,42665,0,0,0.0,0.0,0.0,0.0,0.0,0.0,0,0,0,0,0.5
Dwight McNeil,MID,Everton,300,10,1,2025-08-18T19:00:00Z,False,11,0,0,0,0,0,0,0,0,0,0,0,0,0,0,0,60,42538,0,0,0.0,0.0,0.0,0.0,0.0,0.0,0,0,0,0,2.6
Jacob Ramsey,MID,Aston Villa,52,2,1,2025-08-16T11:30:00Z,True,15,0,0,0,0,0,0,0,0,0,0,0,0,0,0,0,55,60119,0,0,0.0,0.0,0.0,0.0,0.0,0.0,0,0,0,0,2.5
Tom Edozie,MID,Wolves,651,7,1,2025-08-16T16:30:00Z,True,13,0,0,0,0,0,0,0,0,0,0,0,0,0,0,0,45,38576,0,0,0.0,0.0,0.0,0.0,0.0,0.0,0,0,0,0,0.5
Coby Ebere,MID,Everton,307,10,1,2025-08-18T19:00:00Z,False,11,0,0,0,0,0,0,0,0,0,0,0,0,0,0,0,45,3836,0,0,0.0,0.0,0.0,0.0,0.0,0.0,0,0,0,0,1.5
Diego Coppola,DEF,Brighton,144,3,1,2025-08-16T14:00:00Z,True,10,0,0,0,0,0,0,0,0,0,0,0,0,0,0,0,45,7225,0,0,0.0,0.0,0.0,0.0,0.0,0.0,0,0,0,0,1.9
Amadou Onana,MID,Aston Villa,59,2,1,2025-08-16T11:30:00Z,True,15,90,1,5,0,0,1,0,0,0,0,0,0,0,0,19,50,148612,0,0,0.0,0.01,1.43,19.4,3.0,0.0,5,2,7,14,1.0
Giorgi Mamardashvili,GK,Liverpool,367,1,1,2025-08-15T19:00:00Z,True,4,0,0,0,0,0,0,0,0,0,0,0,0,0,0,0,45,44193,0,0,0.0,0.0,0.0,0.0,0.0,0.0,0,0,0,0,3.3
Leon Bailey,MID,Aston Villa,49,2,1,2025-08-16T11:30:00Z,True,15,0,0,0,0,0,0,0,0,0,0,0,0,0,0,0,55,48742,0,0,0.0,0.0,0.0,0.0,0.0,0.0,0,0,0,0,1.5
Federico Chiesa,MID,Liverpool,385,1,1,2025-08-15T19:00:00Z,True,4,8,0,6,1,0,0,0,0,0,0,0,0,0,0,29,65,7924,0,0,0.16,0.0,0.0,35.2,0.3,17.0,0,1,0,1,3.2
Ryan Sessegnon,MID,Fulham,328,3,1,2025-08-16T14:00:00Z,False,6,0,0,0,0,0,0,0,0,0,0,0,0,0,0,0,55,3258,0,0,0.0,0.0,0.0,0.0,0.0,0.0,0,0,0,0,1.5
John Stones,DEF,Man City,409,7,1,2025-08-16T16:30:00Z,False,20,81,1,6,0,0,1,0,0,0,0,0,0,0,0,28,55,58549,0,0,0.0,0.01,0.47,14.4,2.2,0.0,2,0,4,2,3.8
Isaac Heath,MID,Everton,308,10,1,2025-08-18T19:00:00Z,False,11,0,0,0,0,0,0,0,0,0,0,0,0,0,0,0,45,3885,0,0,0.0,0.0,0.0,0.0,0.0,0.0,0,0,0,0,1.5
Chris Rigg,MID,Sunderland,551,5,1,2025-08-16T14:00:00Z,True,19,1,0,1,0,0,0,0,0,0,0,0,0,0,0,3,50,6137,0,0,0.0,0.0,0.03,0.0,0.0,0.0,0,0,0,0,1.0
Luke O'Nien,DEF,Sunderland,539,5,1,2025-08-16T14:00:00Z,True,19,0,0,0,0,0,0,0,0,0,0,0,0,0,0,0,40,2672,0,0,0.0,0.0,0.0,0.0,0.0,0.0,0,0,0,0,0.0
Axel Tuanzebe,DEF,Burnley,198,6,1,2025-08-16T14:00:00Z,False,18,0,0,0,0,0,0,0,0,0,0,0,0,0,0,0,40,251170,0,0,0.0,0.0,0.0,0.0,0.0,0.0,0,0,0,0,0.5
Séamus Coleman,DEF,Everton,294,10,1,2025-08-18T19:00:00Z,False,11,0,0,0,0,0,0,0,0,0,0,0,0,0,0,0,45,15163,0,0,0.0,0.0,0.0,0.0,0.0,0.0,0,0,0,0,2.4
Carlos Alcaraz Durán,MID,Everton,301,10,1,2025-08-18T19:00:00Z,False,11,85,1,1,0,0,0,1,0,0,0,1,0,0,0,8,55,16836,0,0,0.03,0.01,1.87,7.6,2.4,21.0,1,1,4,6,2.5
Jeremy Sarmiento Morante,MID,Brighton,171,3,1,2025-08-16T14:00:00Z,True,10,0,0,0,0,0,0,0,0,0,0,0,0,0,0,0,50,3342,0,0,0.0,0.0,0.0,0.0,0.0,0.0,0,0,0,0,1.5
Matt Turner,GK,Nott'm Forest,504,4,1,2025-08-17T13:00:00Z,True,5,0,0,0,0,0,0,0,0,0,0,0,0,0,0,0,40,25695,0,0,0.0,0.0,0.0,0.0,0.0,0.0,0,0,0,0,0.0
Ethan Wheatley,FWD,Man Utd,468,9,1,2025-08-17T15:30:00Z,True,1,0,0,0,0,0,0,0,0,0,0,0,0,0,0,0,45,12678,0,0,0.0,0.0,0.0,0.0,0.0,0.0,0,0,0,0,0.5
Roman Dixon,DEF,Everton,297,10,1,2025-08-18T19:00:00Z,False,11,0,0,0,0,0,0,0,0,0,0,0,0,0,0,0,40,20055,0,0,0.0,0.0,0.0,0.0,0.0,0.0,0,0,0,0,1.5
Charlie Tasker,DEF,Brighton,156,3,1,2025-08-16T14:00:00Z,True,10,0,0,0,0,0,0,0,0,0,0,0,0,0,0,0,40,14149,0,0,0.0,0.0,0.0,0.0,0.0,0.0,0,0,0,0,1.0
Yoane Wissa,FWD,Brentford,135,4,1,2025-08-17T13:00:00Z,False,16,0,0,0,0,0,0,0,0,0,0,0,0,0,0,0,75,264591,0,0,0.0,0.0,0.0,0.0,0.0,0.0,0,0,0,0,0.0
Marc Guéhi,DEF,Crystal Palace,260,8,1,2025-08-17T13:00:00Z,False,7,90,1,6,0,0,1,0,0,0,0,0,0,0,0,22,45,1199617,0,0,0.0,0.0,1.6,13.8,10.0,2.0,5,1,1,6,1.4
Josh Cullen,MID,Burnley,205,6,1,2025-08-16T14:00:00Z,False,18,90,1,4,0,0,0,3,0,0,0,0,0,0,0,21,50,4247,0,0,0.0,0.28,2.32,23.8,59.4,0.0,5,3,4,12,1.0
Erling Haaland,FWD,Man City,430,7,1,2025-08-16T16:30:00Z,False,20,72,1,13,2,0,1,0,0,0,0,0,0,0,3,49,140,2283987,0,0,1.99,0.0,0.35,58.0,0.3,71.0,0,1,1,2,4.5
Djed Spence,DEF,Spurs,573,6,1,2025-08-16T14:00:00Z,True,3,90,1,6,0,0,1,0,0,0,0,0,0,0,0,26,45,118905,0,0,0.18,0.07,0.94,10.0,5.8,22.0,3,0,2,3,2.4
Julian Eyestone,GK,Brentford,104,4,1,2025-08-17T13:00:00Z,False,16,0,0,0,0,0,0,0,0,0,0,0,0,0,0,0,40,7121,0,0,0.0,0.0,0.0,0.0,0.0,0.0,0,0,0,0,1.0
Ármin Pécsi,GK,Liverpool,368,1,1,2025-08-15T19:00:00Z,True,4,0,0,0,0,0,0,0,0,0,0,0,0,0,0,0,40,7352,0,0,0.0,0.0,0.0,0.0,0.0,0.0,0,0,0,0,2.0
Anton Stach,MID,Leeds,660,10,1,2025-08-18T19:00:00Z,True,9,90,1,8,0,1,1,0,0,0,0,0,0,0,0,24,50,24549,0,0,0.27,0.29,0.55,28.2,63.9,22.0,7,2,4,13,1.0
Jefferson Lerma Solís,MID,Crystal Palace,272,8,1,2025-08-17T13:00:00Z,False,7,20,0,1,0,0,0,0,0,0,0,0,0,0,0,3,50,6436,0,0,0.0,0.0,0.38,1.0,1.0,2.0,1,0,2,3,1.0
Jordan Beyer,DEF,Burnley,194,6,1,2025-08-16T14:00:00Z,False,18,0,0,0,0,0,0,0,0,0,0,0,0,0,0,0,40,17054,0,0,0.0,0.0,0.0,0.0,0.0,0.0,0,0,0,0,0.5
Jayden Danns,FWD,Liverpool,398,1,1,2025-08-15T19:00:00Z,True,4,0,0,0,0,0,0,0,0,0,0,0,0,0,0,0,45,13290,0,0,0.0,0.0,0.0,0.0,0.0,0.0,0,0,0,0,2.0
Rio Ngumoha,MID,Liverpool,686,1,1,2025-08-15T19:00:00Z,True,4,0,0,0,0,0,0,0,0,0,0,0,0,0,0,0,45,0,0,0,0.0,0.0,0.0,0.0,0.0,0.0,0,0,0,0,2.0
Brandon Austin,GK,Spurs,566,6,1,2025-08-16T14:00:00Z,True,3,0,0,0,0,0,0,0,0,0,0,0,0,0,0,0,40,28215,0,0,0.0,0.0,0.0,0.0,0.0,0.0,0,0,0,0,1.5
Zain Silcott-Duberry,MID,Bournemouth,95,1,1,2025-08-15T19:00:00Z,False,12,0,0,0,0,0,0,0,0,0,0,0,0,0,0,0,45,9256,0,0,0.0,0.0,0.0,0.0,0.0,0.0,0,0,0,0,0.0
Sepp van den Berg,DEF,Brentford,113,4,1,2025-08-17T13:00:00Z,False,16,90,1,3,0,0,0,3,0,0,0,0,0,0,0,6,45,37559,0,0,0.21,0.0,1.86,34.4,0.6,24.0,12,2,4,14,1.9
Aaron Wan-Bissaka,DEF,West Ham,610,5,1,2025-08-16T14:00:00Z,False,17,90,1,1,0,0,0,3,0,0,0,0,0,0,0,9,45,2496105,0,0,0.0,0.07,0.68,17.8,24.7,8.0,2,1,6,3,2.4
Enzo Le Fée,MID,Sunderland,547,5,1,2025-08-16T14:00:00Z,True,19,14,0,1,0,0,0,0,0,0,0,0,0,0,0,4,50,38041,0,0,0.0,0.0,0.23,3.2,0.3,0.0,2,0,2,4,1.0
David Ozoh,MID,Crystal Palace,280,8,1,2025-08-17T13:00:00Z,False,7,0,0,0,0,0,0,0,0,0,0,0,0,0,0,0,45,334,0,0,0.0,0.0,0.0,0.0,0.0,0.0,0,0,0,0,0.0
Mark Gillespie,GK,Newcastle,471,2,1,2025-08-16T11:30:00Z,False,2,0,0,0,0,0,0,0,0,0,0,0,0,0,0,0,40,13228,0,0,0.0,0.0,0.0,0.0,0.0,0.0,0,0,0,0,1.5
Ethan Ampadu,MID,Leeds,354,10,1,2025-08-18T19:00:00Z,True,9,77,1,3,0,0,1,0,0,0,0,0,0,0,0,12,50,8869,0,0,0.0,0.02,0.28,10.8,4.9,2.0,2,3,3,8,1.0
Lino da Cruz Sousa,DEF,Aston Villa,45,2,1,2025-08-16T11:30:00Z,True,15,0,0,0,0,0,0,0,0,0,0,0,0,0,0,0,40,31163,0,0,0.0,0.0,0.0,0.0,0.0,0.0,0,0,0,0,0.5
Harrison Reed,MID,Fulham,336,3,1,2025-08-16T14:00:00Z,False,6,0,0,0,0,0,0,0,0,0,0,0,0,0,0,0,45,26860,0,0,0.0,0.0,0.0,0.0,0.0,0.0,0,0,0,0,1.0
Vitalii Mykolenko,DEF,Everton,292,10,1,2025-08-18T19:00:00Z,False,11,0,0,0,0,0,0,0,0,0,0,0,0,0,0,0,50,94110,0,0,0.0,0.0,0.0,0.0,0.0,0.0,0,0,0,0,2.3
Matt Targett,DEF,Newcastle,484,2,1,2025-08-16T11:30:00Z,False,2,0,0,0,0,0,0,0,0,0,0,0,0,0,0,0,40,49800,0,0,0.0,0.0,0.0,0.0,0.0,0.0,0,0,0,0,1.5
Frank Onyeka,MID,Brentford,128,4,1,2025-08-17T13:00:00Z,False,16,21,0,4,0,1,0,0,0,0,0,0,0,0,0,9,50,3753,0,0,0.0,0.0,0.0,0.0,0.1,2.0,0,0,1,1,1.5
Tijjani Reijnders,MID,Man City,427,7,1,2025-08-16T16:30:00Z,False,20,90,1,10,1,1,1,0,0,0,0,1,0,0,0,31,55,1819194,0,0,0.2,0.14,0.56,49.8,23.7,28.0,1,1,1,3,2.5
Igor Julio dos Santos de Paulo,DEF,Brighton,149,3,1,2025-08-16T14:00:00Z,True,10,0,0,0,0,0,0,0,0,0,0,0,0,0,0,0,45,3843,0,0,0.0,0.0,0.0,0.0,0.0,0.0,0,0,0,0,1.9
Gabriel Słonina,GK,Chelsea,223,8,1,2025-08-17T13:00:00Z,True,8,0,0,0,0,0,0,0,0,0,0,0,0,0,0,0,40,9288,0,0,0.0,0.0,0.0,0.0,0.0,0.0,0,0,0,0,1.5
Manuel Akanji,DEF,Man City,404,7,1,2025-08-16T16:30:00Z,False,20,0,0,0,0,0,0,0,0,0,0,0,0,0,0,0,55,79945,0,0,0.0,0.0,0.0,0.0,0.0,0.0,0,0,0,0,3.8
Bryan Mbeumo,MID,Man Utd,119,9,1,2025-08-17T15:30:00Z,True,1,90,1,2,0,0,0,1,0,0,0,0,0,0,0,17,80,1322663,0,0,0.42,0.05,1.31,10.6,21.4,49.0,1,0,5,6,2.1
Reece Welch,DEF,Everton,298,10,1,2025-08-18T19:00:00Z,False,11,0,0,0,0,0,0,0,0,0,0,0,0,0,0,0,40,14233,0,0,0.0,0.0,0.0,0.0,0.0,0.0,0,0,0,0,1.5
Lewis Cook,MID,Bournemouth,88,1,1,2025-08-15T19:00:00Z,False,12,0,0,0,0,0,0,0,0,0,0,0,0,0,0,0,50,1488,0,0,0.0,0.0,0.0,0.0,0.0,0.0,0,0,0,0,0.0
Tyler Adams,MID,Bournemouth,85,1,1,2025-08-15T19:00:00Z,False,12,90,1,4,0,0,0,3,0,0,0,0,0,0,0,11,50,24156,0,0,0.0,0.1,2.1,21.6,1.7,4.0,8,5,6,19,0.5
Jamaal Lascelles,DEF,Newcastle,480,2,1,2025-08-16T11:30:00Z,False,2,0,0,0,0,0,0,0,0,0,0,0,0,0,0,0,45,8009,0,0,0.0,0.0,0.0,0.0,0.0,0.0,0,0,0,0,2.4
Andrés García,DEF,Aston Villa,42,2,1,2025-08-16T11:30:00Z,True,15,0,0,0,0,0,0,0,0,0,0,0,0,0,0,0,40,31266,0,0,0.0,0.0,0.0,0.0,0.0,0.0,0,0,0,0,0.1
Youri Tielemans,MID,Aston Villa,48,2,1,2025-08-16T11:30:00Z,True,15,90,1,3,0,0,1,0,0,0,0,0,0,0,0,5,60,220171,0,0,0.0,0.01,1.43,4.0,1.1,0.0,3,2,2,7,1.6
Will Lankshear,FWD,Spurs,598,6,1,2025-08-16T14:00:00Z,True,3,0,0,0,0,0,0,0,0,0,0,0,0,0,0,0,45,7803,0,0,0.0,0.0,0.0,0.0,0.0,0.0,0,0,0,0,0.0
Iwan Morgan,FWD,Brentford,137,4,1,2025-08-17T13:00:00Z,False,16,0,0,0,0,0,0,0,0,0,0,0,0,0,0,0,45,42804,0,0,0.0,0.0,0.0,0.0,0.0,0.0,0,0,0,0,1.0
Pierre Ekwah Elimby,MID,Sunderland,556,5,1,2025-08-16T14:00:00Z,True,19,0,0,0,0,0,0,0,0,0,0,0,0,0,0,0,45,2435,0,0,0.0,0.0,0.0,0.0,0.0,0.0,0,0,0,0,0.0
Crysencio Summerville,MID,West Ham,615,5,1,2025-08-16T14:00:00Z,False,17,0,0,0,0,0,0,0,0,0,0,0,0,0,0,0,55,827,0,0,0.0,0.0,0.0,0.0,0.0,0.0,0,0,0,0,0.0
Philip Billing,MID,Bournemouth,89,1,1,2025-08-15T19:00:00Z,False,12,0,0,0,0,0,0,0,0,0,0,0,0,0,0,0,50,6642,0,0,0.0,0.0,0.0,0.0,0.0,0.0,0,0,0,0,0.5
Cristhian Mosquera,DEF,Arsenal,662,9,1,2025-08-17T15:30:00Z,False,14,0,0,0,0,0,0,0,0,0,0,0,0,0,0,0,55,12283,0,0,0.0,0.0,0.0,0.0,0.0,0.0,0,0,0,0,3.8
Ethan Nwaneri,MID,Arsenal,25,9,1,2025-08-17T15:30:00Z,False,14,0,0,0,0,0,0,0,0,0,0,0,0,0,0,0,55,28200,0,0,0.0,0.0,0.0,0.0,0.0,0.0,0,0,0,0,2.5
Bryan Gil Salvatierra,MID,Spurs,590,6,1,2025-08-16T14:00:00Z,True,3,0,0,0,0,0,0,0,0,0,0,0,0,0,0,0,50,4754,0,0,0.0,0.0,0.0,0.0,0.0,0.0,0,0,0,0,2.0
Callum Olusesi,MID,Spurs,595,6,1,2025-08-16T14:00:00Z,True,3,0,0,0,0,0,0,0,0,0,0,0,0,0,0,0,45,18414,0,0,0.0,0.0,0.0,0.0,0.0,0.0,0,0,0,0,1.5
Elyh Harrison,GK,Man Utd,433,9,1,2025-08-17T15:30:00Z,True,1,0,0,0,0,0,0,0,0,0,0,0,0,0,0,0,40,445,0,0,0.0,0.0,0.0,0.0,0.0,0.0,0,0,0,0,0.0
Ellery Balcombe,GK,Brentford,102,4,1,2025-08-17T13:00:00Z,False,16,0,0,0,0,0,0,0,0,0,0,0,0,0,0,0,40,28995,0,0,0.0,0.0,0.0,0.0,0.0,0.0,0,0,0,0,1.0
Gustavo Nunes Fernandes Gomes,MID,Brentford,127,4,1,2025-08-17T13:00:00Z,False,16,0,0,0,0,0,0,0,0,0,0,0,0,0,0,0,50,1258,0,0,0.0,0.0,0.0,0.0,0.0,0.0,0,0,0,0,0.0
Boubacar Traoré,MID,Wolves,649,7,1,2025-08-16T16:30:00Z,True,13,0,0,0,0,0,0,0,0,0,0,0,0,0,0,0,50,280,0,0,0.0,0.0,0.0,0.0,0.0,0.0,0,0,0,0,0.0
Luka Vušković,DEF,Spurs,578,6,1,2025-08-16T14:00:00Z,True,3,0,0,0,0,0,0,0,0,0,0,0,0,0,0,0,40,107600,0,0,0.0,0.0,0.0,0.0,0.0,0.0,0,0,0,0,1.5
Kenny Tete,DEF,Fulham,322,3,1,2025-08-16T14:00:00Z,False,6,90,1,2,0,0,0,1,0,0,0,0,0,0,0,17,45,14602,0,0,0.0,0.01,1.48,13.0,1.7,0.0,4,3,5,7,1.9
Matt O'Riley,MID,Brighton,164,3,1,2025-08-16T14:00:00Z,True,10,87,1,10,1,0,1,0,0,0,0,0,0,0,2,24,55,11290,0,0,0.79,0.14,0.52,45.8,44.3,25.0,0,3,0,3,2.0
Carl Rushworth,GK,Brighton,141,3,1,2025-08-16T14:00:00Z,True,10,0,0,0,0,0,0,0,0,0,0,0,0,0,0,0,40,487,0,0,0.0,0.0,0.0,0.0,0.0,0.0,0,0,0,0,0.0
Walter Benítez,GK,Crystal Palace,254,8,1,2025-08-17T13:00:00Z,False,7,0,0,0,0,0,0,0,0,0,0,0,0,0,0,0,40,38826,0,0,0.0,0.0,0.0,0.0,0.0,0.0,0,0,0,0,0.5
Ibrahim Sangaré,MID,Nott'm Forest,521,4,1,2025-08-17T13:00:00Z,True,5,90,1,2,0,0,0,1,0,0,0,0,0,0,0,11,50,4944,0,0,0.02,0.01,1.5,1.4,4.2,1.0,5,1,4,10,1.5
Zak Johnson,DEF,Sunderland,538,5,1,2025-08-16T14:00:00Z,True,19,0,0,0,0,0,0,0,0,0,0,0,0,0,0,0,40,21619,0,0,0.0,0.0,0.0,0.0,0.0,0.0,0,0,0,0,0.5
Brennan Johnson,MID,Spurs,580,6,1,2025-08-16T14:00:00Z,True,3,79,1,8,1,0,1,0,0,0,0,0,0,0,0,30,70,290641,0,0,0.5,0.06,0.94,40.4,27.1,20.0,1,1,1,3,2.8
Dominic Sadi,MID,Bournemouth,94,1,1,2025-08-15T19:00:00Z,False,12,0,0,0,0,0,0,0,0,0,0,0,0,0,0,0,45,5473,0,0,0.0,0.0,0.0,0.0,0.0,0.0,0,0,0,0,0.0
Ian Poveda-Ocampo,MID,Sunderland,550,5,1,2025-08-16T14:00:00Z,True,19,0,0,0,0,0,0,0,0,0,0,0,0,0,0,0,50,2515,0,0,0.0,0.0,0.0,0.0,0.0,0.0,0,0,0,0,1.0
Rayan Aït-Nouri,DEF,Man City,402,7,1,2025-08-16T16:30:00Z,False,20,90,1,9,0,0,1,0,0,0,0,0,0,0,1,33,60,1969933,0,0,0.04,0.02,0.56,30.4,13.5,3.0,9,6,3,15,4.5
Carlos Baleba,MID,Brighton,167,3,1,2025-08-16T14:00:00Z,True,10,68,1,3,0,0,1,0,0,0,0,0,0,0,0,10,50,468058,0,0,0.02,0.01,0.52,4.0,11.9,1.0,4,1,6,11,1.5
James Wright,GK,Aston Villa,688,2,1,2025-08-16T11:30:00Z,True,15,0,0,0,0,0,0,0,0,0,0,0,0,0,0,0,40,0,0,0,0.0,0.0,0.0,0.0,0.0,0.0,0,0,0,0,0.5
Jamie Bynoe-Gittens,MID,Chelsea,239,8,1,2025-08-17T13:00:00Z,True,8,53,1,1,0,0,0,0,0,0,0,0,0,0,0,2,65,28302,0,0,0.07,0.07,0.59,7.2,22.8,8.0,1,1,1,3,2.7
Dejan Kulusevski,MID,Spurs,583,6,1,2025-08-16T14:00:00Z,True,3,0,0,0,0,0,0,0,0,0,0,0,0,0,0,0,65,1733,0,0,0.0,0.0,0.0,0.0,0.0,0.0,0,0,0,0,0.0
Wilfried Gnonto,MID,Leeds,351,10,1,2025-08-18T19:00:00Z,True,9,66,1,3,0,0,1,0,0,0,0,0,0,0,0,12,55,35555,0,0,0.14,0.01,0.08,6.6,6.3,11.0,2,4,1,7,1.5
Lisandro Martínez,DEF,Man Utd,437,9,1,2025-08-17T15:30:00Z,True,1,0,0,0,0,0,0,0,0,0,0,0,0,0,0,0,50,19351,0,0,0.0,0.0,0.0,0.0,0.0,0.0,0,0,0,0,0.0
El Hadji Malick Diouf,DEF,West Ham,603,5,1,2025-08-16T14:00:00Z,False,17,90,1,1,0,0,0,3,0,0,0,0,0,0,0,4,45,766379,0,0,0.16,0.07,0.68,10.8,30.7,10.0,3,0,3,3,2.4
Leon Chiwome,FWD,Wolves,657,7,1,2025-08-16T16:30:00Z,True,13,0,0,0,0,0,0,0,0,0,0,0,0,0,0,0,45,4090,0,0,0.0,0.0,0.0,0.0,0.0,0.0,0,0,0,0,0.0
João Victor Gomes da Silva,MID,Wolves,646,7,1,2025-08-16T16:30:00Z,True,13,90,1,2,0,0,0,4,0,0,0,0,0,0,0,20,55,11020,0,0,0.0,0.04,2.47,19.4,14.8,4.0,3,4,2,9,1.5
Jaydon Banel,MID,Burnley,213,6,1,2025-08-16T14:00:00Z,False,18,0,0,0,0,0,0,0,0,0,0,0,0,0,0,0,45,3392,0,0,0.0,0.0,0.0,0.0,0.0,0.0,0,0,0,0,0.5
Kjell Scherpen,GK,Brighton,142,3,1,2025-08-16T14:00:00Z,True,10,0,0,0,0,0,0,0,0,0,0,0,0,0,0,0,40,434,0,0,0.0,0.0,0.0,0.0,0.0,0.0,0,0,0,0,0.0
Levi Samuels Colwill,DEF,Chelsea,227,8,1,2025-08-17T13:00:00Z,True,8,0,0,0,0,0,0,0,0,0,0,0,0,0,0,0,50,41189,0,0,0.0,0.0,0.0,0.0,0.0,0.0,0,0,0,0,0.0
Harvey Elliott,MID,Liverpool,389,1,1,2025-08-15T19:00:00Z,True,4,0,0,0,0,0,0,0,0,0,0,0,0,0,0,0,55,15644,0,0,0.0,0.0,0.0,0.0,0.0,0.0,0,0,0,0,3.0
Olivier Boscagli,DEF,Brighton,143,3,1,2025-08-16T14:00:00Z,True,10,0,0,0,0,0,0,0,0,0,0,0,0,0,0,0,45,11195,0,0,0.0,0.0,0.0,0.0,0.0,0.0,0,0,0,0,1.9
Takai Kōta,DEF,Spurs,577,6,1,2025-08-16T14:00:00Z,True,3,0,0,0,0,0,0,0,0,0,0,0,0,0,0,0,40,12757,0,0,0.0,0.0,0.0,0.0,0.0,0.0,0,0,0,0,0.4
Jeremie Frimpong,DEF,Liverpool,370,1,1,2025-08-15T19:00:00Z,True,4,59,1,1,0,0,0,0,0,0,0,0,0,0,0,8,60,3010630,0,0,0.01,0.01,0.81,5.4,1.3,2.0,3,1,1,4,5.0
Joe Rodon,DEF,Leeds,348,10,1,2025-08-18T19:00:00Z,True,9,90,1,7,0,0,1,0,0,0,0,0,0,0,1,26,40,220693,0,0,0.0,0.0,0.55,14.4,0.6,0.0,7,0,2,7,0.5
Jenson Seelt,DEF,Sunderland,542,5,1,2025-08-16T14:00:00Z,True,19,52,1,1,0,0,0,0,0,0,0,0,0,0,0,6,40,27741,0,0,0.0,0.0,0.33,15.2,0.6,0.0,4,2,4,6,0.5
Marshall Munetsi,MID,Wolves,648,7,1,2025-08-16T16:30:00Z,True,13,90,1,2,0,0,0,4,0,0,0,0,0,0,0,10,55,3983,0,0,0.05,0.02,2.47,8.4,6.5,7.0,0,2,4,6,1.5
Rhys Williams,DEF,Liverpool,379,1,1,2025-08-15T19:00:00Z,True,4,0,0,0,0,0,0,0,0,0,0,0,0,0,0,0,40,14971,0,0,0.0,0.0,0.0,0.0,0.0,0.0,0,0,0,0,2.0
Josh Laurent,MID,Burnley,209,6,1,2025-08-16T14:00:00Z,False,18,62,1,2,0,0,0,2,0,0,0,0,0,0,0,11,50,2535,0,0,0.11,0.13,1.41,10.6,11.2,20.0,2,1,3,6,1.0
Diego León Blanco,DEF,Man Utd,439,9,1,2025-08-17T15:30:00Z,True,1,0,0,0,0,0,0,0,0,0,0,0,0,0,0,0,45,6995,0,0,0.0,0.0,0.0,0.0,0.0,0.0,0,0,0,0,1.4
Romaine Mundle,MID,Sunderland,548,5,1,2025-08-16T14:00:00Z,True,19,0,0,0,0,0,0,0,0,0,0,0,0,0,0,0,50,1023,0,0,0.0,0.0,0.0,0.0,0.0,0.0,0,0,0,0,0.0
Will Dennis,GK,Bournemouth,68,1,1,2025-08-15T19:00:00Z,False,12,0,0,0,0,0,0,0,0,0,0,0,0,0,0,0,40,91035,0,0,0.0,0.0,0.0,0.0,0.0,0.0,0,0,0,0,0.0
Callum Wilson,FWD,West Ham,671,5,1,2025-08-16T14:00:00Z,False,17,19,0,1,0,0,0,2,0,0,0,0,0,0,0,2,60,45673,0,0,0.02,0.0,0.08,0.0,0.0,8.0,0,0,1,1,2.5
Vitaly Janelt,MID,Brentford,125,4,1,2025-08-17T13:00:00Z,False,16,0,0,0,0,0,0,0,0,0,0,0,0,0,0,0,50,2018,0,0,0.0,0.0,0.0,0.0,0.0,0.0,0,0,0,0,0.0
Marcus Tavernier,MID,Bournemouth,84,1,1,2025-08-15T19:00:00Z,False,12,90,1,4,0,0,0,4,0,0,0,0,0,0,0,20,55,32237,0,0,0.32,0.06,2.21,24.6,14.1,33.0,7,3,10,20,1.0
Virgil van Dijk,DEF,Liverpool,373,1,1,2025-08-15T19:00:00Z,True,4,90,1,3,0,0,0,2,0,0,0,0,0,0,0,11,60,2230654,0,0,0.18,0.01,1.7,49.4,0.9,25.0,20,1,4,21,5.0
Son Heung-min,MID,Spurs,579,6,1,2025-08-16T14:00:00Z,True,3,0,0,0,0,0,0,0,0,0,0,0,0,0,0,0,85,40330,0,0,0.0,0.0,0.0,0.0,0.0,0.0,0,0,0,0,0.0
Antoñito Cordero Campillo,MID,Newcastle,492,2,1,2025-08-16T11:30:00Z,False,2,0,0,0,0,0,0,0,0,0,0,0,0,0,0,0,50,3383,0,0,0.0,0.0,0.0,0.0,0.0,0.0,0,0,0,0,2.0
Callum Marshall,FWD,West Ham,626,5,1,2025-08-16T14:00:00Z,False,17,0,0,0,0,0,0,0,0,0,0,0,0,0,0,0,45,66201,0,0,0.0,0.0,0.0,0.0,0.0,0.0,0,0,0,0,1.5
Garang Kuol,MID,Newcastle,496,2,1,2025-08-16T11:30:00Z,False,2,0,0,0,0,0,0,0,0,0,0,0,0,0,0,0,45,6578,0,0,0.0,0.0,0.0,0.0,0.0,0.0,0,0,0,0,1.5
Fábio Ferreira Vieira,MID,Arsenal,23,9,1,2025-08-17T15:30:00Z,False,14,0,0,0,0,0,0,0,0,0,0,0,0,0,0,0,55,3974,0,0,0.0,0.0,0.0,0.0,0.0,0.0,0,0,0,0,2.5
Jean-Philippe Mateta,FWD,Crystal Palace,283,8,1,2025-08-17T13:00:00Z,False,7,90,1,1,0,0,1,0,0,0,0,1,0,0,0,7,75,886293,0,0,0.29,0.0,1.6,16.0,0.8,26.0,5,1,3,9,1.9
Gabriel Fernando de Jesus,FWD,Arsenal,31,9,1,2025-08-17T15:30:00Z,False,14,0,0,0,0,0,0,0,0,0,0,0,0,0,0,0,65,4244,0,0,0.0,0.0,0.0,0.0,0.0,0.0,0,0,0,0,0.0
Maximilian Kilman,DEF,West Ham,605,5,1,2025-08-16T14:00:00Z,False,17,90,1,0,0,0,0,3,0,0,0,1,0,0,0,4,45,31552,0,0,0.0,0.03,0.68,27.2,16.2,0.0,6,3,2,9,2.4
Tawanda Chirewa,MID,Wolves,650,7,1,2025-08-16T16:30:00Z,True,13,0,0,0,0,0,0,0,0,0,0,0,0,0,0,0,45,32221,0,0,0.0,0.0,0.0,0.0,0.0,0.0,0,0,0,0,0.5
Harry Maguire,DEF,Man Utd,442,9,1,2025-08-17T15:30:00Z,True,1,10,0,1,0,0,0,0,0,0,0,0,0,0,0,2,45,64486,0,0,0.0,0.0,0.21,5.2,0.5,0.0,3,0,0,3,1.4
Hjalmar Ekdal,DEF,Burnley,190,6,1,2025-08-16T14:00:00Z,False,18,90,1,1,0,0,0,3,0,0,0,0,0,0,0,-5,40,18679,0,0,0.0,0.0,2.32,9.8,0.5,8.0,5,0,1,5,0.5
Mason Mount,MID,Man Utd,455,9,1,2025-08-17T15:30:00Z,True,1,64,1,2,0,0,0,1,0,0,0,0,0,0,0,9,60,23000,0,0,0.12,0.15,1.1,7.0,25.1,18.0,0,1,2,3,1.6
Paris Maghoma,MID,Brentford,132,4,1,2025-08-17T13:00:00Z,False,16,0,0,0,0,0,0,0,0,0,0,0,0,0,0,0,45,3159,0,0,0.0,0.0,0.0,0.0,0.0,0.0,0,0,0,0,0.0
Jair Paula da Cunha Filho,DEF,Nott'm Forest,510,4,1,2025-08-17T13:00:00Z,True,5,0,0,0,0,0,0,0,0,0,0,0,0,0,0,0,45,7673,0,0,0.0,0.0,0.0,0.0,0.0,0.0,0,0,0,0,1.9
Freddie Potts,MID,West Ham,623,5,1,2025-08-16T14:00:00Z,False,17,0,0,0,0,0,0,0,0,0,0,0,0,0,0,0,45,75078,0,0,0.0,0.0,0.0,0.0,0.0,0.0,0,0,0,0,1.5
Joško Gvardiol,DEF,Man City,403,7,1,2025-08-16T16:30:00Z,False,20,0,0,0,0,0,0,0,0,0,0,0,0,0,0,0,60,1096282,0,0,0.0,0.0,0.0,0.0,0.0,0.0,0,0,0,0,0.0
Matthijs de Ligt,DEF,Man Utd,436,9,1,2025-08-17T15:30:00Z,True,1,90,1,4,0,0,0,1,0,0,0,0,0,0,0,16,50,134688,0,0,0.21,0.06,1.31,33.4,16.0,26.0,8,2,4,10,2.1
Matheus França de Oliveira,MID,Crystal Palace,279,8,1,2025-08-17T13:00:00Z,False,7,0,0,0,0,0,0,0,0,0,0,0,0,0,0,0,45,2243,0,0,0.0,0.0,0.0,0.0,0.0,0.0,0,0,0,0,0.0
Lucas Bergvall,MID,Spurs,586,6,1,2025-08-16T14:00:00Z,True,3,79,1,3,0,0,1,0,0,0,0,0,0,0,0,13,55,14418,0,0,0.12,0.01,0.94,10.4,3.3,33.0,1,2,1,4,2.5
Mikel Merino Zazón,MID,Arsenal,22,9,1,2025-08-17T15:30:00Z,False,14,7,0,1,0,0,0,0,0,0,0,0,0,0,0,2,60,61676,0,0,0.0,0.0,0.49,1.2,0.0,0.0,1,0,0,1,2.6
Odsonne Édouard,FWD,Crystal Palace,285,8,1,2025-08-17T13:00:00Z,False,7,0,0,0,0,0,0,0,0,0,0,0,0,0,0,0,50,91613,0,0,0.0,0.0,0.0,0.0,0.0,0.0,0,0,0,0,0.9
Joe Knight,MID,Brighton,175,3,1,2025-08-16T14:00:00Z,True,10,0,0,0,0,0,0,0,0,0,0,0,0,0,0,0,45,8021,0,0,0.0,0.0,0.0,0.0,0.0,0.0,0,0,0,0,1.0
Zépiqueno Redmond,FWD,Aston Villa,65,2,1,2025-08-16T11:30:00Z,True,15,0,0,0,0,0,0,0,0,0,0,0,0,0,0,0,45,75390,0,0,0.0,0.0,0.0,0.0,0.0,0.0,0,0,0,0,0.5
Matheus Santos Carneiro da Cunha,MID,Man Utd,450,9,1,2025-08-17T15:30:00Z,True,1,90,1,2,0,0,0,1,0,0,0,0,0,0,0,16,80,740619,0,0,0.4,0.05,1.31,17.8,13.3,50.0,0,1,2,3,2.1
Chemsdine Talbi,MID,Sunderland,553,5,1,2025-08-16T14:00:00Z,True,19,90,1,6,0,1,1,0,0,0,0,0,0,0,0,17,50,12617,0,0,0.0,0.01,0.53,20.8,18.4,2.0,0,1,1,2,1.0
Zach Abbott,DEF,Nott'm Forest,513,4,1,2025-08-17T13:00:00Z,True,5,0,0,0,0,0,0,0,0,0,0,0,0,0,0,0,40,18923,0,0,0.0,0.0,0.0,0.0,0.0,0.0,0,0,0,0,1.0
Mykhailo Mudryk,MID,Chelsea,245,8,1,2025-08-17T13:00:00Z,True,8,0,0,0,0,0,0,0,0,0,0,0,0,0,0,0,50,643,0,0,0.0,0.0,0.0,0.0,0.0,0.0,0,0,0,0,0.0
Emile Smith Rowe,MID,Fulham,325,3,1,2025-08-16T14:00:00Z,False,6,13,0,1,0,0,0,0,0,0,0,0,0,0,0,2,60,98177,0,0,0.09,0.0,0.4,0.2,2.0,2.0,0,0,0,0,2.1
Yves Bissouma,MID,Spurs,587,6,1,2025-08-16T14:00:00Z,True,3,0,0,0,0,0,0,0,0,0,0,0,0,0,0,0,55,13158,0,0,0.0,0.0,0.0,0.0,0.0,0.0,0,0,0,0,2.5
Zian Flemming,FWD,Burnley,215,6,1,2025-08-16T14:00:00Z,False,18,16,0,1,0,0,0,0,0,0,0,0,0,0,0,3,55,15274,0,0,0.0,0.0,0.23,0.0,0.0,0.0,0,0,0,0,1.2
Alfie Pond,DEF,Wolves,641,7,1,2025-08-16T16:30:00Z,True,13,0,0,0,0,0,0,0,0,0,0,0,0,0,0,0,40,145880,0,0,0.0,0.0,0.0,0.0,0.0,0.0,0,0,0,0,0.5
Daniel Ballard,DEF,Sunderland,531,5,1,2025-08-16T14:00:00Z,True,19,90,1,17,1,0,1,0,0,0,0,0,0,0,3,53,45,20153,0,0,0.18,0.01,0.56,69.6,0.5,64.0,13,1,4,14,1.4
Tim Iroegbunam,MID,Everton,304,10,1,2025-08-18T19:00:00Z,False,11,70,1,2,0,0,1,0,0,0,0,1,0,0,0,5,50,2690,0,0,0.0,0.0,0.93,12.0,1.1,0.0,3,3,3,9,2.0
Lucas Digne,DEF,Aston Villa,37,2,1,2025-08-16T11:30:00Z,True,15,90,1,6,0,0,1,0,0,0,0,0,0,0,0,22,45,173557,0,0,0.0,0.01,1.43,11.6,5.8,0.0,5,2,3,7,1.4
Mads Hermansen,GK,West Ham,679,5,1,2025-08-16T14:00:00Z,False,17,90,1,1,0,0,0,3,0,0,0,0,0,2,0,3,45,31787,0,0,0.0,0.01,0.68,21.0,0.0,0.0,2,0,6,0,2.8
Viktor Gyökeres,FWD,Arsenal,666,9,1,2025-08-17T15:30:00Z,False,14,59,1,1,0,0,0,0,0,0,0,0,0,0,0,0,90,2446382,0,0,0.0,0.06,0.7,0.4,5.5,6.0,1,0,1,2,3.3
Emiliano Buendía Stati,MID,Aston Villa,50,2,1,2025-08-16T11:30:00Z,True,15,0,0,0,0,0,0,0,0,0,0,0,0,0,0,0,55,17294,0,0,0.0,0.0,0.0,0.0,0.0,0.0,0,0,0,0,1.5
Benjamin Lecomte,GK,Fulham,664,3,1,2025-08-16T14:00:00Z,False,6,0,0,0,0,0,0,0,0,0,0,0,0,0,0,0,40,82788,0,0,0.0,0.0,0.0,0.0,0.0,0.0,0,0,0,0,1.0
Ismeal Kabia,MID,Arsenal,28,9,1,2025-08-17T15:30:00Z,False,14,0,0,0,0,0,0,0,0,0,0,0,0,0,0,0,45,26438,0,0,0.0,0.0,0.0,0.0,0.0,0.0,0,0,0,0,1.5
Isaac Hayden,MID,Newcastle,495,2,1,2025-08-16T11:30:00Z,False,2,0,0,0,0,0,0,0,0,0,0,0,0,0,0,0,45,2361,0,0,0.0,0.0,0.0,0.0,0.0,0.0,0,0,0,0,0.0
Adrian Mazilu,MID,Brighton,176,3,1,2025-08-16T14:00:00Z,True,10,0,0,0,0,0,0,0,0,0,0,0,0,0,0,0,45,3738,0,0,0.0,0.0,0.0,0.0,0.0,0.0,0,0,0,0,1.0
Jurriën Timber,DEF,Arsenal,8,9,1,2025-08-17T15:30:00Z,False,14,19,0,0,0,0,0,0,0,0,0,1,0,0,0,-3,55,210465,0,0,0.0,0.0,0.66,3.0,0.3,0.0,1,2,1,3,3.8
Kyle Walker,DEF,Burnley,187,6,1,2025-08-16T14:00:00Z,False,18,90,1,1,0,0,0,3,0,0,0,0,0,0,0,-3,45,175397,0,0,0.01,0.02,2.32,8.2,0.9,1.0,5,0,4,5,1.4
Cole Palmer,MID,Chelsea,235,8,1,2025-08-17T13:00:00Z,True,8,90,1,3,0,0,1,0,0,0,0,0,0,0,0,10,105,6063687,0,0,0.17,0.03,0.66,4.8,16.9,23.0,0,1,4,5,3.6
Maxence Lacroix,DEF,Crystal Palace,257,8,1,2025-08-17T13:00:00Z,False,7,90,1,8,0,0,1,0,0,0,0,0,0,0,0,25,50,96266,0,0,0.0,0.0,1.6,30.8,0.1,0.0,13,3,2,16,2.1
Robert Lynch Sánchez,GK,Chelsea,220,8,1,2025-08-17T13:00:00Z,True,8,90,1,8,0,0,1,0,0,0,0,0,0,4,1,31,50,2427422,0,0,0.0,0.0,0.66,24.4,0.0,0.0,1,0,8,0,3.6
Benjamin Fredrick,DEF,Brentford,115,4,1,2025-08-17T13:00:00Z,False,16,0,0,0,0,0,0,0,0,0,0,0,0,0,0,0,40,15179,0,0,0.0,0.0,0.0,0.0,0.0,0.0,0,0,0,0,1.0
Brajan Gruda,MID,Brighton,162,3,1,2025-08-16T14:00:00Z,True,10,7,0,1,0,0,0,1,0,0,0,0,0,0,0,-2,55,4408,0,0,0.31,0.0,0.24,0.2,0.3,4.0,0,1,1,2,2.0
James Trafford,GK,Man City,182,7,1,2025-08-16T16:30:00Z,False,20,90,1,7,0,0,1,0,0,0,0,0,0,3,0,31,50,173414,0,0,0.0,0.0,0.56,28.8,0.0,0.0,2,0,10,0,3.6
Ben Gannon-Doak,MID,Liverpool,391,1,1,2025-08-15T19:00:00Z,True,4,0,0,0,0,0,0,0,0,0,0,0,0,0,0,0,50,4207,0,0,0.0,0.0,0.0,0.0,0.0,0.0,0,0,0,0,0.5
Saša Kalajdžić,FWD,Wolves,656,7,1,2025-08-16T16:30:00Z,True,13,0,0,0,0,0,0,0,0,0,0,0,0,0,0,0,50,10147,0,0,0.0,0.0,0.0,0.0,0.0,0.0,0,0,0,0,0.9
Mitoma Kaoru,MID,Brighton,157,3,1,2025-08-16T14:00:00Z,True,10,82,1,2,0,0,1,0,0,0,0,1,0,0,0,-2,65,697623,0,0,0.07,0.04,0.52,0.0,2.4,8.0,0,0,0,0,2.2
Michael Keane,DEF,Everton,295,10,1,2025-08-18T19:00:00Z,False,11,90,1,2,0,0,0,1,0,0,0,0,0,0,0,10,45,34296,0,0,0.0,0.0,2.07,19.8,0.4,4.0,7,0,4,7,2.4
Jean-Clair Todibo,DEF,West Ham,609,5,1,2025-08-16T14:00:00Z,False,17,81,1,1,0,0,0,2,0,0,0,0,0,0,0,9,45,12815,0,0,0.0,0.01,0.64,19.8,3.1,0.0,5,3,2,8,2.4
Joelinton Cássio Apolinário de Lira,MID,Newcastle,490,2,1,2025-08-16T11:30:00Z,False,2,82,1,2,0,0,1,0,0,0,0,1,0,0,0,7,60,45377,0,0,0.0,0.02,0.17,4.4,4.2,6.0,2,2,5,9,2.6
Francisco Evanilson de Lima Barbosa,FWD,Bournemouth,97,1,1,2025-08-15T19:00:00Z,False,12,90,1,1,0,0,0,4,0,0,0,1,0,0,0,-1,70,183306,0,0,0.29,0.0,2.21,0.0,0.6,17.0,3,0,2,5,1.3
Kevin Danso,DEF,Spurs,570,6,1,2025-08-16T14:00:00Z,True,3,0,0,0,0,0,0,0,0,0,0,0,0,0,0,0,45,19361,0,0,0.0,0.0,0.0,0.0,0.0,0.0,0,0,0,0,2.4
Adam Aznou,DEF,Everton,667,10,1,2025-08-18T19:00:00Z,False,11,0,0,0,0,0,0,0,0,0,0,0,0,0,0,0,45,11921,0,0,0.0,0.0,0.0,0.0,0.0,0.0,0,0,0,0,2.4
Ben Davies,DEF,Spurs,571,6,1,2025-08-16T14:00:00Z,True,3,0,0,0,0,0,0,0,0,0,0,0,0,0,0,0,45,8957,0,0,0.0,0.0,0.0,0.0,0.0,0.0,0,0,0,0,2.4
Trai Hume,DEF,Sunderland,532,5,1,2025-08-16T14:00:00Z,True,19,90,1,6,0,0,1,0,0,0,0,0,0,0,0,27,45,18175,0,0,0.0,0.09,0.56,15.2,15.8,2.0,4,2,3,6,1.4
Tom Cairney,MID,Fulham,331,3,1,2025-08-16T14:00:00Z,False,6,24,0,0,0,0,0,0,0,0,0,1,0,0,0,-3,50,3407,0,0,0.0,0.0,0.43,0.0,0.4,0.0,0,0,2,2,1.5
Calvin Bassey,DEF,Fulham,318,3,1,2025-08-16T14:00:00Z,False,6,90,1,1,0,0,0,1,0,0,0,1,0,0,0,3,45,44473,0,0,0.0,0.01,1.48,12.4,1.6,0.0,2,2,4,4,1.9
Matai Akinmboni,DEF,Bournemouth,75,1,1,2025-08-15T19:00:00Z,False,12,0,0,0,0,0,0,0,0,0,0,0,0,0,0,0,40,28980,0,0,0.0,0.0,0.0,0.0,0.0,0.0,0,0,0,0,0.0
Yehor Yarmoliuk,MID,Brentford,129,4,1,2025-08-17T13:00:00Z,False,16,90,1,2,0,0,0,3,0,0,0,0,0,0,0,10,50,4241,0,0,0.08,0.01,1.86,3.6,10.8,7.0,0,0,9,9,1.5
Norberto Bercique Gomes Betuncal,FWD,Everton,311,10,1,2025-08-18T19:00:00Z,False,11,90,1,2,0,0,0,1,0,0,0,0,0,0,0,7,55,858097,0,0,0.06,0.01,2.07,10.2,2.8,7.0,3,1,1,5,2.2
Christian Nørgaard,MID,Arsenal,24,9,1,2025-08-17T15:30:00Z,False,14,0,0,0,0,0,0,0,0,0,0,0,0,0,0,0,55,63529,0,0,0.0,0.0,0.0,0.0,0.0,0.0,0,0,0,0,2.5
Dan Ndoye,MID,Nott'm Forest,669,4,1,2025-08-17T13:00:00Z,True,5,78,1,9,1,0,0,1,0,0,0,0,0,0,2,29,60,27774,0,0,0.1,0.01,1.5,32.2,0.8,27.0,0,0,3,3,2.1
Martin Sherif,FWD,Everton,313,10,1,2025-08-18T19:00:00Z,False,11,0,0,0,0,0,0,0,0,0,0,0,0,0,0,0,45,20821,0,0,0.0,0.0,0.0,0.0,0.0,0.0,0,0,0,0,1.5
Martin Ødegaard,MID,Arsenal,17,9,1,2025-08-17T15:30:00Z,False,14,90,1,5,0,0,1,0,0,0,0,0,0,0,0,16,80,305385,0,0,0.09,0.29,1.52,17.8,20.3,17.0,6,1,7,14,3.1
Malick Yalcouyé,MID,Brighton,174,3,1,2025-08-16T14:00:00Z,True,10,0,0,0,0,0,0,0,0,0,0,0,0,0,0,0,50,1890,0,0,0.0,0.0,0.0,0.0,0.0,0.0,0,0,0,0,0.0
Charalampos Kostoulas,FWD,Brighton,181,3,1,2025-08-16T14:00:00Z,True,10,0,0,0,0,0,0,0,0,0,0,0,0,0,0,0,50,41999,0,0,0.0,0.0,0.0,0.0,0.0,0.0,0,0,0,0,1.4
Romain Esse,MID,Crystal Palace,269,8,1,2025-08-17T13:00:00Z,False,7,0,0,0,0,0,0,0,0,0,0,0,0,0,0,0,50,21037,0,0,0.0,0.0,0.0,0.0,0.0,0.0,0,0,0,0,1.0
Mark Travers,GK,Everton,288,10,1,2025-08-18T19:00:00Z,False,11,0,0,0,0,0,0,0,0,0,0,0,0,0,0,0,45,14759,0,0,0.0,0.0,0.0,0.0,0.0,0.0,0,0,0,0,2.8
Altay Bayındır,GK,Man Utd,431,9,1,2025-08-17T15:30:00Z,True,1,90,1,2,0,0,0,1,0,0,0,0,0,2,0,11,50,31564,0,0,0.0,0.0,1.31,13.4,0.0,0.0,1,0,10,0,2.6
Largie Ramazani,MID,Leeds,357,10,1,2025-08-18T19:00:00Z,True,9,0,0,0,0,0,0,0,0,0,0,0,0,0,0,0,50,4726,0,0,0.0,0.0,0.0,0.0,0.0,0.0,0,0,0,0,1.0
Pedro Lomba Neto,MID,Chelsea,236,8,1,2025-08-17T13:00:00Z,True,8,90,1,3,0,0,1,0,0,0,0,0,0,0,0,18,70,361022,0,0,0.03,0.36,0.66,13.8,37.7,10.0,1,1,4,6,2.8
Rodrigo Martins Gomes,DEF,Wolves,635,7,1,2025-08-16T16:30:00Z,True,13,17,0,1,0,0,0,1,0,0,0,0,0,0,0,-1,45,7112,0,0,0.0,0.0,0.24,2.2,1.0,4.0,0,1,0,1,1.4
Yerson Mosquera Valdelamar,DEF,Wolves,634,7,1,2025-08-16T16:30:00Z,True,13,0,0,0,0,0,0,0,0,0,0,0,0,0,0,0,45,5032,0,0,0.0,0.0,0.0,0.0,0.0,0.0,0,0,0,0,1.4
Iliman Ndiaye,MID,Everton,299,10,1,2025-08-18T19:00:00Z,False,11,90,1,2,0,0,0,1,0,0,0,0,0,0,0,11,65,1180499,0,0,0.0,0.02,2.07,12.6,12.1,2.0,1,2,6,9,2.7
Nicolas Jackson,FWD,Chelsea,251,8,1,2025-08-17T13:00:00Z,True,8,0,0,0,0,0,0,0,0,0,0,0,0,0,0,0,65,5818,0,0,0.0,0.0,0.0,0.0,0.0,0.0,0,0,0,0,0.0
Morgan Rogers,MID,Aston Villa,47,2,1,2025-08-16T11:30:00Z,True,15,90,1,3,0,0,1,0,0,0,0,0,0,0,0,7,70,967291,0,0,0.0,0.05,1.43,7.2,20.1,4.0,1,1,5,7,1.8
Reiss Nelson,MID,Arsenal,27,9,1,2025-08-17T15:30:00Z,False,14,0,0,0,0,0,0,0,0,0,0,0,0,0,0,0,50,12084,0,0,0.0,0.0,0.0,0.0,0.0,0.0,0,0,0,0,2.0
Dan Burn,DEF,Newcastle,476,2,1,2025-08-16T11:30:00Z,False,2,90,1,9,0,0,1,0,0,0,0,0,0,0,1,30,50,329806,0,0,0.0,0.01,0.2,18.6,1.2,2.0,10,1,5,11,3.1
Andreas Hoelgebaum Pereira,MID,Fulham,327,3,1,2025-08-16T14:00:00Z,False,6,0,0,0,0,0,0,0,0,0,0,0,0,0,0,0,55,35842,0,0,0.0,0.0,0.0,0.0,0.0,0.0,0,0,0,0,2.0
Lewis Miley,MID,Newcastle,497,2,1,2025-08-16T11:30:00Z,False,2,7,0,1,0,0,0,0,0,0,0,0,0,0,0,4,45,260133,0,0,0.0,0.01,0.03,2.6,11.0,2.0,0,0,1,1,1.5
Ahmed Abdullahi,FWD,Sunderland,562,5,1,2025-08-16T14:00:00Z,True,19,0,0,0,0,0,0,0,0,0,0,0,0,0,0,0,45,56286,0,0,0.0,0.0,0.0,0.0,0.0,0.0,0,0,0,0,0.5
James McConnell,MID,Liverpool,394,1,1,2025-08-15T19:00:00Z,True,4,0,0,0,0,0,0,0,0,0,0,0,0,0,0,0,45,2780,0,0,0.0,0.0,0.0,0.0,0.0,0.0,0,0,0,0,2.0
Tom McGill,GK,Brighton,140,3,1,2025-08-16T14:00:00Z,True,10,0,0,0,0,0,0,0,0,0,0,0,0,0,0,0,40,35266,0,0,0.0,0.0,0.0,0.0,0.0,0.0,0,0,0,0,1.0
Brayden Clarke,DEF,Arsenal,13,9,1,2025-08-17T15:30:00Z,False,14,0,0,0,0,0,0,0,0,0,0,0,0,0,0,0,40,51990,0,0,0.0,0.0,0.0,0.0,0.0,0.0,0,0,0,0,1.5
Joe Worrall,DEF,Burnley,199,6,1,2025-08-16T14:00:00Z,False,18,0,0,0,0,0,0,0,0,0,0,0,0,0,0,0,40,12556,0,0,0.0,0.0,0.0,0.0,0.0,0.0,0,0,0,0,0.5
Owen Dodgson,DEF,Burnley,189,6,1,2025-08-16T14:00:00Z,False,18,0,0,0,0,0,0,0,0,0,0,0,0,0,0,0,40,3940,0,0,0.0,0.0,0.0,0.0,0.0,0.0,0,0,0,0,0.0
Enzo Fernández,MID,Chelsea,237,8,1,2025-08-17T13:00:00Z,True,8,78,1,3,0,0,1,0,0,0,0,0,0,0,0,11,65,338998,0,0,0.0,0.1,0.61,3.6,16.5,2.0,0,0,0,0,2.7
Julio Enciso Espínola,MID,Brighton,161,3,1,2025-08-16T14:00:00Z,True,10,0,0,0,0,0,0,0,0,0,0,0,0,0,0,0,55,3831,0,0,0.0,0.0,0.0,0.0,0.0,0.0,0,0,0,0,0.0
Emil Krafth,DEF,Newcastle,479,2,1,2025-08-16T11:30:00Z,False,2,0,0,0,0,0,0,0,0,0,0,0,0,0,0,0,45,4646,0,0,0.0,0.0,0.0,0.0,0.0,0.0,0,0,0,0,2.4
Boubacar Kamara,MID,Aston Villa,58,2,1,2025-08-16T11:30:00Z,True,15,90,1,2,0,0,1,0,0,0,0,1,0,0,0,13,50,19130,0,0,0.05,0.03,1.43,13.8,2.2,17.0,3,2,6,11,1.0
Hugo Ekitiké,FWD,Liverpool,661,1,1,2025-08-15T19:00:00Z,True,4,71,1,11,1,1,0,1,0,0,0,0,0,0,2,37,85,1395287,0,0,1.14,0.02,1.49,52.8,24.4,37.0,1,0,0,1,3.7
Amara Nallo,DEF,Liverpool,378,1,1,2025-08-15T19:00:00Z,True,4,0,0,0,0,0,0,0,0,0,0,0,0,0,0,0,40,9069,0,0,0.0,0.0,0.0,0.0,0.0,0.0,0,0,0,0,2.0
Andrew Robertson,DEF,Liverpool,372,1,1,2025-08-15T19:00:00Z,True,4,30,0,0,0,0,0,2,0,0,0,0,0,0,0,-3,60,129710,0,0,0.0,0.04,0.89,5.4,4.1,2.0,2,0,0,2,5.0
Seung-Soo Park,MID,Newcastle,689,2,1,2025-08-16T11:30:00Z,False,2,0,0,0,0,0,0,0,0,0,0,0,0,0,0,0,45,0,0,0,0.0,0.0,0.0,0.0,0.0,0.0,0,0,0,0,1.5
Jason Steele,GK,Brighton,138,3,1,2025-08-16T14:00:00Z,True,10,0,0,0,0,0,0,0,0,0,0,0,0,0,0,0,45,48358,0,0,0.0,0.0,0.0,0.0,0.0,0.0,0,0,0,0,2.3
Joe Gauci,GK,Aston Villa,34,2,1,2025-08-16T11:30:00Z,True,15,0,0,0,0,0,0,0,0,0,0,0,0,0,0,0,40,28905,0,0,0.0,0.0,0.0,0.0,0.0,0.0,0,0,0,0,0.0
Callum Hudson-Odoi,MID,Nott'm Forest,516,4,1,2025-08-17T13:00:00Z,True,5,90,1,2,0,0,0,1,0,0,0,0,0,0,0,20,60,118869,0,0,0.02,0.24,1.5,11.8,32.3,9.0,0,0,0,0,2.1
Trevoh Chalobah,DEF,Chelsea,226,8,1,2025-08-17T13:00:00Z,True,8,90,1,6,0,0,1,0,0,0,0,0,0,0,0,25,50,94789,0,0,0.09,0.03,0.66,21.4,4.9,4.0,9,0,3,9,3.1
Guido Rodríguez,MID,West Ham,618,5,1,2025-08-16T14:00:00Z,False,17,70,1,2,0,0,0,1,0,0,0,0,0,0,0,11,50,4832,0,0,0.03,0.03,0.6,2.2,2.3,2.0,0,0,4,4,2.0
Kepa Arrizabalaga Revuelta,GK,Arsenal,2,9,1,2025-08-17T15:30:00Z,False,14,0,0,0,0,0,0,0,0,0,0,0,0,0,0,0,45,90618,0,0,0.0,0.0,0.0,0.0,0.0,0.0,0,0,0,0,2.8
Daniel Adu-Adjei,FWD,Bournemouth,99,1,1,2025-08-15T19:00:00Z,False,12,0,0,0,0,0,0,0,0,0,0,0,0,0,0,0,45,27741,0,0,0.0,0.0,0.0,0.0,0.0,0.0,0,0,0,0,0.0
Youssef Ramalho Chermiti,FWD,Everton,312,10,1,2025-08-18T19:00:00Z,False,11,0,0,0,0,0,0,0,0,0,0,0,0,0,0,0,50,14087,0,0,0.0,0.0,0.0,0.0,0.0,0.0,0,0,0,0,1.9
Yang Min-hyeok,MID,Spurs,594,6,1,2025-08-16T14:00:00Z,True,3,0,0,0,0,0,0,0,0,0,0,0,0,0,0,0,45,4196,0,0,0.0,0.0,0.0,0.0,0.0,0.0,0,0,0,0,0.0
Ibrahima Konaté,DEF,Liverpool,374,1,1,2025-08-15T19:00:00Z,True,4,90,1,1,0,0,0,2,0,0,0,0,0,0,0,6,55,278294,0,0,0.0,0.0,1.7,21.4,0.6,0.0,7,0,5,7,4.3
Lyle Foster,FWD,Burnley,217,6,1,2025-08-16T14:00:00Z,False,18,73,1,2,0,0,0,3,0,0,0,0,0,0,0,6,50,31392,0,0,0.22,0.04,2.09,4.8,22.7,10.0,2,0,1,3,0.9
Rob Holding,DEF,Crystal Palace,264,8,1,2025-08-17T13:00:00Z,False,7,0,0,0,0,0,0,0,0,0,0,0,0,0,0,0,40,5924,0,0,0.0,0.0,0.0,0.0,0.0,0.0,0,0,0,0,0.0
Manor Solomon,MID,Spurs,589,6,1,2025-08-16T14:00:00Z,True,3,0,0,0,0,0,0,0,0,0,0,0,0,0,0,0,55,1915,0,0,0.0,0.0,0.0,0.0,0.0,0.0,0,0,0,0,0.6
Tommy Setford,GK,Arsenal,4,9,1,2025-08-17T15:30:00Z,False,14,0,0,0,0,0,0,0,0,0,0,0,0,0,0,0,40,13373,0,0,0.0,0.0,0.0,0.0,0.0,0.0,0,0,0,0,1.5
Marcus Edwards,MID,Burnley,206,6,1,2025-08-16T14:00:00Z,False,18,5,0,1,0,0,0,0,0,0,0,0,0,0,0,3,50,9776,0,0,0.0,0.0,0.0,0.0,0.0,0.0,0,0,0,0,1.0
Manuel Benson Hedilazio,MID,Burnley,201,6,1,2025-08-16T14:00:00Z,False,18,0,0,0,0,0,0,0,0,0,0,0,0,0,0,0,55,2306,0,0,0.0,0.0,0.0,0.0,0.0,0.0,0,0,0,0,1.5
Kalvin Phillips,MID,Man City,429,7,1,2025-08-16T16:30:00Z,False,20,0,0,0,0,0,0,0,0,0,0,0,0,0,0,0,50,5452,0,0,0.0,0.0,0.0,0.0,0.0,0.0,0,0,0,0,2.0
Remy Rees-Dottin,MID,Bournemouth,687,1,1,2025-08-15T19:00:00Z,False,12,0,0,0,0,0,0,0,0,0,0,0,0,0,0,0,45,0,0,0,0.0,0.0,0.0,0.0,0.0,0.0,0,0,0,0,0.0
Tyrick Mitchell,DEF,Crystal Palace,258,8,1,2025-08-17T13:00:00Z,False,7,90,1,9,0,0,1,0,0,0,0,0,0,0,1,31,50,116282,0,0,0.0,0.0,1.6,26.0,0.3,0.0,6,5,5,11,2.1
Matheus Nunes,DEF,Man City,407,7,1,2025-08-16T16:30:00Z,False,20,24,0,1,0,0,0,0,0,0,0,0,0,0,0,5,55,48799,0,0,0.0,0.0,0.21,3.8,1.2,0.0,3,1,2,4,3.8
Harrison Jones,MID,Sunderland,557,5,1,2025-08-16T14:00:00Z,True,19,0,0,0,0,0,0,0,0,0,0,0,0,0,0,0,45,6320,0,0,0.0,0.0,0.0,0.0,0.0,0.0,0,0,0,0,0.5
Alex Iwobi,MID,Fulham,324,3,1,2025-08-16T14:00:00Z,False,6,65,1,2,0,0,0,1,0,0,0,0,0,0,0,10,65,158580,0,0,0.01,0.28,1.05,9.6,40.5,1.0,0,0,2,2,2.2
Timothy Castagne,DEF,Fulham,319,3,1,2025-08-16T14:00:00Z,False,6,6,0,1,0,0,0,0,0,0,0,0,0,0,0,3,45,13860,0,0,0.0,0.0,0.4,0.2,0.7,2.0,0,0,0,0,1.9
Bernd Leno,GK,Fulham,314,3,1,2025-08-16T14:00:00Z,False,6,90,1,3,0,0,0,1,0,0,0,0,0,3,0,15,50,155496,0,0,0.0,0.0,1.48,23.6,0.0,0.0,1,0,10,0,3.1
Claudio Echeverri,MID,Man City,425,7,1,2025-08-16T16:30:00Z,False,20,0,0,0,0,0,0,0,0,0,0,0,0,0,0,0,55,3471,0,0,0.0,0.0,0.0,0.0,0.0,0.0,0,0,0,0,2.5
Owen Bevan,DEF,Bournemouth,76,1,1,2025-08-15T19:00:00Z,False,12,0,0,0,0,0,0,0,0,0,0,0,0,0,0,0,40,15673,0,0,0.0,0.0,0.0,0.0,0.0,0.0,0,0,0,0,0.0
Angus Gunn,GK,Nott'm Forest,675,4,1,2025-08-17T13:00:00Z,True,5,0,0,0,0,0,0,0,0,0,0,0,0,0,0,0,40,167619,0,0,0.0,0.0,0.0,0.0,0.0,0.0,0,0,0,0,1.0
Cody Gakpo,MID,Liverpool,384,1,1,2025-08-15T19:00:00Z,True,4,90,1,7,1,0,0,2,0,0,0,0,0,0,0,34,75,694300,0,0,0.2,0.44,1.7,48.2,39.6,46.0,1,1,6,8,3.5
George Earthy,MID,West Ham,620,5,1,2025-08-16T14:00:00Z,False,17,0,0,0,0,0,0,0,0,0,0,0,0,0,0,0,45,8852,0,0,0.0,0.0,0.0,0.0,0.0,0.0,0,0,0,0,0.0
Benjamin Arthur,DEF,Brentford,114,4,1,2025-08-17T13:00:00Z,False,16,0,0,0,0,0,0,0,0,0,0,0,0,0,0,0,40,28228,0,0,0.0,0.0,0.0,0.0,0.0,0.0,0,0,0,0,1.0
Adam Wharton,MID,Crystal Palace,273,8,1,2025-08-17T13:00:00Z,False,7,90,1,3,0,0,1,0,0,0,0,0,0,0,0,14,50,56704,0,0,0.0,0.05,1.6,14.6,22.3,0.0,2,0,4,6,1.0
Tyler Fredricson,DEF,Man Utd,446,9,1,2025-08-17T15:30:00Z,True,1,0,0,0,0,0,0,0,0,0,0,0,0,0,0,0,40,9718,0,0,0.0,0.0,0.0,0.0,0.0,0.0,0,0,0,0,0.5
Ross Barkley,MID,Aston Villa,55,2,1,2025-08-16T11:30:00Z,True,15,0,0,0,0,0,0,0,0,0,0,0,0,0,0,0,50,10334,0,0,0.0,0.0,0.0,0.0,0.0,0.0,0,0,0,0,0.3
Darko Churlinov,MID,Burnley,204,6,1,2025-08-16T14:00:00Z,False,18,0,0,0,0,0,0,0,0,0,0,0,0,0,0,0,50,2352,0,0,0.0,0.0,0.0,0.0,0.0,0.0,0,0,0,0,1.0
Sam Byram,DEF,Leeds,346,10,1,2025-08-18T19:00:00Z,True,9,0,0,0,0,0,0,0,0,0,0,0,0,0,0,0,40,24105,0,0,0.0,0.0,0.0,0.0,0.0,0.0,0,0,0,0,0.5
Chris Richards,DEF,Crystal Palace,261,8,1,2025-08-17T13:00:00Z,False,7,90,1,6,0,0,1,0,0,0,0,0,0,0,0,24,45,141293,0,0,0.08,0.01,1.6,21.8,0.0,4.0,6,2,0,8,1.4
Jacob Murphy,MID,Newcastle,489,2,1,2025-08-16T11:30:00Z,False,2,12,0,1,0,0,0,0,0,0,0,0,0,0,0,3,65,245271,0,0,0.0,0.01,0.03,0.6,1.3,4.0,0,0,2,2,2.7
Filip Jörgensen,GK,Chelsea,221,8,1,2025-08-17T13:00:00Z,True,8,0,0,0,0,0,0,0,0,0,0,0,0,0,0,0,45,19526,0,0,0.0,0.0,0.0,0.0,0.0,0.0,0,0,0,0,2.8
Rodrigo 'Rodri' Hernandez Cascante,MID,Man City,421,7,1,2025-08-16T16:30:00Z,False,20,0,0,0,0,0,0,0,0,0,0,0,0,0,0,0,65,52781,0,0,0.0,0.0,0.0,0.0,0.0,0.0,0,0,0,0,2.7
Ryan Gravenberch,MID,Liverpool,390,1,1,2025-08-15T19:00:00Z,True,4,0,0,0,0,0,0,0,0,0,0,0,0,0,0,0,55,9545,0,0,0.0,0.0,0.0,0.0,0.0,0.0,0,0,0,0,0.0
Naouirou Ahamada,MID,Crystal Palace,275,8,1,2025-08-17T13:00:00Z,False,7,0,0,0,0,0,0,0,0,0,0,0,0,0,0,0,45,3889,0,0,0.0,0.0,0.0,0.0,0.0,0.0,0,0,0,0,0.5
Andrey Nascimento dos Santos,MID,Chelsea,246,8,1,2025-08-17T13:00:00Z,True,8,11,0,1,0,0,0,0,0,0,0,0,0,0,0,1,45,28493,0,0,0.31,0.0,0.05,0.4,0.3,21.0,0,0,0,0,1.5
Jake O'Brien,DEF,Everton,293,10,1,2025-08-18T19:00:00Z,False,11,90,1,2,0,0,0,1,0,0,0,0,0,0,0,0,50,56013,0,0,0.17,0.01,2.07,4.2,1.0,7.0,2,2,5,4,3.1
Gabriel Martinelli Silva,MID,Arsenal,19,9,1,2025-08-17T15:30:00Z,False,14,59,1,1,0,0,0,0,0,0,0,0,0,0,0,8,70,139808,0,0,0.02,0.01,0.7,6.2,10.3,21.0,0,1,3,4,2.8
Omar Marmoush,MID,Man City,413,7,1,2025-08-16T16:30:00Z,False,20,24,0,1,0,0,0,0,0,0,0,0,0,0,0,3,85,1094328,0,0,0.12,0.0,0.21,0.0,0.8,6.0,0,0,1,1,3.2
Patrick Bamford,FWD,Leeds,363,10,1,2025-08-18T19:00:00Z,True,9,0,0,0,0,0,0,0,0,0,0,0,0,0,0,0,50,203728,0,0,0.0,0.0,0.0,0.0,0.0,0.0,0,0,0,0,0.9
Ederson Santana de Moraes,GK,Man City,399,7,1,2025-08-16T16:30:00Z,False,20,0,0,0,0,0,0,0,0,0,0,0,0,0,0,0,55,300506,0,0,0.0,0.0,0.0,0.0,0.0,0.0,0,0,0,0,4.5
Jay Matete,MID,Sunderland,558,5,1,2025-08-16T14:00:00Z,True,19,0,0,0,0,0,0,0,0,0,0,0,0,0,0,0,45,25749,0,0,0.0,0.0,0.0,0.0,0.0,0.0,0,0,0,0,0.5
James Milner,MID,Brighton,170,3,1,2025-08-16T14:00:00Z,True,10,2,0,1,0,0,0,1,0,0,0,0,0,0,0,3,50,10069,0,0,0.0,0.0,0.24,0.0,0.1,0.0,0,0,0,0,1.5
João Pedro Ferreira da Silva,MID,Nott'm Forest,518,4,1,2025-08-17T13:00:00Z,True,5,11,0,1,0,0,0,0,0,0,0,0,0,0,0,6,55,8787,0,0,0.0,0.0,0.0,5.0,0.5,4.0,1,2,0,3,2.0
Darwin Núñez Ribeiro,FWD,Liverpool,397,1,1,2025-08-15T19:00:00Z,True,4,0,0,0,0,0,0,0,0,0,0,0,0,0,0,0,65,23712,0,0,0.0,0.0,0.0,0.0,0.0,0.0,0,0,0,0,0.0
Nazarii Rusyn,FWD,Sunderland,564,5,1,2025-08-16T14:00:00Z,True,19,0,0,0,0,0,0,0,0,0,0,0,0,0,0,0,45,20278,0,0,0.0,0.0,0.0,0.0,0.0,0.0,0,0,0,0,0.5
Blondy Nna Noukeu,GK,Sunderland,530,5,1,2025-08-16T14:00:00Z,True,19,0,0,0,0,0,0,0,0,0,0,0,0,0,0,0,40,14855,0,0,0.0,0.0,0.0,0.0,0.0,0.0,0,0,0,0,0.5
Stefan Bajčetić Maquieira,MID,Liverpool,393,1,1,2025-08-15T19:00:00Z,True,4,0,0,0,0,0,0,0,0,0,0,0,0,0,0,0,45,4817,0,0,0.0,0.0,0.0,0.0,0.0,0.0,0,0,0,0,2.0
Eddie Nketiah,FWD,Crystal Palace,284,8,1,2025-08-17T13:00:00Z,False,7,0,0,0,0,0,0,0,0,0,0,0,0,0,0,0,55,39779,0,0,0.0,0.0,0.0,0.0,0.0,0.0,0,0,0,0,0.0
Sean Longstaff,MID,Leeds,493,10,1,2025-08-18T19:00:00Z,True,9,1,0,1,0,0,0,0,0,0,0,0,0,0,0,3,50,18431,0,0,0.0,0.0,0.0,0.2,0.3,0.0,0,0,0,0,1.0
Jenson Metcalfe,MID,Everton,309,10,1,2025-08-18T19:00:00Z,False,11,0,0,0,0,0,0,0,0,0,0,0,0,0,0,0,45,197,0,0,0.0,0.0,0.0,0.0,0.0,0.0,0,0,0,0,0.0
Nathaniel Clyne,DEF,Crystal Palace,263,8,1,2025-08-17T13:00:00Z,False,7,0,0,0,0,0,0,0,0,0,0,0,0,0,0,0,40,66062,0,0,0.0,0.0,0.0,0.0,0.0,0.0,0,0,0,0,0.5
Pascal Struijk,DEF,Leeds,343,10,1,2025-08-18T19:00:00Z,True,9,90,1,8,0,0,1,0,0,0,0,0,0,0,2,29,45,33176,0,0,0.13,0.01,0.55,23.2,11.4,9.0,8,0,5,8,1.4
Morgan Gibbs-White,MID,Nott'm Forest,515,4,1,2025-08-17T13:00:00Z,True,5,83,1,5,0,1,0,1,0,0,0,0,0,0,0,23,75,500210,0,0,0.38,0.28,1.5,28.8,51.8,15.0,1,1,2,4,2.5
Joe Gelhardt,MID,Leeds,360,10,1,2025-08-18T19:00:00Z,True,9,0,0,0,0,0,0,0,0,0,0,0,0,0,0,0,45,3832,0,0,0.0,0.0,0.0,0.0,0.0,0.0,0,0,0,0,0.0
Mohamed Salah,MID,Liverpool,381,1,1,2025-08-15T19:00:00Z,True,4,90,1,8,1,0,0,2,0,0,0,0,0,0,1,36,145,5221323,0,0,0.26,0.11,1.7,49.0,33.8,51.0,1,0,9,10,5.0
Calvin Ramsay,DEF,Liverpool,380,1,1,2025-08-15T19:00:00Z,True,4,0,0,0,0,0,0,0,0,0,0,0,0,0,0,0,40,15433,0,0,0.0,0.0,0.0,0.0,0.0,0.0,0,0,0,0,2.0
Benjamin Sesko,FWD,Man Utd,681,9,1,2025-08-17T15:30:00Z,True,1,25,0,1,0,0,0,0,0,0,0,0,0,0,0,2,75,780071,0,0,0.11,0.06,0.21,0.0,20.5,12.0,0,0,1,1,1.9
João Pedro Junqueira de Jesus,FWD,Chelsea,249,8,1,2025-08-17T13:00:00Z,True,8,72,1,2,0,0,1,0,0,0,0,0,0,0,0,3,75,5411891,0,0,0.28,0.02,0.6,0.0,5.1,16.0,0,0,1,1,2.9
Isaac Schmidt,DEF,Leeds,349,10,1,2025-08-18T19:00:00Z,True,9,0,0,0,0,0,0,0,0,0,0,0,0,0,0,0,40,18239,0,0,0.0,0.0,0.0,0.0,0.0,0.0,0,0,0,0,0.5
Franco Umeh-Chibueze,MID,Crystal Palace,282,8,1,2025-08-17T13:00:00Z,False,7,0,0,0,0,0,0,0,0,0,0,0,0,0,0,0,45,2757,0,0,0.0,0.0,0.0,0.0,0.0,0.0,0,0,0,0,0.5
James Hill,DEF,Bournemouth,77,1,1,2025-08-15T19:00:00Z,False,12,1,0,1,0,0,0,1,0,0,0,0,0,0,0,0,40,65738,0,0,0.0,0.0,0.11,3.0,0.1,0.0,2,0,0,2,0.0
Bukayo Saka,MID,Arsenal,16,9,1,2025-08-17T15:30:00Z,False,14,90,1,3,0,0,1,0,0,0,0,0,0,0,0,7,100,1602493,0,0,0.15,0.09,1.52,12.0,16.4,7.0,0,3,2,5,3.5
Santiago Ignacio Bueno,DEF,Wolves,636,7,1,2025-08-16T16:30:00Z,True,13,0,0,0,0,0,0,0,0,0,0,0,0,0,0,0,45,4913,0,0,0.0,0.0,0.0,0.0,0.0,0.0,0,0,0,0,1.4
Nicolás Domínguez,MID,Nott'm Forest,519,4,1,2025-08-17T13:00:00Z,True,5,0,0,0,0,0,0,0,0,0,0,0,0,0,0,0,50,175,0,0,0.0,0.0,0.0,0.0,0.0,0.0,0,0,0,0,0.0
Remi Matthews,GK,Crystal Palace,255,8,1,2025-08-17T13:00:00Z,False,7,0,0,0,0,0,0,0,0,0,0,0,0,0,0,0,40,9454,0,0,0.0,0.0,0.0,0.0,0.0,0.0,0,0,0,0,0.5
Illan Meslier,GK,Leeds,339,10,1,2025-08-18T19:00:00Z,True,9,0,0,0,0,0,0,0,0,0,0,0,0,0,0,0,45,77765,0,0,0.0,0.0,0.0,0.0,0.0,0.0,0,0,0,0,1.8
Martin Dúbravka,GK,Burnley,470,6,1,2025-08-16T14:00:00Z,False,18,90,1,2,0,0,0,3,0,0,0,0,0,3,0,5,40,3377673,0,0,0.0,0.0,2.32,25.6,0.0,0.0,0,0,6,0,0.5
Yasin Özcan,DEF,Aston Villa,46,2,1,2025-08-16T11:30:00Z,True,15,0,0,0,0,0,0,0,0,0,0,0,0,0,0,0,40,20091,0,0,0.0,0.0,0.0,0.0,0.0,0.0,0,0,0,0,0.5
Connor Roberts,DEF,Burnley,186,6,1,2025-08-16T14:00:00Z,False,18,0,0,0,0,0,0,0,0,0,0,0,0,0,0,0,45,8899,0,0,0.0,0.0,0.0,0.0,0.0,0.0,0,0,0,0,1.4
Murillo Costa dos Santos,DEF,Nott'm Forest,506,4,1,2025-08-17T13:00:00Z,True,5,90,1,2,0,0,0,1,0,0,0,0,0,0,0,12,55,686137,0,0,0.0,0.02,1.5,11.8,1.6,0.0,5,0,6,5,3.3
Ferdi Kadıoğlu,DEF,Brighton,148,3,1,2025-08-16T14:00:00Z,True,10,21,0,0,0,0,0,1,0,0,0,1,0,0,0,-5,45,19047,0,0,0.0,0.0,0.24,0.0,1.3,0.0,1,0,0,1,1.9
Aji Alese,DEF,Sunderland,533,5,1,2025-08-16T14:00:00Z,True,19,0,0,0,0,0,0,0,0,0,0,0,0,0,0,0,40,494,0,0,0.0,0.0,0.0,0.0,0.0,0.0,0,0,0,0,0.0
Kaden Rodney,MID,Crystal Palace,281,8,1,2025-08-17T13:00:00Z,False,7,0,0,0,0,0,0,0,0,0,0,0,0,0,0,0,45,3947,0,0,0.0,0.0,0.0,0.0,0.0,0.0,0,0,0,0,0.5
Odysseas Vlachodimos,GK,Newcastle,472,2,1,2025-08-16T11:30:00Z,False,2,0,0,0,0,0,0,0,0,0,0,0,0,0,0,0,40,4189,0,0,0.0,0.0,0.0,0.0,0.0,0.0,0,0,0,0,0.0
Yunus Emre Konak,MID,Brentford,131,4,1,2025-08-17T13:00:00Z,False,16,0,0,0,0,0,0,0,0,0,0,0,0,0,0,0,45,18856,0,0,0.0,0.0,0.0,0.0,0.0,0.0,0,0,0,0,1.0
Kyle Walker-Peters,DEF,West Ham,659,5,1,2025-08-16T14:00:00Z,False,17,0,0,0,0,0,0,0,0,0,0,0,0,0,0,0,45,42309,0,0,0.0,0.0,0.0,0.0,0.0,0.0,0,0,0,0,2.4
Gabriel Gudmundsson,DEF,Leeds,347,10,1,2025-08-18T19:00:00Z,True,9,90,1,9,0,0,1,0,0,0,0,0,0,0,3,35,40,275609,0,0,0.17,0.14,0.55,30.4,33.6,17.0,7,1,6,8,0.5
Jacob Slater,DEF,Brighton,155,3,1,2025-08-16T14:00:00Z,True,10,0,0,0,0,0,0,0,0,0,0,0,0,0,0,0,40,17058,0,0,0.0,0.0,0.0,0.0,0.0,0.0,0,0,0,0,1.0
Joe White,MID,Newcastle,498,2,1,2025-08-16T11:30:00Z,False,2,0,0,0,0,0,0,0,0,0,0,0,0,0,0,0,45,1755,0,0,0.0,0.0,0.0,0.0,0.0,0.0,0,0,0,0,0.0
Tyrell Malacia,DEF,Man Utd,448,9,1,2025-08-17T15:30:00Z,True,1,0,0,0,0,0,0,0,0,0,0,0,0,0,0,0,40,29102,0,0,0.0,0.0,0.0,0.0,0.0,0.0,0,0,0,0,0.5
Ian Maatsen,DEF,Aston Villa,39,2,1,2025-08-16T11:30:00Z,True,15,0,0,0,0,0,0,0,0,0,0,0,0,0,0,0,45,86154,0,0,0.0,0.0,0.0,0.0,0.0,0.0,0,0,0,0,1.4
Nathan Aké,DEF,Man City,405,7,1,2025-08-16T16:30:00Z,False,20,0,0,0,0,0,0,0,0,0,0,0,0,0,0,0,55,61989,0,0,0.0,0.0,0.0,0.0,0.0,0.0,0,0,0,0,3.8
Enso González Medina,MID,Wolves,652,7,1,2025-08-16T16:30:00Z,True,13,0,0,0,0,0,0,0,0,0,0,0,0,0,0,0,45,155378,0,0,0.0,0.0,0.0,0.0,0.0,0.0,0,0,0,0,0.5
Jayden Bogle,DEF,Leeds,342,10,1,2025-08-18T19:00:00Z,True,9,90,1,6,0,0,1,0,0,0,0,0,0,0,0,20,45,20368,0,0,0.01,0.01,0.55,13.4,1.2,2.0,3,2,3,5,1.1
James Maddison,MID,Spurs,581,6,1,2025-08-16T14:00:00Z,True,3,0,0,0,0,0,0,0,0,0,0,0,0,0,0,0,70,35018,0,0,0.0,0.0,0.0,0.0,0.0,0.0,0,0,0,0,0.0
Pervis Estupiñán Tenorio,DEF,Brighton,147,3,1,2025-08-16T14:00:00Z,True,10,0,0,0,0,0,0,0,0,0,0,0,0,0,0,0,45,3126,0,0,0.0,0.0,0.0,0.0,0.0,0.0,0,0,0,0,0.0
Solly March,MID,Brighton,159,3,1,2025-08-16T14:00:00Z,True,10,0,0,0,0,0,0,0,0,0,0,0,0,0,0,0,60,2493,0,0,0.0,0.0,0.0,0.0,0.0,0.0,0,0,0,0,0.0
Wes Foderingham,GK,West Ham,601,5,1,2025-08-16T14:00:00Z,False,17,0,0,0,0,0,0,0,0,0,0,0,0,0,0,0,40,57997,0,0,0.0,0.0,0.0,0.0,0.0,0.0,0,0,0,0,1.5
Kobbie Mainoo,MID,Man Utd,458,9,1,2025-08-17T15:30:00Z,True,1,0,0,0,0,0,0,0,0,0,0,0,0,0,0,0,50,69362,0,0,0.0,0.0,0.0,0.0,0.0,0.0,0,0,0,0,1.0
Ryan Yates,MID,Nott'm Forest,522,4,1,2025-08-17T13:00:00Z,True,5,6,0,1,0,0,0,0,0,0,0,0,0,0,0,7,50,13051,0,0,0.0,0.01,0.0,4.6,1.6,2.0,2,0,3,5,1.5
Kevin Schade,MID,Brentford,120,4,1,2025-08-17T13:00:00Z,False,16,45,0,1,0,0,0,0,0,0,0,0,0,0,0,1,70,31063,0,0,0.0,0.04,0.37,4.6,0.9,6.0,2,2,3,7,1.8
David Møller Wolfe,DEF,Wolves,682,7,1,2025-08-16T16:30:00Z,True,13,71,1,1,0,0,0,3,0,0,0,0,0,0,0,-4,45,7272,0,0,0.0,0.0,2.22,7.2,0.8,2.0,3,1,2,4,1.4
Arthur Masuaku,DEF,Sunderland,678,5,1,2025-08-16T14:00:00Z,True,19,0,0,0,0,0,0,0,0,0,0,0,0,0,0,0,40,57197,0,0,0.0,0.0,0.0,0.0,0.0,0.0,0,0,0,0,0.5
Filip Marschall,GK,Aston Villa,35,2,1,2025-08-16T11:30:00Z,True,15,0,0,0,0,0,0,0,0,0,0,0,0,0,0,0,40,2325,0,0,0.0,0.0,0.0,0.0,0.0,0.0,0,0,0,0,0.0
Joe Gomez,DEF,Liverpool,376,1,1,2025-08-15T19:00:00Z,True,4,18,0,1,0,0,0,1,0,0,0,0,0,0,0,-1,50,6742,0,0,0.0,0.0,0.21,2.4,0.4,0.0,1,0,1,1,2.7
Felipe Rodrigues da Silva,DEF,Nott'm Forest,511,4,1,2025-08-17T13:00:00Z,True,5,0,0,0,0,0,0,0,0,0,0,0,0,0,0,0,45,9134,0,0,0.0,0.0,0.0,0.0,0.0,0.0,0,0,0,0,1.9
Mohammed Kudus,MID,Spurs,582,6,1,2025-08-16T14:00:00Z,True,3,84,1,10,0,2,1,0,0,0,0,0,0,0,1,35,65,2398659,0,0,0.06,0.58,0.94,45.4,74.0,11.0,0,1,3,4,2.7
Richarlison de Andrade,FWD,Spurs,597,6,1,2025-08-16T14:00:00Z,True,3,71,1,13,2,0,1,0,0,0,0,0,0,0,3,61,65,168159,0,0,0.78,0.01,0.89,73.6,0.5,80.0,3,0,2,5,2.7
Michael Kayode,DEF,Brentford,110,4,1,2025-08-17T13:00:00Z,False,16,90,1,1,0,0,0,3,0,0,0,0,0,0,0,3,45,17414,0,0,0.0,0.08,1.86,17.8,20.5,0.0,4,2,2,6,1.9
Granit Xhaka,MID,Sunderland,668,5,1,2025-08-16T14:00:00Z,True,19,90,1,3,0,0,1,0,0,0,0,0,0,0,0,10,50,266288,0,0,0.0,0.04,0.56,15.4,31.8,0.0,3,1,2,6,1.0
Mikkel Damsgaard,MID,Brentford,121,4,1,2025-08-17T13:00:00Z,False,16,0,0,0,0,0,0,0,0,0,0,0,0,0,0,0,60,109890,0,0,0.0,0.0,0.0,0.0,0.0,0.0,0,0,0,0,2.1
Albert Sambi Lokonga,MID,Arsenal,29,9,1,2025-08-17T15:30:00Z,False,14,0,0,0,0,0,0,0,0,0,0,0,0,0,0,0,45,12350,0,0,0.0,0.0,0.0,0.0,0.0,0.0,0,0,0,0,1.5
Declan Rice,MID,Arsenal,21,9,1,2025-08-17T15:30:00Z,False,14,82,1,6,0,1,1,0,0,0,0,0,0,0,0,14,65,728172,0,0,0.13,0.01,1.04,2.6,1.3,8.0,1,0,3,4,2.7
Mathias Jensen,MID,Brentford,126,4,1,2025-08-17T13:00:00Z,False,16,68,1,2,0,0,0,3,0,0,0,0,0,0,0,10,50,8568,0,0,0.13,0.03,1.86,9.0,25.4,8.0,2,2,1,5,1.5
Joël Veltman,DEF,Brighton,152,3,1,2025-08-16T14:00:00Z,True,10,0,0,0,0,0,0,0,0,0,0,0,0,0,0,0,45,25315,0,0,0.0,0.0,0.0,0.0,0.0,0.0,0,0,0,0,1.9
Joachim Andersen,DEF,Fulham,317,3,1,2025-08-16T14:00:00Z,False,6,90,1,2,0,0,0,1,0,0,0,0,0,0,0,14,45,299085,0,0,0.0,0.01,1.48,16.4,1.0,4.0,5,3,1,8,1.9
James Garner,MID,Everton,303,10,1,2025-08-18T19:00:00Z,False,11,90,1,2,0,0,0,1,0,0,0,0,0,0,0,16,50,9282,0,0,0.03,0.01,2.07,16.4,3.2,2.0,4,2,3,9,2.0
Joshua Zirkzee,FWD,Man Utd,466,9,1,2025-08-17T15:30:00Z,True,1,0,0,0,0,0,0,0,0,0,0,0,0,0,0,0,60,35612,0,0,0.0,0.0,0.0,0.0,0.0,0.0,0,0,0,0,1.5
Jayden Meghoma,DEF,Brentford,118,4,1,2025-08-17T13:00:00Z,False,16,0,0,0,0,0,0,0,0,0,0,0,0,0,0,0,40,13634,0,0,0.0,0.0,0.0,0.0,0.0,0.0,0,0,0,0,1.0
Conor Bradley,DEF,Liverpool,375,1,1,2025-08-15T19:00:00Z,True,4,0,0,0,0,0,0,0,0,0,0,0,0,0,0,0,50,13853,0,0,0.0,0.0,0.0,0.0,0.0,0.0,0,0,0,0,1.8
Igor Thiago Nascimento Rodrigues,FWD,Brentford,136,4,1,2025-08-17T13:00:00Z,False,16,90,1,6,1,0,0,3,0,0,0,0,0,0,0,17,60,80239,0,0,0.91,0.01,1.86,36.4,10.7,22.0,1,1,0,2,2.0
Florian Wirtz,MID,Liverpool,382,1,1,2025-08-15T19:00:00Z,True,4,81,1,2,0,0,0,2,0,0,0,0,0,0,0,14,85,3336069,0,0,0.14,0.28,1.7,12.0,45.0,12.0,1,2,6,9,3.7
Leandro Trossard,MID,Arsenal,20,9,1,2025-08-17T15:30:00Z,False,14,0,0,0,0,0,0,0,0,0,0,0,0,0,0,0,70,38245,0,0,0.0,0.0,0.0,0.0,0.0,0.0,0,0,0,0,2.1
William Saliba,DEF,Arsenal,6,9,1,2025-08-17T15:30:00Z,False,14,90,1,9,0,0,1,0,0,0,0,0,0,0,1,25,60,1257079,0,0,0.0,0.0,1.52,31.4,0.1,0.0,10,4,3,14,4.5
Harry Amass,DEF,Man Utd,445,9,1,2025-08-17T15:30:00Z,True,1,0,0,0,0,0,0,0,0,0,0,0,0,0,0,0,40,16284,0,0,0.0,0.0,0.0,0.0,0.0,0.0,0,0,0,0,0.5
Cheick Doucouré,MID,Crystal Palace,268,8,1,2025-08-17T13:00:00Z,False,7,0,0,0,0,0,0,0,0,0,0,0,0,0,0,0,50,412,0,0,0.0,0.0,0.0,0.0,0.0,0.0,0,0,0,0,0.0
Anthony Elanga,MID,Newcastle,486,2,1,2025-08-16T11:30:00Z,False,2,77,1,3,0,0,1,0,0,0,0,0,0,0,0,10,70,813368,0,0,0.57,0.06,0.17,8.6,29.8,27.0,0,0,3,3,2.8
Noni Madueke,MID,Arsenal,18,9,1,2025-08-17T15:30:00Z,False,14,30,0,1,0,0,0,0,0,0,0,0,0,0,0,2,70,109369,0,0,0.0,0.02,0.82,1.6,10.7,2.0,0,0,0,0,2.8
Saša Lukić,MID,Fulham,332,3,1,2025-08-16T14:00:00Z,False,6,90,1,2,0,0,0,1,0,0,0,0,0,0,0,9,50,5926,0,0,0.0,0.01,1.48,1.8,13.3,2.0,2,1,0,3,1.5
Stefan Ortega Moreno,GK,Man City,400,7,1,2025-08-16T16:30:00Z,False,20,0,0,0,0,0,0,0,0,0,0,0,0,0,0,0,50,24396,0,0,0.0,0.0,0.0,0.0,0.0,0.0,0,0,0,0,3.6
Rúben dos Santos Gato Alves Dias,DEF,Man City,408,7,1,2025-08-16T16:30:00Z,False,20,90,1,6,0,0,1,0,0,0,0,0,0,0,0,26,55,281477,0,0,0.0,0.08,0.56,21.6,1.7,2.0,4,0,4,4,3.8
Chris Mepham,DEF,Bournemouth,79,1,1,2025-08-15T19:00:00Z,False,12,0,0,0,0,0,0,0,0,0,0,0,0,0,0,0,40,18559,0,0,0.0,0.0,0.0,0.0,0.0,0.0,0,0,0,0,0.0
Joe Willock,MID,Newcastle,494,2,1,2025-08-16T11:30:00Z,False,2,0,0,0,0,0,0,0,0,0,0,0,0,0,0,0,50,4036,0,0,0.0,0.0,0.0,0.0,0.0,0.0,0,0,0,0,0.0
Elliot Anderson,MID,Nott'm Forest,517,4,1,2025-08-17T13:00:00Z,True,5,90,1,6,0,1,0,1,0,0,0,0,0,0,1,24,55,664673,0,0,0.39,0.28,1.5,28.6,21.3,20.0,1,2,8,11,2.0
Jack Hinshelwood,MID,Brighton,163,3,1,2025-08-16T14:00:00Z,True,10,0,0,0,0,0,0,0,0,0,0,0,0,0,0,0,55,11289,0,0,0.0,0.0,0.0,0.0,0.0,0.0,0,0,0,0,2.0
David Brooks,MID,Bournemouth,86,1,1,2025-08-15T19:00:00Z,False,12,83,1,4,0,1,0,2,0,0,0,1,0,0,0,23,50,11665,0,0,0.19,0.19,1.9,27.2,40.3,18.0,0,2,5,7,0.5
Nikola Milenković,DEF,Nott'm Forest,505,4,1,2025-08-17T13:00:00Z,True,5,90,1,2,0,0,0,1,0,0,0,0,0,0,0,5,55,1001005,0,0,0.0,0.0,1.5,17.2,0.5,0.0,7,1,2,8,3.3
Julio Soler Barreto,DEF,Bournemouth,80,1,1,2025-08-15T19:00:00Z,False,12,0,0,0,0,0,0,0,0,0,0,0,0,0,0,0,40,25868,0,0,0.0,0.0,0.0,0.0,0.0,0.0,0,0,0,0,0.0
Mamadou Sarr,DEF,Chelsea,231,8,1,2025-08-17T13:00:00Z,True,8,0,0,0,0,0,0,0,0,0,0,0,0,0,0,0,45,2776,0,0,0.0,0.0,0.0,0.0,0.0,0.0,0,0,0,0,0.0
Lukas Nmecha,FWD,Leeds,365,10,1,2025-08-18T19:00:00Z,True,9,12,0,5,1,0,0,0,0,0,0,0,0,0,0,20,50,37636,0,0,0.85,0.01,0.28,34.0,1.6,22.0,1,0,2,3,0.9
Loum Tchaouna,MID,Burnley,210,6,1,2025-08-16T14:00:00Z,False,18,16,0,1,0,0,0,0,0,0,0,0,0,0,0,4,50,2436,0,0,0.0,0.01,0.23,3.2,0.8,0.0,0,1,1,2,1.0
Ollie Watkins,FWD,Aston Villa,64,2,1,2025-08-16T11:30:00Z,True,15,90,1,2,0,0,1,0,0,0,0,0,0,0,0,12,90,2661379,0,0,0.12,0.01,1.43,10.6,12.2,27.0,2,0,3,5,2.3
James Ward-Prowse,MID,West Ham,614,5,1,2025-08-16T14:00:00Z,False,17,70,1,2,0,0,0,1,0,0,0,0,0,0,0,13,60,38763,0,0,0.0,0.02,0.6,5.8,15.2,2.0,0,1,2,3,2.6
Jarrod Bowen,FWD,West Ham,624,5,1,2025-08-16T14:00:00Z,False,17,90,1,2,0,0,0,3,0,0,0,0,0,0,0,13,80,1697709,0,0,0.15,0.05,0.68,10.6,4.3,34.0,0,2,6,8,3.0
Nico González Iglesias,MID,Man City,423,7,1,2025-08-16T16:30:00Z,False,20,90,1,3,0,0,1,0,0,0,0,0,0,0,0,27,60,6190,0,0,0.05,0.05,0.56,24.8,5.6,6.0,4,3,4,11,2.6
Gonçalo Manuel Ganchinho Guedes,MID,Wolves,647,7,1,2025-08-16T16:30:00Z,True,13,0,0,0,0,0,0,0,0,0,0,0,0,0,0,0,55,1178,0,0,0.0,0.0,0.0,0.0,0.0,0.0,0,0,0,0,0.0
Alan Browne,MID,Sunderland,555,5,1,2025-08-16T14:00:00Z,True,19,0,0,0,0,0,0,0,0,0,0,0,0,0,0,0,45,9691,0,0,0.0,0.0,0.0,0.0,0.0,0.0,0,0,0,0,0.5
Jaka Bijol,DEF,Leeds,344,10,1,2025-08-18T19:00:00Z,True,9,0,0,0,0,0,0,0,0,0,0,0,0,0,0,0,40,15339,0,0,0.0,0.0,0.0,0.0,0.0,0.0,0,0,0,0,0.0
Alex Scott,MID,Bournemouth,90,1,1,2025-08-15T19:00:00Z,False,12,73,1,2,0,0,0,2,0,0,0,0,0,0,0,7,50,7941,0,0,0.0,0.0,1.81,2.0,2.1,2.0,1,0,2,3,0.5
Lewis O'Brien,MID,Nott'm Forest,520,4,1,2025-08-17T13:00:00Z,True,5,0,0,0,0,0,0,0,0,0,0,0,0,0,0,0,50,219,0,0,0.0,0.0,0.0,0.0,0.0,0.0,0,0,0,0,0.0
Patrick Roberts,MID,Sunderland,545,5,1,2025-08-16T14:00:00Z,True,19,0,0,0,0,0,0,0,0,0,0,0,0,0,0,0,55,3966,0,0,0.0,0.0,0.0,0.0,0.0,0.0,0,0,0,0,1.5
Álex Moreno Lopera,DEF,Aston Villa,43,2,1,2025-08-16T11:30:00Z,True,15,0,0,0,0,0,0,0,0,0,0,0,0,0,0,0,40,974310,0,0,0.0,0.0,0.0,0.0,0.0,0.0,0,0,0,0,0.5
Eric da Silva Moreira,MID,Nott'm Forest,523,4,1,2025-08-17T13:00:00Z,True,5,0,0,0,0,0,0,0,0,0,0,0,0,0,0,0,45,16761,0,0,0.0,0.0,0.0,0.0,0.0,0.0,0,0,0,0,1.0
Leny Yoro,DEF,Man Utd,444,9,1,2025-08-17T15:30:00Z,True,1,90,1,4,0,0,0,1,0,0,0,0,0,0,0,11,45,133992,0,0,0.0,0.01,1.31,18.2,2.6,0.0,10,1,4,11,1.4
Shurandy Sambo,DEF,Burnley,196,6,1,2025-08-16T14:00:00Z,False,18,0,0,0,0,0,0,0,0,0,0,0,0,0,0,0,40,12114,0,0,0.0,0.0,0.0,0.0,0.0,0.0,0,0,0,0,0.5
Diego Gómez Amarilla,MID,Brighton,169,3,1,2025-08-16T14:00:00Z,True,10,21,0,0,0,0,0,1,0,0,0,1,0,0,0,7,50,5898,0,0,0.03,0.03,0.24,7.6,11.3,7.0,1,2,2,5,1.5
Neco Williams,DEF,Nott'm Forest,508,4,1,2025-08-17T13:00:00Z,True,5,90,1,1,0,0,0,1,0,0,0,1,0,0,0,10,50,1038264,0,0,0.0,0.09,1.5,19.0,28.8,2.0,4,2,2,6,2.6
David Mota Veiga Teixeira do Carmo,DEF,Nott'm Forest,509,4,1,2025-08-17T13:00:00Z,True,5,0,0,0,0,0,0,0,0,0,0,0,0,0,0,0,45,4405,0,0,0.0,0.0,0.0,0.0,0.0,0.0,0,0,0,0,1.9
Harrison Armstrong,MID,Everton,305,10,1,2025-08-18T19:00:00Z,False,11,0,0,0,0,0,0,0,0,0,0,0,0,0,0,0,45,13170,0,0,0.0,0.0,0.0,0.0,0.0,0.0,0,0,0,0,1.1
Lucas Pires Silva,DEF,Burnley,195,6,1,2025-08-16T14:00:00Z,False,18,0,0,0,0,0,0,0,0,0,0,0,0,0,0,0,40,14801,0,0,0.0,0.0,0.0,0.0,0.0,0.0,0,0,0,0,0.5
Anthony Patterson,GK,Sunderland,528,5,1,2025-08-16T14:00:00Z,True,19,0,0,0,0,0,0,0,0,0,0,0,0,0,0,0,45,32612,0,0,0.0,0.0,0.0,0.0,0.0,0.0,0,0,0,0,1.8
Wilson Isidor,FWD,Sunderland,560,5,1,2025-08-16T14:00:00Z,True,19,14,0,5,1,0,0,0,0,0,0,0,0,0,0,29,55,21380,0,0,0.04,0.0,0.23,34.2,0.1,17.0,1,0,1,2,1.2
Jack Harrison,MID,Leeds,352,10,1,2025-08-18T19:00:00Z,True,9,12,0,1,0,0,0,0,0,0,0,0,0,0,0,3,55,15044,0,0,0.0,0.0,0.28,2.2,1.3,2.0,0,1,0,1,1.5
Dango Ouattara,MID,Bournemouth,83,1,1,2025-08-15T19:00:00Z,False,12,0,0,0,0,0,0,0,0,0,0,0,0,0,0,0,60,8768,0,0,0.0,0.0,0.0,0.0,0.0,0.0,0,0,0,0,1.1
Mathys Tel,MID,Spurs,584,6,1,2025-08-16T14:00:00Z,True,3,5,0,1,0,0,0,0,0,0,0,0,0,0,0,1,65,13227,0,0,0.0,0.0,0.0,0.0,0.1,0.0,0,0,0,0,2.7
Charlie Crew,MID,Leeds,359,10,1,2025-08-18T19:00:00Z,True,9,0,0,0,0,0,0,0,0,0,0,0,0,0,0,0,45,1383,0,0,0.0,0.0,0.0,0.0,0.0,0.0,0,0,0,0,0.0
Ryan Trevitt,MID,Brentford,134,4,1,2025-08-17T13:00:00Z,False,16,0,0,0,0,0,0,0,0,0,0,0,0,0,0,0,45,1421,0,0,0.0,0.0,0.0,0.0,0.0,0.0,0,0,0,0,0.0
Sandro Tonali,MID,Newcastle,491,2,1,2025-08-16T11:30:00Z,False,2,90,1,3,0,0,1,0,0,0,0,0,0,0,0,20,55,186533,0,0,0.0,0.18,0.2,13.8,29.2,0.0,2,2,5,9,2.5
Ben Broggio,MID,Aston Villa,60,2,1,2025-08-16T11:30:00Z,True,15,0,0,0,0,0,0,0,0,0,0,0,0,0,0,0,45,27312,0,0,0.0,0.0,0.0,0.0,0.0,0.0,0,0,0,0,0.5
Matt Doherty,DEF,Wolves,632,7,1,2025-08-16T16:30:00Z,True,13,90,1,-1,0,0,0,4,0,0,0,1,0,0,0,-1,45,18592,0,0,0.0,0.01,2.47,9.8,5.9,0.0,2,3,6,5,1.4
Niclas Füllkrug,FWD,West Ham,625,5,1,2025-08-16T14:00:00Z,False,17,90,1,2,0,0,0,3,0,0,0,0,0,0,0,-1,60,370060,0,0,0.14,0.08,0.68,0.8,14.5,34.0,0,0,0,0,2.5
Maldini Kacurri,DEF,Arsenal,14,9,1,2025-08-17T15:30:00Z,False,14,0,0,0,0,0,0,0,0,0,0,0,0,0,0,0,40,15532,0,0,0.0,0.0,0.0,0.0,0.0,0.0,0,0,0,0,1.5
Donyell Malen,MID,Aston Villa,53,2,1,2025-08-16T11:30:00Z,True,15,6,0,1,0,0,0,0,0,0,0,0,0,0,0,4,55,194436,0,0,0.03,0.0,0.1,3.0,0.0,17.0,0,0,0,0,1.5
Bafodé Diakité,DEF,Bournemouth,685,1,1,2025-08-15T19:00:00Z,False,12,90,1,0,0,0,0,4,0,0,0,0,0,0,0,2,45,10051,0,0,0.0,0.0,2.21,14.8,0.2,0.0,7,2,8,9,0.9
Leander Dendoncker,MID,Aston Villa,61,2,1,2025-08-16T11:30:00Z,True,15,0,0,0,0,0,0,0,0,0,0,0,0,0,0,0,45,35798,0,0,0.0,0.0,0.0,0.0,0.0,0.0,0,0,0,0,0.5
Robin Roefs,GK,Sunderland,670,5,1,2025-08-16T14:00:00Z,True,19,90,1,8,0,0,1,0,0,0,0,0,0,4,1,31,45,18876,0,0,0.0,0.0,0.56,30.0,0.0,0.0,3,0,10,0,1.8
Lesley Ugochukwu,MID,Burnley,676,6,1,2025-08-16T14:00:00Z,False,18,27,0,1,0,0,0,1,0,0,0,0,0,0,0,1,50,3821,0,0,0.05,0.0,0.91,0.0,0.3,3.0,0,0,1,1,1.0
Borna Sosa,DEF,Crystal Palace,259,8,1,2025-08-17T13:00:00Z,False,7,0,0,0,0,0,0,0,0,0,0,0,0,0,0,0,50,12789,0,0,0.0,0.0,0.0,0.0,0.0,0.0,0,0,0,0,2.1
Kaelan Casey,DEF,West Ham,611,5,1,2025-08-16T14:00:00Z,False,17,0,0,0,0,0,0,0,0,0,0,0,0,0,0,0,40,21222,0,0,0.0,0.0,0.0,0.0,0.0,0.0,0,0,0,0,0.0
Hamed Traorè,MID,Bournemouth,93,1,1,2025-08-15T19:00:00Z,False,12,16,0,4,0,1,0,2,0,0,0,0,0,0,0,12,45,31095,0,0,0.0,0.0,0.4,21.2,10.0,0.0,1,1,2,4,0.0
Jack Fletcher,MID,Man Utd,462,9,1,2025-08-17T15:30:00Z,True,1,0,0,0,0,0,0,0,0,0,0,0,0,0,0,0,45,3449,0,0,0.0,0.0,0.0,0.0,0.0,0.0,0,0,0,0,0.5
Riccardo Calafiori,DEF,Arsenal,7,9,1,2025-08-17T15:30:00Z,False,14,71,1,13,1,0,1,0,0,0,0,1,0,0,2,33,55,63049,0,0,0.91,0.01,0.87,36.2,2.1,35.0,3,1,5,4,3.8
David Raya Martín,GK,Arsenal,1,9,1,2025-08-17T15:30:00Z,False,14,90,1,10,0,0,1,0,0,0,0,1,0,7,3,38,55,1531911,0,0,0.0,0.0,1.52,49.2,0.0,0.0,1,0,13,0,4.5
Jesurun Rak-Sakyi,MID,Crystal Palace,278,8,1,2025-08-17T13:00:00Z,False,7,0,0,0,0,0,0,0,0,0,0,0,0,0,0,0,45,6524,0,0,0.0,0.0,0.0,0.0,0.0,0.0,0,0,0,0,0.5
Nectarios Triantis,MID,Sunderland,559,5,1,2025-08-16T14:00:00Z,True,19,0,0,0,0,0,0,0,0,0,0,0,0,0,0,0,45,7443,0,0,0.0,0.0,0.0,0.0,0.0,0.0,0,0,0,0,0.5
Romelle Donovan,MID,Brentford,130,4,1,2025-08-17T13:00:00Z,False,16,0,0,0,0,0,0,0,0,0,0,0,0,0,0,0,45,10765,0,0,0.0,0.0,0.0,0.0,0.0,0.0,0,0,0,0,1.0
Maxim De Cuyper,DEF,Brighton,145,3,1,2025-08-16T14:00:00Z,True,10,90,1,2,0,0,0,1,0,0,0,0,0,0,0,8,45,634857,0,0,0.0,0.09,0.76,15.0,26.7,4.0,4,2,3,6,1.9
Joël Piroe,FWD,Leeds,362,10,1,2025-08-18T19:00:00Z,True,9,77,1,2,0,0,1,0,0,0,0,0,0,0,0,4,55,204534,0,0,0.28,0.04,0.28,2.0,5.6,44.0,0,0,4,4,1.2
Marco Bizot,GK,Aston Villa,33,2,1,2025-08-16T11:30:00Z,True,15,90,1,7,0,0,1,0,0,0,0,0,0,3,0,29,45,33426,0,0,0.0,0.0,1.43,19.6,0.0,0.0,1,0,12,0,1.8
Maxwel Cornet,MID,West Ham,617,5,1,2025-08-16T14:00:00Z,False,17,0,0,0,0,0,0,0,0,0,0,0,0,0,0,0,50,3419,0,0,0.0,0.0,0.0,0.0,0.0,0.0,0,0,0,0,2.0
Vitor de Oliveira Nunes dos Reis,DEF,Man City,412,7,1,2025-08-16T16:30:00Z,False,20,0,0,0,0,0,0,0,0,0,0,0,0,0,0,0,50,1413,0,0,0.0,0.0,0.0,0.0,0.0,0.0,0,0,0,0,0.0
Sam Johnstone,GK,Wolves,627,7,1,2025-08-16T16:30:00Z,True,13,0,0,0,0,0,0,0,0,0,0,0,0,0,0,0,45,13614,0,0,0.0,0.0,0.0,0.0,0.0,0.0,0,0,0,0,1.8
Antonee Robinson,DEF,Fulham,316,3,1,2025-08-16T14:00:00Z,False,6,0,0,0,0,0,0,0,0,0,0,0,0,0,0,0,50,98549,0,0,0.0,0.0,0.0,0.0,0.0,0.0,0,0,0,0,0.0
Jørgen Strand Larsen,FWD,Wolves,654,7,1,2025-08-16T16:30:00Z,True,13,81,1,2,0,0,0,4,0,0,0,0,0,0,0,8,65,474697,0,0,0.38,0.01,2.28,11.0,2.3,45.0,3,1,1,5,1.7
Estêvão Almeida de Oliveira Gonçalves,MID,Chelsea,238,8,1,2025-08-17T13:00:00Z,True,8,36,0,0,0,0,0,0,0,0,0,1,0,0,0,-3,65,159108,0,0,0.34,0.37,0.07,1.2,4.9,8.0,1,0,2,3,2.7
Tom Watson,MID,Brighton,172,3,1,2025-08-16T14:00:00Z,True,10,0,0,0,0,0,0,0,0,0,0,0,0,0,0,0,50,2213,0,0,0.0,0.0,0.0,0.0,0.0,0.0,0,0,0,0,1.5
Lucas Estella Perri,GK,Leeds,665,10,1,2025-08-18T19:00:00Z,True,9,90,1,6,0,0,1,0,0,0,0,0,0,1,0,24,45,33149,0,0,0.0,0.0,0.55,11.2,0.0,0.0,2,0,8,0,1.8
Timothée Pembélé,DEF,Sunderland,540,5,1,2025-08-16T14:00:00Z,True,19,0,0,0,0,0,0,0,0,0,0,0,0,0,0,0,40,18421,0,0,0.0,0.0,0.0,0.0,0.0,0.0,0,0,0,0,0.5
Roméo Lavia,MID,Chelsea,244,8,1,2025-08-17T13:00:00Z,True,8,0,0,0,0,0,0,0,0,0,0,0,0,0,0,0,50,2949,0,0,0.0,0.0,0.0,0.0,0.0,0.0,0,0,0,0,0.0
Jan Paul van Hecke,DEF,Brighton,151,3,1,2025-08-16T14:00:00Z,True,10,90,1,2,0,0,0,1,0,0,0,0,0,0,0,15,45,117209,0,0,0.0,0.13,0.76,28.0,1.3,0.0,7,1,4,8,1.9
Mike Penders,GK,Chelsea,222,8,1,2025-08-17T13:00:00Z,True,8,0,0,0,0,0,0,0,0,0,0,0,0,0,0,0,40,694,0,0,0.0,0.0,0.0,0.0,0.0,0.0,0,0,0,0,0.0
Oleksandr Zinchenko,DEF,Arsenal,12,9,1,2025-08-17T15:30:00Z,False,14,0,0,0,0,0,0,0,0,0,0,0,0,0,0,0,50,32155,0,0,0.0,0.0,0.0,0.0,0.0,0.0,0,0,0,0,3.1
Harvey Barnes,MID,Newcastle,487,2,1,2025-08-16T11:30:00Z,False,2,89,1,3,0,0,1,0,0,0,0,0,0,0,0,15,65,56401,0,0,0.23,0.33,0.2,12.8,56.8,25.0,1,0,3,4,2.7
Josh Nichols,DEF,Arsenal,15,9,1,2025-08-17T15:30:00Z,False,14,0,0,0,0,0,0,0,0,0,0,0,0,0,0,0,40,15940,0,0,0.0,0.0,0.0,0.0,0.0,0.0,0,0,0,0,1.5
Jhon Arias,MID,Wolves,663,7,1,2025-08-16T16:30:00Z,True,13,17,0,1,0,0,0,1,0,0,0,0,0,0,0,2,55,71620,0,0,0.0,0.02,0.24,2.2,12.0,2.0,1,0,2,3,1.5
Chido Obi,FWD,Man Utd,467,9,1,2025-08-17T15:30:00Z,True,1,0,0,0,0,0,0,0,0,0,0,0,0,0,0,0,45,227817,0,0,0.0,0.0,0.0,0.0,0.0,0.0,0,0,0,0,0.5
Marc Guiu Paz,FWD,Sunderland,252,5,1,2025-08-16T14:00:00Z,True,19,0,0,0,0,0,0,0,0,0,0,0,0,0,0,0,45,1988465,0,0,0.0,0.0,0.0,0.0,0.0,0.0,0,0,0,0,0.5
Aaron Ramsey,MID,Burnley,211,6,1,2025-08-16T14:00:00Z,False,18,0,0,0,0,0,0,0,0,0,0,0,0,0,0,0,45,977143,0,0,0.0,0.0,0.0,0.0,0.0,0.0,0,0,0,0,0.5
John McGinn,MID,Aston Villa,54,2,1,2025-08-16T11:30:00Z,True,15,83,1,3,0,0,1,0,0,0,0,0,0,0,0,10,55,63899,0,0,0.0,0.09,1.33,5.0,19.3,6.0,0,0,7,7,1.5
Chadi Riad Dnanou,DEF,Crystal Palace,262,8,1,2025-08-17T13:00:00Z,False,7,0,0,0,0,0,0,0,0,0,0,0,0,0,0,0,40,848,0,0,0.0,0.0,0.0,0.0,0.0,0.0,0,0,0,0,0.0
Pedro Cardoso de Lima,DEF,Wolves,640,7,1,2025-08-16T16:30:00Z,True,13,0,0,0,0,0,0,0,0,0,0,0,0,0,0,0,40,107124,0,0,0.0,0.0,0.0,0.0,0.0,0.0,0,0,0,0,0.5
Hannes Delcroix,DEF,Burnley,188,6,1,2025-08-16T14:00:00Z,False,18,0,0,0,0,0,0,0,0,0,0,0,0,0,0,0,40,30051,0,0,0.0,0.0,0.0,0.0,0.0,0.0,0,0,0,0,0.5
Phil Foden,MID,Man City,414,7,1,2025-08-16T16:30:00Z,False,20,0,0,0,0,0,0,0,0,0,0,0,0,0,0,0,80,112706,0,0,0.0,0.0,0.0,0.0,0.0,0.0,0,0,0,0,3.1
Tom Heaton,GK,Man Utd,434,9,1,2025-08-17T15:30:00Z,True,1,0,0,0,0,0,0,0,0,0,0,0,0,0,0,0,40,30304,0,0,0.0,0.0,0.0,0.0,0.0,0.0,0,0,0,0,0.5
Wilson Odobert,MID,Spurs,588,6,1,2025-08-16T14:00:00Z,True,3,10,0,1,0,0,0,0,0,0,0,0,0,0,0,4,55,3524,0,0,0.0,0.01,0.0,2.2,10.5,0.0,0,0,1,1,2.5
Alex Murphy,DEF,Newcastle,481,2,1,2025-08-16T11:30:00Z,False,2,0,0,0,0,0,0,0,0,0,0,0,0,0,0,0,40,77262,0,0,0.0,0.0,0.0,0.0,0.0,0.0,0,0,0,0,1.5
Bernardo Mota Veiga de Carvalho e Silva,MID,Man City,416,7,1,2025-08-16T16:30:00Z,False,20,65,1,3,0,0,1,0,0,0,0,0,0,0,0,25,65,76463,0,0,0.0,0.44,0.35,22.0,62.0,4.0,1,4,4,9,2.7
Hannibal Mejbri,MID,Burnley,207,6,1,2025-08-16T14:00:00Z,False,18,62,1,2,0,0,0,2,0,0,0,0,0,0,0,8,50,13476,0,0,0.03,0.01,1.41,0.0,1.7,5.0,0,0,1,1,1.0
Jacob Bruun Larsen,MID,Burnley,202,6,1,2025-08-16T14:00:00Z,False,18,27,0,1,0,0,0,1,0,0,0,0,0,0,0,2,55,3981,0,0,0.0,0.01,0.91,3.6,0.7,8.0,1,0,1,2,1.5
Dennis Cirkin,DEF,Sunderland,535,5,1,2025-08-16T14:00:00Z,True,19,0,0,0,0,0,0,0,0,0,0,0,0,0,0,0,40,3057,0,0,0.0,0.0,0.0,0.0,0.0,0.0,0,0,0,0,0.0
Daniel Muñoz Mejía,DEF,Crystal Palace,256,8,1,2025-08-17T13:00:00Z,False,7,90,1,5,0,0,1,0,0,0,0,1,0,0,0,17,55,813663,0,0,0.05,0.0,1.6,10.0,0.4,6.0,6,2,2,8,2.8
Bastien Meupiyou Menadjou,DEF,Wolves,639,7,1,2025-08-16T16:30:00Z,True,13,0,0,0,0,0,0,0,0,0,0,0,0,0,0,0,40,1665,0,0,0.0,0.0,0.0,0.0,0.0,0.0,0,0,0,0,0.0
Radu Drăgușin,DEF,Spurs,572,6,1,2025-08-16T14:00:00Z,True,3,0,0,0,0,0,0,0,0,0,0,0,0,0,0,0,45,486,0,0,0.0,0.0,0.0,0.0,0.0,0.0,0,0,0,0,0.0
Dean Henderson,GK,Crystal Palace,253,8,1,2025-08-17T13:00:00Z,False,7,90,1,6,0,0,1,0,0,0,0,0,0,2,0,27,50,649134,0,0,0.0,0.0,1.6,22.4,10.0,0.0,2,0,5,0,2.6
Jayce Fitzgerald,MID,Man Utd,461,9,1,2025-08-17T15:30:00Z,True,1,0,0,0,0,0,0,0,0,0,0,0,0,0,0,0,45,3389,0,0,0.0,0.0,0.0,0.0,0.0,0.0,0,0,0,0,0.5
Nayef Aguerd,DEF,West Ham,607,5,1,2025-08-16T14:00:00Z,False,17,90,1,1,0,0,0,3,0,0,0,0,0,0,0,1,45,11692,0,0,0.0,0.02,0.68,14.6,3.0,0.0,2,0,4,2,2.4
Danny Welbeck,FWD,Brighton,178,3,1,2025-08-16T14:00:00Z,True,10,21,0,1,0,0,0,1,0,0,0,0,0,0,0,3,65,448372,0,0,0.0,0.0,0.24,2.2,0.6,2.0,0,1,0,1,2.2
Tom King,GK,Wolves,630,7,1,2025-08-16T16:30:00Z,True,13,0,0,0,0,0,0,0,0,0,0,0,0,0,0,0,40,154364,0,0,0.0,0.0,0.0,0.0,0.0,0.0,0,0,0,0,1.5
Maxime Estève,DEF,Burnley,191,6,1,2025-08-16T14:00:00Z,False,18,90,1,1,0,0,0,3,0,0,0,0,0,0,0,0,40,1993509,0,0,0.05,0.0,2.32,19.4,0.5,17.0,8,0,2,8,0.5
Antoine Semenyo,MID,Bournemouth,82,1,1,2025-08-15T19:00:00Z,False,12,90,1,15,2,0,0,4,0,0,0,0,0,0,3,42,70,462445,0,0,0.91,0.02,2.21,66.4,1.3,32.0,1,1,3,5,1.4
Rodrigo Muniz Carvalho,FWD,Fulham,338,3,1,2025-08-16T14:00:00Z,False,6,24,0,7,1,0,0,0,0,0,0,1,0,0,3,25,55,184777,0,0,0.15,0.0,0.43,31.0,0.0,33.0,0,0,0,0,1.7
Sven Botman,DEF,Newcastle,475,2,1,2025-08-16T11:30:00Z,False,2,0,0,0,0,0,0,0,0,0,0,0,0,0,0,0,50,46324,0,0,0.0,0.0,0.0,0.0,0.0,0.0,0,0,0,0,3.1
Omar Alderete,DEF,Sunderland,683,5,1,2025-08-16T14:00:00Z,True,19,37,0,4,0,1,0,0,0,0,0,0,0,0,0,16,40,69254,0,0,0.0,0.12,0.23,30.0,14.4,0.0,4,1,1,5,0.5
Nico O'Reilly,DEF,Man City,411,7,1,2025-08-16T16:30:00Z,False,20,24,0,0,0,0,0,0,0,0,0,1,0,0,0,-2,50,15747,0,0,0.0,0.01,0.21,0.0,5.0,0.0,0,0,0,0,3.1
Liam Delap,FWD,Chelsea,250,8,1,2025-08-17T13:00:00Z,True,8,17,0,1,0,0,0,0,0,0,0,0,0,0,0,4,65,394977,0,0,0.05,0.01,0.05,5.4,1.3,19.0,1,0,1,2,2.7
Malcolm Ebiowei,MID,Crystal Palace,277,8,1,2025-08-17T13:00:00Z,False,7,0,0,0,0,0,0,0,0,0,0,0,0,0,0,0,45,1092,0,0,0.0,0.0,0.0,0.0,0.0,0.0,0,0,0,0,0.0
Benjamin White,DEF,Arsenal,11,9,1,2025-08-17T15:30:00Z,False,14,70,1,6,0,0,1,0,0,0,0,0,0,0,0,23,55,73566,0,0,0.01,0.01,0.87,15.4,11.3,1.0,6,2,4,8,3.8
Miodrag Pivaš,DEF,Newcastle,483,2,1,2025-08-16T11:30:00Z,False,2,0,0,0,0,0,0,0,0,0,0,0,0,0,0,0,40,11196,0,0,0.0,0.0,0.0,0.0,0.0,0.0,0,0,0,0,1.5
Freddie Woodman,GK,Liverpool,369,1,1,2025-08-15T19:00:00Z,True,4,0,0,0,0,0,0,0,0,0,0,0,0,0,0,0,40,8250,0,0,0.0,0.0,0.0,0.0,0.0,0.0,0,0,0,0,2.0
Adam Webster,DEF,Brighton,153,3,1,2025-08-16T14:00:00Z,True,10,0,0,0,0,0,0,0,0,0,0,0,0,0,0,0,45,1517,0,0,0.0,0.0,0.0,0.0,0.0,0.0,0,0,0,0,0.0
Reece James,DEF,Chelsea,225,8,1,2025-08-17T13:00:00Z,True,8,78,1,5,0,0,1,0,0,0,0,1,0,0,0,29,55,485657,0,0,0.0,0.19,0.61,17.0,46.6,0.0,6,1,6,7,3.8
Alex Paulsen,GK,Bournemouth,70,1,1,2025-08-15T19:00:00Z,False,12,0,0,0,0,0,0,0,0,0,0,0,0,0,0,0,40,12585,0,0,0.0,0.0,0.0,0.0,0.0,0.0,0,0,0,0,0.0
Chris Wood,FWD,Nott'm Forest,525,4,1,2025-08-17T13:00:00Z,True,5,78,1,13,2,0,0,1,0,0,0,0,0,0,3,58,75,1261678,0,0,0.95,0.01,1.5,66.2,4.3,54.0,0,0,2,2,2.4
Rayan Cherki,MID,Man City,417,7,1,2025-08-16T16:30:00Z,False,20,17,0,6,1,0,0,0,0,0,0,0,0,0,0,22,65,748450,0,0,0.06,0.03,0.21,35.8,2.8,7.0,1,0,0,1,2.7
Emiliano Martínez Romero,GK,Aston Villa,32,2,1,2025-08-16T11:30:00Z,True,15,0,0,0,0,0,0,0,0,0,0,0,0,0,0,0,50,45391,0,0,0.0,0.0,0.0,0.0,0.0,0.0,0,0,0,0,0.0
Josh King,MID,Fulham,335,3,1,2025-08-16T14:00:00Z,False,6,76,1,2,0,0,0,1,0,0,0,0,0,0,0,11,45,80361,0,0,0.18,0.13,1.07,12.4,14.0,27.0,0,3,6,9,1.0
Lewis Dunk,DEF,Brighton,146,3,1,2025-08-16T14:00:00Z,True,10,90,1,2,0,0,0,1,0,0,0,0,0,0,0,16,45,116430,0,0,0.09,0.0,0.76,16.6,1.8,7.0,7,1,5,8,1.9
Willy Boly,DEF,Nott'm Forest,514,4,1,2025-08-17T13:00:00Z,True,5,0,0,0,0,0,0,0,0,0,0,0,0,0,0,0,40,49986,0,0,0.0,0.0,0.0,0.0,0.0,0.0,0,0,0,0,1.0
William Osula,FWD,Newcastle,500,2,1,2025-08-16T11:30:00Z,False,2,1,0,1,0,0,0,0,0,0,0,0,0,0,0,3,55,21467,0,0,0.03,0.02,0.0,0.0,0.3,7.0,0,0,0,0,2.2
Luca Koleosho,MID,Burnley,208,6,1,2025-08-16T14:00:00Z,False,18,0,0,0,0,0,0,0,0,0,0,0,0,0,0,0,50,3453,0,0,0.0,0.0,0.0,0.0,0.0,0.0,0,0,0,0,1.0
Omar Richards,DEF,Nott'm Forest,512,4,1,2025-08-17T13:00:00Z,True,5,0,0,0,0,0,0,0,0,0,0,0,0,0,0,0,45,4215,0,0,0.0,0.0,0.0,0.0,0.0,0.0,0,0,0,0,1.9
Anthony Gordon,MID,Newcastle,485,2,1,2025-08-16T11:30:00Z,False,2,90,1,3,0,0,1,0,0,0,0,0,0,0,0,4,75,151396,0,0,0.55,0.03,0.2,5.4,13.0,41.0,0,0,4,4,3.0
Antoni Milambo,MID,Brentford,122,4,1,2025-08-17T13:00:00Z,False,16,45,1,1,0,0,0,3,0,0,0,0,0,0,0,5,55,5740,0,0,0.0,0.01,1.49,4.0,1.8,0.0,0,2,2,4,2.0
Martín Zubimendi Ibáñez,MID,Arsenal,26,9,1,2025-08-17T15:30:00Z,False,14,90,1,5,0,0,1,0,0,0,0,0,0,0,0,15,55,201395,0,0,0.0,0.01,1.52,16.0,1.9,2.0,4,3,5,12,2.5
Jaidon Anthony,MID,Burnley,200,6,1,2025-08-16T14:00:00Z,False,18,84,1,2,0,0,0,3,0,0,0,0,0,0,0,9,55,10479,0,0,0.44,0.36,2.32,7.0,26.2,32.0,0,0,4,4,1.5
Curtis Jones,MID,Liverpool,388,1,1,2025-08-15T19:00:00Z,True,4,18,0,1,0,0,0,1,0,0,0,0,0,0,0,4,55,11008,0,0,0.0,0.04,0.21,3.2,10.9,0.0,0,0,1,1,3.0
Caoimhín Kelleher,GK,Brentford,101,4,1,2025-08-17T13:00:00Z,False,16,90,1,1,0,0,0,3,0,0,0,0,0,2,0,4,45,1113397,0,0,0.0,0.0,1.86,11.8,0.0,0.0,4,0,14,0,1.7
James McAtee,MID,Man City,426,7,1,2025-08-16T16:30:00Z,False,20,0,0,0,0,0,0,0,0,0,0,0,0,0,0,0,55,15888,0,0,0.0,0.0,0.0,0.0,0.0,0.0,0,0,0,0,2.0
Guglielmo Vicario,GK,Spurs,565,6,1,2025-08-16T14:00:00Z,True,3,90,1,9,0,0,1,0,0,0,0,0,0,4,2,36,50,394152,0,0,0.0,0.0,0.94,30.0,0.0,0.0,1,0,7,0,3.6
Zach Marsh,FWD,Crystal Palace,286,8,1,2025-08-17T13:00:00Z,False,7,0,0,0,0,0,0,0,0,0,0,0,0,0,0,0,45,24573,0,0,0.0,0.0,0.0,0.0,0.0,0.0,0,0,0,0,0.5
Joe Anderson,DEF,Sunderland,534,5,1,2025-08-16T14:00:00Z,True,19,0,0,0,0,0,0,0,0,0,0,0,0,0,0,0,40,46797,0,0,0.0,0.0,0.0,0.0,0.0,0.0,0,0,0,0,0.5
Noussair Mazraoui,DEF,Man Utd,438,9,1,2025-08-17T15:30:00Z,True,1,0,0,0,0,0,0,0,0,0,0,0,0,0,0,0,50,32058,0,0,0.0,0.0,0.0,0.0,0.0,0.0,0,0,0,0,0.0
Cristian Romero,DEF,Spurs,569,6,1,2025-08-16T14:00:00Z,True,3,90,1,6,0,0,1,0,0,0,0,0,0,0,0,22,50,326209,0,0,0.0,0.02,0.94,18.0,1.4,6.0,5,0,3,5,3.1
Václav Hladký,GK,Burnley,185,6,1,2025-08-16T14:00:00Z,False,18,0,0,0,0,0,0,0,0,0,0,0,0,0,0,0,40,19982,0,0,0.0,0.0,0.0,0.0,0.0,0.0,0,0,0,0,0.5
Mads Roerslev Rasmussen,DEF,Brentford,112,4,1,2025-08-17T13:00:00Z,False,16,0,0,0,0,0,0,0,0,0,0,0,0,0,0,0,45,4481,0,0,0.0,0.0,0.0,0.0,0.0,0.0,0,0,0,0,1.9
Diogo Dalot Teixeira,DEF,Man Utd,440,9,1,2025-08-17T15:30:00Z,True,1,54,1,1,0,0,0,1,0,0,0,0,0,0,0,2,45,221219,0,0,0.0,0.15,1.03,6.8,14.1,2.0,3,1,2,4,1.4
Justin Kluivert,MID,Bournemouth,81,1,1,2025-08-15T19:00:00Z,False,12,0,0,0,0,0,0,0,0,0,0,0,0,0,0,0,70,97484,0,0,0.0,0.0,0.0,0.0,0.0,0.0,0,0,0,0,0.0
Keane Lewis-Potter,DEF,Brentford,107,4,1,2025-08-17T13:00:00Z,False,16,68,1,1,0,0,0,3,0,0,0,0,0,0,0,-8,50,40255,0,0,0.12,0.0,1.86,5.4,4.5,7.0,3,2,2,5,2.6
Kristoffer Ajer,DEF,Brentford,108,4,1,2025-08-17T13:00:00Z,False,16,0,0,0,0,0,0,0,0,0,0,0,0,0,0,0,45,17903,0,0,0.0,0.0,0.0,0.0,0.0,0.0,0,0,0,0,1.9
Georginio Rutter,MID,Brighton,158,3,1,2025-08-16T14:00:00Z,True,10,68,1,6,0,1,1,0,0,0,0,0,0,0,0,15,60,141983,0,0,0.07,0.0,0.52,2.2,1.2,15.0,0,1,1,2,2.1
Hwang Hee-chan,MID,Wolves,642,7,1,2025-08-16T16:30:00Z,True,13,8,0,1,0,0,0,0,0,0,0,0,0,0,0,3,60,15472,0,0,0.0,0.02,0.19,3.0,10.3,0.0,0,1,0,1,1.6
Ashley Phillips,DEF,Spurs,576,6,1,2025-08-16T14:00:00Z,True,3,0,0,0,0,0,0,0,0,0,0,0,0,0,0,0,40,3401,0,0,0.0,0.0,0.0,0.0,0.0,0.0,0,0,0,0,0.0
Quilindschy Hartman,DEF,Burnley,192,6,1,2025-08-16T14:00:00Z,False,18,90,1,1,0,0,0,3,0,0,0,0,0,0,0,-2,40,49228,0,0,0.0,0.04,2.32,13.4,11.7,2.0,5,1,2,6,0.5
Bruno Guimarães Rodriguez Moura,MID,Newcastle,488,2,1,2025-08-16T11:30:00Z,False,2,90,1,3,0,0,1,0,0,0,0,0,0,0,0,11,65,163281,0,0,0.0,0.1,0.2,7.6,22.6,2.0,1,2,5,8,2.7
Eiran Cashin,DEF,Brighton,154,3,1,2025-08-16T14:00:00Z,True,10,0,0,0,0,0,0,0,0,0,0,0,0,0,0,0,40,1366,0,0,0.0,0.0,0.0,0.0,0.0,0.0,0,0,0,0,0.0
Nathan Patterson,DEF,Everton,296,10,1,2025-08-18T19:00:00Z,False,11,0,0,0,0,0,0,0,0,0,0,0,0,0,0,0,45,3246,0,0,0.0,0.0,0.0,0.0,0.0,0.0,0,0,0,0,1.8
Andrew Moran,MID,Brighton,177,3,1,2025-08-16T14:00:00Z,True,10,0,0,0,0,0,0,0,0,0,0,0,0,0,0,0,45,5349,0,0,0.0,0.0,0.0,0.0,0.0,0.0,0,0,0,0,1.0
Adrien Truffert,DEF,Bournemouth,74,1,1,2025-08-15T19:00:00Z,False,12,90,1,0,0,0,0,4,0,0,0,0,0,0,0,-1,45,65217,0,0,0.0,0.13,2.21,18.2,19.1,0.0,4,2,4,6,0.9
Enes Ünal,FWD,Bournemouth,98,1,1,2025-08-15T19:00:00Z,False,12,0,0,0,0,0,0,0,0,0,0,0,0,0,0,0,55,1219,0,0,0.0,0.0,0.0,0.0,0.0,0.0,0,0,0,0,0.0
Dário Luís Essugo,MID,Chelsea,247,8,1,2025-08-17T13:00:00Z,True,8,0,0,0,0,0,0,0,0,0,0,0,0,0,0,0,45,4534,0,0,0.0,0.0,0.0,0.0,0.0,0.0,0,0,0,0,1.5
Aaron Ramsdale,GK,Newcastle,674,2,1,2025-08-16T11:30:00Z,False,2,0,0,0,0,0,0,0,0,0,0,0,0,0,0,0,50,84769,0,0,0.0,0.0,0.0,0.0,0.0,0.0,0,0,0,0,3.6
Moisés Caicedo Corozo,MID,Chelsea,241,8,1,2025-08-17T13:00:00Z,True,8,90,1,5,0,0,1,0,0,0,0,0,0,0,0,18,55,507894,0,0,0.04,0.04,0.66,31.2,3.9,2.0,6,5,1,12,2.5
Taiwo Awoniyi,FWD,Nott'm Forest,527,4,1,2025-08-17T13:00:00Z,True,5,0,0,0,0,0,0,0,0,0,0,0,0,0,0,0,55,74110,0,0,0.0,0.0,0.0,0.0,0.0,0.0,0,0,0,0,1.7
Niall Huggins,DEF,Sunderland,537,5,1,2025-08-16T14:00:00Z,True,19,0,0,0,0,0,0,0,0,0,0,0,0,0,0,0,40,18481,0,0,0.0,0.0,0.0,0.0,0.0,0.0,0,0,0,0,0.5
Konstantinos Tsimikas,DEF,Liverpool,377,1,1,2025-08-15T19:00:00Z,True,4,0,0,0,0,0,0,0,0,0,0,0,0,0,0,0,50,11722,0,0,0.0,0.0,0.0,0.0,0.0,0.0,0,0,0,0,3.6
Adam Smith,DEF,Bournemouth,73,1,1,2025-08-15T19:00:00Z,False,12,89,1,1,0,0,0,3,0,0,0,0,0,0,0,2,45,16405,0,0,0.0,0.08,2.1,12.2,10.5,4.0,8,1,2,9,0.9
Tyrone Mings,DEF,Aston Villa,40,2,1,2025-08-16T11:30:00Z,True,15,90,1,6,0,0,1,0,0,0,0,0,0,0,0,25,45,70548,0,0,0.0,0.0,1.43,13.0,3.7,0.0,5,0,2,5,1.4
Luke Shaw,DEF,Man Utd,443,9,1,2025-08-17T15:30:00Z,True,1,79,1,2,0,0,0,1,0,0,0,0,0,0,0,7,45,18807,0,0,0.0,0.02,1.1,11.2,12.5,0.0,1,3,5,4,1.4
Aaron Hickey,DEF,Brentford,116,4,1,2025-08-17T13:00:00Z,False,16,2,0,0,0,0,0,0,0,0,0,1,0,0,0,1,40,45444,0,0,0.0,0.0,0.0,2.0,0.0,0.0,1,1,0,2,1.0
Sékou Koné,MID,Man Utd,463,9,1,2025-08-17T15:30:00Z,True,1,0,0,0,0,0,0,0,0,0,0,0,0,0,0,0,45,6854,0,0,0.0,0.0,0.0,0.0,0.0,0.0,0,0,0,0,0.5
Jordan Pickford,GK,Everton,287,10,1,2025-08-18T19:00:00Z,False,11,90,1,2,0,0,0,1,0,0,0,0,0,2,0,12,55,1105014,0,0,0.0,0.0,2.07,21.2,0.0,0.0,3,0,8,0,4.5
Enzo Barrenechea,MID,Aston Villa,56,2,1,2025-08-16T11:30:00Z,True,15,0,0,0,0,0,0,0,0,0,0,0,0,0,0,0,50,80,0,0,0.0,0.0,0.0,0.0,0.0,0.0,0,0,0,0,0.0
Pau Torres,DEF,Aston Villa,41,2,1,2025-08-16T11:30:00Z,True,15,0,0,0,0,0,0,0,0,0,0,0,0,0,0,0,45,46913,0,0,0.0,0.0,0.0,0.0,0.0,0.0,0,0,0,0,1.4
Bart Verbruggen,GK,Brighton,139,3,1,2025-08-16T14:00:00Z,True,10,90,1,2,0,0,0,1,0,0,0,0,0,1,0,9,45,773743,0,0,0.0,0.0,0.76,14.4,0.0,0.0,1,0,6,0,2.3
Tariq Lamptey,DEF,Brighton,150,3,1,2025-08-16T14:00:00Z,True,10,0,0,0,0,0,0,0,0,0,0,0,0,0,0,0,45,39147,0,0,0.0,0.0,0.0,0.0,0.0,0.0,0,0,0,0,1.9
Ashley Barnes,FWD,Burnley,218,6,1,2025-08-16T14:00:00Z,False,18,0,0,0,0,0,0,0,0,0,0,0,0,0,0,0,45,242675,0,0,0.0,0.0,0.0,0.0,0.0,0.0,0,0,0,0,0.5
Sverre Nypan,MID,Man City,428,7,1,2025-08-16T16:30:00Z,False,20,0,0,0,0,0,0,0,0,0,0,0,0,0,0,0,50,3189,0,0,0.0,0.0,0.0,0.0,0.0,0.0,0,0,0,0,2.0
Josh Acheampong,DEF,Chelsea,233,8,1,2025-08-17T13:00:00Z,True,8,90,1,9,0,0,1,0,0,0,0,0,0,0,3,35,40,22750,0,0,0.09,0.01,0.66,16.2,2.3,10.0,6,2,4,8,1.5
Igor Jesus Maciel da Cruz,FWD,Nott'm Forest,526,4,1,2025-08-17T13:00:00Z,True,5,11,0,1,0,0,0,0,0,0,0,0,0,0,0,2,60,76886,0,0,0.0,0.0,0.0,1.0,1.5,2.0,1,0,0,1,2.0
Illia Zabarnyi,DEF,Bournemouth,71,1,1,2025-08-15T19:00:00Z,False,12,0,0,0,0,0,0,0,0,0,0,0,0,0,0,0,50,11034,0,0,0.0,0.0,0.0,0.0,0.0,0.0,0,0,0,0,0.0
Junior Kroupi,FWD,Bournemouth,100,1,1,2025-08-15T19:00:00Z,False,12,1,0,1,0,0,0,1,0,0,0,0,0,0,0,2,45,85883,0,0,0.0,0.0,0.11,0.0,0.0,0.0,0,0,0,0,0.0
Julián Araujo Zúñiga,DEF,Bournemouth,78,1,1,2025-08-15T19:00:00Z,False,12,0,0,0,0,0,0,0,0,0,0,0,0,0,0,0,40,126674,0,0,0.0,0.0,0.0,0.0,0.0,0.0,0,0,0,0,0.0
Milos Kerkez,DEF,Liverpool,371,1,1,2025-08-15T19:00:00Z,True,4,59,1,0,0,0,0,0,0,0,0,1,0,0,0,5,60,669998,0,0,0.0,0.01,0.81,8.4,1.3,0.0,5,1,5,6,5.0
Lamare Bogarde,DEF,Aston Villa,44,2,1,2025-08-16T11:30:00Z,True,15,0,0,0,0,0,0,0,0,0,0,0,0,0,0,0,40,29819,0,0,0.0,0.0,0.0,0.0,0.0,0.0,0,0,0,0,0.5
Dermot Mee,GK,Man Utd,435,9,1,2025-08-17T15:30:00Z,True,1,0,0,0,0,0,0,0,0,0,0,0,0,0,0,0,40,10308,0,0,0.0,0.0,0.0,0.0,0.0,0.0,0,0,0,0,0.5
Alisson Becker,GK,Liverpool,366,1,1,2025-08-15T19:00:00Z,True,4,90,1,1,0,0,0,2,0,0,0,0,0,1,0,8,55,1083053,0,0,0.0,0.01,1.7,13.6,0.0,0.0,2,0,7,0,5.0
Fabian Schär,DEF,Newcastle,474,2,1,2025-08-16T11:30:00Z,False,2,90,1,8,0,0,1,0,0,0,0,0,0,0,0,26,55,238259,0,0,0.04,0.03,0.2,13.8,1.9,4.0,10,1,5,11,3.8
Marc Cucurella Saseta,DEF,Chelsea,224,8,1,2025-08-17T13:00:00Z,True,8,90,1,8,0,0,1,0,0,0,0,0,0,0,2,34,60,1776709,0,0,0.11,0.1,0.66,11.6,15.8,13.0,2,2,4,4,4.5
Norberto Murara Neto,GK,Bournemouth,66,1,1,2025-08-15T19:00:00Z,False,12,0,0,0,0,0,0,0,0,0,0,0,0,0,0,0,45,23568,0,0,0.0,0.0,0.0,0.0,0.0,0.0,0,0,0,0,0.0
Max Weiß,GK,Burnley,183,6,1,2025-08-16T14:00:00Z,False,18,0,0,0,0,0,0,0,0,0,0,0,0,0,0,0,45,16387,0,0,0.0,0.0,0.0,0.0,0.0,0.0,0,0,0,0,1.8
Amad Diallo,MID,Man Utd,452,9,1,2025-08-17T15:30:00Z,True,1,35,0,1,0,0,0,0,0,0,0,0,0,0,0,12,65,290466,0,0,0.03,0.04,0.27,13.4,12.3,19.0,0,3,1,4,1.7
Jorge Cuenca Barreno,DEF,Fulham,321,3,1,2025-08-16T14:00:00Z,False,6,83,1,2,0,0,0,1,0,0,0,0,0,0,0,10,45,3772,0,0,0.0,0.01,1.07,9.6,1.2,4.0,2,1,4,3,1.9
Oliver Sonne,DEF,Burnley,197,6,1,2025-08-16T14:00:00Z,False,18,73,1,1,0,0,0,3,0,0,0,0,0,0,0,-4,40,11752,0,0,0.03,0.08,2.09,4.6,15.9,6.0,0,0,1,0,0.5
Edson Álvarez Velázquez,MID,West Ham,616,5,1,2025-08-16T14:00:00Z,False,17,0,0,0,0,0,0,0,0,0,0,0,0,0,0,0,50,16761,0,0,0.0,0.0,0.0,0.0,0.0,0.0,0,0,0,0,2.0
Yankuba Minteh,MID,Brighton,160,3,1,2025-08-16T14:00:00Z,True,10,68,1,3,0,0,1,0,0,0,0,0,0,0,0,7,60,122796,0,0,0.09,0.02,0.52,0.4,2.9,12.0,1,0,3,4,2.1
Eberechi Eze,MID,Crystal Palace,266,8,1,2025-08-17T13:00:00Z,False,7,83,1,3,0,0,1,0,0,0,0,0,0,0,0,10,75,992634,0,0,0.24,0.0,1.22,7.2,2.6,26.0,1,1,5,7,2.0
Lewis Orford,MID,West Ham,622,5,1,2025-08-16T14:00:00Z,False,17,0,0,0,0,0,0,0,0,0,0,0,0,0,0,0,45,14232,0,0,0.0,0.0,0.0,0.0,0.0,0.0,0,0,0,0,1.5
Simon Adingra,MID,Sunderland,543,5,1,2025-08-16T14:00:00Z,True,19,75,1,6,0,1,1,0,0,0,0,0,0,0,0,8,55,153075,0,0,0.14,0.02,0.33,0.0,14.5,6.0,0,1,2,3,1.5
Alexander Isak,FWD,Newcastle,499,2,1,2025-08-16T11:30:00Z,False,2,0,0,0,0,0,0,0,0,0,0,0,0,0,0,0,105,844225,0,0,0.0,0.0,0.0,0.0,0.0,0.0,0,0,0,0,0.0
Dominic Solanke-Mitchell,FWD,Spurs,596,6,1,2025-08-16T14:00:00Z,True,3,19,0,1,0,0,0,0,0,0,0,0,0,0,0,5,75,471372,0,0,0.08,0.0,0.04,2.0,0.3,6.0,1,1,0,2,2.9
Rodrigo Bentancur,MID,Spurs,585,6,1,2025-08-16T14:00:00Z,True,3,19,0,1,0,0,0,0,0,0,0,0,0,0,0,5,55,15285,0,0,0.0,0.0,0.04,4.8,0.8,0.0,1,1,1,3,2.5
Patrick Dorgu,DEF,Man Utd,441,9,1,2025-08-17T15:30:00Z,True,1,90,1,1,0,0,0,1,0,0,0,1,0,0,0,4,45,632629,0,0,0.04,0.02,1.31,9.0,2.8,8.0,1,4,2,5,1.4
Ayden Heaven,DEF,Man Utd,447,9,1,2025-08-17T15:30:00Z,True,1,0,0,0,0,0,0,0,0,0,0,0,0,0,0,0,40,156737,0,0,0.0,0.0,0.0,0.0,0.0,0.0,0,0,0,0,0.5
James Tarkowski,DEF,Everton,291,10,1,2025-08-18T19:00:00Z,False,11,90,1,4,0,0,0,1,0,0,0,0,0,0,0,7,55,704639,0,0,0.2,0.01,2.07,31.0,2.1,7.0,13,2,3,15,3.8
Facundo Buonanotte,MID,Brighton,168,3,1,2025-08-16T14:00:00Z,True,10,0,0,0,0,0,0,0,0,0,0,0,0,0,0,0,50,20776,0,0,0.0,0.0,0.0,0.0,0.0,0.0,0,0,0,0,1.5
Jack Moorhouse,MID,Man Utd,464,9,1,2025-08-17T15:30:00Z,True,1,0,0,0,0,0,0,0,0,0,0,0,0,0,0,0,45,2629,0,0,0.0,0.0,0.0,0.0,0.0,0.0,0,0,0,0,0.5
Carlos Henrique Casimiro,MID,Man Utd,457,9,1,2025-08-17T15:30:00Z,True,1,64,1,2,0,0,0,1,0,0,0,0,0,0,0,15,55,16521,0,0,0.0,0.02,1.1,9.2,11.6,0.0,0,3,2,5,1.5
José Malheiro de Sá,GK,Wolves,628,7,1,2025-08-16T16:30:00Z,True,13,90,1,0,0,0,0,4,0,0,0,0,0,0,0,-8,45,198832,0,0,0.0,0.0,2.47,3.6,0.0,0.0,1,0,6,0,1.8
Callan McKenna,GK,Bournemouth,69,1,1,2025-08-15T19:00:00Z,False,12,0,0,0,0,0,0,0,0,0,0,0,0,0,0,0,40,19490,0,0,0.0,0.0,0.0,0.0,0.0,0.0,0,0,0,0,0.0
Fábio Freitas Gouveia Carvalho,MID,Brentford,123,4,1,2025-08-17T13:00:00Z,False,16,90,1,2,0,0,0,3,0,0,0,0,0,0,0,7,50,29503,0,0,0.03,0.03,1.86,5.4,5.0,3.0,0,3,4,7,1.5
Sean Neave,FWD,Newcastle,501,2,1,2025-08-16T11:30:00Z,False,2,0,0,0,0,0,0,0,0,0,0,0,0,0,0,0,45,21580,0,0,0.0,0.0,0.0,0.0,0.0,0.0,0,0,0,0,1.5
Luis Díaz Marulanda,MID,Liverpool,383,1,1,2025-08-15T19:00:00Z,True,4,0,0,0,0,0,0,0,0,0,0,0,0,0,0,0,80,12733,0,0,0.0,0.0,0.0,0.0,0.0,0.0,0,0,0,0,0.0
Joe Hodge,MID,Wolves,653,7,1,2025-08-16T16:30:00Z,True,13,0,0,0,0,0,0,0,0,0,0,0,0,0,0,0,45,8971,0,0,0.0,0.0,0.0,0.0,0.0,0.0,0,0,0,0,0.0
Sander Berge,MID,Fulham,330,3,1,2025-08-16T14:00:00Z,False,6,65,1,2,0,0,0,1,0,0,0,0,0,0,0,3,50,6460,0,0,0.0,0.01,1.05,1.2,0.7,0.0,1,1,0,2,1.5
Tanaka Ao,MID,Leeds,358,10,1,2025-08-18T19:00:00Z,True,9,90,1,3,0,0,1,0,0,0,0,0,0,0,0,13,50,23072,0,0,0.09,0.03,0.55,2.2,24.3,9.0,1,0,6,7,1.0
Carlos Miguel dos Santos Pereira,GK,Nott'm Forest,503,4,1,2025-08-17T13:00:00Z,True,5,0,0,0,0,0,0,0,0,0,0,0,0,0,0,0,40,20956,0,0,0.0,0.0,0.0,0.0,0.0,0.0,0,0,0,0,1.0
Matty Cash,DEF,Aston Villa,36,2,1,2025-08-16T11:30:00Z,True,15,90,1,8,0,0,1,0,0,0,0,0,0,0,0,25,45,176115,0,0,0.0,0.0,1.43,37.6,1.1,2.0,9,2,2,11,1.4
Bruno Borges Fernandes,MID,Man Utd,449,9,1,2025-08-17T15:30:00Z,True,1,90,1,2,0,0,0,1,0,0,0,0,0,0,0,19,90,2117501,0,0,0.15,0.3,1.31,25.2,65.3,9.0,2,3,6,11,2.3
Stefanos Tzimas,FWD,Brighton,180,3,1,2025-08-16T14:00:00Z,True,10,0,0,0,0,0,0,0,0,0,0,0,0,0,0,0,55,13252,0,0,0.0,0.0,0.0,0.0,0.0,0.0,0,0,0,0,1.7
Daniel Bentley,GK,Wolves,629,7,1,2025-08-16T16:30:00Z,True,13,0,0,0,0,0,0,0,0,0,0,0,0,0,0,0,40,76163,0,0,0.0,0.0,0.0,0.0,0.0,0.0,0,0,0,0,0.5
Marcus Rashford,MID,Man Utd,451,9,1,2025-08-17T15:30:00Z,True,1,0,0,0,0,0,0,0,0,0,0,0,0,0,0,0,70,4039,0,0,0.0,0.0,0.0,0.0,0.0,0.0,0,0,0,0,0.0
Rico Henry,DEF,Brentford,109,4,1,2025-08-17T13:00:00Z,False,16,87,1,1,0,0,0,3,0,0,0,0,0,0,0,1,45,14663,0,0,0.0,0.04,1.86,8.6,11.5,6.0,2,1,2,3,1.9
Samuel Iling-Junior,MID,Aston Villa,51,2,1,2025-08-16T11:30:00Z,True,15,0,0,0,0,0,0,0,0,0,0,0,0,0,0,0,55,2605,0,0,0.0,0.0,0.0,0.0,0.0,0.0,0,0,0,0,1.5
Abdallah Sima,MID,Brighton,165,3,1,2025-08-16T14:00:00Z,True,10,0,0,0,0,0,0,0,0,0,0,0,0,0,0,0,55,2286,0,0,0.0,0.0,0.0,0.0,0.0,0.0,0,0,0,0,2.0
Tosin Adarabioyo,DEF,Chelsea,232,8,1,2025-08-17T13:00:00Z,True,8,0,0,0,0,0,0,0,0,0,0,0,0,0,0,0,45,128981,0,0,0.0,0.0,0.0,0.0,0.0,0.0,0,0,0,0,2.4
Sam Greenwood,MID,Leeds,355,10,1,2025-08-18T19:00:00Z,True,9,0,0,0,0,0,0,0,0,0,0,0,0,0,0,0,50,9774,0,0,0.0,0.0,0.0,0.0,0.0,0.0,0,0,0,0,1.0
Jarrad Branthwaite,DEF,Everton,290,10,1,2025-08-18T19:00:00Z,False,11,0,0,0,0,0,0,0,0,0,0,0,0,0,0,0,55,81434,0,0,0.0,0.0,0.0,0.0,0.0,0.0,0,0,0,0,0.0
Ethan Pinnock,DEF,Brentford,111,4,1,2025-08-17T13:00:00Z,False,16,0,0,0,0,0,0,0,0,0,0,0,0,0,0,0,45,22834,0,0,0.0,0.0,0.0,0.0,0.0,0.0,0,0,0,0,1.9
Alex Cairns,GK,Leeds,340,10,1,2025-08-18T19:00:00Z,True,9,0,0,0,0,0,0,0,0,0,0,0,0,0,0,0,40,19764,0,0,0.0,0.0,0.0,0.0,0.0,0.0,0,0,0,0,0.5
Mateo Joseph Fernández-Regatillo,FWD,Leeds,364,10,1,2025-08-18T19:00:00Z,True,9,0,0,0,0,0,0,0,0,0,0,0,0,0,0,0,50,3630,0,0,0.0,0.0,0.0,0.0,0.0,0.0,0,0,0,0,0.0
Kai Havertz,FWD,Arsenal,30,9,1,2025-08-17T15:30:00Z,False,14,30,0,1,0,0,0,0,0,0,0,0,0,0,0,4,75,117967,0,0,0.0,0.01,0.82,2.8,0.8,2.0,1,0,2,3,2.9
Raúl Jiménez Rodríguez,FWD,Fulham,337,3,1,2025-08-16T14:00:00Z,False,6,65,1,2,0,0,0,1,0,0,0,0,0,0,0,0,65,219501,0,0,0.29,0.0,1.05,0.0,3.3,11.0,0,0,0,0,2.2
Evann Guessand,MID,Aston Villa,677,2,1,2025-08-16T11:30:00Z,True,15,0,0,0,0,0,0,0,0,0,0,0,0,0,0,0,65,7079,0,0,0.0,0.0,0.0,0.0,0.0,0.0,0,0,0,0,1.7
Antony dos Santos,MID,Man Utd,454,9,1,2025-08-17T15:30:00Z,True,1,0,0,0,0,0,0,0,0,0,0,0,0,0,0,0,60,10103,0,0,0.0,0.0,0.0,0.0,0.0,0.0,0,0,0,0,1.6
Reinildo Mandava,DEF,Sunderland,541,14,2,2025-08-23T14:00:00Z,False,3,90,1,3,0,0,0,2,0,0,0,0,0,0,0,14,40,917180,177090,42527,0.0,0.02,1.0,29.4,10.4,0.0,7,5,3,12,4.5
Lewis Dobbin,MID,Aston Villa,57,13,2,2025-08-23T14:00:00Z,False,5,0,0,0,0,0,0,0,0,0,0,0,0,0,0,0,50,6465,555,1117,0.0,0.0,0.0,0.0,0.0,0.0,0,0,0,0,0.0
Ryan Christie,MID,Bournemouth,87,12,2,2025-08-23T14:00:00Z,True,20,24,0,1,0,0,0,0,0,0,0,0,0,0,0,3,50,8285,82,2431,0.06,0.02,0.06,4.4,13.1,5.0,1,0,1,2,0.4
Zeki Amdouni,FWD,Burnley,216,14,2,2025-08-23T14:00:00Z,True,17,0,0,0,0,0,0,0,0,0,0,0,0,0,0,0,50,4775,140,1962,0.0,0.0,0.0,0.0,0.0,0.0,0,0,0,0,0.0
Lucas Tolentino Coelho de Lima,MID,West Ham,612,20,2,2025-08-22T19:00:00Z,True,7,90,1,9,1,0,0,5,0,0,0,0,0,0,2,39,59,91594,3894,31939,0.07,0.09,2.74,54.4,18.3,14.0,1,5,5,11,5.0
Jorrel Hato,DEF,Chelsea,672,20,2,2025-08-22T19:00:00Z,False,19,21,0,0,0,0,0,0,0,0,0,1,0,0,0,-2,50,32123,2024,6848,0.0,0.0,0.44,1.2,1.0,0.0,1,0,1,1,0.5
Myles Peart-Harris,MID,Brentford,133,13,2,2025-08-23T14:00:00Z,True,2,0,0,0,0,0,0,0,0,0,0,0,0,0,0,0,45,4654,349,585,0.0,0.0,0.0,0.0,0.0,0.0,0,0,0,0,0.0
Bashir Humphreys,DEF,Burnley,193,14,2,2025-08-23T14:00:00Z,True,17,0,0,0,0,0,0,0,0,0,0,0,0,0,0,0,40,5317,122,1071,0.0,0.0,0.0,0.0,0.0,0.0,0,0,0,0,0.0
Romain Faivre,MID,Bournemouth,92,12,2,2025-08-23T14:00:00Z,True,20,0,0,0,0,0,0,0,0,0,0,0,0,0,0,0,45,20436,1715,2889,0.0,0.0,0.0,0.0,0.0,0.0,0,0,0,0,0.0
Enock Agyei,MID,Burnley,203,14,2,2025-08-23T14:00:00Z,True,17,0,0,0,0,0,0,0,0,0,0,0,0,0,0,0,50,6007,245,989,0.0,0.0,0.0,0.0,0.0,0.0,0,0,0,0,0.0
Callum Bates,MID,Everton,306,16,2,2025-08-24T13:00:00Z,True,6,0,0,0,0,0,0,0,0,0,0,0,0,0,0,0,45,9346,775,1266,0.0,0.0,0.0,0.0,0.0,0.0,0,0,0,0,0.0
Harry Tyrer,GK,Everton,289,16,2,2025-08-24T13:00:00Z,True,6,0,0,0,0,0,0,0,0,0,0,0,0,0,0,0,40,13983,511,837,0.0,0.0,0.0,0.0,0.0,0.0,0,0,0,0,0.0
Etienne Green,GK,Burnley,184,14,2,2025-08-23T14:00:00Z,True,17,0,0,0,0,0,0,0,0,0,0,0,0,0,0,0,40,47974,2535,2605,0.0,0.0,0.0,0.0,0.0,0.0,0,0,0,0,0.0
Destiny Udogie,DEF,Spurs,574,18,2,2025-08-23T11:30:00Z,False,13,0,0,0,0,0,0,0,0,0,0,0,0,0,0,0,45,57426,352,30351,0.0,0.0,0.0,0.0,0.0,0.0,0,0,0,0,0.0
Simon Moore,GK,Sunderland,529,14,2,2025-08-23T14:00:00Z,False,3,0,0,0,0,0,0,0,0,0,0,0,0,0,0,0,40,53868,2053,3068,0.0,0.0,0.0,0.0,0.0,0.0,0,0,0,0,0.0
Ben Winterburn,MID,Bournemouth,96,12,2,2025-08-23T14:00:00Z,True,20,0,0,0,0,0,0,0,0,0,0,0,0,0,0,0,45,11048,2001,1251,0.0,0.0,0.0,0.0,0.0,0.0,0,0,0,0,0.5
Mikey Moore,MID,Spurs,592,18,2,2025-08-23T11:30:00Z,False,13,0,0,0,0,0,0,0,0,0,0,0,0,0,0,0,50,735,0,348,0.0,0.0,0.0,0.0,0.0,0.0,0,0,0,0,0.0
Pape Matar Sarr,MID,Spurs,593,18,2,2025-08-23T11:30:00Z,False,13,90,1,3,0,0,1,0,0,0,0,0,0,0,0,7,50,296195,42228,39041,0.03,0.01,1.55,6.2,1.5,19.0,1,2,6,9,4.0
Hákon Rafn Valdimarsson,GK,Brentford,105,13,2,2025-08-23T14:00:00Z,True,2,0,0,0,0,0,0,0,0,0,0,0,0,0,0,0,40,102366,1750,5220,0.0,0.0,0.0,0.0,0.0,0.0,0,0,0,0,0.0
Toby Collyer,MID,Man Utd,460,17,2,2025-08-24T15:30:00Z,False,10,0,0,0,0,0,0,0,0,0,0,0,0,0,0,0,45,9906,423,2644,0.0,0.0,0.0,0.0,0.0,0.0,0,0,0,0,0.0
Marcos Senesi Barón,DEF,Bournemouth,72,12,2,2025-08-23T14:00:00Z,True,20,90,1,9,0,0,1,0,0,0,0,0,0,0,1,31,45,150492,55666,11228,0.0,0.01,0.46,25.0,0.9,2.0,13,1,4,14,5.5
Tyler Morton,MID,Liverpool,395,19,2,2025-08-25T19:00:00Z,False,15,0,0,0,0,0,0,0,0,0,0,0,0,0,0,0,45,460,0,158,0.0,0.0,0.0,0.0,0.0,0.0,0,0,0,0,0.0
Alexis Mac Allister,MID,Liverpool,386,19,2,2025-08-25T19:00:00Z,False,15,0,0,0,0,0,0,0,0,0,0,0,0,0,0,0,65,212641,21770,20884,0.0,0.0,0.0,0.0,0.0,0.0,0,0,0,0,3.0
André Trindade da Costa Neto,MID,Wolves,643,12,2,2025-08-23T14:00:00Z,False,4,45,0,1,0,0,0,0,0,0,0,0,0,0,0,8,55,10358,1863,1063,0.0,0.01,0.57,8.0,1.8,0.0,1,2,2,5,2.5
Harrison Ashby,DEF,Newcastle,482,19,2,2025-08-25T19:00:00Z,True,12,0,0,0,0,0,0,0,0,0,0,0,0,0,0,0,40,14541,304,1573,0.0,0.0,0.0,0.0,0.0,0.0,0,0,0,0,-0.5
Samuel Amissah,DEF,Fulham,323,17,2,2025-08-24T15:30:00Z,True,14,0,0,0,0,0,0,0,0,0,0,0,0,0,0,0,40,17804,556,1981,0.0,0.0,0.0,0.0,0.0,0.0,0,0,0,0,0.0
Luís Hemir Silva Semedo,FWD,Sunderland,563,14,2,2025-08-23T14:00:00Z,False,3,0,0,0,0,0,0,0,0,0,0,0,0,0,0,0,45,20018,1147,2582,0.0,0.0,0.0,0.0,0.0,0.0,0,0,0,0,0.0
Adama Traoré Diarra,MID,Fulham,326,17,2,2025-08-24T15:30:00Z,True,14,0,0,0,0,0,0,0,0,0,0,0,0,0,0,0,55,29589,874,5905,0.0,0.0,0.0,0.0,0.0,0.0,0,0,0,0,0.5
Yasin Ayari,MID,Brighton,166,16,2,2025-08-24T13:00:00Z,False,9,66,1,2,0,0,0,2,0,0,0,0,0,0,0,10,50,21546,1481,2779,0.15,0.02,1.2,10.6,3.9,18.0,1,3,2,6,2.5
Mateo Kovačić,MID,Man City,422,18,2,2025-08-23T11:30:00Z,True,18,0,0,0,0,0,0,0,0,0,0,0,0,0,0,0,60,1060,77,302,0.0,0.0,0.0,0.0,0.0,0.0,0,0,0,0,0.0
Thierno Barry,FWD,Everton,310,16,2,2025-08-24T13:00:00Z,True,6,63,1,2,0,0,1,0,0,0,0,0,0,0,0,1,60,69052,4318,14768,0.35,0.01,1.48,0.0,2.2,14.0,0,0,0,0,1.5
Ollie Scarles,DEF,West Ham,608,20,2,2025-08-22T19:00:00Z,True,7,0,0,0,0,0,0,0,0,0,0,0,0,0,0,0,45,3788,63,568,0.0,0.0,0.0,0.0,0.0,0.0,0,0,0,0,-0.5
Rico Lewis,DEF,Man City,410,18,2,2025-08-23T11:30:00Z,True,18,90,1,1,0,0,0,2,0,0,0,0,0,0,0,3,50,397782,222966,30614,0.02,0.08,1.11,16.4,14.8,5.0,4,2,3,6,6.5
Brenden Aaronson,MID,Leeds,350,11,2,2025-08-23T16:30:00Z,False,1,24,0,1,0,0,0,1,0,0,0,0,0,0,0,6,55,6780,364,1406,0.0,0.04,0.87,2.2,0.4,0.0,0,1,2,3,0.0
Eliezer Mayenda Dossou,FWD,Sunderland,561,14,2,2025-08-23T14:00:00Z,False,3,62,1,2,0,0,0,1,0,0,0,0,0,0,0,3,55,231418,166506,27270,0.3,0.0,0.34,11.2,0.3,19.0,2,1,2,5,5.0
Steven Benda,GK,Fulham,315,17,2,2025-08-24T15:30:00Z,True,14,0,0,0,0,0,0,0,0,0,0,0,0,0,0,0,40,859,0,105,0.0,0.0,0.0,0.0,0.0,0.0,0,0,0,0,0.0
Myles Lewis-Skelly,DEF,Arsenal,10,11,2,2025-08-23T16:30:00Z,True,11,26,0,1,0,0,0,0,0,0,0,0,0,0,0,7,55,406745,19189,72637,0.0,0.0,0.0,4.2,3.7,0.0,0,1,2,1,1.5
Hugo Bueno López,DEF,Wolves,633,12,2,2025-08-23T14:00:00Z,False,4,45,0,0,0,0,0,0,0,0,0,1,0,0,0,3,45,9303,840,799,0.06,0.1,0.57,5.6,18.7,5.0,2,1,1,3,0.5
Milan Aleksić,MID,Sunderland,546,14,2,2025-08-23T14:00:00Z,False,3,0,0,0,0,0,0,0,0,0,0,0,0,0,0,0,50,3948,149,736,0.0,0.0,0.0,0.0,0.0,0.0,0,0,0,0,0.0
Toti Gomes,DEF,Wolves,637,12,2,2025-08-23T14:00:00Z,False,4,48,1,-2,0,0,0,1,0,0,0,0,1,0,0,-9,45,17890,882,1850,0.0,0.0,0.72,7.6,0.6,0.0,6,0,2,6,-1.0
Ismaïla Sarr,MID,Crystal Palace,267,15,2,2025-08-24T13:00:00Z,True,16,90,1,8,1,0,0,1,0,0,0,0,0,0,1,20,65,493698,27142,65743,0.55,0.04,0.93,36.0,2.8,17.0,0,2,2,4,5.5
Abdukodir Khusanov,DEF,Man City,406,18,2,2025-08-23T11:30:00Z,True,18,0,0,0,0,0,0,0,0,0,0,0,0,0,0,0,55,38991,1889,7439,0.0,0.0,0.0,0.0,0.0,0.0,0,0,0,0,1.0
André Onana,GK,Man Utd,432,17,2,2025-08-24T15:30:00Z,False,10,0,0,0,0,0,0,0,0,0,0,0,0,0,0,0,50,31425,2308,3190,0.0,0.0,0.0,0.0,0.0,0.0,0,0,0,0,0.0
Rio Cardines,MID,Crystal Palace,690,15,2,2025-08-24T13:00:00Z,True,16,0,0,0,0,0,0,0,0,0,0,0,0,0,0,0,45,25226,10229,2717,0.0,0.0,0.0,0.0,0.0,0.0,0,0,0,0,0.0
Alejandro Garnacho Ferreyra,MID,Man Utd,453,17,2,2025-08-24T15:30:00Z,False,10,0,0,0,0,0,0,0,0,0,0,0,0,0,0,0,65,20240,776,4255,0.0,0.0,0.0,0.0,0.0,0.0,0,0,0,0,0.0
Dan Neil,MID,Sunderland,549,14,2,2025-08-23T14:00:00Z,False,3,0,0,0,0,0,0,0,0,0,0,0,0,0,0,0,50,3918,83,661,0.0,0.0,0.0,0.0,0.0,0.0,0,0,0,0,0.0
Kiernan Dewsbury-Hall,MID,Everton,242,16,2,2025-08-24T13:00:00Z,True,6,90,1,2,0,0,1,0,0,0,0,1,0,0,0,14,50,469863,22379,47204,0.0,0.17,2.43,6.8,54.3,0.0,1,0,2,3,2.0
Kieran Trippier,DEF,Newcastle,478,19,2,2025-08-25T19:00:00Z,True,12,75,1,1,0,0,0,2,0,0,0,0,0,0,0,-2,50,242108,22341,14169,0.0,0.08,0.33,0.0,11.6,0.0,0,0,4,0,3.0
João Maria Lobo Alves Palhares Costa Palhinha Gonçalves,MID,Spurs,673,18,2,2025-08-23T11:30:00Z,False,13,90,1,11,1,0,1,0,0,0,0,0,0,0,3,31,55,34631,1239,9619,0.14,0.0,1.55,49.8,0.7,19.0,3,4,2,9,5.5
Tino Livramento,DEF,Newcastle,477,19,2,2025-08-25T19:00:00Z,True,12,90,1,4,0,1,0,3,0,0,0,0,0,0,0,12,50,446578,63330,26217,0.0,0.2,0.7,24.8,15.3,4.0,1,0,3,1,6.0
Issa Diop,DEF,Fulham,320,17,2,2025-08-24T15:30:00Z,True,14,0,0,0,0,0,0,0,0,0,0,0,0,0,0,0,45,8838,296,1181,0.0,0.0,0.0,0.0,0.0,0.0,0,0,0,0,0.0
Rasmus Højlund,FWD,Man Utd,465,17,2,2025-08-24T15:30:00Z,False,10,0,0,0,0,0,0,0,0,0,0,0,0,0,0,0,64,60995,2432,15814,0.0,0.0,0.0,0.0,0.0,0.0,0,0,0,0,0.0
Dane Scarlett,FWD,Spurs,599,18,2,2025-08-23T11:30:00Z,False,13,0,0,0,0,0,0,0,0,0,0,0,0,0,0,0,45,86020,6172,12004,0.0,0.0,0.0,0.0,0.0,0.0,0,0,0,0,-0.5
Ezri Konsa Ngoyo,DEF,Aston Villa,38,13,2,2025-08-23T14:00:00Z,False,5,0,0,0,0,0,0,0,0,0,0,0,0,0,0,0,45,1707950,19195,536858,0.0,0.0,0.0,0.0,0.0,0.0,0,0,0,0,0.0
Caleb Kporha,DEF,Crystal Palace,265,15,2,2025-08-24T13:00:00Z,True,16,0,0,0,0,0,0,0,0,0,0,0,0,0,0,0,40,2389,69,633,0.0,0.0,0.0,0.0,0.0,0.0,0,0,0,0,0.0
Archie Gray,MID,Spurs,591,18,2,2025-08-23T11:30:00Z,False,13,0,0,0,0,0,0,0,0,0,0,0,0,0,0,0,50,15870,999,2099,0.0,0.0,0.0,0.0,0.0,0.0,0,0,0,0,1.0
Noah Sadiki,MID,Sunderland,552,14,2,2025-08-23T14:00:00Z,False,3,90,1,2,0,0,0,2,0,0,0,0,0,0,0,13,50,5435,888,586,0.0,0.08,1.0,9.4,9.5,4.0,2,2,0,4,2.5
Sávio Moreira de Oliveira,MID,Man City,415,18,2,2025-08-23T11:30:00Z,True,18,0,0,0,0,0,0,0,0,0,0,0,0,0,0,0,69,67241,262,48535,0.0,0.0,0.0,0.0,0.0,0.0,0,0,0,0,0.0
Nathan Collins,DEF,Brentford,106,13,2,2025-08-23T14:00:00Z,True,2,90,1,9,0,0,1,0,0,0,0,0,0,0,1,25,50,166424,4841,20359,0.0,0.01,1.19,20.8,0.3,6.0,12,1,5,13,4.5
Manuel Ugarte Ribeiro,MID,Man Utd,459,17,2,2025-08-24T15:30:00Z,False,10,21,0,1,0,0,0,1,0,0,0,0,0,0,0,7,50,18090,1454,3500,0.0,0.0,0.7,8.6,0.8,0.0,2,3,0,5,1.0
Lewis Hall,DEF,Newcastle,473,19,2,2025-08-25T19:00:00Z,True,12,14,0,1,0,0,0,1,0,0,0,0,0,0,0,1,55,181114,5518,40112,0.0,0.0,0.37,7.4,0.5,0.0,4,1,1,5,0.0
Wesley Fofana,DEF,Chelsea,230,20,2,2025-08-22T19:00:00Z,False,19,21,0,1,0,0,0,0,0,0,0,0,0,0,0,5,45,20354,1250,4668,0.0,0.0,0.44,3.4,0.4,0.0,1,1,0,2,1.0
Martial Godo,MID,Fulham,333,17,2,2025-08-24T15:30:00Z,True,14,0,0,0,0,0,0,0,0,0,0,0,0,0,0,0,45,7576,479,1052,0.0,0.0,0.0,0.0,0.0,0.0,0,0,0,0,0.0
Leo Fuhr Hjelde,DEF,Sunderland,536,14,2,2025-08-23T14:00:00Z,False,3,0,0,0,0,0,0,0,0,0,0,0,0,0,0,0,40,584,64,104,0.0,0.0,0.0,0.0,0.0,0.0,0,0,0,0,0.0
Krisztián Hegyi,GK,West Ham,602,20,2,2025-08-22T19:00:00Z,True,7,0,0,0,0,0,0,0,0,0,0,0,0,0,0,0,40,29885,454,1390,0.0,0.0,0.0,0.0,0.0,0.0,0,0,0,0,-0.5
Will Hughes,MID,Crystal Palace,270,15,2,2025-08-24T13:00:00Z,True,16,90,1,1,0,0,0,1,0,0,0,1,0,0,0,14,50,12564,852,1432,0.12,0.27,0.93,13.0,41.4,10.0,1,4,5,10,1.5
Jadon Sancho,MID,Man Utd,456,17,2,2025-08-24T15:30:00Z,False,10,0,0,0,0,0,0,0,0,0,0,0,0,0,0,0,60,12050,543,2752,0.0,0.0,0.0,0.0,0.0,0.0,0,0,0,0,0.0
Amine Adli,MID,Bournemouth,697,12,2,2025-08-23T14:00:00Z,True,20,24,0,1,0,0,0,0,0,0,0,0,0,0,0,9,55,859,506,88,0.0,0.02,0.06,10.4,15.0,2.0,1,3,2,6,2.0
Micky van de Ven,DEF,Spurs,575,18,2,2025-08-23T11:30:00Z,False,13,90,1,6,0,0,1,0,0,0,0,0,0,0,0,26,45,2898967,162434,129670,0.0,0.0,1.55,12.6,0.7,0.0,3,1,3,4,5.5
Konstantinos Mavropanos,DEF,West Ham,606,20,2,2025-08-22T19:00:00Z,True,7,0,0,0,0,0,0,0,0,0,0,0,0,0,0,0,45,5669,117,963,0.0,0.0,0.0,0.0,0.0,0.0,0,0,0,0,-0.5
Emmanuel Agbadou,DEF,Wolves,631,12,2,2025-08-23T14:00:00Z,False,4,90,1,4,0,0,0,1,0,0,0,0,0,0,0,17,45,47559,3083,2566,0.1,0.03,1.29,36.0,0.7,4.0,12,2,3,14,2.0
Oscar Bobb,MID,Man City,424,18,2,2025-08-23T11:30:00Z,True,18,74,1,2,0,0,0,2,0,0,0,0,0,0,0,12,55,45039,26871,6086,0.0,0.21,0.75,11.8,30.1,14.0,0,3,2,5,4.5
Oluwaseun Adewumi,MID,Burnley,212,14,2,2025-08-23T14:00:00Z,True,17,0,0,0,0,0,0,0,0,0,0,0,0,0,0,0,45,2406,0,1067,0.0,0.0,0.0,0.0,0.0,0.0,0,0,0,0,0.0
Jordan Henderson,MID,Brentford,124,13,2,2025-08-23T14:00:00Z,True,2,68,1,3,0,0,1,0,0,0,0,0,0,0,0,8,50,28882,1542,4560,0.03,0.0,0.88,9.8,2.3,5.0,3,2,4,9,2.0
Harry Wilson,MID,Fulham,329,17,2,2025-08-24T15:30:00Z,True,14,28,0,1,0,0,0,0,0,0,0,0,0,0,0,5,55,98304,6489,16247,0.0,0.09,0.11,3.2,1.9,6.0,0,1,0,1,3.0
Malick Thiaw,DEF,Newcastle,684,19,2,2025-08-25T19:00:00Z,True,12,9,0,1,0,0,0,1,0,0,0,0,0,0,0,-1,50,17949,1301,3142,0.0,0.0,0.37,1.8,0.1,0.0,1,0,0,1,0.0
Emerson Palmieri dos Santos,DEF,West Ham,604,20,2,2025-08-22T19:00:00Z,True,7,0,0,0,0,0,0,0,0,0,0,0,0,0,0,0,45,19958,388,4258,0.0,0.0,0.0,0.0,0.0,0.0,0,0,0,0,-0.5
Trey Nyoni,MID,Liverpool,396,19,2,2025-08-25T19:00:00Z,False,15,0,0,0,0,0,0,0,0,0,0,0,0,0,0,0,45,7977,517,1693,0.0,0.0,0.0,0.0,0.0,0.0,0,0,0,0,0.5
Malo Gusto,DEF,Chelsea,228,20,2,2025-08-22T19:00:00Z,False,19,68,1,2,0,0,0,1,0,0,0,0,0,0,0,3,50,169896,10481,30501,0.0,0.01,0.29,9.0,2.7,0.0,3,2,1,5,2.0
Jérémy Doku,MID,Man City,418,18,2,2025-08-23T11:30:00Z,True,18,36,0,1,0,0,0,0,0,0,0,0,0,0,0,1,65,115432,8072,24671,0.0,0.25,0.49,2.2,12.0,8.0,0,0,1,1,2.5
Triston Rowe,DEF,Aston Villa,701,13,2,2025-08-23T14:00:00Z,False,5,0,0,0,0,0,0,0,0,0,0,0,0,0,0,0,40,0,0,0,0.0,0.0,0.0,0.0,0.0,0.0,0,0,0,0,1.0
Luis Guilherme Lira dos Santos,MID,West Ham,619,20,2,2025-08-22T19:00:00Z,True,7,0,0,0,0,0,0,0,0,0,0,0,0,0,0,0,50,3226,38,723,0.0,0.0,0.0,0.0,0.0,0.0,0,0,0,0,0.0
Sebastiaan Bornauw,DEF,Leeds,345,11,2,2025-08-23T16:30:00Z,False,1,0,0,0,0,0,0,0,0,0,0,0,0,0,0,0,40,6229,100,945,0.0,0.0,0.0,0.0,0.0,0.0,0,0,0,0,-1.0
Kendry Páez Andrade,MID,Chelsea,248,20,2,2025-08-22T19:00:00Z,False,19,0,0,0,0,0,0,0,0,0,0,0,0,0,0,0,45,1050,0,431,0.0,0.0,0.0,0.0,0.0,0.0,0,0,0,0,0.0
Asher Agbinone,MID,Crystal Palace,274,15,2,2025-08-24T13:00:00Z,True,16,0,0,0,0,0,0,0,0,0,0,0,0,0,0,0,45,6352,427,790,0.0,0.0,0.0,0.0,0.0,0.0,0,0,0,0,0.0
Matz Sels,GK,Nott'm Forest,502,15,2,2025-08-24T13:00:00Z,False,8,90,1,2,0,0,0,1,0,0,0,1,0,3,0,11,50,2048517,52826,123756,0.0,0.0,1.1,21.6,0.0,0.0,0,0,13,0,2.0
Marko Stamenić,MID,Nott'm Forest,524,15,2,2025-08-24T13:00:00Z,False,8,0,0,0,0,0,0,0,0,0,0,0,0,0,0,0,45,6305,245,1451,0.0,0.0,0.0,0.0,0.0,0.0,0,0,0,0,0.0
Nathan Fraser,FWD,Wolves,658,12,2,2025-08-23T14:00:00Z,False,4,0,0,0,0,0,0,0,0,0,0,0,0,0,0,0,45,274243,27042,30639,0.0,0.0,0.0,0.0,0.0,0.0,0,0,0,0,0.0
Evan Ferguson,FWD,Brighton,179,16,2,2025-08-24T13:00:00Z,False,9,0,0,0,0,0,0,0,0,0,0,0,0,0,0,0,55,1686,0,796,0.0,0.0,0.0,0.0,0.0,0.0,0,0,0,0,0.0
Idrissa Gana Gueye,MID,Everton,302,16,2,2025-08-24T13:00:00Z,True,6,90,1,3,0,0,1,0,0,0,0,0,0,0,0,15,55,10265,445,1815,0.0,0.01,2.43,12.4,5.7,2.0,3,2,2,7,2.5
Justin Devenny,MID,Crystal Palace,276,15,2,2025-08-24T13:00:00Z,True,16,65,1,2,0,0,0,1,0,0,0,0,0,0,0,9,45,186088,7792,18805,0.05,0.02,0.66,5.8,3.3,23.0,0,2,6,8,1.5
Karl Darlow,GK,Leeds,341,11,2,2025-08-23T16:30:00Z,False,1,0,0,0,0,0,0,0,0,0,0,0,0,0,0,0,40,321450,7159,17564,0.0,0.0,0.0,0.0,0.0,0.0,0,0,0,0,-1.0
Junior Kroupi,FWD,Bournemouth,100,12,2,2025-08-23T14:00:00Z,True,20,2,0,1,0,0,0,0,0,0,0,0,0,0,0,3,45,146695,48171,19928,0.0,0.0,0.06,0.0,0.0,2.0,0,0,0,0,1.0
Habib Diarra,MID,Sunderland,544,14,2,2025-08-23T14:00:00Z,False,3,79,1,2,0,0,0,1,0,0,0,0,0,0,0,7,55,13554,2635,1701,0.0,0.04,0.34,3.6,16.6,4.0,1,0,2,3,2.5
Luis Sinisterra Lucumí,MID,Bournemouth,91,12,2,2025-08-23T14:00:00Z,True,20,0,0,0,0,0,0,0,0,0,0,0,0,0,0,0,50,3297,150,1224,0.0,0.0,0.0,0.0,0.0,0.0,0,0,0,0,0.0
Antonín Kinský,GK,Spurs,567,18,2,2025-08-23T11:30:00Z,False,13,0,0,0,0,0,0,0,0,0,0,0,0,0,0,0,40,215184,3244,12414,0.0,0.0,0.0,0.0,0.0,0.0,0,0,0,0,-0.5
Jakub Kiwior,DEF,Arsenal,9,11,2,2025-08-23T16:30:00Z,True,11,0,0,0,0,0,0,0,0,0,0,0,0,0,0,0,55,12677,397,2151,0.0,0.0,0.0,0.0,0.0,0.0,0,0,0,0,1.0
Fábio Soares Silva,FWD,Wolves,655,12,2,2025-08-23T14:00:00Z,False,4,0,0,0,0,0,0,0,0,0,0,0,0,0,0,0,50,58916,3817,9576,0.0,0.0,0.0,0.0,0.0,0.0,0,0,0,0,0.0
Đorđe Petrović,GK,Bournemouth,67,12,2,2025-08-23T14:00:00Z,True,20,90,1,6,0,0,1,0,0,0,0,0,0,1,0,23,45,394940,59275,24985,0.0,0.0,0.46,11.4,0.0,0.0,2,0,5,0,4.0
Kim Ji-soo,DEF,Brentford,117,13,2,2025-08-23T14:00:00Z,True,2,0,0,0,0,0,0,0,0,0,0,0,0,0,0,0,40,17597,428,1663,0.0,0.0,0.0,0.0,0.0,0.0,0,0,0,0,0.0
Alphonse Areola,GK,West Ham,600,20,2,2025-08-22T19:00:00Z,True,7,0,0,0,0,0,0,0,0,0,0,0,0,0,0,0,45,420620,5994,75310,0.0,0.0,0.0,0.0,0.0,0.0,0,0,0,0,-0.5
Gabriel dos Santos Magalhães,DEF,Arsenal,5,11,2,2025-08-23T16:30:00Z,True,11,90,1,6,0,0,1,0,0,0,0,0,0,0,0,26,60,2292996,335537,80598,0.04,0.01,0.17,13.4,3.3,6.0,3,0,4,3,7.0
Jamaldeen Jimoh-Aloba,MID,Aston Villa,62,13,2,2025-08-23T14:00:00Z,False,5,0,0,0,0,0,0,0,0,0,0,0,0,0,0,0,45,5842,481,778,0.0,0.0,0.0,0.0,0.0,0.0,0,0,0,0,0.0
Armando Broja,FWD,Burnley,680,14,2,2025-08-23T14:00:00Z,True,17,0,0,0,0,0,0,0,0,0,0,0,0,0,0,0,55,24602,2333,4672,0.0,0.0,0.0,0.0,0.0,0.0,0,0,0,0,0.0
Benoît Badiashile Mukinayi,DEF,Chelsea,229,20,2,2025-08-22T19:00:00Z,False,19,0,0,0,0,0,0,0,0,0,0,0,0,0,0,0,45,1512,49,688,0.0,0.0,0.0,0.0,0.0,0.0,0,0,0,0,0.0
Aarón Anselmino,DEF,Chelsea,234,20,2,2025-08-22T19:00:00Z,False,19,0,0,0,0,0,0,0,0,0,0,0,0,0,0,0,40,12792,566,1745,0.0,0.0,0.0,0.0,0.0,0.0,0,0,0,0,0.5
Jean-Ricner Bellegarde,MID,Wolves,644,12,2,2025-08-23T14:00:00Z,False,4,45,1,1,0,0,0,1,0,0,0,0,0,0,0,6,55,9900,1251,1258,0.01,0.01,0.72,2.8,5.2,2.0,1,2,1,4,1.5
Luke Harris,MID,Fulham,334,17,2,2025-08-24T15:30:00Z,True,14,0,0,0,0,0,0,0,0,0,0,0,0,0,0,0,45,364,0,119,0.0,0.0,0.0,0.0,0.0,0.0,0,0,0,0,0.0
Ola Aina,DEF,Nott'm Forest,507,15,2,2025-08-24T13:00:00Z,False,8,90,1,1,0,0,0,1,0,0,0,1,0,0,0,5,50,1558302,97132,80009,0.0,0.01,1.1,12.4,1.9,0.0,5,1,10,6,2.5
Dominik Szoboszlai,MID,Liverpool,387,19,2,2025-08-25T19:00:00Z,False,15,90,1,2,0,0,0,2,0,0,0,0,0,0,0,13,65,200506,8164,34995,0.0,0.01,0.93,9.6,2.4,2.0,4,1,4,9,2.5
Arnaud Kalimuendo,FWD,Nott'm Forest,696,15,2,2025-08-24T13:00:00Z,False,8,19,0,1,0,0,0,0,0,0,0,0,0,0,0,2,60,1948,779,159,0.0,0.0,0.0,1.0,1.6,0.0,1,0,1,2,2.0
Marcus Bettinelli,GK,Man City,401,18,2,2025-08-23T11:30:00Z,True,18,0,0,0,0,0,0,0,0,0,0,0,0,0,0,0,40,18789,718,1900,0.0,0.0,0.0,0.0,0.0,0.0,0,0,0,0,0.0
Tomáš Souček,MID,West Ham,613,20,2,2025-08-22T19:00:00Z,True,7,69,1,2,0,0,0,5,0,0,0,0,0,0,0,8,59,74413,682,24705,0.09,0.0,2.43,6.0,0.7,22.0,1,1,4,6,1.0
Jack Grealish,MID,Everton,419,16,2,2025-08-24T13:00:00Z,True,6,90,1,11,0,2,1,0,0,0,0,0,0,0,2,37,65,340736,15189,57753,0.01,0.7,2.43,48.2,35.3,12.0,1,3,7,11,6.0
Ilia Gruev,MID,Leeds,356,11,2,2025-08-23T16:30:00Z,False,1,90,1,2,0,0,0,5,0,0,0,0,0,0,0,15,50,4763,122,713,0.0,0.0,2.88,9.4,0.7,0.0,2,1,3,6,0.5
Kadan Young,MID,Aston Villa,63,13,2,2025-08-23T14:00:00Z,False,5,0,0,0,0,0,0,0,0,0,0,0,0,0,0,0,45,75703,6636,10239,0.0,0.0,0.0,0.0,0.0,0.0,0,0,0,0,0.0
Endo Wataru,MID,Liverpool,392,19,2,2025-08-25T19:00:00Z,False,15,1,0,1,0,0,0,0,0,0,0,0,0,0,0,3,50,13328,1738,1653,0.0,0.0,0.0,0.0,0.0,0.0,0,0,0,0,3.0
Mats Wieffer,MID,Brighton,173,16,2,2025-08-24T13:00:00Z,False,9,84,1,3,0,0,0,2,0,0,0,1,0,0,0,13,50,7439,1481,1058,0.0,0.02,1.21,20.0,2.4,0.0,3,7,3,13,3.5
İlkay Gündoğan,MID,Man City,420,18,2,2025-08-23T11:30:00Z,True,18,0,0,0,0,0,0,0,0,0,0,0,0,0,0,0,64,18444,596,5355,0.0,0.0,0.0,0.0,0.0,0.0,0,0,0,0,0.5
Pedro Porro Sauceda,DEF,Spurs,568,18,2,2025-08-23T11:30:00Z,False,13,90,1,5,0,0,1,0,0,0,0,1,0,0,0,20,55,2339191,123733,151017,0.08,0.13,1.55,15.2,33.4,8.0,5,1,4,6,5.0
Daichi Kamada,MID,Crystal Palace,271,15,2,2025-08-24T13:00:00Z,True,16,0,0,0,0,0,0,0,0,0,0,0,0,0,0,0,50,1681,38,601,0.0,0.0,0.0,0.0,0.0,0.0,0,0,0,0,0.0
Tyrique George,MID,Chelsea,243,20,2,2025-08-22T19:00:00Z,False,19,0,0,0,0,0,0,0,0,0,0,0,0,0,0,0,50,5817,404,1018,0.0,0.0,0.0,0.0,0.0,0.0,0,0,0,0,0.5
Andy Irving,MID,West Ham,621,20,2,2025-08-22T19:00:00Z,True,7,0,0,0,0,0,0,0,0,0,0,0,0,0,0,0,45,33076,3264,3609,0.0,0.0,0.0,0.0,0.0,0.0,0,0,0,0,0.0
Nick Pope,GK,Newcastle,469,19,2,2025-08-25T19:00:00Z,True,12,90,1,4,0,1,0,3,0,0,0,0,0,1,0,7,50,440142,42931,26779,0.0,0.0,0.7,10.0,0.0,0.0,1,0,4,0,6.0
Karl Hein,GK,Arsenal,3,11,2,2025-08-23T16:30:00Z,True,11,0,0,0,0,0,0,0,0,0,0,0,0,0,0,0,40,64836,3835,5156,0.0,0.0,0.0,0.0,0.0,0.0,0,0,0,0,1.0
Ki-Jana Hoever,DEF,Wolves,638,12,2,2025-08-23T14:00:00Z,False,4,34,1,1,0,0,0,1,0,0,0,0,0,0,0,1,40,250342,17209,16161,0.0,0.1,0.63,5.2,14.4,2.0,1,0,0,1,1.0
Fer López González,MID,Wolves,645,12,2,2025-08-23T14:00:00Z,False,4,0,0,0,0,0,0,0,0,0,0,0,0,0,0,0,55,4506,150,771,0.0,0.0,0.0,0.0,0.0,0.0,0,0,0,0,0.5
Daniel James,MID,Leeds,353,11,2,2025-08-23T16:30:00Z,False,1,65,1,2,0,0,0,4,0,0,0,0,0,0,0,9,55,47497,1569,7415,0.07,0.0,2.01,1.6,0.3,9.0,0,0,4,4,1.5
Christopher Nkunku,MID,Chelsea,240,20,2,2025-08-22T19:00:00Z,False,19,0,0,0,0,0,0,0,0,0,0,0,0,0,0,0,60,24458,1659,6242,0.0,0.0,0.0,0.0,0.0,0.0,0,0,0,0,0.0
Abdoullah Ba,MID,Sunderland,554,14,2,2025-08-23T14:00:00Z,False,3,0,0,0,0,0,0,0,0,0,0,0,0,0,0,0,45,27253,1616,3742,0.0,0.0,0.0,0.0,0.0,0.0,0,0,0,0,0.0
Mike Trésor Ndayishimiye,MID,Burnley,214,14,2,2025-08-23T14:00:00Z,True,17,0,0,0,0,0,0,0,0,0,0,0,0,0,0,0,45,7938,425,1058,0.0,0.0,0.0,0.0,0.0,0.0,0,0,0,0,0.0
Matthew Cox,GK,Brentford,103,13,2,2025-08-23T14:00:00Z,True,2,0,0,0,0,0,0,0,0,0,0,0,0,0,0,0,40,16336,685,907,0.0,0.0,0.0,0.0,0.0,0.0,0,0,0,0,0.0
Darko Gyabi,MID,Leeds,361,11,2,2025-08-23T16:30:00Z,False,1,0,0,0,0,0,0,0,0,0,0,0,0,0,0,0,45,9075,716,1347,0.0,0.0,0.0,0.0,0.0,0.0,0,0,0,0,-1.0
Michael Obafemi,FWD,Burnley,219,14,2,2025-08-23T14:00:00Z,True,17,0,0,0,0,0,0,0,0,0,0,0,0,0,0,0,45,45430,2273,4927,0.0,0.0,0.0,0.0,0.0,0.0,0,0,0,0,0.0
Dwight McNeil,MID,Everton,300,16,2,2025-08-24T13:00:00Z,True,6,19,0,1,0,0,0,0,0,0,0,0,0,0,0,2,59,34261,1053,11294,0.24,0.0,0.95,0.0,11.3,8.0,0,0,0,0,0.5
Jacob Ramsey,MID,Newcastle,52,19,2,2025-08-25T19:00:00Z,True,12,14,0,1,0,0,0,1,0,0,0,0,0,0,0,5,55,58206,3795,13877,0.0,0.02,0.37,4.2,11.0,0.0,0,1,3,4,0.0
Tom Edozie,MID,Wolves,651,12,2,2025-08-23T14:00:00Z,False,4,0,0,0,0,0,0,0,0,0,0,0,0,0,0,0,45,39384,1630,5042,0.0,0.0,0.0,0.0,0.0,0.0,0,0,0,0,0.0
Coby Ebere,MID,Everton,307,16,2,2025-08-24T13:00:00Z,True,6,0,0,0,0,0,0,0,0,0,0,0,0,0,0,0,45,4640,320,584,0.0,0.0,0.0,0.0,0.0,0.0,0,0,0,0,0.0
Diego Coppola,DEF,Brighton,144,16,2,2025-08-24T13:00:00Z,False,9,0,0,0,0,0,0,0,0,0,0,0,0,0,0,0,45,7601,234,1216,0.0,0.0,0.0,0.0,0.0,0.0,0,0,0,0,0.0
Amadou Onana,MID,Aston Villa,59,13,2,2025-08-23T14:00:00Z,False,5,63,1,1,0,0,0,1,0,0,0,1,0,0,0,10,50,206140,41577,24650,0.23,0.04,1.11,14.6,3.2,16.0,4,2,3,9,3.0
Giorgi Mamardashvili,GK,Liverpool,367,19,2,2025-08-25T19:00:00Z,False,15,0,0,0,0,0,0,0,0,0,0,0,0,0,0,0,45,45880,1147,9022,0.0,0.0,0.0,0.0,0.0,0.0,0,0,0,0,0.5
Leon Bailey,MID,Aston Villa,49,13,2,2025-08-23T14:00:00Z,False,5,0,0,0,0,0,0,0,0,0,0,0,0,0,0,0,55,35805,2168,21050,0.0,0.0,0.0,0.0,0.0,0.0,0,0,0,0,0.0
Federico Chiesa,MID,Liverpool,385,19,2,2025-08-25T19:00:00Z,False,15,10,0,1,0,0,0,1,0,0,0,0,0,0,0,2,65,37939,8842,2566,0.0,0.0,0.16,1.2,0.3,0.0,1,0,0,1,4.0
Ryan Sessegnon,MID,Fulham,328,17,2,2025-08-24T15:30:00Z,True,14,61,1,2,0,0,0,1,0,0,0,0,0,0,0,14,55,2551,47,875,0.0,0.16,1.52,11.0,15.4,6.0,2,2,1,5,0.8
John Stones,DEF,Man City,409,18,2,2025-08-23T11:30:00Z,True,18,90,1,1,0,0,0,2,0,0,0,0,0,0,0,9,55,101371,13350,5467,0.0,0.02,1.11,23.8,1.8,0.0,8,0,4,8,4.0
Isaac Heath,MID,Everton,308,16,2,2025-08-24T13:00:00Z,True,6,0,0,0,0,0,0,0,0,0,0,0,0,0,0,0,45,4574,278,592,0.0,0.0,0.0,0.0,0.0,0.0,0,0,0,0,0.0
Chris Rigg,MID,Sunderland,551,14,2,2025-08-23T14:00:00Z,False,3,0,0,0,0,0,0,0,0,0,0,0,0,0,0,0,50,6277,159,1029,0.0,0.0,0.0,0.0,0.0,0.0,0,0,0,0,0.5
Luke O'Nien,DEF,Sunderland,539,14,2,2025-08-23T14:00:00Z,False,3,0,0,0,0,0,0,0,0,0,0,0,0,0,0,0,40,2714,168,345,0.0,0.0,0.0,0.0,0.0,0.0,0,0,0,0,0.0
Axel Tuanzebe,DEF,Burnley,198,14,2,2025-08-23T14:00:00Z,True,17,0,0,0,0,0,0,0,0,0,0,0,0,0,0,0,40,236961,3280,24436,0.0,0.0,0.0,0.0,0.0,0.0,0,0,0,0,0.0
Séamus Coleman,DEF,Everton,294,16,2,2025-08-24T13:00:00Z,True,6,0,0,0,0,0,0,0,0,0,0,0,0,0,0,0,45,17552,861,2196,0.0,0.0,0.0,0.0,0.0,0.0,0,0,0,0,0.0
Carlos Alcaraz Durán,MID,Everton,301,16,2,2025-08-24T13:00:00Z,True,6,26,0,1,0,0,0,0,0,0,0,0,0,0,0,5,55,16906,820,2773,0.0,0.0,0.95,5.0,2.1,0.0,0,2,2,4,1.0
Jeremy Sarmiento Morante,MID,Brighton,171,16,2,2025-08-24T13:00:00Z,False,9,0,0,0,0,0,0,0,0,0,0,0,0,0,0,0,50,3717,58,629,0.0,0.0,0.0,0.0,0.0,0.0,0,0,0,0,0.0
Matt Turner,GK,Nott'm Forest,504,15,2,2025-08-24T13:00:00Z,False,8,0,0,0,0,0,0,0,0,0,0,0,0,0,0,0,40,20927,0,4587,0.0,0.0,0.0,0.0,0.0,0.0,0,0,0,0,0.0
Ethan Wheatley,FWD,Man Utd,468,17,2,2025-08-24T15:30:00Z,False,10,0,0,0,0,0,0,0,0,0,0,0,0,0,0,0,45,15176,755,2060,0.0,0.0,0.0,0.0,0.0,0.0,0,0,0,0,0.0
Roman Dixon,DEF,Everton,297,16,2,2025-08-24T13:00:00Z,True,6,0,0,0,0,0,0,0,0,0,0,0,0,0,0,0,40,23975,1067,2372,0.0,0.0,0.0,0.0,0.0,0.0,0,0,0,0,0.0
Charlie Tasker,DEF,Brighton,156,16,2,2025-08-24T13:00:00Z,False,9,0,0,0,0,0,0,0,0,0,0,0,0,0,0,0,40,16757,627,1740,0.0,0.0,0.0,0.0,0.0,0.0,0,0,0,0,0.0
Yoane Wissa,FWD,Brentford,135,13,2,2025-08-23T14:00:00Z,True,2,0,0,0,0,0,0,0,0,0,0,0,0,0,0,0,75,176219,4602,102084,0.0,0.0,0.0,0.0,0.0,0.0,0,0,0,0,0.0
Marc Guéhi,DEF,Crystal Palace,260,15,2,2025-08-24T13:00:00Z,True,16,90,1,2,0,0,0,1,0,0,0,0,0,0,0,6,45,1436549,141931,56652,0.11,0.01,0.93,11.2,1.5,4.0,4,1,3,5,4.0
Josh Cullen,MID,Burnley,205,14,2,2025-08-23T14:00:00Z,True,17,90,1,14,1,1,1,0,0,0,0,0,0,0,3,49,50,10357,3654,1125,0.08,0.19,0.77,65.8,17.0,21.0,2,1,4,7,9.0
Erling Haaland,FWD,Man City,430,18,2,2025-08-23T11:30:00Z,True,18,90,1,2,0,0,0,2,0,0,0,0,0,0,0,6,140,3276879,446334,49761,0.47,0.3,1.11,1.4,15.2,15.0,1,0,3,4,8.0
Djed Spence,DEF,Spurs,573,18,2,2025-08-23T11:30:00Z,False,13,90,1,6,0,0,1,0,0,0,0,0,0,0,0,19,45,139080,17636,14041,0.0,0.02,1.55,10.4,2.6,2.0,4,2,4,6,5.5
Julian Eyestone,GK,Brentford,104,13,2,2025-08-23T14:00:00Z,True,2,0,0,0,0,0,0,0,0,0,0,0,0,0,0,0,40,8404,279,538,0.0,0.0,0.0,0.0,0.0,0.0,0,0,0,0,0.0
Ármin Pécsi,GK,Liverpool,368,19,2,2025-08-25T19:00:00Z,False,15,0,0,0,0,0,0,0,0,0,0,0,0,0,0,0,40,8968,306,760,0.0,0.0,0.0,0.0,0.0,0.0,0,0,0,0,0.5
Anton Stach,MID,Leeds,660,11,2,2025-08-23T16:30:00Z,False,1,90,1,2,0,0,0,5,0,0,0,0,0,0,0,6,50,48161,17355,5336,0.0,0.07,2.88,2.4,35.7,0.0,1,2,1,4,4.0
Jefferson Lerma Solís,MID,Crystal Palace,272,15,2,2025-08-24T13:00:00Z,True,16,8,0,1,0,0,0,0,0,0,0,0,0,0,0,4,50,7107,214,895,0.0,0.0,0.27,4.0,1.1,0.0,2,0,0,2,1.0
Jordan Beyer,DEF,Burnley,194,14,2,2025-08-23T14:00:00Z,True,17,0,0,0,0,0,0,0,0,0,0,0,0,0,0,0,40,18958,568,2370,0.0,0.0,0.0,0.0,0.0,0.0,0,0,0,0,0.0
Jayden Danns,FWD,Liverpool,398,19,2,2025-08-25T19:00:00Z,False,15,0,0,0,0,0,0,0,0,0,0,0,0,0,0,0,45,15660,946,2635,0.0,0.0,0.0,0.0,0.0,0.0,0,0,0,0,0.5
Rio Ngumoha,MID,Liverpool,686,19,2,2025-08-25T19:00:00Z,False,15,1,0,6,1,0,0,0,0,0,0,0,0,0,0,27,45,13342,6884,2318,0.37,0.0,0.0,34.0,0.1,17.0,0,0,0,0,3.5
Brandon Austin,GK,Spurs,566,18,2,2025-08-23T11:30:00Z,False,13,0,0,0,0,0,0,0,0,0,0,0,0,0,0,0,40,31627,728,1912,0.0,0.0,0.0,0.0,0.0,0.0,0,0,0,0,-0.5
Zain Silcott-Duberry,MID,Bournemouth,95,12,2,2025-08-23T14:00:00Z,True,20,0,0,0,0,0,0,0,0,0,0,0,0,0,0,0,45,9291,355,1183,0.0,0.0,0.0,0.0,0.0,0.0,0,0,0,0,0.0
Sepp van den Berg,DEF,Brentford,113,13,2,2025-08-23T14:00:00Z,True,2,90,1,8,0,0,1,0,0,0,0,0,0,0,0,23,45,46908,5267,3536,0.0,0.0,1.19,28.0,0.3,0.0,12,0,2,12,5.5
Dominic Calvert-Lewin,FWD,Leeds,691,11,2,2025-08-23T16:30:00Z,False,1,0,0,0,0,0,0,0,0,0,0,0,0,0,0,0,55,6667,3453,899,0.0,0.0,0.0,0.0,0.0,0.0,0,0,0,0,0.6
Aaron Wan-Bissaka,DEF,West Ham,610,20,2,2025-08-22T19:00:00Z,True,7,90,1,0,0,0,0,5,0,0,0,0,0,0,0,-8,45,2297122,26509,283823,0.0,0.06,2.74,17.0,19.8,0.0,5,0,2,5,0.0
Enzo Le Fée,MID,Sunderland,547,14,2,2025-08-23T14:00:00Z,False,3,27,0,1,0,0,0,1,0,0,0,0,0,0,0,15,50,33550,611,6725,0.04,0.05,0.66,9.0,23.4,4.0,0,2,6,8,1.0
David Ozoh,MID,Crystal Palace,280,15,2,2025-08-24T13:00:00Z,True,16,0,0,0,0,0,0,0,0,0,0,0,0,0,0,0,45,264,0,70,0.0,0.0,0.0,0.0,0.0,0.0,0,0,0,0,0.0
Mark Gillespie,GK,Newcastle,471,19,2,2025-08-25T19:00:00Z,True,12,0,0,0,0,0,0,0,0,0,0,0,0,0,0,0,40,16157,613,1013,0.0,0.0,0.0,0.0,0.0,0.0,0,0,0,0,-0.5
Ethan Ampadu,MID,Leeds,354,11,2,2025-08-23T16:30:00Z,False,1,0,0,0,0,0,0,0,0,0,0,0,0,0,0,0,50,8890,584,1939,0.0,0.0,0.0,0.0,0.0,0.0,0,0,0,0,0.0
Lino da Cruz Sousa,DEF,Aston Villa,45,13,2,2025-08-23T14:00:00Z,False,5,0,0,0,0,0,0,0,0,0,0,0,0,0,0,0,40,37773,2143,3474,0.0,0.0,0.0,0.0,0.0,0.0,0,0,0,0,0.0
Harrison Reed,MID,Fulham,336,17,2,2025-08-24T15:30:00Z,True,14,0,0,0,0,0,0,0,0,0,0,0,0,0,0,0,45,26815,1241,3614,0.0,0.0,0.0,0.0,0.0,0.0,0,0,0,0,0.0
Vitalii Mykolenko,DEF,Everton,292,16,2,2025-08-24T13:00:00Z,True,6,0,0,0,0,0,0,0,0,0,0,0,0,0,0,0,50,76431,713,18479,0.0,0.0,0.0,0.0,0.0,0.0,0,0,0,0,0.0
Matt Targett,DEF,Newcastle,484,19,2,2025-08-25T19:00:00Z,True,12,0,0,0,0,0,0,0,0,0,0,0,0,0,0,0,40,53110,1940,5472,0.0,0.0,0.0,0.0,0.0,0.0,0,0,0,0,-0.5
Frank Onyeka,MID,Brentford,128,13,2,2025-08-23T14:00:00Z,True,2,21,0,1,0,0,0,0,0,0,0,0,0,0,0,6,50,7135,1704,789,0.0,0.0,0.31,3.4,0.2,0.0,2,0,2,4,2.5
Tijjani Reijnders,MID,Man City,427,18,2,2025-08-23T11:30:00Z,True,18,90,1,2,0,0,0,2,0,0,0,0,0,0,0,12,56,3511890,1207349,42620,0.04,0.04,1.11,5.4,5.1,4.0,0,1,4,5,6.5
Igor Julio dos Santos de Paulo,DEF,Brighton,149,16,2,2025-08-24T13:00:00Z,False,9,0,0,0,0,0,0,0,0,0,0,0,0,0,0,0,45,5430,344,608,0.0,0.0,0.0,0.0,0.0,0.0,0,0,0,0,0.0
Gabriel Słonina,GK,Chelsea,223,20,2,2025-08-22T19:00:00Z,False,19,0,0,0,0,0,0,0,0,0,0,0,0,0,0,0,40,11848,654,988,0.0,0.0,0.0,0.0,0.0,0.0,0,0,0,0,0.5
Manuel Akanji,DEF,Man City,404,18,2,2025-08-23T11:30:00Z,True,18,0,0,0,0,0,0,0,0,0,0,0,0,0,0,0,55,84641,4559,19273,0.0,0.0,0.0,0.0,0.0,0.0,0,0,0,0,0.5
Bryan Mbeumo,MID,Man Utd,119,17,2,2025-08-24T15:30:00Z,False,10,90,1,2,0,0,0,1,0,0,0,0,0,0,0,8,80,1549781,171840,117188,0.0,0.31,1.76,6.2,43.7,8.0,0,0,2,2,2.0
Reece Welch,DEF,Everton,298,16,2,2025-08-24T13:00:00Z,True,6,0,0,0,0,0,0,0,0,0,0,0,0,0,0,0,40,16896,467,1650,0.0,0.0,0.0,0.0,0.0,0.0,0,0,0,0,0.0
Lewis Cook,MID,Bournemouth,88,12,2,2025-08-23T14:00:00Z,True,20,0,0,0,0,0,0,0,0,0,0,0,0,0,0,0,50,1335,50,326,0.0,0.0,0.0,0.0,0.0,0.0,0,0,0,0,0.0
Tyler Adams,MID,Bournemouth,85,12,2,2025-08-23T14:00:00Z,True,20,87,1,2,0,0,1,0,0,0,0,1,0,0,0,17,50,38060,7449,4345,0.03,0.01,0.41,20.2,5.3,7.0,4,2,3,9,3.0
Jamaal Lascelles,DEF,Newcastle,480,19,2,2025-08-25T19:00:00Z,True,12,0,0,0,0,0,0,0,0,0,0,0,0,0,0,0,45,8455,228,1286,0.0,0.0,0.0,0.0,0.0,0.0,0,0,0,0,-0.5
Andrés García,DEF,Aston Villa,42,13,2,2025-08-23T14:00:00Z,False,5,0,0,0,0,0,0,0,0,0,0,0,0,0,0,0,40,27305,472,5254,0.0,0.0,0.0,0.0,0.0,0.0,0,0,0,0,0.0
Youri Tielemans,MID,Aston Villa,48,13,2,2025-08-23T14:00:00Z,False,5,90,1,2,0,0,0,1,0,0,0,0,0,0,0,13,60,229597,18500,36025,0.04,0.29,1.21,11.2,50.8,12.0,0,1,2,3,2.5
Will Lankshear,FWD,Spurs,598,18,2,2025-08-23T11:30:00Z,False,13,0,0,0,0,0,0,0,0,0,0,0,0,0,0,0,45,5767,0,1957,0.0,0.0,0.0,0.0,0.0,0.0,0,0,0,0,0.0
Iwan Morgan,FWD,Brentford,137,13,2,2025-08-23T14:00:00Z,True,2,0,0,0,0,0,0,0,0,0,0,0,0,0,0,0,45,50214,4261,6377,0.0,0.0,0.0,0.0,0.0,0.0,0,0,0,0,0.0
Pierre Ekwah Elimby,MID,Sunderland,556,14,2,2025-08-23T14:00:00Z,False,3,0,0,0,0,0,0,0,0,0,0,0,0,0,0,0,45,1721,0,681,0.0,0.0,0.0,0.0,0.0,0.0,0,0,0,0,0.0
Crysencio Summerville,MID,West Ham,615,20,2,2025-08-22T19:00:00Z,True,7,0,0,0,0,0,0,0,0,0,0,0,0,0,0,0,55,799,57,269,0.0,0.0,0.0,0.0,0.0,0.0,0,0,0,0,0.0
Philip Billing,MID,Bournemouth,89,12,2,2025-08-23T14:00:00Z,True,20,0,0,0,0,0,0,0,0,0,0,0,0,0,0,0,50,7179,408,1459,0.0,0.0,0.0,0.0,0.0,0.0,0,0,0,0,0.0
Cristhian Mosquera,DEF,Arsenal,662,11,2,2025-08-23T16:30:00Z,True,11,26,0,1,0,0,0,0,0,0,0,0,0,0,0,7,55,12598,415,2273,0.0,0.0,0.0,4.8,0.0,0.0,0,2,0,2,1.5
Ethan Nwaneri,MID,Arsenal,25,11,2,2025-08-23T16:30:00Z,True,11,52,0,1,0,0,0,0,0,0,0,0,0,0,0,3,55,26978,1650,6992,0.02,0.01,0.0,5.6,1.8,5.0,0,1,3,4,1.5
Bryan Gil Salvatierra,MID,Spurs,590,18,2,2025-08-23T11:30:00Z,False,13,0,0,0,0,0,0,0,0,0,0,0,0,0,0,0,50,5170,130,932,0.0,0.0,0.0,0.0,0.0,0.0,0,0,0,0,-0.5
Callum Olusesi,MID,Spurs,595,18,2,2025-08-23T11:30:00Z,False,13,0,0,0,0,0,0,0,0,0,0,0,0,0,0,0,45,20444,1071,2990,0.0,0.0,0.0,0.0,0.0,0.0,0,0,0,0,-0.5
Elyh Harrison,GK,Man Utd,433,17,2,2025-08-24T15:30:00Z,False,10,0,0,0,0,0,0,0,0,0,0,0,0,0,0,0,40,358,0,82,0.0,0.0,0.0,0.0,0.0,0.0,0,0,0,0,0.0
Ellery Balcombe,GK,Brentford,102,13,2,2025-08-23T14:00:00Z,True,2,0,0,0,0,0,0,0,0,0,0,0,0,0,0,0,40,35534,1973,1794,0.0,0.0,0.0,0.0,0.0,0.0,0,0,0,0,0.0
Gustavo Nunes Fernandes Gomes,MID,Brentford,127,13,2,2025-08-23T14:00:00Z,True,2,0,0,0,0,0,0,0,0,0,0,0,0,0,0,0,50,995,33,355,0.0,0.0,0.0,0.0,0.0,0.0,0,0,0,0,0.0
Boubacar Traoré,MID,Wolves,649,12,2,2025-08-23T14:00:00Z,False,4,0,0,0,0,0,0,0,0,0,0,0,0,0,0,0,50,194,0,82,0.0,0.0,0.0,0.0,0.0,0.0,0,0,0,0,0.0
Luka Vušković,DEF,Spurs,578,18,2,2025-08-23T11:30:00Z,False,13,0,0,0,0,0,0,0,0,0,0,0,0,0,0,0,40,110839,3277,12053,0.0,0.0,0.0,0.0,0.0,0.0,0,0,0,0,-0.5
Kenny Tete,DEF,Fulham,322,17,2,2025-08-24T15:30:00Z,True,14,90,1,2,0,0,0,1,0,0,0,0,0,0,0,15,45,17246,1298,1952,0.0,0.37,1.63,17.6,17.7,10.0,1,3,3,4,2.0
Matt O'Riley,MID,Brighton,164,16,2,2025-08-24T13:00:00Z,False,9,90,1,2,0,0,0,2,0,0,0,0,0,0,0,12,55,201451,115247,23193,0.42,0.03,1.6,15.0,22.3,38.0,3,1,2,6,6.0
Carl Rushworth,GK,Brighton,141,16,2,2025-08-24T13:00:00Z,False,9,0,0,0,0,0,0,0,0,0,0,0,0,0,0,0,40,409,0,72,0.0,0.0,0.0,0.0,0.0,0.0,0,0,0,0,0.0
Walter Benítez,GK,Crystal Palace,254,15,2,2025-08-24T13:00:00Z,True,16,0,0,0,0,0,0,0,0,0,0,0,0,0,0,0,40,46305,1976,2368,0.0,0.0,0.0,0.0,0.0,0.0,0,0,0,0,0.0
Ibrahim Sangaré,MID,Nott'm Forest,521,15,2,2025-08-24T13:00:00Z,False,8,87,1,2,0,0,0,1,0,0,0,0,0,0,0,14,50,6321,529,836,0.01,0.01,1.1,9.4,3.3,1.0,4,1,3,8,2.0
Zak Johnson,DEF,Sunderland,538,14,2,2025-08-23T14:00:00Z,False,3,0,0,0,0,0,0,0,0,0,0,0,0,0,0,0,40,24372,797,2501,0.0,0.0,0.0,0.0,0.0,0.0,0,0,0,0,0.0
Brennan Johnson,MID,Spurs,580,18,2,2025-08-23T11:30:00Z,False,13,77,1,9,1,0,1,0,0,0,0,1,0,0,2,30,70,311751,21049,39811,0.4,0.03,1.37,42.6,15.8,22.0,0,4,2,6,8.0
Dominic Sadi,MID,Bournemouth,94,12,2,2025-08-23T14:00:00Z,True,20,0,0,0,0,0,0,0,0,0,0,0,0,0,0,0,45,6507,497,847,0.0,0.0,0.0,0.0,0.0,0.0,0,0,0,0,0.0
Ian Poveda-Ocampo,MID,Sunderland,550,14,2,2025-08-23T14:00:00Z,False,3,0,0,0,0,0,0,0,0,0,0,0,0,0,0,0,50,2870,37,492,0.0,0.0,0.0,0.0,0.0,0.0,0,0,0,0,0.0
Rayan Aït-Nouri,DEF,Man City,402,18,2,2025-08-23T11:30:00Z,True,18,22,1,1,0,0,0,0,0,0,0,0,0,0,0,2,60,2527933,366735,104536,0.0,0.0,0.08,0.0,0.4,0.0,0,0,2,0,5.5
Carlos Baleba,MID,Brighton,167,16,2,2025-08-24T13:00:00Z,False,9,45,1,1,0,0,0,1,0,0,0,0,0,0,0,3,50,486276,30220,55043,0.0,0.0,0.92,0.4,10.8,0.0,0,0,2,2,2.0
James Wright,GK,Aston Villa,688,13,2,2025-08-23T14:00:00Z,False,5,0,0,0,0,0,0,0,0,0,0,0,0,0,0,0,40,53518,12617,1565,0.0,0.0,0.0,0.0,0.0,0.0,0,0,0,0,0.0
Jamie Bynoe-Gittens,MID,Chelsea,239,20,2,2025-08-22T19:00:00Z,False,19,13,0,1,0,0,0,0,0,0,0,0,0,0,0,4,65,28161,2622,7217,0.0,0.01,0.4,2.0,5.0,4.0,0,0,0,0,1.5
Dejan Kulusevski,MID,Spurs,583,18,2,2025-08-23T11:30:00Z,False,13,0,0,0,0,0,0,0,0,0,0,0,0,0,0,0,65,1690,103,490,0.0,0.0,0.0,0.0,0.0,0.0,0,0,0,0,0.0
Wilfried Gnonto,MID,Leeds,351,11,2,2025-08-23T16:30:00Z,False,1,65,1,2,0,0,0,4,0,0,0,0,0,0,0,10,55,34356,1958,6032,0.0,0.0,2.01,7.2,1.5,2.0,0,4,2,6,1.5
Lisandro Martínez,DEF,Man Utd,437,17,2,2025-08-24T15:30:00Z,False,10,0,0,0,0,0,0,0,0,0,0,0,0,0,0,0,50,13997,132,6476,0.0,0.0,0.0,0.0,0.0,0.0,0,0,0,0,0.0
El Hadji Malick Diouf,DEF,West Ham,603,20,2,2025-08-22T19:00:00Z,True,7,90,1,3,0,1,0,5,0,0,0,0,0,0,0,-1,45,695709,10353,85165,0.0,0.01,2.74,20.6,12.7,2.0,3,1,5,4,1.5
Leon Chiwome,FWD,Wolves,657,12,2,2025-08-23T14:00:00Z,False,4,0,0,0,0,0,0,0,0,0,0,0,0,0,0,0,45,5248,1068,1056,0.0,0.0,0.0,0.0,0.0,0.0,0,0,0,0,0.0
João Victor Gomes da Silva,MID,Wolves,646,12,2,2025-08-23T14:00:00Z,False,4,90,1,1,0,0,0,1,0,0,0,1,0,0,0,13,55,12428,765,1458,0.0,0.02,1.29,8.6,3.0,2.0,3,3,5,11,1.5
Jaydon Banel,MID,Burnley,213,14,2,2025-08-23T14:00:00Z,True,17,0,0,0,0,0,0,0,0,0,0,0,0,0,0,0,45,3962,261,591,0.0,0.0,0.0,0.0,0.0,0.0,0,0,0,0,0.0
Kjell Scherpen,GK,Brighton,142,16,2,2025-08-24T13:00:00Z,False,9,0,0,0,0,0,0,0,0,0,0,0,0,0,0,0,40,365,0,66,0.0,0.0,0.0,0.0,0.0,0.0,0,0,0,0,0.0
Levi Samuels Colwill,DEF,Chelsea,227,20,2,2025-08-22T19:00:00Z,False,19,0,0,0,0,0,0,0,0,0,0,0,0,0,0,0,49,26164,174,15444,0.0,0.0,0.0,0.0,0.0,0.0,0,0,0,0,0.0
Harvey Elliott,MID,Liverpool,389,19,2,2025-08-25T19:00:00Z,False,15,1,0,1,0,0,0,0,0,0,0,0,0,0,0,2,54,15745,641,3948,0.0,0.0,0.0,0.2,0.8,0.0,0,0,0,0,1.0
Olivier Boscagli,DEF,Brighton,143,16,2,2025-08-24T13:00:00Z,False,9,0,0,0,0,0,0,0,0,0,0,0,0,0,0,0,45,12359,704,2159,0.0,0.0,0.0,0.0,0.0,0.0,0,0,0,0,0.0
Takai Kōta,DEF,Spurs,577,18,2,2025-08-23T11:30:00Z,False,13,0,0,0,0,0,0,0,0,0,0,0,0,0,0,0,40,10809,115,2310,0.0,0.0,0.0,0.0,0.0,0.0,0,0,0,0,0.0
Jeremie Frimpong,DEF,Liverpool,370,19,2,2025-08-25T19:00:00Z,False,15,0,0,0,0,0,0,0,0,0,0,0,0,0,0,0,60,2101199,54525,1163097,0.0,0.0,0.0,0.0,0.0,0.0,0,0,0,0,0.0
Joe Rodon,DEF,Leeds,348,11,2,2025-08-23T16:30:00Z,False,1,90,1,2,0,0,0,5,0,0,0,0,0,0,0,-2,40,248399,20822,13907,0.0,0.0,2.88,29.0,0.1,0.0,13,1,2,14,3.5
Jenson Seelt,DEF,Sunderland,542,14,2,2025-08-23T14:00:00Z,False,3,81,0,1,0,0,0,2,0,0,0,0,0,0,0,5,40,28749,1663,3908,0.0,0.01,1.0,18.4,1.8,0.0,4,2,2,6,1.0
Marshall Munetsi,MID,Wolves,648,12,2,2025-08-23T14:00:00Z,False,4,90,1,2,0,0,0,1,0,0,0,0,0,0,0,7,55,6522,1949,897,0.06,0.01,1.29,4.2,1.2,4.0,3,1,2,6,2.0
Rhys Williams,DEF,Liverpool,379,19,2,2025-08-25T19:00:00Z,False,15,0,0,0,0,0,0,0,0,0,0,0,0,0,0,0,40,17261,529,2426,0.0,0.0,0.0,0.0,0.0,0.0,0,0,0,0,0.5
Josh Laurent,MID,Burnley,209,14,2,2025-08-23T14:00:00Z,True,17,21,0,1,0,0,0,0,0,0,0,0,0,0,0,4,50,3326,224,425,0.0,0.0,0.16,10.8,0.8,0.0,3,1,0,4,1.5
Diego León Blanco,DEF,Man Utd,439,17,2,2025-08-24T15:30:00Z,False,10,0,0,0,0,0,0,0,0,0,0,0,0,0,0,0,45,7676,319,1306,0.0,0.0,0.0,0.0,0.0,0.0,0,0,0,0,0.0
Romaine Mundle,MID,Sunderland,548,14,2,2025-08-23T14:00:00Z,False,3,0,0,0,0,0,0,0,0,0,0,0,0,0,0,0,50,737,31,329,0.0,0.0,0.0,0.0,0.0,0.0,0,0,0,0,0.0
Will Dennis,GK,Bournemouth,68,12,2,2025-08-23T14:00:00Z,True,20,0,0,0,0,0,0,0,0,0,0,0,0,0,0,0,40,117391,7907,5146,0.0,0.0,0.0,0.0,0.0,0.0,0,0,0,0,0.0
Callum Wilson,FWD,West Ham,671,20,2,2025-08-22T19:00:00Z,True,7,45,0,1,0,0,0,2,0,0,0,0,0,0,0,1,60,47744,2054,9866,0.03,0.04,1.12,2.4,11.8,8.0,1,0,0,1,0.5
Vitaly Janelt,MID,Brentford,125,13,2,2025-08-23T14:00:00Z,True,2,0,0,0,0,0,0,0,0,0,0,0,0,0,0,0,50,1471,32,585,0.0,0.0,0.0,0.0,0.0,0.0,0,0,0,0,0.0
Douglas Luiz Soares de Paulo,MID,Nott'm Forest,699,15,2,2025-08-24T13:00:00Z,False,8,0,0,0,0,0,0,0,0,0,0,0,0,0,0,0,50,595,362,47,0.0,0.0,0.0,0.0,0.0,0.0,0,0,0,0,1.6
Marcus Tavernier,MID,Bournemouth,84,12,2,2025-08-23T14:00:00Z,True,20,77,1,11,1,0,1,0,0,0,0,0,0,0,3,36,55,64769,24795,8560,0.19,0.21,0.41,42.8,4.5,28.0,2,0,2,4,7.5
Virgil van Dijk,DEF,Liverpool,373,19,2,2025-08-25T19:00:00Z,False,15,90,1,3,0,0,0,2,0,0,0,0,0,0,0,10,60,2591224,131727,141935,0.0,0.0,0.93,38.6,0.3,0.0,15,0,1,15,3.5
Son Heung-min,MID,Spurs,579,18,2,2025-08-23T11:30:00Z,False,13,0,0,0,0,0,0,0,0,0,0,0,0,0,0,0,85,23212,0,16786,0.0,0.0,0.0,0.0,0.0,0.0,0,0,0,0,0.0
Antoñito Cordero Campillo,MID,Newcastle,492,19,2,2025-08-25T19:00:00Z,True,12,0,0,0,0,0,0,0,0,0,0,0,0,0,0,0,50,3970,132,702,0.0,0.0,0.0,0.0,0.0,0.0,0,0,0,0,-0.5
Callum Marshall,FWD,West Ham,626,20,2,2025-08-22T19:00:00Z,True,7,0,0,0,0,0,0,0,0,0,0,0,0,0,0,0,45,80314,7245,11066,0.0,0.0,0.0,0.0,0.0,0.0,0,0,0,0,-0.5
Garang Kuol,MID,Newcastle,496,19,2,2025-08-25T19:00:00Z,True,12,0,0,0,0,0,0,0,0,0,0,0,0,0,0,0,45,7417,374,988,0.0,0.0,0.0,0.0,0.0,0.0,0,0,0,0,-0.5
Fábio Ferreira Vieira,MID,Arsenal,23,11,2,2025-08-23T16:30:00Z,True,11,0,0,0,0,0,0,0,0,0,0,0,0,0,0,0,55,4733,494,1008,0.0,0.0,0.0,0.0,0.0,0.0,0,0,0,0,1.0
Jean-Philippe Mateta,FWD,Crystal Palace,283,15,2,2025-08-24T13:00:00Z,True,16,87,1,2,0,0,0,1,0,0,0,0,0,0,0,7,75,949542,77989,108368,0.16,0.0,0.66,0.4,0.4,13.0,1,0,0,1,1.5
Gabriel Fernando de Jesus,FWD,Arsenal,31,11,2,2025-08-23T16:30:00Z,True,11,0,0,0,0,0,0,0,0,0,0,0,0,0,0,0,65,4756,243,1035,0.0,0.0,0.0,0.0,0.0,0.0,0,0,0,0,0.0
Maximilian Kilman,DEF,West Ham,605,20,2,2025-08-22T19:00:00Z,True,7,90,1,0,0,0,0,5,0,0,0,0,0,0,0,-18,45,26589,397,6773,0.19,0.0,2.74,4.0,0.3,7.0,5,0,1,5,-0.5
Tawanda Chirewa,MID,Wolves,650,12,2,2025-08-23T14:00:00Z,False,4,0,0,0,0,0,0,0,0,0,0,0,0,0,0,0,45,33357,1320,4299,0.0,0.0,0.0,0.0,0.0,0.0,0,0,0,0,0.0
Elijah Campbell,DEF,Everton,705,16,2,2025-08-24T13:00:00Z,True,6,0,0,0,0,0,0,0,0,0,0,0,0,0,0,0,40,0,0,0,0.0,0.0,0.0,0.0,0.0,0.0,0,0,0,0,1.0
Harry Maguire,DEF,Man Utd,442,17,2,2025-08-24T15:30:00Z,False,10,3,0,1,0,0,0,0,0,0,0,0,0,0,0,2,45,76570,3860,8939,0.1,0.0,0.03,0.2,0.0,4.0,1,0,0,1,1.0
Hjalmar Ekdal,DEF,Burnley,190,14,2,2025-08-23T14:00:00Z,True,17,90,1,9,0,0,1,0,0,0,0,0,0,0,1,34,40,28743,5086,2652,0.0,0.01,0.77,31.8,14.3,4.0,12,2,3,14,5.0
Mason Mount,MID,Man Utd,455,17,2,2025-08-24T15:30:00Z,False,10,68,1,3,0,0,1,0,0,0,0,0,0,0,0,10,60,32207,4964,4815,0.0,0.19,1.06,6.4,28.5,6.0,0,2,1,3,2.5
Paris Maghoma,MID,Brentford,132,13,2,2025-08-23T14:00:00Z,True,2,0,0,0,0,0,0,0,0,0,0,0,0,0,0,0,45,2504,65,784,0.0,0.0,0.0,0.0,0.0,0.0,0,0,0,0,0.0
Jair Paula da Cunha Filho,DEF,Nott'm Forest,510,15,2,2025-08-24T13:00:00Z,False,8,0,0,0,0,0,0,0,0,0,0,0,0,0,0,0,45,8487,311,1175,0.0,0.0,0.0,0.0,0.0,0.0,0,0,0,0,0.0
Freddie Potts,MID,West Ham,623,20,2,2025-08-22T19:00:00Z,True,7,45,0,1,0,0,0,2,0,0,0,0,0,0,0,2,45,73871,2428,8928,0.0,0.0,1.12,6.2,2.2,2.0,1,1,2,4,0.0
Joško Gvardiol,DEF,Man City,403,18,2,2025-08-23T11:30:00Z,True,18,0,0,0,0,0,0,0,0,0,0,0,0,0,0,0,59,607778,1346,486312,0.0,0.0,0.0,0.0,0.0,0.0,0,0,0,0,0.0
Matthijs de Ligt,DEF,Man Utd,436,17,2,2025-08-24T15:30:00Z,False,10,90,1,7,0,0,0,1,0,0,0,0,0,0,3,24,50,262568,49548,17119,0.0,0.01,1.76,29.0,0.2,0.0,10,1,2,11,5.5
Matheus França de Oliveira,MID,Crystal Palace,279,15,2,2025-08-24T13:00:00Z,True,16,0,0,0,0,0,0,0,0,0,0,0,0,0,0,0,45,1889,65,465,0.0,0.0,0.0,0.0,0.0,0.0,0,0,0,0,0.0
Lucas Bergvall,MID,Spurs,586,18,2,2025-08-23T11:30:00Z,False,13,4,0,1,0,0,0,0,0,0,0,0,0,0,0,5,55,16821,1022,2243,0.0,0.05,0.0,8.0,10.5,2.0,3,0,0,3,1.5
Mikel Merino Zazón,MID,Arsenal,22,11,2,2025-08-23T16:30:00Z,True,11,0,0,0,0,0,0,0,0,0,0,0,0,0,0,0,60,58027,4431,17036,0.0,0.0,0.0,0.0,0.0,0.0,0,0,0,0,1.5
Odsonne Édouard,FWD,Crystal Palace,285,15,2,2025-08-24T13:00:00Z,True,16,2,0,1,0,0,0,0,0,0,0,0,0,0,0,6,50,94464,5751,14023,0.0,0.0,0.27,2.0,0.0,0.0,0,1,0,1,0.5
Joe Knight,MID,Brighton,175,16,2,2025-08-24T13:00:00Z,False,9,0,0,0,0,0,0,0,0,0,0,0,0,0,0,0,45,9413,745,1239,0.0,0.0,0.0,0.0,0.0,0.0,0,0,0,0,0.0
Zépiqueno Redmond,FWD,Aston Villa,65,13,2,2025-08-23T14:00:00Z,False,5,0,0,0,0,0,0,0,0,0,0,0,0,0,0,0,45,95515,10825,12331,0.0,0.0,0.0,0.0,0.0,0.0,0,0,0,0,0.0
Matheus Santos Carneiro da Cunha,MID,Man Utd,450,17,2,2025-08-24T15:30:00Z,False,10,90,1,2,0,0,0,1,0,0,0,0,0,0,0,5,80,1009096,172090,71274,0.39,0.02,1.76,8.6,14.9,22.0,1,1,2,4,2.0
Chemsdine Talbi,MID,Sunderland,553,14,2,2025-08-23T14:00:00Z,False,3,62,1,2,0,0,0,1,0,0,0,0,0,0,0,3,50,42571,24244,6323,0.23,0.01,0.34,1.8,16.3,4.0,0,0,2,2,4.0
Zach Abbott,DEF,Nott'm Forest,513,15,2,2025-08-24T13:00:00Z,False,8,0,0,0,0,0,0,0,0,0,0,0,0,0,0,0,40,22352,816,2110,0.0,0.0,0.0,0.0,0.0,0.0,0,0,0,0,0.0
Mykhailo Mudryk,MID,Chelsea,245,20,2,2025-08-22T19:00:00Z,False,19,0,0,0,0,0,0,0,0,0,0,0,0,0,0,0,50,786,105,203,0.0,0.0,0.0,0.0,0.0,0.0,0,0,0,0,0.0
Emile Smith Rowe,MID,Fulham,325,17,2,2025-08-24T15:30:00Z,True,14,19,0,6,1,0,0,0,0,0,0,0,0,0,0,21,59,83859,2640,23569,0.7,0.02,0.11,32.8,3.6,38.0,0,0,0,0,3.5
Yves Bissouma,MID,Spurs,587,18,2,2025-08-23T11:30:00Z,False,13,0,0,0,0,0,0,0,0,0,0,0,0,0,0,0,54,13259,643,3961,0.0,0.0,0.0,0.0,0.0,0.0,0,0,0,0,0.0
Zian Flemming,FWD,Burnley,215,14,2,2025-08-23T14:00:00Z,True,17,4,0,1,0,0,0,0,0,0,0,0,0,0,0,3,55,17503,1879,3182,0.0,0.0,0.11,2.2,10.0,2.0,0,0,0,0,1.0
Alfie Pond,DEF,Wolves,641,12,2,2025-08-23T14:00:00Z,False,4,0,0,0,0,0,0,0,0,0,0,0,0,0,0,0,40,157576,6143,12032,0.0,0.0,0.0,0.0,0.0,0.0,0,0,0,0,0.0
Daniel Ballard,DEF,Sunderland,531,14,2,2025-08-23T14:00:00Z,False,3,8,1,1,0,0,0,0,0,0,0,0,0,0,0,8,46,710777,502062,32014,0.0,0.17,0.0,5.2,10.3,2.0,2,0,0,2,9.0
Tim Iroegbunam,MID,Everton,304,16,2,2025-08-24T13:00:00Z,True,6,70,1,2,0,0,1,0,0,0,0,1,0,0,0,7,50,3317,106,431,0.08,0.0,1.48,8.8,2.7,1.0,5,0,6,11,2.0
Lucas Digne,DEF,Aston Villa,37,13,2,2025-08-23T14:00:00Z,False,5,63,1,2,0,0,0,1,0,0,0,0,0,0,0,8,45,256592,55427,14552,0.0,0.16,1.11,6.8,8.4,6.0,1,1,2,2,4.0
Mads Hermansen,GK,West Ham,679,20,2,2025-08-22T19:00:00Z,True,7,90,1,0,0,0,0,5,0,0,0,0,0,2,0,-8,45,37054,2414,3497,0.0,0.0,2.74,16.8,0.0,0.0,2,0,7,0,0.0
Viktor Gyökeres,FWD,Arsenal,666,11,2,2025-08-23T16:30:00Z,True,11,90,1,12,2,0,1,0,0,0,0,0,0,0,2,44,90,2685766,203416,264395,1.28,0.03,0.17,67.0,1.6,44.0,2,0,3,5,7.5
Emiliano Buendía Stati,MID,Aston Villa,50,13,2,2025-08-23T14:00:00Z,False,5,58,0,1,0,0,0,0,0,0,0,0,0,0,0,1,54,13638,494,5492,0.2,0.2,0.28,0.8,12.2,9.0,2,1,0,3,0.5
Benjamin Lecomte,GK,Fulham,664,17,2,2025-08-24T15:30:00Z,True,14,0,0,0,0,0,0,0,0,0,0,0,0,0,0,0,40,89853,2153,4068,0.0,0.0,0.0,0.0,0.0,0.0,0,0,0,0,0.0
Ismeal Kabia,MID,Arsenal,28,11,2,2025-08-23T16:30:00Z,True,11,0,0,0,0,0,0,0,0,0,0,0,0,0,0,0,45,31592,3710,5345,0.0,0.0,0.0,0.0,0.0,0.0,0,0,0,0,1.0
Isaac Hayden,MID,Newcastle,495,19,2,2025-08-25T19:00:00Z,True,12,0,0,0,0,0,0,0,0,0,0,0,0,0,0,0,45,1717,0,624,0.0,0.0,0.0,0.0,0.0,0.0,0,0,0,0,0.0
Adrian Mazilu,MID,Brighton,176,16,2,2025-08-24T13:00:00Z,False,9,0,0,0,0,0,0,0,0,0,0,0,0,0,0,0,45,4365,291,600,0.0,0.0,0.0,0.0,0.0,0.0,0,0,0,0,0.0
Jurriën Timber,DEF,Arsenal,8,11,2,2025-08-23T16:30:00Z,True,11,63,1,24,2,1,1,0,0,0,0,0,0,0,3,68,55,219095,14581,37592,0.81,0.05,0.17,95.0,28.5,75.0,2,4,1,6,13.0
Kyle Walker,DEF,Burnley,187,14,2,2025-08-23T14:00:00Z,True,17,90,1,6,0,0,1,0,0,0,0,0,0,0,0,26,45,207658,16850,20113,0.0,0.02,0.77,15.4,2.1,0.0,6,1,6,7,3.5
Cole Palmer,MID,Chelsea,235,20,2,2025-08-22T19:00:00Z,False,19,0,0,0,0,0,0,0,0,0,0,0,0,0,0,0,105,6326805,114237,360251,0.0,0.0,0.0,0.0,0.0,0.0,0,0,0,0,2.0
Maxence Lacroix,DEF,Crystal Palace,257,15,2,2025-08-24T13:00:00Z,True,16,90,1,3,0,0,0,1,0,0,0,1,0,0,0,11,50,151393,33055,12756,0.1,0.0,0.93,24.6,0.3,23.0,9,3,5,12,5.5
Robert Lynch Sánchez,GK,Chelsea,220,20,2,2025-08-22T19:00:00Z,False,19,90,1,3,0,0,0,1,0,0,0,0,0,3,0,11,50,2750249,156341,89909,0.0,0.0,0.73,24.2,0.0,0.0,0,0,5,0,6.0
Benjamin Fredrick,DEF,Brentford,115,13,2,2025-08-23T14:00:00Z,True,2,0,0,0,0,0,0,0,0,0,0,0,0,0,0,0,40,17924,605,1671,0.0,0.0,0.0,0.0,0.0,0.0,0,0,0,0,0.0
Brajan Gruda,MID,Brighton,162,16,2,2025-08-24T13:00:00Z,False,9,5,0,1,0,0,0,0,0,0,0,0,0,0,0,2,55,4588,233,912,0.06,0.0,0.39,0.0,0.0,6.0,0,0,1,1,1.0
James Trafford,GK,Man City,182,18,2,2025-08-23T11:30:00Z,True,18,90,1,2,0,0,0,2,0,0,0,0,0,3,0,13,50,283430,56541,26500,0.0,0.0,1.11,30.8,0.0,0.0,3,2,10,0,5.0
Ben Gannon-Doak,MID,Bournemouth,391,12,2,2025-08-23T14:00:00Z,True,20,0,0,0,0,0,0,0,0,0,0,0,0,0,0,0,50,6612,2016,1057,0.0,0.0,0.0,0.0,0.0,0.0,0,0,0,0,0.0
Saša Kalajdžić,FWD,Wolves,656,12,2,2025-08-23T14:00:00Z,False,4,0,0,0,0,0,0,0,0,0,0,0,0,0,0,0,50,11423,471,1834,0.0,0.0,0.0,0.0,0.0,0.0,0,0,0,0,0.0
Mitoma Kaoru,MID,Brighton,157,16,2,2025-08-24T13:00:00Z,False,9,90,1,2,0,0,0,2,0,0,0,0,0,0,0,8,65,664282,21223,113319,0.15,0.09,1.6,12.0,42.8,10.0,0,1,4,5,2.0
Michael Keane,DEF,Everton,295,16,2,2025-08-24T13:00:00Z,True,6,90,1,8,0,0,1,0,0,0,0,0,0,0,0,23,45,38760,3460,3841,0.0,0.01,2.43,24.0,0.3,0.0,11,2,1,13,5.0
Jean-Clair Todibo,DEF,West Ham,609,20,2,2025-08-22T19:00:00Z,True,7,45,1,0,0,0,0,3,0,0,0,0,0,0,0,-9,45,13511,543,2303,0.0,0.0,1.62,5.4,0.3,0.0,3,0,0,3,0.0
Joelinton Cássio Apolinário de Lira,MID,Newcastle,490,19,2,2025-08-25T19:00:00Z,True,12,75,1,2,0,0,0,2,0,0,0,0,0,0,0,7,60,46952,3038,9130,0.03,0.0,0.33,6.6,0.4,7.0,2,2,3,7,1.5
Francisco Evanilson de Lima Barbosa,FWD,Bournemouth,97,12,2,2025-08-23T14:00:00Z,True,20,87,1,2,0,0,1,0,0,0,0,0,0,0,0,13,70,292590,93409,36730,0.0,0.02,0.41,6.4,45.5,4.0,0,0,1,1,1.5
Nordi Mukiele,DEF,Sunderland,694,14,2,2025-08-23T14:00:00Z,False,3,0,0,0,0,0,0,0,0,0,0,0,0,0,0,0,40,33250,13663,2308,0.0,0.0,0.0,0.0,0.0,0.0,0,0,0,0,1.0
Kevin Danso,DEF,Spurs,570,18,2,2025-08-23T11:30:00Z,False,13,1,0,1,0,0,0,0,0,0,0,0,0,0,0,4,45,18440,840,5064,0.0,0.0,0.0,4.2,0.0,0.0,2,0,0,2,0.0
Adam Aznou,DEF,Everton,667,16,2,2025-08-24T13:00:00Z,True,6,0,0,0,0,0,0,0,0,0,0,0,0,0,0,0,45,12212,453,2113,0.0,0.0,0.0,0.0,0.0,0.0,0,0,0,0,0.0
Ben Davies,DEF,Spurs,571,18,2,2025-08-23T11:30:00Z,False,13,0,0,0,0,0,0,0,0,0,0,0,0,0,0,0,45,10317,353,1628,0.0,0.0,0.0,0.0,0.0,0.0,0,0,0,0,-0.5
Trai Hume,DEF,Sunderland,532,14,2,2025-08-23T14:00:00Z,False,3,90,1,1,0,0,0,2,0,0,0,0,0,0,0,5,45,33729,11055,2818,0.03,0.03,1.0,10.6,14.0,2.0,1,2,3,3,3.5
Tom Cairney,MID,Fulham,331,17,2,2025-08-24T15:30:00Z,True,14,0,0,0,0,0,0,0,0,0,0,0,0,0,0,0,50,3720,78,628,0.0,0.0,0.0,0.0,0.0,0.0,0,0,0,0,0.0
Calvin Bassey,DEF,Fulham,318,17,2,2025-08-24T15:30:00Z,True,14,90,1,2,0,0,0,1,0,0,0,0,0,0,0,6,45,48039,3038,5847,0.15,0.0,1.63,1.8,0.8,7.0,5,0,6,5,1.5
Matai Akinmboni,DEF,Bournemouth,75,12,2,2025-08-23T14:00:00Z,True,20,0,0,0,0,0,0,0,0,0,0,0,0,0,0,0,40,34614,2110,3055,0.0,0.0,0.0,0.0,0.0,0.0,0,0,0,0,0.0
Yehor Yarmoliuk,MID,Brentford,129,13,2,2025-08-23T14:00:00Z,True,2,78,1,5,0,0,1,0,0,0,0,0,0,0,0,15,50,4858,223,592,0.03,0.01,0.95,18.4,5.4,1.0,6,5,4,15,3.5
Norberto Bercique Gomes Betuncal,FWD,Everton,311,16,2,2025-08-24T13:00:00Z,True,6,26,0,0,0,0,0,0,0,0,0,1,0,0,0,-2,55,829761,42243,111098,0.14,0.0,0.95,0.0,0.5,8.0,0,0,0,0,1.0
Christian Nørgaard,MID,Arsenal,24,11,2,2025-08-23T16:30:00Z,True,11,0,0,0,0,0,0,0,0,0,0,0,0,0,0,0,55,46343,1125,20432,0.0,0.0,0.0,0.0,0.0,0.0,0,0,0,0,0.0
Dan Ndoye,MID,Nott'm Forest,669,15,2,2025-08-24T13:00:00Z,False,8,70,1,7,0,1,0,1,0,0,0,0,0,0,2,21,60,97626,44340,13362,0.0,0.35,1.1,23.8,29.2,8.0,2,0,3,5,8.0
Bradley Burrowes,MID,Aston Villa,702,13,2,2025-08-23T14:00:00Z,False,5,0,0,0,0,0,0,0,0,0,0,0,0,0,0,0,45,0,0,0,0.0,0.0,0.0,0.0,0.0,0.0,0,0,0,0,1.1
Martin Sherif,FWD,Everton,313,16,2,2025-08-24T13:00:00Z,True,6,0,0,0,0,0,0,0,0,0,0,0,0,0,0,0,45,25298,1849,3244,0.0,0.0,0.0,0.0,0.0,0.0,0,0,0,0,0.0
Martin Ødegaard,MID,Arsenal,17,11,2,2025-08-23T16:30:00Z,True,11,37,1,1,0,0,0,0,0,0,0,0,0,0,0,5,80,421888,48916,34858,0.05,0.05,0.17,1.6,4.4,3.0,0,1,1,2,4.0
Malick Yalcouyé,MID,Brighton,174,16,2,2025-08-24T13:00:00Z,False,9,0,0,0,0,0,0,0,0,0,0,0,0,0,0,0,50,1187,0,689,0.0,0.0,0.0,0.0,0.0,0.0,0,0,0,0,0.0
Charalampos Kostoulas,FWD,Brighton,181,16,2,2025-08-24T13:00:00Z,False,9,0,0,0,0,0,0,0,0,0,0,0,0,0,0,0,50,44803,3489,7968,0.0,0.0,0.0,0.0,0.0,0.0,0,0,0,0,0.0
Romain Esse,MID,Crystal Palace,269,15,2,2025-08-24T13:00:00Z,True,16,24,0,1,0,0,0,0,0,0,0,0,0,0,0,6,50,23328,1788,4518,0.0,0.01,0.27,4.6,0.4,2.0,0,2,0,2,0.5
Mark Travers,GK,Everton,288,16,2,2025-08-24T13:00:00Z,True,6,0,0,0,0,0,0,0,0,0,0,0,0,0,0,0,45,16071,410,1424,0.0,0.0,0.0,0.0,0.0,0.0,0,0,0,0,0.0
Altay Bayındır,GK,Man Utd,431,17,2,2025-08-24T15:30:00Z,False,10,90,1,2,0,0,0,1,0,0,0,0,0,2,0,13,50,43259,3919,4980,0.0,0.03,1.76,16.0,10.0,0.0,0,0,6,0,2.0
Largie Ramazani,MID,Leeds,357,11,2,2025-08-23T16:30:00Z,False,1,0,0,0,0,0,0,0,0,0,0,0,0,0,0,0,50,4717,79,939,0.0,0.0,0.0,0.0,0.0,0.0,0,0,0,0,-1.0
Pedro Lomba Neto,MID,Chelsea,236,20,2,2025-08-22T19:00:00Z,False,19,90,1,7,1,0,0,1,0,0,0,0,0,0,0,33,70,386970,25338,53175,0.38,0.17,0.73,37.6,18.4,30.0,0,1,1,2,5.5
Rodrigo Martins Gomes,DEF,Wolves,635,12,2,2025-08-23T14:00:00Z,False,4,0,0,0,0,0,0,0,0,0,0,0,0,0,0,0,45,9086,664,781,0.0,0.0,0.0,0.0,0.0,0.0,0,0,0,0,0.5
Yerson Mosquera Valdelamar,DEF,Wolves,634,12,2,2025-08-23T14:00:00Z,False,4,0,0,0,0,0,0,0,0,0,0,0,0,0,0,0,45,5972,197,802,0.0,0.0,0.0,0.0,0.0,0.0,0,0,0,0,0.0
Iliman Ndiaye,MID,Everton,299,16,2,2025-08-24T13:00:00Z,True,6,63,1,8,1,0,1,0,0,0,0,0,0,0,0,33,65,1032128,24685,196029,0.73,0.0,1.48,43.2,1.1,40.0,1,3,4,8,5.0
Nicolas Jackson,FWD,Chelsea,251,20,2,2025-08-22T19:00:00Z,False,19,0,0,0,0,0,0,0,0,0,0,0,0,0,0,0,65,17381,2869,1708,0.0,0.0,0.0,0.0,0.0,0.0,0,0,0,0,0.0
Morgan Rogers,MID,Aston Villa,47,13,2,2025-08-23T14:00:00Z,False,5,90,1,2,0,0,0,1,0,0,0,0,0,0,0,3,70,1054954,106067,122089,0.1,0.12,1.21,4.4,21.3,17.0,0,0,1,1,2.5
Reiss Nelson,MID,Arsenal,27,11,2,2025-08-23T16:30:00Z,True,11,0,0,0,0,0,0,0,0,0,0,0,0,0,0,0,50,14436,1473,2920,0.0,0.0,0.0,0.0,0.0,0.0,0,0,0,0,1.0
Dan Burn,DEF,Newcastle,476,19,2,2025-08-25T19:00:00Z,True,12,90,1,2,0,0,0,3,0,0,0,1,0,0,0,-2,50,442840,54443,26259,0.01,0.07,0.7,20.4,14.3,12.0,11,1,2,12,5.0
Andreas Hoelgebaum Pereira,MID,Fulham,327,17,2,2025-08-24T15:30:00Z,True,14,0,0,0,0,0,0,0,0,0,0,0,0,0,0,0,54,31146,1084,8816,0.0,0.0,0.0,0.0,0.0,0.0,0,0,0,0,0.0
Lewis Miley,MID,Newcastle,497,19,2,2025-08-25T19:00:00Z,True,12,24,0,1,0,0,0,1,0,0,0,0,0,0,0,3,45,267118,15743,28076,0.03,0.0,0.37,2.2,0.3,2.0,0,1,1,2,0.5
Ahmed Abdullahi,FWD,Sunderland,562,14,2,2025-08-23T14:00:00Z,False,3,0,0,0,0,0,0,0,0,0,0,0,0,0,0,0,45,59654,3399,7446,0.0,0.0,0.0,0.0,0.0,0.0,0,0,0,0,0.0
James McConnell,MID,Liverpool,394,19,2,2025-08-25T19:00:00Z,False,15,0,0,0,0,0,0,0,0,0,0,0,0,0,0,0,45,3213,136,519,0.0,0.0,0.0,0.0,0.0,0.0,0,0,0,0,0.5
Tom McGill,GK,Brighton,140,16,2,2025-08-24T13:00:00Z,False,9,0,0,0,0,0,0,0,0,0,0,0,0,0,0,0,40,42467,2116,2334,0.0,0.0,0.0,0.0,0.0,0.0,0,0,0,0,0.0
Brayden Clarke,DEF,Arsenal,13,11,2,2025-08-23T16:30:00Z,True,11,0,0,0,0,0,0,0,0,0,0,0,0,0,0,0,40,63039,6242,8218,0.0,0.0,0.0,0.0,0.0,0.0,0,0,0,0,1.0
Joe Worrall,DEF,Burnley,199,14,2,2025-08-23T14:00:00Z,True,17,7,0,1,0,0,0,0,0,0,0,0,0,0,0,6,40,14603,358,1572,0.0,0.0,0.11,6.0,0.0,0.0,2,1,0,3,0.5
Owen Dodgson,DEF,Burnley,189,14,2,2025-08-23T14:00:00Z,True,17,0,0,0,0,0,0,0,0,0,0,0,0,0,0,0,40,3046,0,869,0.0,0.0,0.0,0.0,0.0,0.0,0,0,0,0,0.0
Enzo Fernández,MID,Chelsea,237,20,2,2025-08-22T19:00:00Z,False,19,90,1,10,1,1,0,1,0,0,0,0,0,0,0,32,65,361536,17221,54889,1.03,0.02,0.73,33.4,8.8,38.0,0,2,3,5,7.0
Julio Enciso Espínola,MID,Brighton,161,16,2,2025-08-24T13:00:00Z,False,9,0,0,0,0,0,0,0,0,0,0,0,0,0,0,0,55,2507,48,1437,0.0,0.0,0.0,0.0,0.0,0.0,0,0,0,0,0.0
Emil Krafth,DEF,Newcastle,479,19,2,2025-08-25T19:00:00Z,True,12,0,0,0,0,0,0,0,0,0,0,0,0,0,0,0,45,5258,160,794,0.0,0.0,0.0,0.0,0.0,0.0,0,0,0,0,-0.5
Boubacar Kamara,MID,Aston Villa,58,13,2,2025-08-23T14:00:00Z,False,5,15,1,1,0,0,0,1,0,0,0,0,0,0,0,5,50,24128,3038,3557,0.0,0.0,0.83,1.6,0.8,2.0,0,1,0,1,1.5
Hugo Ekitiké,FWD,Liverpool,661,19,2,2025-08-25T19:00:00Z,False,15,79,1,9,1,0,0,1,0,0,0,0,0,0,3,33,86,2376598,618743,94959,0.21,0.06,0.78,39.8,22.4,23.0,3,0,2,5,10.5
Amara Nallo,DEF,Liverpool,378,19,2,2025-08-25T19:00:00Z,False,15,0,0,0,0,0,0,0,0,0,0,0,0,0,0,0,40,10640,189,1527,0.0,0.0,0.0,0.0,0.0,0.0,0,0,0,0,0.5
Andrew Robertson,DEF,Liverpool,372,19,2,2025-08-25T19:00:00Z,False,15,0,0,0,0,0,0,0,0,0,0,0,0,0,0,0,60,133129,2762,23295,0.0,0.0,0.0,0.0,0.0,0.0,0,0,0,0,0.5
Seung-Soo Park,MID,Newcastle,689,19,2,2025-08-25T19:00:00Z,True,12,0,0,0,0,0,0,0,0,0,0,0,0,0,0,0,45,21078,7415,2232,0.0,0.0,0.0,0.0,0.0,0.0,0,0,0,0,-0.5
Jason Steele,GK,Brighton,138,16,2,2025-08-24T13:00:00Z,False,9,0,0,0,0,0,0,0,0,0,0,0,0,0,0,0,45,49153,1353,6225,0.0,0.0,0.0,0.0,0.0,0.0,0,0,0,0,0.0
Joe Gauci,GK,Aston Villa,34,13,2,2025-08-23T14:00:00Z,False,5,0,0,0,0,0,0,0,0,0,0,0,0,0,0,0,40,24736,0,3961,0.0,0.0,0.0,0.0,0.0,0.0,0,0,0,0,0.0
Callum Hudson-Odoi,MID,Nott'm Forest,516,15,2,2025-08-24T13:00:00Z,False,8,71,1,10,1,0,0,1,0,0,0,0,0,0,3,26,60,116762,7349,19393,0.31,0.02,1.1,35.6,3.3,24.0,1,1,1,3,6.0
Trevoh Chalobah,DEF,Chelsea,226,20,2,2025-08-22T19:00:00Z,False,19,68,1,8,1,0,0,1,0,0,0,0,0,0,0,27,50,152553,38375,15351,0.31,0.01,0.29,44.2,1.4,33.0,3,2,4,5,7.5
Guido Rodríguez,MID,West Ham,618,20,2,2025-08-22T19:00:00Z,True,7,0,0,0,0,0,0,0,0,0,0,0,0,0,0,0,50,6011,257,753,0.0,0.0,0.0,0.0,0.0,0.0,0,0,0,0,0.5
Kepa Arrizabalaga Revuelta,GK,Arsenal,2,11,2,2025-08-23T16:30:00Z,True,11,0,0,0,0,0,0,0,0,0,0,0,0,0,0,0,45,89793,2130,11964,0.0,0.0,0.0,0.0,0.0,0.0,0,0,0,0,1.0
Daniel Adu-Adjei,FWD,Bournemouth,99,12,2,2025-08-23T14:00:00Z,True,20,0,0,0,0,0,0,0,0,0,0,0,0,0,0,0,45,33038,3315,4558,0.0,0.0,0.0,0.0,0.0,0.0,0,0,0,0,0.0
Youssef Ramalho Chermiti,FWD,Everton,312,16,2,2025-08-24T13:00:00Z,True,6,0,0,0,0,0,0,0,0,0,0,0,0,0,0,0,50,16422,1140,2792,0.0,0.0,0.0,0.0,0.0,0.0,0,0,0,0,0.0
Yang Min-hyeok,MID,Spurs,594,18,2,2025-08-23T11:30:00Z,False,13,0,0,0,0,0,0,0,0,0,0,0,0,0,0,0,45,3004,0,1148,0.0,0.0,0.0,0.0,0.0,0.0,0,0,0,0,0.0
Ibrahima Konaté,DEF,Liverpool,374,19,2,2025-08-25T19:00:00Z,False,15,90,1,0,0,0,0,2,0,0,0,1,0,0,0,5,55,314014,18206,39801,0.0,0.01,0.93,13.2,1.0,0.0,5,1,1,6,1.0
Lyle Foster,FWD,Burnley,217,14,2,2025-08-23T14:00:00Z,True,17,85,1,2,0,0,1,0,0,0,0,0,0,0,0,7,50,61039,22593,10126,0.0,0.01,0.66,1.8,3.6,4.0,0,2,3,5,2.0
Rob Holding,DEF,Crystal Palace,264,15,2,2025-08-24T13:00:00Z,True,16,0,0,0,0,0,0,0,0,0,0,0,0,0,0,0,40,4417,0,1458,0.0,0.0,0.0,0.0,0.0,0.0,0,0,0,0,0.0
Manor Solomon,MID,Spurs,589,18,2,2025-08-23T11:30:00Z,False,13,0,0,0,0,0,0,0,0,0,0,0,0,0,0,0,55,1474,28,549,0.0,0.0,0.0,0.0,0.0,0.0,0,0,0,0,-0.2
Tommy Setford,GK,Arsenal,4,11,2,2025-08-23T16:30:00Z,True,11,0,0,0,0,0,0,0,0,0,0,0,0,0,0,0,40,16324,982,1515,0.0,0.0,0.0,0.0,0.0,0.0,0,0,0,0,1.0
Marcus Edwards,MID,Burnley,206,14,2,2025-08-23T14:00:00Z,True,17,0,0,0,0,0,0,0,0,0,0,0,0,0,0,0,50,9619,323,1609,0.0,0.0,0.0,0.0,0.0,0.0,0,0,0,0,0.5
Manuel Benson Hedilazio,MID,Burnley,201,14,2,2025-08-23T14:00:00Z,True,17,0,0,0,0,0,0,0,0,0,0,0,0,0,0,0,55,2601,119,516,0.0,0.0,0.0,0.0,0.0,0.0,0,0,0,0,0.0
Kalvin Phillips,MID,Man City,429,18,2,2025-08-23T11:30:00Z,True,18,0,0,0,0,0,0,0,0,0,0,0,0,0,0,0,50,6695,331,1255,0.0,0.0,0.0,0.0,0.0,0.0,0,0,0,0,0.5
Remy Rees-Dottin,MID,Bournemouth,687,12,2,2025-08-23T14:00:00Z,True,20,0,0,0,0,0,0,0,0,0,0,0,0,0,0,0,45,16157,4571,1544,0.0,0.0,0.0,0.0,0.0,0.0,0,0,0,0,0.0
Tyrick Mitchell,DEF,Crystal Palace,258,15,2,2025-08-24T13:00:00Z,True,16,90,1,1,0,0,0,1,0,0,0,1,0,0,0,9,50,196023,50644,13483,0.0,0.09,0.93,14.6,27.4,8.0,2,3,5,5,5.0
Matheus Nunes,DEF,Man City,407,18,2,2025-08-23T11:30:00Z,True,18,0,0,0,0,0,0,0,0,0,0,0,0,0,0,0,55,44947,1887,10293,0.0,0.0,0.0,0.0,0.0,0.0,0,0,0,0,1.0
Sam Proctor,GK,Aston Villa,703,13,2,2025-08-23T14:00:00Z,False,5,0,0,0,0,0,0,0,0,0,0,0,0,0,0,0,40,0,0,0,0.0,0.0,0.0,0.0,0.0,0.0,0,0,0,0,1.0
Harrison Jones,MID,Sunderland,557,14,2,2025-08-23T14:00:00Z,False,3,0,0,0,0,0,0,0,0,0,0,0,0,0,0,0,45,7118,484,979,0.0,0.0,0.0,0.0,0.0,0.0,0,0,0,0,0.0
Alex Iwobi,MID,Fulham,324,17,2,2025-08-24T15:30:00Z,True,14,90,1,7,0,1,0,1,0,0,0,0,0,0,2,23,65,141665,3160,28110,0.07,0.25,1.63,24.8,21.9,17.0,2,0,2,4,4.5
Timothy Castagne,DEF,Fulham,319,17,2,2025-08-24T15:30:00Z,True,14,61,1,2,0,0,0,1,0,0,0,0,0,0,0,5,45,14318,344,1714,0.3,0.04,1.52,4.6,7.7,19.0,2,0,1,2,1.5
Bernd Leno,GK,Fulham,314,17,2,2025-08-24T15:30:00Z,True,14,90,1,3,0,0,0,1,0,0,0,0,0,3,0,13,50,166214,4076,15487,0.0,0.0,1.63,23.4,0.0,0.0,2,0,7,0,3.0
Claudio Echeverri,MID,Man City,425,18,2,2025-08-23T11:30:00Z,True,18,0,0,0,0,0,0,0,0,0,0,0,0,0,0,0,54,3136,194,1262,0.0,0.0,0.0,0.0,0.0,0.0,0,0,0,0,0.0
Giovanni Leoni,DEF,Liverpool,692,19,2,2025-08-25T19:00:00Z,False,15,0,0,0,0,0,0,0,0,0,0,0,0,0,0,0,50,974,380,129,0.0,0.0,0.0,0.0,0.0,0.0,0,0,0,0,3.1
Owen Bevan,DEF,Bournemouth,76,12,2,2025-08-23T14:00:00Z,True,20,0,0,0,0,0,0,0,0,0,0,0,0,0,0,0,40,18384,707,1848,0.0,0.0,0.0,0.0,0.0,0.0,0,0,0,0,0.0
Angus Gunn,GK,Nott'm Forest,675,15,2,2025-08-24T13:00:00Z,False,8,0,0,0,0,0,0,0,0,0,0,0,0,0,0,0,40,203279,8239,8482,0.0,0.0,0.0,0.0,0.0,0.0,0,0,0,0,0.0
Cody Gakpo,MID,Liverpool,384,19,2,2025-08-25T19:00:00Z,False,15,90,1,10,0,2,0,2,0,0,0,0,0,0,2,29,75,906927,164597,85360,0.06,0.07,0.93,39.4,22.3,8.0,2,3,4,9,9.0
George Earthy,MID,West Ham,620,20,2,2025-08-22T19:00:00Z,True,7,0,0,0,0,0,0,0,0,0,0,0,0,0,0,0,45,7131,130,2004,0.0,0.0,0.0,0.0,0.0,0.0,0,0,0,0,-0.5
Benjamin Arthur,DEF,Brentford,114,13,2,2025-08-23T14:00:00Z,True,2,0,0,0,0,0,0,0,0,0,0,0,0,0,0,0,40,33119,1654,2927,0.0,0.0,0.0,0.0,0.0,0.0,0,0,0,0,0.0
Adam Wharton,MID,Crystal Palace,273,15,2,2025-08-24T13:00:00Z,True,16,81,1,2,0,0,0,1,0,0,0,0,0,0,0,18,50,67486,7424,6861,0.0,0.09,0.66,8.2,20.2,0.0,2,1,6,9,2.5
Tyler Fredricson,DEF,Man Utd,446,17,2,2025-08-24T15:30:00Z,False,10,0,0,0,0,0,0,0,0,0,0,0,0,0,0,0,40,11663,218,1325,0.0,0.0,0.0,0.0,0.0,0.0,0,0,0,0,0.0
Ross Barkley,MID,Aston Villa,55,13,2,2025-08-23T14:00:00Z,False,5,0,0,0,0,0,0,0,0,0,0,0,0,0,0,0,50,7696,94,2912,0.0,0.0,0.0,0.0,0.0,0.0,0,0,0,0,0.0
Darko Churlinov,MID,Burnley,204,14,2,2025-08-23T14:00:00Z,True,17,0,0,0,0,0,0,0,0,0,0,0,0,0,0,0,50,2733,50,426,0.0,0.0,0.0,0.0,0.0,0.0,0,0,0,0,0.0
Sam Byram,DEF,Leeds,346,11,2,2025-08-23T16:30:00Z,False,1,7,0,1,0,0,0,1,0,0,0,0,0,0,0,-2,40,25674,608,2646,0.0,0.0,0.79,0.0,0.0,0.0,0,0,0,0,-0.5
Chris Richards,DEF,Crystal Palace,261,15,2,2025-08-24T13:00:00Z,True,16,90,1,2,0,0,0,1,0,0,0,0,0,0,0,8,45,175268,32404,12559,0.0,0.04,0.93,19.8,1.3,0.0,7,1,2,8,4.0
Jacob Murphy,MID,Newcastle,489,19,2,2025-08-25T19:00:00Z,True,12,0,0,0,0,0,0,0,0,0,0,0,0,0,0,0,64,187678,1537,62238,0.0,0.0,0.0,0.0,0.0,0.0,0,0,0,0,0.0
Filip Jörgensen,GK,Chelsea,221,20,2,2025-08-22T19:00:00Z,False,19,0,0,0,0,0,0,0,0,0,0,0,0,0,0,0,45,21955,769,2793,0.0,0.0,0.0,0.0,0.0,0.0,0,0,0,0,0.5
Rodrigo 'Rodri' Hernandez Cascante,MID,Man City,421,18,2,2025-08-23T11:30:00Z,True,18,15,0,1,0,0,0,0,0,0,0,0,0,0,0,7,64,59009,3488,15301,0.05,0.02,0.36,5.4,11.4,17.0,0,1,4,5,1.0
Ryan Gravenberch,MID,Liverpool,390,19,2,2025-08-25T19:00:00Z,False,15,90,1,7,1,0,0,2,0,0,0,1,0,0,1,28,55,21920,4471,2455,0.02,0.01,0.93,40.6,6.3,7.0,3,1,4,8,4.0
Naouirou Ahamada,MID,Crystal Palace,275,15,2,2025-08-24T13:00:00Z,True,16,0,0,0,0,0,0,0,0,0,0,0,0,0,0,0,45,4550,342,618,0.0,0.0,0.0,0.0,0.0,0.0,0,0,0,0,0.0
Andrey Nascimento dos Santos,MID,Chelsea,246,20,2,2025-08-22T19:00:00Z,False,19,28,0,1,0,0,0,0,0,0,0,0,0,0,0,4,45,37961,7026,5655,0.0,0.01,0.55,3.8,11.9,2.0,1,0,2,3,1.5
Jake O'Brien,DEF,Everton,293,16,2,2025-08-24T13:00:00Z,True,6,90,1,6,0,0,1,0,0,0,0,0,0,0,0,21,50,59659,3677,6147,0.0,0.01,2.43,10.8,5.1,4.0,2,2,1,4,4.0
Gabriel Martinelli Silva,MID,Arsenal,19,11,2,2025-08-23T16:30:00Z,True,11,0,0,0,0,0,0,0,0,0,0,0,0,0,0,0,70,150752,9660,19501,0.0,0.0,0.0,0.0,0.0,0.0,0,0,0,0,1.5
Omar Marmoush,MID,Man City,413,18,2,2025-08-23T11:30:00Z,True,18,53,1,1,0,0,0,2,0,0,0,0,0,0,0,7,84,900413,24882,314698,0.65,0.01,0.62,13.0,2.8,36.0,2,1,1,4,1.5
Patrick Bamford,FWD,Leeds,363,11,2,2025-08-23T16:30:00Z,False,1,0,0,0,0,0,0,0,0,0,0,0,0,0,0,0,50,191911,10257,39579,0.0,0.0,0.0,0.0,0.0,0.0,0,0,0,0,-1.0
Ederson Santana de Moraes,GK,Man City,399,18,2,2025-08-23T11:30:00Z,True,18,0,0,0,0,0,0,0,0,0,0,0,0,0,0,0,54,269570,6881,77406,0.0,0.0,0.0,0.0,0.0,0.0,0,0,0,0,0.5
Jay Matete,MID,Sunderland,558,14,2,2025-08-23T14:00:00Z,False,3,0,0,0,0,0,0,0,0,0,0,0,0,0,0,0,45,27922,2096,3920,0.0,0.0,0.0,0.0,0.0,0.0,0,0,0,0,0.0
James Milner,MID,Brighton,170,16,2,2025-08-24T13:00:00Z,False,9,0,0,0,0,0,0,0,0,0,0,0,0,0,0,0,50,11692,680,1686,0.0,0.0,0.0,0.0,0.0,0.0,0,0,0,0,0.5
João Pedro Ferreira da Silva,MID,Nott'm Forest,518,15,2,2025-08-24T13:00:00Z,False,8,0,0,0,0,0,0,0,0,0,0,0,0,0,0,0,55,9953,349,1436,0.0,0.0,0.0,0.0,0.0,0.0,0,0,0,0,0.5
Darwin Núñez Ribeiro,FWD,Liverpool,397,19,2,2025-08-25T19:00:00Z,False,15,0,0,0,0,0,0,0,0,0,0,0,0,0,0,0,65,12927,0,10589,0.0,0.0,0.0,0.0,0.0,0.0,0,0,0,0,0.0
Nazarii Rusyn,FWD,Sunderland,564,14,2,2025-08-23T14:00:00Z,False,3,0,0,0,0,0,0,0,0,0,0,0,0,0,0,0,45,23209,1529,3080,0.0,0.0,0.0,0.0,0.0,0.0,0,0,0,0,0.0
Blondy Nna Noukeu,GK,Sunderland,530,14,2,2025-08-23T14:00:00Z,False,3,0,0,0,0,0,0,0,0,0,0,0,0,0,0,0,40,16429,364,962,0.0,0.0,0.0,0.0,0.0,0.0,0,0,0,0,0.0
Stefan Bajčetić Maquieira,MID,Liverpool,393,19,2,2025-08-25T19:00:00Z,False,15,0,0,0,0,0,0,0,0,0,0,0,0,0,0,0,45,5275,338,884,0.0,0.0,0.0,0.0,0.0,0.0,0,0,0,0,0.5
Eddie Nketiah,FWD,Crystal Palace,284,15,2,2025-08-24T13:00:00Z,True,16,0,0,0,0,0,0,0,0,0,0,0,0,0,0,0,55,27093,371,13900,0.0,0.0,0.0,0.0,0.0,0.0,0,0,0,0,0.0
Sean Longstaff,MID,Leeds,493,11,2,2025-08-23T16:30:00Z,False,1,32,0,1,0,0,0,1,0,0,0,0,0,0,0,2,50,17788,423,2797,0.0,0.0,1.03,1.4,0.4,0.0,1,0,1,2,0.0
Jenson Metcalfe,MID,Everton,309,16,2,2025-08-24T13:00:00Z,True,6,0,0,0,0,0,0,0,0,0,0,0,0,0,0,0,45,146,0,48,0.0,0.0,0.0,0.0,0.0,0.0,0,0,0,0,0.0
Nathaniel Clyne,DEF,Crystal Palace,263,15,2,2025-08-24T13:00:00Z,True,16,0,0,0,0,0,0,0,0,0,0,0,0,0,0,0,40,69300,2256,6098,0.0,0.0,0.0,0.0,0.0,0.0,0,0,0,0,0.0
Pascal Struijk,DEF,Leeds,343,11,2,2025-08-23T16:30:00Z,False,1,90,1,0,0,0,0,5,0,0,0,0,0,0,0,-1,45,41643,4854,3663,0.1,0.0,2.88,16.6,0.3,17.0,4,2,3,6,3.0
Morgan Gibbs-White,MID,Nott'm Forest,515,15,2,2025-08-24T13:00:00Z,False,8,81,1,2,0,0,0,1,0,0,0,0,0,0,0,7,75,550967,34109,50678,0.11,0.1,1.1,0.0,20.5,4.0,0,0,1,1,3.5
Joe Gelhardt,MID,Leeds,360,11,2,2025-08-23T16:30:00Z,False,1,0,0,0,0,0,0,0,0,0,0,0,0,0,0,0,45,2738,0,1062,0.0,0.0,0.0,0.0,0.0,0.0,0,0,0,0,0.0
Mohamed Salah,MID,Liverpool,381,19,2,2025-08-25T19:00:00Z,False,15,90,1,5,0,1,0,2,0,0,0,0,0,0,0,24,145,5757761,150654,149431,0.0,0.21,0.93,21.0,28.3,6.0,1,0,1,2,7.0
Calvin Ramsay,DEF,Liverpool,380,19,2,2025-08-25T19:00:00Z,False,15,0,0,0,0,0,0,0,0,0,0,0,0,0,0,0,40,18087,576,2425,0.0,0.0,0.0,0.0,0.0,0.0,0,0,0,0,0.5
Benjamin Sesko,FWD,Man Utd,681,17,2,2025-08-24T15:30:00Z,False,10,37,0,1,0,0,0,1,0,0,0,0,0,0,0,2,75,966174,114770,103606,0.0,0.04,0.86,0.4,2.3,2.0,0,0,1,1,1.0
João Pedro Junqueira de Jesus,FWD,Chelsea,249,20,2,2025-08-22T19:00:00Z,False,19,90,1,15,1,2,0,1,0,0,0,0,0,0,3,58,75,5551162,168844,428845,0.41,0.11,0.73,75.8,31.3,42.0,3,1,1,5,9.0
Isaac Schmidt,DEF,Leeds,349,11,2,2025-08-23T16:30:00Z,False,1,0,0,0,0,0,0,0,0,0,0,0,0,0,0,0,40,19863,418,2079,0.0,0.0,0.0,0.0,0.0,0.0,0,0,0,0,-1.0
Franco Umeh-Chibueze,MID,Crystal Palace,282,15,2,2025-08-24T13:00:00Z,True,16,0,0,0,0,0,0,0,0,0,0,0,0,0,0,0,45,3293,201,422,0.0,0.0,0.0,0.0,0.0,0.0,0,0,0,0,0.0
James Hill,DEF,Bournemouth,77,12,2,2025-08-23T14:00:00Z,True,20,2,0,1,0,0,0,0,0,0,0,0,0,0,0,3,40,84402,10915,7850,0.0,0.0,0.06,0.4,0.2,0.0,0,0,0,0,1.0
Bukayo Saka,MID,Arsenal,16,11,2,2025-08-23T16:30:00Z,True,11,52,1,6,1,0,0,0,0,0,0,0,0,0,0,27,100,1870918,152171,108463,0.11,0.03,0.17,40.4,30.4,21.0,0,0,4,4,5.5
Santiago Ignacio Bueno,DEF,Wolves,636,12,2,2025-08-23T14:00:00Z,False,4,34,0,1,0,0,0,0,0,0,0,0,0,0,0,6,45,5492,108,678,0.0,0.0,0.46,12.0,0.2,0.0,2,2,1,4,0.5
Nicolás Domínguez,MID,Nott'm Forest,519,15,2,2025-08-24T13:00:00Z,False,8,0,0,0,0,0,0,0,0,0,0,0,0,0,0,0,50,198,23,37,0.0,0.0,0.0,0.0,0.0,0.0,0,0,0,0,0.0
Remi Matthews,GK,Crystal Palace,255,15,2,2025-08-24T13:00:00Z,True,16,0,0,0,0,0,0,0,0,0,0,0,0,0,0,0,40,11751,404,666,0.0,0.0,0.0,0.0,0.0,0.0,0,0,0,0,0.0
Illan Meslier,GK,Leeds,339,11,2,2025-08-23T16:30:00Z,False,1,0,0,0,0,0,0,0,0,0,0,0,0,0,0,0,45,76441,1751,10182,0.0,0.0,0.0,0.0,0.0,0.0,0,0,0,0,-1.0
Martin Dúbravka,GK,Burnley,470,14,2,2025-08-23T14:00:00Z,True,17,90,1,6,0,0,1,0,0,0,0,0,0,1,0,25,40,3747160,147768,43861,0.0,0.0,0.77,10.8,0.0,0.0,2,0,11,0,4.0
Yasin Özcan,DEF,Aston Villa,46,13,2,2025-08-23T14:00:00Z,False,5,0,0,0,0,0,0,0,0,0,0,0,0,0,0,0,40,24711,1198,2513,0.0,0.0,0.0,0.0,0.0,0.0,0,0,0,0,0.0
Connor Roberts,DEF,Burnley,186,14,2,2025-08-23T14:00:00Z,True,17,0,0,0,0,0,0,0,0,0,0,0,0,0,0,0,45,9654,441,1716,0.0,0.0,0.0,0.0,0.0,0.0,0,0,0,0,0.0
Murillo Costa dos Santos,DEF,Nott'm Forest,506,15,2,2025-08-24T13:00:00Z,False,8,90,1,1,0,0,0,1,0,0,0,1,0,0,0,3,55,706645,22881,44126,0.0,0.16,1.1,14.4,5.3,0.0,4,2,5,6,1.5
Ferdi Kadıoğlu,DEF,Brighton,148,16,2,2025-08-24T13:00:00Z,False,9,23,0,0,0,0,0,0,0,0,0,1,0,0,0,-1,45,19401,954,3485,0.0,0.0,0.4,0.0,2.2,0.0,1,0,2,1,0.0
Aji Alese,DEF,Sunderland,533,14,2,2025-08-23T14:00:00Z,False,3,0,0,0,0,0,0,0,0,0,0,0,0,0,0,0,40,535,62,108,0.0,0.0,0.0,0.0,0.0,0.0,0,0,0,0,0.0
Kaden Rodney,MID,Crystal Palace,281,15,2,2025-08-24T13:00:00Z,True,16,0,0,0,0,0,0,0,0,0,0,0,0,0,0,0,45,4807,349,606,0.0,0.0,0.0,0.0,0.0,0.0,0,0,0,0,0.0
Odysseas Vlachodimos,GK,Newcastle,472,19,2,2025-08-25T19:00:00Z,True,12,0,0,0,0,0,0,0,0,0,0,0,0,0,0,0,40,3398,0,763,0.0,0.0,0.0,0.0,0.0,0.0,0,0,0,0,0.0
Yunus Emre Konak,MID,Brentford,131,13,2,2025-08-23T14:00:00Z,True,2,0,0,0,0,0,0,0,0,0,0,0,0,0,0,0,45,18355,514,2201,0.0,0.0,0.0,0.0,0.0,0.0,0,0,0,0,0.0
Kyle Walker-Peters,DEF,West Ham,659,20,2,2025-08-22T19:00:00Z,True,7,20,0,1,0,0,0,0,0,0,0,0,0,0,0,3,45,41219,903,6095,0.04,0.0,0.31,0.0,1.6,6.0,0,0,1,0,0.0
Gabriel Gudmundsson,DEF,Leeds,347,11,2,2025-08-23T16:30:00Z,False,1,90,1,-1,0,0,0,5,0,0,0,1,0,0,0,-19,40,391187,90599,26255,0.0,0.0,2.88,9.4,0.5,0.0,5,3,1,8,3.0
Jacob Slater,DEF,Brighton,155,16,2,2025-08-24T13:00:00Z,False,9,0,0,0,0,0,0,0,0,0,0,0,0,0,0,0,40,20479,917,2070,0.0,0.0,0.0,0.0,0.0,0.0,0,0,0,0,0.0
Joe White,MID,Newcastle,498,19,2,2025-08-25T19:00:00Z,True,12,0,0,0,0,0,0,0,0,0,0,0,0,0,0,0,45,1269,0,470,0.0,0.0,0.0,0.0,0.0,0.0,0,0,0,0,0.0
Tyrell Malacia,DEF,Man Utd,448,17,2,2025-08-24T15:30:00Z,False,10,0,0,0,0,0,0,0,0,0,0,0,0,0,0,0,40,33273,1391,3539,0.0,0.0,0.0,0.0,0.0,0.0,0,0,0,0,0.0
Ian Maatsen,DEF,Aston Villa,39,13,2,2025-08-23T14:00:00Z,False,5,26,0,1,0,0,0,0,0,0,0,0,0,0,0,10,45,83168,3614,15369,0.02,0.06,0.11,10.6,15.4,2.0,3,1,2,4,0.5
Nathan Aké,DEF,Man City,405,18,2,2025-08-23T11:30:00Z,True,18,67,0,1,0,0,0,2,0,0,0,0,0,0,0,9,55,71560,2919,12326,0.14,0.12,1.03,15.2,9.8,5.0,4,1,2,5,1.0
Enso González Medina,MID,Wolves,652,12,2,2025-08-23T14:00:00Z,False,4,0,0,0,0,0,0,0,0,0,0,0,0,0,0,0,45,160469,6704,19639,0.0,0.0,0.0,0.0,0.0,0.0,0,0,0,0,0.0
Jayden Bogle,DEF,Leeds,342,11,2,2025-08-23T16:30:00Z,False,1,82,1,-1,0,0,0,4,0,0,0,1,0,0,0,-9,45,21224,1063,1807,0.0,0.0,2.09,3.8,0.2,4.0,3,1,5,4,1.5
James Maddison,MID,Spurs,581,18,2,2025-08-23T11:30:00Z,False,13,0,0,0,0,0,0,0,0,0,0,0,0,0,0,0,70,23231,134,12201,0.0,0.0,0.0,0.0,0.0,0.0,0,0,0,0,0.0
Pervis Estupiñán Tenorio,DEF,Brighton,147,16,2,2025-08-24T13:00:00Z,False,9,0,0,0,0,0,0,0,0,0,0,0,0,0,0,0,45,2097,0,1008,0.0,0.0,0.0,0.0,0.0,0.0,0,0,0,0,0.0
Solly March,MID,Brighton,159,16,2,2025-08-24T13:00:00Z,False,9,0,0,0,0,0,0,0,0,0,0,0,0,0,0,0,59,1601,48,1007,0.0,0.0,0.0,0.0,0.0,0.0,0,0,0,0,0.0
Wes Foderingham,GK,West Ham,601,20,2,2025-08-22T19:00:00Z,True,7,0,0,0,0,0,0,0,0,0,0,0,0,0,0,0,40,63056,1873,3453,0.0,0.0,0.0,0.0,0.0,0.0,0,0,0,0,-0.5
Kobbie Mainoo,MID,Man Utd,458,17,2,2025-08-24T15:30:00Z,False,10,0,0,0,0,0,0,0,0,0,0,0,0,0,0,0,50,71699,3879,14441,0.0,0.0,0.0,0.0,0.0,0.0,0,0,0,0,0.0
Ryan Yates,MID,Nott'm Forest,522,15,2,2025-08-24T13:00:00Z,False,8,2,0,1,0,0,0,0,0,0,0,0,0,0,0,3,50,12944,381,1999,0.0,0.0,0.0,2.6,1.8,0.0,1,0,0,1,1.0
Kevin Schade,MID,Brentford,120,13,2,2025-08-23T14:00:00Z,True,2,78,1,3,0,0,1,0,0,0,0,0,0,0,0,13,70,30082,2048,5367,0.1,0.02,0.95,16.4,17.3,9.0,3,2,5,10,2.0
David Møller Wolfe,DEF,Wolves,682,12,2,2025-08-23T14:00:00Z,False,4,45,1,1,0,0,0,1,0,0,0,0,0,0,0,3,45,9686,932,635,0.0,0.0,0.72,2.2,0.3,2.0,0,1,2,1,1.0
Arthur Masuaku,DEF,Sunderland,678,14,2,2025-08-23T14:00:00Z,False,3,0,0,0,0,0,0,0,0,0,0,0,0,0,0,0,40,82028,8642,6378,0.0,0.0,0.0,0.0,0.0,0.0,0,0,0,0,0.0
Filip Marschall,GK,Aston Villa,35,13,2,2025-08-23T14:00:00Z,False,5,0,0,0,0,0,0,0,0,0,0,0,0,0,0,0,40,1979,0,330,0.0,0.0,0.0,0.0,0.0,0.0,0,0,0,0,0.0
Joe Gomez,DEF,Liverpool,376,19,2,2025-08-25T19:00:00Z,False,15,0,0,0,0,0,0,0,0,0,0,0,0,0,0,0,50,12191,1448,1174,0.0,0.0,0.0,0.0,0.0,0.0,0,0,0,0,1.0
Felipe Rodrigues da Silva,DEF,Nott'm Forest,511,15,2,2025-08-24T13:00:00Z,False,8,0,0,0,0,0,0,0,0,0,0,0,0,0,0,0,45,9750,271,1328,0.0,0.0,0.0,0.0,0.0,0.0,0,0,0,0,0.0
Mohammed Kudus,MID,Spurs,582,18,2,2025-08-23T11:30:00Z,False,13,85,1,3,0,0,1,0,0,0,0,0,0,0,0,14,65,3000361,375604,133539,0.0,0.09,1.55,11.4,18.9,2.0,0,3,6,9,6.0
Richarlison de Andrade,FWD,Spurs,597,18,2,2025-08-23T11:30:00Z,False,13,77,1,4,0,1,1,0,0,0,0,1,0,0,0,18,66,701642,337368,61068,0.1,0.11,1.37,17.0,10.8,23.0,2,2,4,8,8.0
Michael Kayode,DEF,Brentford,110,13,2,2025-08-23T14:00:00Z,True,2,84,1,10,0,0,1,0,0,0,0,0,0,0,2,27,45,18919,1227,1804,0.0,0.01,1.1,32.4,0.5,2.0,6,5,4,11,5.5
Granit Xhaka,MID,Sunderland,668,14,2,2025-08-23T14:00:00Z,False,3,90,1,4,0,0,0,2,0,0,0,0,0,0,0,14,50,314622,32512,28696,0.05,0.06,1.0,19.6,22.1,3.0,5,2,6,13,3.5
Mikkel Damsgaard,MID,Brentford,121,13,2,2025-08-23T14:00:00Z,True,2,90,1,5,0,0,1,0,0,0,0,0,0,0,0,18,59,90876,2058,25213,0.06,0.24,1.19,27.8,43.2,14.0,5,3,7,15,2.5
Albert Sambi Lokonga,MID,Arsenal,29,11,2,2025-08-23T16:30:00Z,True,11,0,0,0,0,0,0,0,0,0,0,0,0,0,0,0,45,15114,1611,2447,0.0,0.0,0.0,0.0,0.0,0.0,0,0,0,0,1.0
Declan Rice,MID,Arsenal,21,11,2,2025-08-23T16:30:00Z,True,11,90,1,6,0,1,1,0,0,0,0,0,0,0,0,26,65,902701,90194,67608,0.0,0.54,0.17,25.2,50.0,2.0,0,0,3,3,7.0
Mathias Jensen,MID,Brentford,126,13,2,2025-08-23T14:00:00Z,True,2,11,0,1,0,0,0,0,0,0,0,0,0,0,0,5,50,9577,612,1192,0.0,0.01,0.24,3.4,0.3,0.0,1,1,1,3,1.5
Joël Veltman,DEF,Brighton,152,16,2,2025-08-24T13:00:00Z,False,9,0,0,0,0,0,0,0,0,0,0,0,0,0,0,0,45,23336,491,4367,0.0,0.0,0.0,0.0,0.0,0.0,0,0,0,0,0.0
Joachim Andersen,DEF,Fulham,317,17,2,2025-08-24T15:30:00Z,True,14,90,1,4,0,0,0,1,0,0,0,0,0,0,0,14,45,306358,10095,15320,0.0,0.64,1.63,24.6,11.4,6.0,10,1,2,11,3.0
James Garner,MID,Everton,303,16,2,2025-08-24T13:00:00Z,True,6,90,1,10,1,0,1,0,0,0,0,1,0,0,1,34,50,10042,458,1421,0.04,0.07,2.43,54.2,26.6,8.0,10,1,5,16,6.0
Joshua Zirkzee,FWD,Man Utd,466,17,2,2025-08-24T15:30:00Z,False,10,0,0,0,0,0,0,0,0,0,0,0,0,0,0,0,60,45569,4204,8443,0.0,0.0,0.0,0.0,0.0,0.0,0,0,0,0,0.0
Jayden Meghoma,DEF,Brentford,118,13,2,2025-08-23T14:00:00Z,True,2,0,0,0,0,0,0,0,0,0,0,0,0,0,0,0,40,13204,279,2877,0.0,0.0,0.0,0.0,0.0,0.0,0,0,0,0,0.0
Conor Bradley,DEF,Liverpool,375,19,2,2025-08-25T19:00:00Z,False,15,10,0,0,0,0,0,1,0,0,0,1,0,0,0,-7,50,11310,734,3972,0.0,0.01,0.16,4.0,1.3,2.0,1,0,0,1,0.2
Igor Thiago Nascimento Rodrigues,FWD,Brentford,136,13,2,2025-08-23T14:00:00Z,True,2,90,1,2,0,0,1,0,0,0,0,0,0,0,0,4,60,120001,31565,13297,0.22,0.01,1.19,4.6,16.3,17.0,3,2,3,8,4.0
Florian Wirtz,MID,Liverpool,382,19,2,2025-08-25T19:00:00Z,False,15,79,1,2,0,0,0,1,0,0,0,0,0,0,0,9,85,2951159,46640,572734,0.05,0.1,0.78,1.8,10.2,19.0,0,1,2,3,2.5
Leandro Trossard,MID,Arsenal,20,11,2,2025-08-23T16:30:00Z,True,11,37,0,1,0,0,0,0,0,0,0,0,0,0,0,4,70,35043,868,7144,0.07,0.03,0.0,5.4,21.5,4.0,0,0,0,0,1.5
William Saliba,DEF,Arsenal,6,11,2,2025-08-23T16:30:00Z,True,11,90,1,6,0,0,1,0,0,0,0,0,0,0,0,27,60,1933946,311233,63531,0.0,0.01,0.17,18.4,2.1,2.0,5,0,4,5,8.5
Harry Amass,DEF,Man Utd,445,17,2,2025-08-24T15:30:00Z,False,10,0,0,0,0,0,0,0,0,0,0,0,0,0,0,0,40,18806,645,2127,0.0,0.0,0.0,0.0,0.0,0.0,0,0,0,0,0.0
Cheick Doucouré,MID,Crystal Palace,268,15,2,2025-08-24T13:00:00Z,True,16,0,0,0,0,0,0,0,0,0,0,0,0,0,0,0,50,416,29,106,0.0,0.0,0.0,0.0,0.0,0.0,0,0,0,0,0.0
Anthony Elanga,MID,Newcastle,486,19,2,2025-08-25T19:00:00Z,True,12,90,1,2,0,0,0,3,0,0,0,0,0,0,0,7,70,760089,22232,131090,0.0,0.06,0.7,6.6,14.8,10.0,1,0,0,1,2.0
Noni Madueke,MID,Arsenal,18,11,2,2025-08-23T16:30:00Z,True,11,63,1,3,0,0,1,0,0,0,0,0,0,0,0,10,70,106477,3424,19839,0.0,0.09,0.17,5.6,26.9,10.0,0,0,3,3,3.0
Saša Lukić,MID,Fulham,332,17,2,2025-08-24T15:30:00Z,True,14,90,1,3,0,0,0,1,0,0,0,1,0,0,0,19,50,6795,204,793,0.0,0.44,1.63,11.8,65.9,2.0,3,1,8,12,2.5
Max Dowman,MID,Arsenal,700,11,2,2025-08-23T16:30:00Z,True,11,26,0,4,0,1,0,0,0,0,0,0,0,0,0,13,45,0,0,0,0.08,0.02,0.0,1.0,0.5,15.0,0,2,1,3,2.1
Stefan Ortega Moreno,GK,Man City,400,18,2,2025-08-23T11:30:00Z,True,18,0,0,0,0,0,0,0,0,0,0,0,0,0,0,0,50,26147,416,4558,0.0,0.0,0.0,0.0,0.0,0.0,0,0,0,0,0.5
Rúben dos Santos Gato Alves Dias,DEF,Man City,408,18,2,2025-08-23T11:30:00Z,True,18,90,1,1,0,0,0,2,0,0,0,0,0,0,0,5,55,408246,48778,25876,0.0,0.01,1.11,18.2,1.6,0.0,5,2,2,7,4.0
Chris Mepham,DEF,Bournemouth,79,12,2,2025-08-23T14:00:00Z,True,20,0,0,0,0,0,0,0,0,0,0,0,0,0,0,0,40,20968,643,1947,0.0,0.0,0.0,0.0,0.0,0.0,0,0,0,0,0.0
Joe Willock,MID,Newcastle,494,19,2,2025-08-25T19:00:00Z,True,12,0,0,0,0,0,0,0,0,0,0,0,0,0,0,0,50,3045,55,1202,0.0,0.0,0.0,0.0,0.0,0.0,0,0,0,0,-0.5
Elliot Anderson,MID,Nott'm Forest,517,15,2,2025-08-24T13:00:00Z,False,8,90,1,2,0,0,0,1,0,0,0,0,0,0,0,13,55,691968,61367,67137,0.0,0.03,1.1,17.2,21.5,0.0,1,3,7,11,4.0
Jack Hinshelwood,MID,Brighton,163,16,2,2025-08-24T13:00:00Z,False,9,45,0,1,0,0,0,1,0,0,0,0,0,0,0,9,54,9477,190,2742,0.0,0.01,0.67,4.6,1.2,0.0,0,1,2,3,0.5
David Brooks,MID,Bournemouth,86,12,2,2025-08-23T14:00:00Z,True,20,66,1,3,0,0,1,0,0,0,0,0,0,0,0,11,50,28112,12384,3715,0.17,0.67,0.41,8.2,24.2,15.0,2,0,2,4,3.5
Nikola Milenković,DEF,Nott'm Forest,505,15,2,2025-08-24T13:00:00Z,False,8,90,1,2,0,0,0,1,0,0,0,0,0,0,0,14,55,1019725,35352,69031,0.0,0.02,1.1,15.8,0.8,2.0,6,1,2,7,2.0
Julio Soler Barreto,DEF,Bournemouth,80,12,2,2025-08-23T14:00:00Z,True,20,0,0,0,0,0,0,0,0,0,0,0,0,0,0,0,40,29868,1346,2699,0.0,0.0,0.0,0.0,0.0,0.0,0,0,0,0,0.0
Mamadou Sarr,DEF,Chelsea,231,20,2,2025-08-22T19:00:00Z,False,19,0,0,0,0,0,0,0,0,0,0,0,0,0,0,0,45,1779,0,976,0.0,0.0,0.0,0.0,0.0,0.0,0,0,0,0,0.0
Lukas Nmecha,FWD,Leeds,365,11,2,2025-08-23T16:30:00Z,False,1,32,0,1,0,0,0,1,0,0,0,0,0,0,0,3,50,74301,27831,10066,0.0,0.0,1.03,0.0,0.1,0.0,0,0,0,0,2.0
Loum Tchaouna,MID,Burnley,210,14,2,2025-08-23T14:00:00Z,True,17,7,0,1,0,0,0,0,0,0,0,0,0,0,0,3,50,2966,53,405,0.08,0.03,0.11,0.4,4.6,3.0,0,0,2,2,1.0
Ollie Watkins,FWD,Aston Villa,64,13,2,2025-08-23T14:00:00Z,False,5,90,1,2,0,0,0,1,0,0,0,0,0,0,0,6,90,2711782,143005,282604,0.37,0.08,1.21,1.8,14.1,22.0,0,1,3,4,2.0
James Ward-Prowse,MID,West Ham,614,20,2,2025-08-22T19:00:00Z,True,7,90,1,2,0,0,0,5,0,0,0,0,0,0,0,23,60,36510,1537,9088,0.11,0.31,2.74,17.6,58.6,2.0,3,2,1,6,1.5
Jarrod Bowen,FWD,West Ham,624,20,2,2025-08-22T19:00:00Z,True,7,90,1,2,0,0,0,5,0,0,0,0,0,0,0,10,79,1333270,19258,427659,0.09,0.11,2.74,9.8,21.2,30.0,0,0,1,1,1.5
Nico González Iglesias,MID,Man City,423,18,2,2025-08-23T11:30:00Z,True,18,74,1,1,0,0,0,2,0,0,0,1,0,0,0,15,60,9311,1788,1765,0.0,0.02,0.75,10.4,6.7,0.0,1,3,2,6,2.5
Gonçalo Manuel Ganchinho Guedes,MID,Wolves,647,12,2,2025-08-23T14:00:00Z,False,4,0,0,0,0,0,0,0,0,0,0,0,0,0,0,0,55,730,0,436,0.0,0.0,0.0,0.0,0.0,0.0,0,0,0,0,0.0
Alan Browne,MID,Sunderland,555,14,2,2025-08-23T14:00:00Z,False,3,0,0,0,0,0,0,0,0,0,0,0,0,0,0,0,45,11036,806,1487,0.0,0.0,0.0,0.0,0.0,0.0,0,0,0,0,0.0
Jaka Bijol,DEF,Leeds,344,11,2,2025-08-23T16:30:00Z,False,1,0,0,0,0,0,0,0,0,0,0,0,0,0,0,0,40,19108,1812,1152,0.0,0.0,0.0,0.0,0.0,0.0,0,0,0,0,-1.0
Alex Scott,MID,Bournemouth,90,12,2,2025-08-23T14:00:00Z,True,20,65,1,2,0,0,1,0,0,0,0,1,0,0,0,10,50,10696,1291,1275,0.05,0.03,0.41,7.4,13.9,5.0,2,3,1,6,2.0
Lewis O'Brien,MID,Nott'm Forest,520,15,2,2025-08-24T13:00:00Z,False,8,0,0,0,0,0,0,0,0,0,0,0,0,0,0,0,50,163,0,56,0.0,0.0,0.0,0.0,0.0,0.0,0,0,0,0,0.0
Patrick Roberts,MID,Sunderland,545,14,2,2025-08-23T14:00:00Z,False,3,27,0,1,0,0,0,1,0,0,0,0,0,0,0,4,54,3770,177,1049,0.03,0.02,0.66,1.8,7.3,5.0,0,0,1,1,0.5
Álex Moreno Lopera,DEF,Aston Villa,43,13,2,2025-08-23T14:00:00Z,False,5,0,0,0,0,0,0,0,0,0,0,0,0,0,0,0,40,978343,32831,90144,0.0,0.0,0.0,0.0,0.0,0.0,0,0,0,0,0.0
Eric da Silva Moreira,MID,Nott'm Forest,523,15,2,2025-08-24T13:00:00Z,False,8,0,0,0,0,0,0,0,0,0,0,0,0,0,0,0,45,18387,1064,2437,0.0,0.0,0.0,0.0,0.0,0.0,0,0,0,0,0.0
Leny Yoro,DEF,Man Utd,444,17,2,2025-08-24T15:30:00Z,False,10,86,1,6,0,1,0,1,0,0,0,0,0,0,1,22,45,207497,38120,15912,0.18,0.01,1.73,15.0,11.3,9.0,6,2,1,8,5.0
Shurandy Sambo,DEF,Burnley,196,14,2,2025-08-23T14:00:00Z,True,17,0,0,0,0,0,0,0,0,0,0,0,0,0,0,0,40,12006,202,2484,0.0,0.0,0.0,0.0,0.0,0.0,0,0,0,0,0.0
Diego Gómez Amarilla,MID,Brighton,169,16,2,2025-08-24T13:00:00Z,False,9,23,0,1,0,0,0,0,0,0,0,0,0,0,0,3,50,6733,245,1013,0.0,0.01,0.4,7.0,2.0,0.0,4,0,1,5,0.5
Neco Williams,DEF,Nott'm Forest,508,15,2,2025-08-24T13:00:00Z,False,8,90,1,2,0,0,0,1,0,0,0,0,0,0,0,18,50,1047009,35588,66580,0.0,0.02,1.1,7.8,3.5,6.0,0,3,6,3,1.5
David Mota Veiga Teixeira do Carmo,DEF,Nott'm Forest,509,15,2,2025-08-24T13:00:00Z,False,8,0,0,0,0,0,0,0,0,0,0,0,0,0,0,0,45,5271,191,703,0.0,0.0,0.0,0.0,0.0,0.0,0,0,0,0,0.0
Harrison Armstrong,MID,Everton,305,16,2,2025-08-24T13:00:00Z,True,6,1,0,1,0,0,0,0,0,0,0,0,0,0,0,3,45,12834,787,2370,0.0,0.0,0.0,0.0,0.0,0.0,0,0,0,0,0.5
Jackson Tchatchoua,DEF,Wolves,695,12,2,2025-08-23T14:00:00Z,False,4,55,0,1,0,0,0,0,0,0,0,0,0,0,0,7,45,570,250,48,0.0,0.02,0.66,8.6,16.8,4.0,4,0,3,4,1.9
Lucas Pires Silva,DEF,Burnley,195,14,2,2025-08-23T14:00:00Z,True,17,0,0,0,0,0,0,0,0,0,0,0,0,0,0,0,40,16463,313,1839,0.0,0.0,0.0,0.0,0.0,0.0,0,0,0,0,0.0
Anthony Patterson,GK,Sunderland,528,14,2,2025-08-23T14:00:00Z,False,3,0,0,0,0,0,0,0,0,0,0,0,0,0,0,0,45,34146,2481,6292,0.0,0.0,0.0,0.0,0.0,0.0,0,0,0,0,0.0
Wilson Isidor,FWD,Sunderland,560,14,2,2025-08-23T14:00:00Z,False,3,27,0,1,0,0,0,1,0,0,0,0,0,0,0,0,55,39536,13363,4588,0.0,0.0,0.66,0.0,0.0,4.0,0,0,0,0,3.0
Jack Harrison,MID,Leeds,352,11,2,2025-08-23T16:30:00Z,False,1,0,0,0,0,0,0,0,0,0,0,0,0,0,0,0,55,13124,246,3154,0.0,0.0,0.0,0.0,0.0,0.0,0,0,0,0,-0.5
Dango Ouattara,MID,Brentford,83,13,2,2025-08-23T14:00:00Z,True,2,83,1,13,1,0,1,0,0,0,0,0,0,0,3,33,60,7498,1041,2796,0.77,0.02,1.1,50.4,3.7,56.0,5,4,6,15,6.5
Mathys Tel,MID,Spurs,584,18,2,2025-08-23T11:30:00Z,False,13,0,0,0,0,0,0,0,0,0,0,0,0,0,0,0,64,12622,605,3715,0.0,0.0,0.0,0.0,0.0,0.0,0,0,0,0,0.0
Charlie Crew,MID,Leeds,359,11,2,2025-08-23T16:30:00Z,False,1,0,0,0,0,0,0,0,0,0,0,0,0,0,0,0,45,1004,0,363,0.0,0.0,0.0,0.0,0.0,0.0,0,0,0,0,0.0
Ryan Trevitt,MID,Brentford,134,13,2,2025-08-23T14:00:00Z,True,2,0,0,0,0,0,0,0,0,0,0,0,0,0,0,0,45,1084,0,316,0.0,0.0,0.0,0.0,0.0,0.0,0,0,0,0,0.0
Sandro Tonali,MID,Newcastle,491,19,2,2025-08-25T19:00:00Z,True,12,65,1,2,0,0,0,2,0,0,0,0,0,0,0,7,55,187427,7726,28456,0.09,0.01,0.33,0.4,1.3,8.0,2,0,3,5,2.0
Ben Broggio,MID,Aston Villa,60,13,2,2025-08-23T14:00:00Z,False,5,0,0,0,0,0,0,0,0,0,0,0,0,0,0,0,45,34831,3323,4419,0.0,0.0,0.0,0.0,0.0,0.0,0,0,0,0,0.0
Matt Doherty,DEF,Wolves,632,12,2,2025-08-23T14:00:00Z,False,4,90,1,1,0,0,0,1,0,0,0,1,0,0,0,5,45,20599,1050,2002,0.0,0.02,1.29,19.2,1.8,0.0,6,3,2,9,0.0
Niclas Füllkrug,FWD,West Ham,625,20,2,2025-08-22T19:00:00Z,True,7,45,1,1,0,0,0,3,0,0,0,0,0,0,0,3,60,326239,11240,73702,0.0,0.02,1.62,1.2,10.5,2.0,0,0,1,1,1.0
Maldini Kacurri,DEF,Arsenal,14,11,2,2025-08-23T16:30:00Z,True,11,0,0,0,0,0,0,0,0,0,0,0,0,0,0,0,40,18861,1462,2779,0.0,0.0,0.0,0.0,0.0,0.0,0,0,0,0,1.0
Donyell Malen,MID,Aston Villa,53,13,2,2025-08-23T14:00:00Z,False,5,26,0,1,0,0,0,0,0,0,0,0,0,0,0,3,54,158584,5618,48354,0.0,0.02,0.11,0.4,2.8,2.0,0,0,1,1,1.0
Bafodé Diakité,DEF,Bournemouth,685,12,2,2025-08-23T14:00:00Z,True,20,90,1,10,0,0,1,0,0,0,0,0,0,0,2,34,45,22249,7140,2045,0.0,0.0,0.46,20.8,0.9,0.0,7,3,3,10,5.0
Leander Dendoncker,MID,Aston Villa,61,13,2,2025-08-23T14:00:00Z,False,5,0,0,0,0,0,0,0,0,0,0,0,0,0,0,0,45,34381,2169,7798,0.0,0.0,0.0,0.0,0.0,0.0,0,0,0,0,0.0
Robin Roefs,GK,Sunderland,670,14,2,2025-08-23T14:00:00Z,False,3,90,1,1,0,0,0,2,0,0,0,0,0,0,0,0,45,123146,67732,12419,0.0,0.0,1.0,4.2,0.0,0.0,1,0,8,0,4.5
Lesley Ugochukwu,MID,Burnley,676,14,2,2025-08-23T14:00:00Z,True,17,68,1,3,0,0,1,0,0,0,0,0,0,0,0,11,50,4803,285,658,0.02,0.02,0.61,7.8,16.7,3.0,1,2,1,4,2.0
Borna Sosa,DEF,Crystal Palace,259,15,2,2025-08-24T13:00:00Z,True,16,0,0,0,0,0,0,0,0,0,0,0,0,0,0,0,50,15301,858,2027,0.0,0.0,0.0,0.0,0.0,0.0,0,0,0,0,0.0
Kaelan Casey,DEF,West Ham,611,20,2,2025-08-22T19:00:00Z,True,7,0,0,0,0,0,0,0,0,0,0,0,0,0,0,0,40,17316,0,3731,0.0,0.0,0.0,0.0,0.0,0.0,0,0,0,0,0.0
Hamed Traorè,MID,Bournemouth,93,12,2,2025-08-23T14:00:00Z,True,20,0,0,0,0,0,0,0,0,0,0,0,0,0,0,0,45,145216,80941,19912,0.0,0.0,0.0,0.0,0.0,0.0,0,0,0,0,2.0
Jack Fletcher,MID,Man Utd,462,17,2,2025-08-24T15:30:00Z,False,10,0,0,0,0,0,0,0,0,0,0,0,0,0,0,0,45,4090,187,521,0.0,0.0,0.0,0.0,0.0,0.0,0,0,0,0,0.0
Riccardo Calafiori,DEF,Arsenal,7,11,2,2025-08-23T16:30:00Z,True,11,63,1,13,0,2,1,0,0,0,0,0,0,0,1,38,55,500185,275549,26292,0.39,0.01,0.17,38.0,21.4,22.0,1,0,1,1,14.0
David Raya Martín,GK,Arsenal,1,11,2,2025-08-23T16:30:00Z,True,11,90,1,6,0,0,1,0,0,0,0,0,0,1,0,28,55,2284634,277339,58680,0.0,0.0,0.17,13.4,0.0,0.0,0,0,3,0,9.0
Jesurun Rak-Sakyi,MID,Crystal Palace,278,15,2,2025-08-24T13:00:00Z,True,16,0,0,0,0,0,0,0,0,0,0,0,0,0,0,0,45,7129,504,963,0.0,0.0,0.0,0.0,0.0,0.0,0,0,0,0,0.0
Nectarios Triantis,MID,Sunderland,559,14,2,2025-08-23T14:00:00Z,False,3,0,0,0,0,0,0,0,0,0,0,0,0,0,0,0,45,7780,347,990,0.0,0.0,0.0,0.0,0.0,0.0,0,0,0,0,0.0
Romelle Donovan,MID,Brentford,130,13,2,2025-08-23T14:00:00Z,True,2,0,0,0,0,0,0,0,0,0,0,0,0,0,0,0,45,12539,1081,1595,0.0,0.0,0.0,0.0,0.0,0.0,0,0,0,0,0.0
Maxim De Cuyper,DEF,Brighton,145,16,2,2025-08-24T13:00:00Z,False,9,66,1,0,0,0,0,2,0,0,0,1,0,0,0,2,45,644032,30745,43852,0.0,0.02,1.2,4.8,1.0,4.0,4,1,2,5,1.0
Joël Piroe,FWD,Leeds,362,11,2,2025-08-23T16:30:00Z,False,1,57,1,1,0,0,0,4,0,0,0,0,0,0,0,3,55,193408,9281,27979,0.0,0.0,1.85,0.0,1.3,0.0,0,0,1,1,0.5
Marco Bizot,GK,Aston Villa,33,13,2,2025-08-23T14:00:00Z,False,5,0,0,0,0,0,0,0,0,0,0,0,0,0,0,0,45,105709,51388,15654,0.0,0.0,0.0,0.0,0.0,0.0,0,0,0,0,3.5
Maxwel Cornet,MID,West Ham,617,20,2,2025-08-22T19:00:00Z,True,7,0,0,0,0,0,0,0,0,0,0,0,0,0,0,0,50,3742,57,701,0.0,0.0,0.0,0.0,0.0,0.0,0,0,0,0,-0.5
Vitor de Oliveira Nunes dos Reis,DEF,Man City,412,18,2,2025-08-23T11:30:00Z,True,18,0,0,0,0,0,0,0,0,0,0,0,0,0,0,0,50,945,0,456,0.0,0.0,0.0,0.0,0.0,0.0,0,0,0,0,0.0
Sam Johnstone,GK,Wolves,627,12,2,2025-08-23T14:00:00Z,False,4,0,0,0,0,0,0,0,0,0,0,0,0,0,0,0,45,15509,540,1197,0.0,0.0,0.0,0.0,0.0,0.0,0,0,0,0,0.0
Antonee Robinson,DEF,Fulham,316,17,2,2025-08-24T15:30:00Z,True,14,28,0,1,0,0,0,0,0,0,0,0,0,0,0,5,50,68757,527,31093,0.0,0.02,0.11,6.6,16.2,2.0,1,0,0,1,0.4
Jørgen Strand Larsen,FWD,Wolves,654,12,2,2025-08-23T14:00:00Z,False,4,77,1,2,0,0,0,1,0,0,0,0,0,0,0,4,65,497981,46717,52362,0.1,0.01,1.13,3.2,3.8,23.0,1,0,0,1,2.0
Estêvão Almeida de Oliveira Gonçalves,MID,Chelsea,238,20,2,2025-08-22T19:00:00Z,False,19,76,1,5,0,1,0,1,0,0,0,0,0,0,0,26,65,163012,17160,40900,0.29,0.61,0.33,27.4,16.6,25.0,0,3,2,5,3.0
Tom Watson,MID,Brighton,172,16,2,2025-08-24T13:00:00Z,False,9,0,0,0,0,0,0,0,0,0,0,0,0,0,0,0,50,3068,129,410,0.0,0.0,0.0,0.0,0.0,0.0,0,0,0,0,0.0
Lucas Estella Perri,GK,Leeds,665,11,2,2025-08-23T16:30:00Z,False,1,90,1,0,0,0,0,5,0,0,0,0,0,0,0,-13,45,43482,5302,3042,0.0,0.0,2.88,2.8,0.0,0.0,0,0,4,0,2.0
Timothée Pembélé,DEF,Sunderland,540,14,2,2025-08-23T14:00:00Z,False,3,0,0,0,0,0,0,0,0,0,0,0,0,0,0,0,40,20782,734,2228,0.0,0.0,0.0,0.0,0.0,0.0,0,0,0,0,0.0
Roméo Lavia,MID,Chelsea,244,20,2,2025-08-22T19:00:00Z,False,19,0,0,0,0,0,0,0,0,0,0,0,0,0,0,0,50,2085,34,951,0.0,0.0,0.0,0.0,0.0,0.0,0,0,0,0,0.0
Jan Paul van Hecke,DEF,Brighton,151,16,2,2025-08-24T13:00:00Z,False,9,90,1,1,0,0,0,2,0,0,0,0,0,0,0,5,45,124264,6386,10239,0.01,0.01,1.6,18.6,0.9,4.0,6,0,3,6,1.5
Mike Penders,GK,Chelsea,222,20,2,2025-08-22T19:00:00Z,False,19,0,0,0,0,0,0,0,0,0,0,0,0,0,0,0,40,567,0,117,0.0,0.0,0.0,0.0,0.0,0.0,0,0,0,0,0.0
Oleksandr Zinchenko,DEF,Arsenal,12,11,2,2025-08-23T16:30:00Z,True,11,0,0,0,0,0,0,0,0,0,0,0,0,0,0,0,50,38783,3119,6686,0.0,0.0,0.0,0.0,0.0,0.0,0,0,0,0,1.0
Harvey Barnes,MID,Newcastle,487,19,2,2025-08-25T19:00:00Z,True,12,75,1,2,0,0,0,2,0,0,0,0,0,0,0,10,65,54634,4605,11026,0.0,0.36,0.33,4.2,15.8,2.0,0,0,2,2,2.0
Josh Nichols,DEF,Arsenal,15,11,2,2025-08-23T16:30:00Z,True,11,0,0,0,0,0,0,0,0,0,0,0,0,0,0,0,40,19597,1107,2365,0.0,0.0,0.0,0.0,0.0,0.0,0,0,0,0,1.0
Jhon Arias,MID,Wolves,663,12,2,2025-08-23T14:00:00Z,False,4,55,1,1,0,0,0,1,0,0,0,0,0,0,0,4,55,62592,1776,13366,0.13,0.01,0.83,5.6,1.6,4.0,1,4,2,7,1.0
Chido Obi,FWD,Man Utd,467,17,2,2025-08-24T15:30:00Z,False,10,0,0,0,0,0,0,0,0,0,0,0,0,0,0,0,45,226142,8090,26644,0.0,0.0,0.0,0.0,0.0,0.0,0,0,0,0,0.0
Marc Guiu Paz,FWD,Sunderland,252,14,2,2025-08-23T14:00:00Z,False,3,10,0,1,0,0,0,1,0,0,0,0,0,0,0,2,45,2087215,112856,135834,0.02,0.01,0.66,0.0,1.6,6.0,0,0,0,0,0.5
Aaron Ramsey,MID,Burnley,211,14,2,2025-08-23T14:00:00Z,True,17,0,0,0,0,0,0,0,0,0,0,0,0,0,0,0,45,961170,34974,105574,0.0,0.0,0.0,0.0,0.0,0.0,0,0,0,0,0.0
John McGinn,MID,Aston Villa,54,13,2,2025-08-23T14:00:00Z,False,5,73,1,2,0,0,0,1,0,0,0,0,0,0,0,14,55,76409,8904,10643,0.05,0.12,1.11,17.6,31.1,15.0,2,0,2,4,2.5
Chadi Riad Dnanou,DEF,Crystal Palace,262,15,2,2025-08-24T13:00:00Z,True,16,0,0,0,0,0,0,0,0,0,0,0,0,0,0,0,40,940,80,134,0.0,0.0,0.0,0.0,0.0,0.0,0,0,0,0,0.0
Pedro Cardoso de Lima,DEF,Wolves,640,12,2,2025-08-23T14:00:00Z,False,4,0,0,0,0,0,0,0,0,0,0,0,0,0,0,0,40,116753,4789,9098,0.0,0.0,0.0,0.0,0.0,0.0,0,0,0,0,0.0
Hannes Delcroix,DEF,Burnley,188,14,2,2025-08-23T14:00:00Z,True,17,0,0,0,0,0,0,0,0,0,0,0,0,0,0,0,40,32788,1172,3391,0.0,0.0,0.0,0.0,0.0,0.0,0,0,0,0,0.0
Phil Foden,MID,Man City,414,18,2,2025-08-23T11:30:00Z,True,18,15,0,1,0,0,0,0,0,0,0,0,0,0,0,8,80,138246,7009,30230,0.18,0.02,0.36,5.6,14.3,12.0,0,0,3,3,1.0
Tom Heaton,GK,Man Utd,434,17,2,2025-08-24T15:30:00Z,False,10,0,0,0,0,0,0,0,0,0,0,0,0,0,0,0,40,34721,1452,2004,0.0,0.0,0.0,0.0,0.0,0.0,0,0,0,0,0.0
Wilson Odobert,MID,Spurs,588,18,2,2025-08-23T11:30:00Z,False,13,12,0,1,0,0,0,0,0,0,0,0,0,0,0,1,55,3526,124,911,0.25,0.0,0.18,2.4,0.3,21.0,0,0,2,2,0.5
Omari Hutchinson,MID,Nott'm Forest,693,15,2,2025-08-24T13:00:00Z,False,8,8,0,1,0,0,0,0,0,0,0,0,0,0,0,-2,55,1259,678,176,0.2,0.0,0.0,0.0,0.6,8.0,0,0,0,0,2.0
Alex Murphy,DEF,Newcastle,481,19,2,2025-08-25T19:00:00Z,True,12,0,0,0,0,0,0,0,0,0,0,0,0,0,0,0,40,85974,4426,9522,0.0,0.0,0.0,0.0,0.0,0.0,0,0,0,0,-0.5
Bernardo Mota Veiga de Carvalho e Silva,MID,Man City,416,18,2,2025-08-23T11:30:00Z,True,18,36,0,1,0,0,0,0,0,0,0,0,0,0,0,2,65,82773,7076,15728,0.0,0.02,0.49,3.2,2.9,4.0,2,0,1,3,2.5
Hannibal Mejbri,MID,Burnley,207,14,2,2025-08-23T14:00:00Z,True,17,82,1,5,0,0,1,0,0,0,0,0,0,0,0,11,50,15322,960,1985,0.02,0.12,0.66,9.2,18.5,4.0,2,3,8,13,3.5
Jacob Bruun Larsen,MID,Burnley,202,14,2,2025-08-23T14:00:00Z,True,17,68,1,3,0,0,1,0,0,0,0,0,0,0,0,6,55,4154,269,879,0.02,0.01,0.61,0.0,1.8,4.0,1,0,3,4,2.0
Dennis Cirkin,DEF,Sunderland,535,14,2,2025-08-23T14:00:00Z,False,3,0,0,0,0,0,0,0,0,0,0,0,0,0,0,0,40,2724,76,487,0.0,0.0,0.0,0.0,0.0,0.0,0,0,0,0,0.0
Daniel Muñoz Mejía,DEF,Crystal Palace,256,15,2,2025-08-24T13:00:00Z,True,16,90,1,5,0,1,0,1,0,0,0,0,0,0,0,18,55,940645,79742,51060,0.0,0.32,0.93,28.2,24.2,2.0,1,0,5,1,5.0
Bastien Meupiyou Menadjou,DEF,Wolves,639,12,2,2025-08-23T14:00:00Z,False,4,0,0,0,0,0,0,0,0,0,0,0,0,0,0,0,40,1420,0,226,0.0,0.0,0.0,0.0,0.0,0.0,0,0,0,0,0.0
Radu Drăgușin,DEF,Spurs,572,18,2,2025-08-23T11:30:00Z,False,13,0,0,0,0,0,0,0,0,0,0,0,0,0,0,0,45,555,54,115,0.0,0.0,0.0,0.0,0.0,0.0,0,0,0,0,0.0
Noah Okafor,MID,Leeds,698,11,2,2025-08-23T16:30:00Z,False,1,24,0,1,0,0,0,1,0,0,0,0,0,0,0,3,55,562,416,96,0.0,0.0,0.87,4.6,0.3,0.0,0,2,2,4,0.8
Dean Henderson,GK,Crystal Palace,253,15,2,2025-08-24T13:00:00Z,True,16,90,1,2,0,0,0,1,0,0,0,0,0,0,0,3,50,783308,39150,31617,0.0,0.0,0.93,3.4,0.0,0.0,0,0,4,0,4.0
Jayce Fitzgerald,MID,Man Utd,461,17,2,2025-08-24T15:30:00Z,False,10,0,0,0,0,0,0,0,0,0,0,0,0,0,0,0,45,4109,170,512,0.0,0.0,0.0,0.0,0.0,0.0,0,0,0,0,0.0
Nayef Aguerd,DEF,West Ham,607,20,2,2025-08-22T19:00:00Z,True,7,90,1,2,0,0,0,5,0,0,0,0,0,0,0,-2,45,13110,526,1916,0.1,0.01,2.74,24.4,0.9,8.0,12,1,4,13,1.0
Danny Welbeck,FWD,Brighton,178,16,2,2025-08-24T13:00:00Z,False,9,90,1,0,0,0,0,2,0,0,1,0,0,0,0,-9,65,389562,14979,101248,1.56,0.1,1.6,0.0,3.4,27.0,0,0,1,1,0.5
Tom King,GK,Everton,630,16,2,2025-08-24T13:00:00Z,True,6,0,0,0,0,0,0,0,0,0,0,0,0,0,0,0,40,162948,3163,7359,0.0,0.0,0.0,0.0,0.0,0.0,0,0,0,0,0.0
Maxime Estève,DEF,Burnley,191,14,2,2025-08-23T14:00:00Z,True,17,82,1,6,0,0,1,0,0,0,0,0,0,0,0,29,40,2110007,89031,85550,0.0,0.01,0.66,21.0,1.1,0.0,6,1,1,7,3.5
Antoine Semenyo,MID,Bournemouth,82,12,2,2025-08-23T14:00:00Z,True,20,90,1,6,0,1,1,0,0,0,0,0,0,0,0,11,71,1774426,901033,48759,0.68,0.07,0.46,20.2,36.0,45.0,0,0,5,5,10.5
Rodrigo Muniz Carvalho,FWD,Fulham,338,17,2,2025-08-24T15:30:00Z,True,14,70,1,0,0,0,0,1,1,0,0,0,0,0,0,-3,55,270080,62606,26932,0.37,0.0,1.52,0.0,10.3,24.0,2,1,3,6,3.5
Sven Botman,DEF,Newcastle,475,19,2,2025-08-25T19:00:00Z,True,12,0,0,0,0,0,0,0,0,0,0,0,0,0,0,0,50,47452,1968,9667,0.0,0.0,0.0,0.0,0.0,0.0,0,0,0,0,-0.5
Omar Alderete,DEF,Sunderland,683,14,2,2025-08-23T14:00:00Z,False,3,90,1,1,0,0,0,2,0,0,0,0,0,0,0,9,40,145305,34240,11526,0.06,0.02,1.0,25.0,5.7,10.0,7,2,6,9,2.5
Nico O'Reilly,DEF,Man City,411,18,2,2025-08-23T11:30:00Z,True,18,0,0,0,0,0,0,0,0,0,0,0,0,0,0,0,50,16587,1190,3583,0.0,0.0,0.0,0.0,0.0,0.0,0,0,0,0,0.5
Liam Delap,FWD,Chelsea,250,20,2,2025-08-22T19:00:00Z,False,19,61,1,2,0,0,0,1,0,0,0,0,0,0,0,7,65,385619,17876,72849,0.09,0.02,0.18,2.6,2.2,19.0,0,0,2,2,2.0
Malcolm Ebiowei,MID,Crystal Palace,277,15,2,2025-08-24T13:00:00Z,True,16,0,0,0,0,0,0,0,0,0,0,0,0,0,0,0,45,783,0,303,0.0,0.0,0.0,0.0,0.0,0.0,0,0,0,0,0.0
Benjamin White,DEF,Arsenal,11,11,2,2025-08-23T16:30:00Z,True,11,0,0,0,0,0,0,0,0,0,0,0,0,0,0,0,55,111857,21413,10667,0.0,0.0,0.0,0.0,0.0,0.0,0,0,0,0,3.0
Miodrag Pivaš,DEF,Newcastle,483,19,2,2025-08-25T19:00:00Z,True,12,0,0,0,0,0,0,0,0,0,0,0,0,0,0,0,40,13018,237,1483,0.0,0.0,0.0,0.0,0.0,0.0,0,0,0,0,-0.5
Freddie Woodman,GK,Liverpool,369,19,2,2025-08-25T19:00:00Z,False,15,0,0,0,0,0,0,0,0,0,0,0,0,0,0,0,40,9977,344,864,0.0,0.0,0.0,0.0,0.0,0.0,0,0,0,0,0.5
Adam Webster,DEF,Brighton,153,16,2,2025-08-24T13:00:00Z,False,9,0,0,0,0,0,0,0,0,0,0,0,0,0,0,0,45,1191,75,439,0.0,0.0,0.0,0.0,0.0,0.0,0,0,0,0,0.0
Reece James,DEF,Chelsea,225,20,2,2025-08-22T19:00:00Z,False,19,21,0,1,0,0,0,0,0,0,0,0,0,0,0,7,55,651078,75903,37702,0.0,0.13,0.44,2.6,15.5,0.0,0,0,2,0,3.5
Alex Paulsen,GK,Bournemouth,70,12,2,2025-08-23T14:00:00Z,True,20,0,0,0,0,0,0,0,0,0,0,0,0,0,0,0,40,15912,783,811,0.0,0.0,0.0,0.0,0.0,0.0,0,0,0,0,0.0
Chris Wood,FWD,Nott'm Forest,525,15,2,2025-08-24T13:00:00Z,False,8,87,1,2,0,0,0,1,0,0,0,0,0,0,0,3,76,2184516,667275,92343,0.23,0.06,1.1,0.0,11.0,13.0,0,0,0,0,7.5
Rayan Cherki,MID,Man City,417,18,2,2025-08-23T11:30:00Z,True,18,53,1,1,0,0,0,2,0,0,0,0,0,0,0,10,65,919389,112170,102172,0.0,0.44,0.62,14.4,25.5,8.0,1,4,3,8,4.0
Emiliano Martínez Romero,GK,Aston Villa,32,13,2,2025-08-23T14:00:00Z,False,5,90,1,2,0,0,0,1,0,0,0,0,0,1,0,15,50,128543,22508,7369,0.0,0.01,1.21,12.8,0.0,0.0,0,0,10,0,1.0
Josh King,MID,Fulham,335,17,2,2025-08-24T15:30:00Z,True,14,70,1,2,0,0,0,1,0,0,0,0,0,0,0,1,45,132551,45975,20972,0.17,0.01,1.52,5.0,1.3,23.0,0,1,1,2,2.0
Lewis Dunk,DEF,Brighton,146,16,2,2025-08-24T13:00:00Z,False,9,90,1,1,0,0,0,2,0,0,0,0,0,0,0,11,45,145145,13305,9846,0.0,0.0,1.6,16.0,0.6,0.0,6,2,6,8,1.5
Willy Boly,DEF,Nott'm Forest,514,15,2,2025-08-24T13:00:00Z,False,8,0,0,0,0,0,0,0,0,0,0,0,0,0,0,0,40,54244,2073,4941,0.0,0.0,0.0,0.0,0.0,0.0,0,0,0,0,0.0
William Osula,FWD,Newcastle,500,19,2,2025-08-25T19:00:00Z,True,12,14,0,5,1,0,0,1,0,0,0,0,0,0,0,27,55,23399,2083,4639,0.13,0.0,0.37,31.0,0.3,17.0,0,0,0,0,2.5
Luca Koleosho,MID,Burnley,208,14,2,2025-08-23T14:00:00Z,True,17,0,0,0,0,0,0,0,0,0,0,0,0,0,0,0,50,3607,68,738,0.0,0.0,0.0,0.0,0.0,0.0,0,0,0,0,0.0
Omar Richards,DEF,Nott'm Forest,512,15,2,2025-08-24T13:00:00Z,False,8,0,0,0,0,0,0,0,0,0,0,0,0,0,0,0,45,5138,189,683,0.0,0.0,0.0,0.0,0.0,0.0,0,0,0,0,0.0
Anthony Gordon,MID,Newcastle,485,19,2,2025-08-25T19:00:00Z,True,12,47,1,-2,0,0,0,3,0,0,0,0,1,0,0,-6,75,216592,37958,30767,0.48,0.02,0.07,0.0,11.2,45.0,0,0,3,3,0.0
Antoni Milambo,MID,Brentford,122,13,2,2025-08-23T14:00:00Z,True,2,0,0,0,0,0,0,0,0,0,0,0,0,0,0,0,55,6366,410,1109,0.0,0.0,0.0,0.0,0.0,0.0,0,0,0,0,0.5
Martín Zubimendi Ibáñez,MID,Arsenal,26,11,2,2025-08-23T16:30:00Z,True,11,90,1,3,0,0,1,0,0,0,0,0,0,0,0,12,55,247409,36357,32926,0.02,0.02,0.17,6.4,6.9,1.0,1,2,5,8,5.0
Jaidon Anthony,MID,Burnley,200,14,2,2025-08-23T14:00:00Z,True,17,90,1,13,1,1,1,0,0,0,0,0,0,0,2,39,55,14201,2572,2039,0.77,0.02,0.77,58.4,14.6,28.0,1,3,7,11,7.5
Curtis Jones,MID,Liverpool,388,19,2,2025-08-25T19:00:00Z,False,15,90,1,2,0,0,0,2,0,0,0,0,0,0,0,16,55,10914,456,2710,0.0,0.02,0.93,12.4,7.8,0.0,0,4,6,10,2.0
Caoimhín Kelleher,GK,Brentford,101,13,2,2025-08-23T14:00:00Z,True,2,90,1,5,0,0,1,0,0,0,0,1,0,2,0,21,45,1106578,27417,77693,0.0,0.01,1.19,10.0,0.0,0.0,1,0,7,0,3.0
James McAtee,MID,Nott'm Forest,426,15,2,2025-08-24T13:00:00Z,False,8,18,0,1,0,0,0,0,0,0,0,0,0,0,0,4,55,18337,2828,3581,0.0,0.03,0.0,1.4,11.3,2.0,0,0,0,0,0.5
Guglielmo Vicario,GK,Spurs,565,18,2,2025-08-23T11:30:00Z,False,13,90,1,9,0,0,1,0,0,0,0,0,0,4,2,30,50,460990,35158,52634,0.0,0.01,1.55,28.4,0.0,0.0,1,0,6,0,8.5
Zach Marsh,FWD,Crystal Palace,286,15,2,2025-08-24T13:00:00Z,True,16,0,0,0,0,0,0,0,0,0,0,0,0,0,0,0,45,29536,2181,3732,0.0,0.0,0.0,0.0,0.0,0.0,0,0,0,0,0.0
Joe Anderson,DEF,Sunderland,534,14,2,2025-08-23T14:00:00Z,False,3,0,0,0,0,0,0,0,0,0,0,0,0,0,0,0,40,50138,2467,5749,0.0,0.0,0.0,0.0,0.0,0.0,0,0,0,0,0.0
Noussair Mazraoui,DEF,Man Utd,438,17,2,2025-08-24T15:30:00Z,False,10,0,0,0,0,0,0,0,0,0,0,0,0,0,0,0,50,22069,148,11000,0.0,0.0,0.0,0.0,0.0,0.0,0,0,0,0,0.0
Cristian Romero,DEF,Spurs,569,18,2,2025-08-23T11:30:00Z,False,13,90,1,7,0,0,1,0,0,0,0,1,0,0,0,28,50,388294,31375,40895,0.0,0.0,1.55,20.6,0.3,2.0,7,3,6,10,6.0
Václav Hladký,GK,Burnley,185,14,2,2025-08-23T14:00:00Z,True,17,0,0,0,0,0,0,0,0,0,0,0,0,0,0,0,40,22185,801,1469,0.0,0.0,0.0,0.0,0.0,0.0,0,0,0,0,0.0
Mads Roerslev Rasmussen,DEF,Brentford,112,13,2,2025-08-23T14:00:00Z,True,2,0,0,0,0,0,0,0,0,0,0,0,0,0,0,0,45,4895,211,821,0.0,0.0,0.0,0.0,0.0,0.0,0,0,0,0,0.0
Diogo Dalot Teixeira,DEF,Man Utd,440,17,2,2025-08-24T15:30:00Z,False,10,38,0,1,0,0,0,1,0,0,0,0,0,0,0,-4,45,231906,10843,17991,0.01,0.01,0.86,0.0,4.8,10.0,1,1,1,2,1.0
Justin Kluivert,MID,Bournemouth,81,12,2,2025-08-23T14:00:00Z,True,20,12,0,1,0,0,0,0,0,0,0,0,0,0,0,1,70,62043,328,36187,0.11,0.01,0.06,0.0,11.3,7.0,0,0,0,0,0.2
Keane Lewis-Potter,DEF,Brentford,107,13,2,2025-08-23T14:00:00Z,True,2,90,1,6,0,0,1,0,0,0,0,0,0,0,0,24,50,44362,2909,4349,0.0,0.0,1.19,8.0,0.8,2.0,3,1,4,4,3.5
Kristoffer Ajer,DEF,Brentford,108,13,2,2025-08-23T14:00:00Z,True,2,5,0,1,0,0,0,0,0,0,0,0,0,0,0,3,45,19562,953,2485,0.0,0.0,0.1,1.4,0.1,0.0,1,0,0,1,0.5
Georginio Rutter,MID,Brighton,158,16,2,2025-08-24T13:00:00Z,False,9,0,0,0,0,0,0,0,0,0,0,0,0,0,0,0,60,149366,20132,24323,0.0,0.0,0.0,0.0,0.0,0.0,0,0,0,0,3.0
Hwang Hee-chan,MID,Wolves,642,12,2,2025-08-23T14:00:00Z,False,4,12,0,1,0,0,0,0,0,0,0,0,0,0,0,0,60,16116,930,3214,0.0,0.0,0.16,0.0,0.0,0.0,0,0,0,0,1.0
Ashley Phillips,DEF,Spurs,576,18,2,2025-08-23T11:30:00Z,False,13,0,0,0,0,0,0,0,0,0,0,0,0,0,0,0,40,2662,0,710,0.0,0.0,0.0,0.0,0.0,0.0,0,0,0,0,0.0
Quilindschy Hartman,DEF,Burnley,192,14,2,2025-08-23T14:00:00Z,True,17,90,1,6,0,0,1,0,0,0,0,0,0,0,0,26,40,61406,7527,4837,0.0,0.04,0.77,19.8,7.3,2.0,3,5,3,8,3.5
Bruno Guimarães Rodriguez Moura,MID,Newcastle,488,19,2,2025-08-25T19:00:00Z,True,12,90,1,6,1,0,0,3,0,0,0,1,0,0,0,22,65,165180,4445,24873,0.17,0.02,0.7,37.0,8.3,17.0,0,3,8,11,4.0
Eiran Cashin,DEF,Brighton,154,16,2,2025-08-24T13:00:00Z,False,9,0,0,0,0,0,0,0,0,0,0,0,0,0,0,0,40,1082,0,274,0.0,0.0,0.0,0.0,0.0,0.0,0,0,0,0,0.0
Nathan Patterson,DEF,Everton,296,16,2,2025-08-24T13:00:00Z,True,6,0,0,0,0,0,0,0,0,0,0,0,0,0,0,0,45,2754,61,666,0.0,0.0,0.0,0.0,0.0,0.0,0,0,0,0,0.0
Andrew Moran,MID,Brighton,177,16,2,2025-08-24T13:00:00Z,False,9,0,0,0,0,0,0,0,0,0,0,0,0,0,0,0,45,6085,490,954,0.0,0.0,0.0,0.0,0.0,0.0,0,0,0,0,0.0
Adrien Truffert,DEF,Bournemouth,74,12,2,2025-08-23T14:00:00Z,True,20,90,1,6,0,0,1,0,0,0,0,0,0,0,0,28,45,117372,40436,10424,0.0,0.04,0.46,18.0,18.9,6.0,4,0,4,4,3.0
Enes Ünal,FWD,Bournemouth,98,12,2,2025-08-23T14:00:00Z,True,20,0,0,0,0,0,0,0,0,0,0,0,0,0,0,0,55,1318,136,318,0.0,0.0,0.0,0.0,0.0,0.0,0,0,0,0,0.0
Dário Luís Essugo,MID,Chelsea,247,20,2,2025-08-22T19:00:00Z,False,19,0,0,0,0,0,0,0,0,0,0,0,0,0,0,0,45,5765,520,879,0.0,0.0,0.0,0.0,0.0,0.0,0,0,0,0,0.5
Aaron Ramsdale,GK,Newcastle,674,19,2,2025-08-25T19:00:00Z,True,12,0,0,0,0,0,0,0,0,0,0,0,0,0,0,0,50,89177,1823,15201,0.0,0.0,0.0,0.0,0.0,0.0,0,0,0,0,-0.5
Moisés Caicedo Corozo,MID,Chelsea,241,20,2,2025-08-22T19:00:00Z,False,19,90,1,8,1,0,0,1,0,0,0,0,0,0,1,36,55,591009,47856,63624,0.24,0.02,0.73,50.8,5.2,17.0,2,3,2,7,7.0
Taiwo Awoniyi,FWD,Nott'm Forest,527,15,2,2025-08-24T13:00:00Z,False,8,0,0,0,0,0,0,0,0,0,0,0,0,0,0,0,55,72590,4455,15858,0.0,0.0,0.0,0.0,0.0,0.0,0,0,0,0,0.0
Niall Huggins,DEF,Sunderland,537,14,2,2025-08-23T14:00:00Z,False,3,0,0,0,0,0,0,0,0,0,0,0,0,0,0,0,40,20799,669,2286,0.0,0.0,0.0,0.0,0.0,0.0,0,0,0,0,0.0
Konstantinos Tsimikas,DEF,Liverpool,377,19,2,2025-08-25T19:00:00Z,False,15,0,0,0,0,0,0,0,0,0,0,0,0,0,0,0,50,12228,462,2649,0.0,0.0,0.0,0.0,0.0,0.0,0,0,0,0,0.5
Adam Smith,DEF,Bournemouth,73,12,2,2025-08-23T14:00:00Z,True,20,90,1,6,0,0,1,0,0,0,0,0,0,0,0,24,45,42497,10715,3283,0.0,0.01,0.46,5.6,3.4,0.0,2,0,1,2,3.5
Tyrone Mings,DEF,Aston Villa,40,13,2,2025-08-23T14:00:00Z,False,5,90,1,2,0,0,0,1,0,0,0,0,0,0,0,12,45,149359,43991,9414,0.11,0.03,1.21,17.6,12.3,15.0,5,0,6,5,4.0
Luke Shaw,DEF,Man Utd,443,17,2,2025-08-24T15:30:00Z,False,10,86,1,2,0,0,0,1,0,0,0,0,0,0,0,5,45,32586,6185,2264,0.0,0.01,1.73,9.6,2.8,0.0,4,1,1,5,2.0
Aaron Hickey,DEF,Brentford,116,13,2,2025-08-23T14:00:00Z,True,2,11,0,1,0,0,0,0,0,0,0,0,0,0,0,5,40,48243,1689,3949,0.0,0.0,0.24,4.0,0.1,0.0,0,2,0,2,0.5
Sékou Koné,MID,Man Utd,463,17,2,2025-08-24T15:30:00Z,False,10,0,0,0,0,0,0,0,0,0,0,0,0,0,0,0,45,8610,623,1206,0.0,0.0,0.0,0.0,0.0,0.0,0,0,0,0,0.0
Jordan Pickford,GK,Everton,287,16,2,2025-08-24T13:00:00Z,True,6,90,1,15,0,0,1,0,0,1,0,0,0,4,3,40,55,1130150,21753,86608,0.0,0.0,2.43,50.2,0.0,0.0,2,0,11,0,8.5
Enzo Barrenechea,MID,Aston Villa,56,13,2,2025-08-23T14:00:00Z,False,5,0,0,0,0,0,0,0,0,0,0,0,0,0,0,0,50,67,0,10,0.0,0.0,0.0,0.0,0.0,0.0,0,0,0,0,0.0
Pau Torres,DEF,Aston Villa,41,13,2,2025-08-23T14:00:00Z,False,5,90,1,2,0,0,0,1,0,0,0,0,0,0,0,8,45,51168,3676,7689,0.07,0.13,1.21,17.0,5.8,9.0,1,2,8,3,1.0
Bart Verbruggen,GK,Brighton,139,16,2,2025-08-24T13:00:00Z,False,9,90,1,1,0,0,0,2,0,0,0,0,0,1,0,5,45,789996,33067,52678,0.0,0.0,1.6,10.2,10.0,0.0,0,0,14,0,1.5
Tariq Lamptey,DEF,Brighton,150,16,2,2025-08-24T13:00:00Z,False,9,0,0,0,0,0,0,0,0,0,0,0,0,0,0,0,45,39679,1559,6237,0.0,0.0,0.0,0.0,0.0,0.0,0,0,0,0,0.0
Ashley Barnes,FWD,Burnley,218,14,2,2025-08-23T14:00:00Z,True,17,0,0,0,0,0,0,0,0,0,0,0,0,0,0,0,45,249580,12234,27203,0.0,0.0,0.0,0.0,0.0,0.0,0,0,0,0,0.0
Sverre Nypan,MID,Man City,428,18,2,2025-08-23T11:30:00Z,True,18,0,0,0,0,0,0,0,0,0,0,0,0,0,0,0,50,2855,73,1025,0.0,0.0,0.0,0.0,0.0,0.0,0,0,0,0,0.0
Josh Acheampong,DEF,Chelsea,233,20,2,2025-08-22T19:00:00Z,False,19,0,0,0,0,0,0,0,0,0,0,0,0,0,0,0,40,297211,214150,29667,0.0,0.0,0.0,0.0,0.0,0.0,0,0,0,0,5.0
Igor Jesus Maciel da Cruz,FWD,Nott'm Forest,526,15,2,2025-08-24T13:00:00Z,False,8,2,0,1,0,0,0,0,0,0,0,0,0,0,0,1,60,74056,3612,18332,0.07,0.0,0.0,0.0,0.3,6.0,0,0,0,0,1.0
Illia Zabarnyi,DEF,Bournemouth,71,12,2,2025-08-23T14:00:00Z,True,20,0,0,0,0,0,0,0,0,0,0,0,0,0,0,0,50,6058,0,4889,0.0,0.0,0.0,0.0,0.0,0.0,0,0,0,0,0.0
Junior Kroupi,FWD,Bournemouth,100,12,2,2025-08-23T14:00:00Z,True,20,2,0,1,0,0,0,0,0,0,0,0,0,0,0,3,45,146695,48171,19928,0.0,0.0,0.06,0.0,0.0,2.0,0,0,0,0,1.0
Julián Araujo Zúñiga,DEF,Bournemouth,78,12,2,2025-08-23T14:00:00Z,True,20,0,0,0,0,0,0,0,0,0,0,0,0,0,0,0,40,134555,7082,12462,0.0,0.0,0.0,0.0,0.0,0.0,0,0,0,0,0.0
Milos Kerkez,DEF,Liverpool,371,19,2,2025-08-25T19:00:00Z,False,15,90,1,1,0,0,0,2,0,0,0,0,0,0,0,7,60,647940,29455,109690,0.0,0.0,0.93,17.6,1.1,0.0,7,2,4,9,1.0
Lamare Bogarde,DEF,Aston Villa,44,13,2,2025-08-23T14:00:00Z,False,5,16,0,0,0,0,0,0,0,0,0,1,0,0,0,-3,40,34439,1842,3414,0.0,0.03,0.11,0.0,2.3,2.0,0,0,0,0,0.0
Dermot Mee,GK,Man Utd,435,17,2,2025-08-24T15:30:00Z,False,10,0,0,0,0,0,0,0,0,0,0,0,0,0,0,0,40,12219,407,754,0.0,0.0,0.0,0.0,0.0,0.0,0,0,0,0,0.0
Alisson Becker,GK,Liverpool,366,19,2,2025-08-25T19:00:00Z,False,15,90,1,1,0,0,0,2,0,0,0,0,0,1,0,7,55,1155997,19970,114061,0.0,0.0,0.93,14.4,0.0,0.0,5,0,10,0,1.5
Fabian Schär,DEF,Newcastle,474,19,2,2025-08-25T19:00:00Z,True,12,80,1,1,0,0,0,2,0,0,0,0,0,0,0,5,55,309304,29123,17745,0.0,0.0,0.33,15.2,0.3,6.0,5,3,3,8,4.0
Marc Cucurella Saseta,DEF,Chelsea,224,20,2,2025-08-22T19:00:00Z,False,19,68,1,5,0,1,0,1,0,0,0,0,0,0,0,25,60,2405707,341556,87802,0.0,0.32,0.29,30.4,13.8,4.0,4,1,7,5,7.0
Norberto Murara Neto,GK,Bournemouth,66,12,2,2025-08-23T14:00:00Z,True,20,0,0,0,0,0,0,0,0,0,0,0,0,0,0,0,45,17282,0,6092,0.0,0.0,0.0,0.0,0.0,0.0,0,0,0,0,0.0
Max Weiß,GK,Burnley,183,14,2,2025-08-23T14:00:00Z,True,17,0,0,0,0,0,0,0,0,0,0,0,0,0,0,0,45,18204,679,2151,0.0,0.0,0.0,0.0,0.0,0.0,0,0,0,0,0.0
Amad Diallo,MID,Man Utd,452,17,2,2025-08-24T15:30:00Z,False,10,51,1,1,0,0,0,0,0,0,0,0,0,0,0,7,65,281607,12972,51632,0.14,0.02,0.9,11.4,3.4,22.0,2,2,2,6,1.0
Jorge Cuenca Barreno,DEF,Fulham,321,17,2,2025-08-24T15:30:00Z,True,14,0,0,0,0,0,0,0,0,0,0,0,0,0,0,0,45,4677,184,488,0.0,0.0,0.0,0.0,0.0,0.0,0,0,0,0,1.0
Oliver Sonne,DEF,Burnley,197,14,2,2025-08-23T14:00:00Z,True,17,21,0,1,0,0,0,0,0,0,0,0,0,0,0,1,40,16483,1574,1467,0.0,0.0,0.16,0.0,0.5,0.0,0,0,2,0,1.0
Edson Álvarez Velázquez,MID,West Ham,616,20,2,2025-08-22T19:00:00Z,True,7,0,0,0,0,0,0,0,0,0,0,0,0,0,0,0,50,16813,537,3617,0.0,0.0,0.0,0.0,0.0,0.0,0,0,0,0,-0.5
Yankuba Minteh,MID,Brighton,160,16,2,2025-08-24T13:00:00Z,False,9,90,1,2,0,0,0,2,0,0,0,0,0,0,0,14,60,108916,4867,24533,0.08,0.55,1.6,16.2,42.4,29.0,2,1,4,7,2.5
Eberechi Eze,MID,Crystal Palace,266,15,2,2025-08-24T13:00:00Z,True,16,0,0,0,0,0,0,0,0,0,0,0,0,0,0,0,75,1098794,96988,169371,0.0,0.0,0.0,0.0,0.0,0.0,0,0,0,0,2.5
Lewis Orford,MID,West Ham,622,20,2,2025-08-22T19:00:00Z,True,7,0,0,0,0,0,0,0,0,0,0,0,0,0,0,0,45,15271,561,2070,0.0,0.0,0.0,0.0,0.0,0.0,0,0,0,0,-0.5
Simon Adingra,MID,Sunderland,543,14,2,2025-08-23T14:00:00Z,False,3,62,1,1,0,0,0,1,0,0,0,1,0,0,0,7,55,209320,51067,20420,0.0,0.09,0.34,8.2,19.5,0.0,3,0,2,5,3.5
Alexander Isak,FWD,Newcastle,499,19,2,2025-08-25T19:00:00Z,True,12,0,0,0,0,0,0,0,0,0,0,0,0,0,0,0,104,503417,5477,381526,0.0,0.0,0.0,0.0,0.0,0.0,0,0,0,0,0.0
Dominic Solanke-Mitchell,FWD,Spurs,596,18,2,2025-08-23T11:30:00Z,False,13,12,0,1,0,0,0,0,0,0,0,0,0,0,0,5,74,372452,10133,135822,0.12,0.0,0.18,4.0,0.0,19.0,1,0,0,1,0.5
Rodrigo Bentancur,MID,Spurs,585,18,2,2025-08-23T11:30:00Z,False,13,90,1,3,0,0,1,0,0,0,0,0,0,0,0,14,55,15783,810,3884,0.0,0.0,1.55,11.4,12.2,2.0,3,2,6,11,1.5
Patrick Dorgu,DEF,Man Utd,441,17,2,2025-08-24T15:30:00Z,False,10,90,1,2,0,0,0,1,0,0,0,0,0,0,0,4,45,882233,200341,36294,0.0,0.04,1.76,4.8,4.5,6.0,4,0,1,4,1.5
Ayden Heaven,DEF,Man Utd,447,17,2,2025-08-24T15:30:00Z,False,10,3,0,1,0,0,0,0,0,0,0,0,0,0,0,3,40,157188,5206,14810,0.0,0.0,0.03,2.0,0.0,0.0,1,0,0,1,0.5
James Tarkowski,DEF,Everton,291,16,2,2025-08-24T13:00:00Z,True,6,90,1,8,0,0,1,0,0,0,0,0,0,0,0,27,55,726150,31239,49681,0.0,0.0,2.43,13.2,0.3,4.0,10,0,3,10,6.0
Facundo Buonanotte,MID,Brighton,168,16,2,2025-08-24T13:00:00Z,False,9,0,0,0,0,0,0,0,0,0,0,0,0,0,0,0,50,17962,224,4177,0.0,0.0,0.0,0.0,0.0,0.0,0,0,0,0,0.0
Jack Moorhouse,MID,Man Utd,464,17,2,2025-08-24T15:30:00Z,False,10,0,0,0,0,0,0,0,0,0,0,0,0,0,0,0,45,3230,158,425,0.0,0.0,0.0,0.0,0.0,0.0,0,0,0,0,0.0
Carlos Henrique Casimiro,MID,Man Utd,457,17,2,2025-08-24T15:30:00Z,False,10,52,1,0,0,0,0,0,0,0,0,1,0,0,0,4,55,23667,2166,3243,0.0,0.0,0.9,7.8,0.5,2.0,2,2,3,7,1.0
José Malheiro de Sá,GK,Wolves,628,12,2,2025-08-23T14:00:00Z,False,4,90,1,3,0,0,0,1,0,0,0,0,0,3,0,14,45,207990,6649,14027,0.0,0.03,1.29,21.0,10.0,0.0,1,0,12,0,1.5
Callan McKenna,GK,Bournemouth,69,12,2,2025-08-23T14:00:00Z,True,20,0,0,0,0,0,0,0,0,0,0,0,0,0,0,0,40,23429,1077,1126,0.0,0.0,0.0,0.0,0.0,0.0,0,0,0,0,0.0
Fábio Freitas Gouveia Carvalho,MID,Brentford,123,13,2,2025-08-23T14:00:00Z,True,2,0,0,0,0,0,0,0,0,0,0,0,0,0,0,0,50,31763,3079,4506,0.0,0.0,0.0,0.0,0.0,0.0,0,0,0,0,1.0
Sean Neave,FWD,Newcastle,501,19,2,2025-08-25T19:00:00Z,True,12,0,0,0,0,0,0,0,0,0,0,0,0,0,0,0,45,26341,1916,3745,0.0,0.0,0.0,0.0,0.0,0.0,0,0,0,0,-0.5
Luis Díaz Marulanda,MID,Liverpool,383,19,2,2025-08-25T19:00:00Z,False,15,0,0,0,0,0,0,0,0,0,0,0,0,0,0,0,80,8134,0,4506,0.0,0.0,0.0,0.0,0.0,0.0,0,0,0,0,0.0
Joe Hodge,MID,Wolves,653,12,2,2025-08-23T14:00:00Z,False,4,0,0,0,0,0,0,0,0,0,0,0,0,0,0,0,45,7206,0,1657,0.0,0.0,0.0,0.0,0.0,0.0,0,0,0,0,0.0
Sander Berge,MID,Fulham,330,17,2,2025-08-24T15:30:00Z,True,14,90,1,2,0,0,0,1,0,0,0,0,0,0,0,10,50,7258,231,822,0.0,0.04,1.63,7.4,4.8,2.0,2,0,1,3,2.0
Tanaka Ao,MID,Leeds,358,11,2,2025-08-23T16:30:00Z,False,1,57,1,1,0,0,0,4,0,0,0,0,0,0,0,2,50,28192,2867,3193,0.0,0.0,1.85,0.0,3.3,0.0,0,0,2,2,1.0
Carlos Miguel dos Santos Pereira,GK,Nott'm Forest,503,15,2,2025-08-24T13:00:00Z,False,8,0,0,0,0,0,0,0,0,0,0,0,0,0,0,0,40,20899,448,2600,0.0,0.0,0.0,0.0,0.0,0.0,0,0,0,0,0.0
Matty Cash,DEF,Aston Villa,36,13,2,2025-08-23T14:00:00Z,False,5,90,1,2,0,0,0,1,0,0,0,0,0,0,0,18,45,545718,275430,41393,0.0,0.23,1.21,20.4,25.4,4.0,3,3,5,6,5.0
Bruno Borges Fernandes,MID,Man Utd,449,17,2,2025-08-24T15:30:00Z,False,10,90,1,2,0,0,0,1,0,0,1,0,0,0,0,12,90,2255273,82267,180629,0.82,0.04,1.76,21.0,17.3,13.0,3,2,8,13,2.0
Stefanos Tzimas,FWD,Brighton,180,16,2,2025-08-24T13:00:00Z,False,9,0,0,0,0,0,0,0,0,0,0,0,0,0,0,0,55,14132,1331,3167,0.0,0.0,0.0,0.0,0.0,0.0,0,0,0,0,0.0
Daniel Bentley,GK,Wolves,629,12,2,2025-08-23T14:00:00Z,False,4,0,0,0,0,0,0,0,0,0,0,0,0,0,0,0,40,83080,2124,3492,0.0,0.0,0.0,0.0,0.0,0.0,0,0,0,0,0.0
Marcus Rashford,MID,Man Utd,451,17,2,2025-08-24T15:30:00Z,False,10,0,0,0,0,0,0,0,0,0,0,0,0,0,0,0,70,2997,0,1028,0.0,0.0,0.0,0.0,0.0,0.0,0,0,0,0,0.0
Rico Henry,DEF,Brentford,109,13,2,2025-08-23T14:00:00Z,True,2,6,0,1,0,0,0,0,0,0,0,0,0,0,0,3,45,17502,1320,1538,0.0,0.0,0.1,2.0,0.0,0.0,1,0,0,1,1.0
Samuel Iling-Junior,MID,Aston Villa,51,13,2,2025-08-23T14:00:00Z,False,5,0,0,0,0,0,0,0,0,0,0,0,0,0,0,0,55,3079,179,586,0.0,0.0,0.0,0.0,0.0,0.0,0,0,0,0,0.0
Abdallah Sima,MID,Brighton,165,16,2,2025-08-24T13:00:00Z,False,9,0,0,0,0,0,0,0,0,0,0,0,0,0,0,0,55,2632,126,502,0.0,0.0,0.0,0.0,0.0,0.0,0,0,0,0,0.0
Tosin Adarabioyo,DEF,Chelsea,232,20,2,2025-08-22T19:00:00Z,False,19,90,1,2,0,0,0,1,0,0,0,0,0,0,0,16,45,116812,10429,26352,0.0,0.03,0.73,26.4,1.9,0.0,6,3,3,9,1.5
Sam Greenwood,MID,Leeds,355,11,2,2025-08-23T16:30:00Z,False,1,0,0,0,0,0,0,0,0,0,0,0,0,0,0,0,50,10276,469,2102,0.0,0.0,0.0,0.0,0.0,0.0,0,0,0,0,-1.0
Jarrad Branthwaite,DEF,Everton,290,16,2,2025-08-24T13:00:00Z,True,6,0,0,0,0,0,0,0,0,0,0,0,0,0,0,0,54,50137,219,31755,0.0,0.0,0.0,0.0,0.0,0.0,0,0,0,0,0.0
Ethan Pinnock,DEF,Brentford,111,13,2,2025-08-23T14:00:00Z,True,2,0,0,0,0,0,0,0,0,0,0,0,0,0,0,0,45,20541,608,4813,0.0,0.0,0.0,0.0,0.0,0.0,0,0,0,0,0.0
Alex Cairns,GK,Leeds,340,11,2,2025-08-23T16:30:00Z,False,1,0,0,0,0,0,0,0,0,0,0,0,0,0,0,0,40,22079,752,1255,0.0,0.0,0.0,0.0,0.0,0.0,0,0,0,0,-1.0
Mateo Joseph Fernández-Regatillo,FWD,Leeds,364,11,2,2025-08-23T16:30:00Z,False,1,0,0,0,0,0,0,0,0,0,0,0,0,0,0,0,50,2430,0,1171,0.0,0.0,0.0,0.0,0.0,0.0,0,0,0,0,0.0
Kai Havertz,FWD,Arsenal,30,11,2,2025-08-23T16:30:00Z,True,11,0,0,0,0,0,0,0,0,0,0,0,0,0,0,0,75,102996,7926,42289,0.0,0.0,0.0,0.0,0.0,0.0,0,0,0,0,0.0
Raúl Jiménez Rodríguez,FWD,Fulham,337,17,2,2025-08-24T15:30:00Z,True,14,19,0,1,0,0,0,0,0,0,0,0,0,0,0,0,65,204410,7226,37792,0.0,0.0,0.11,1.0,2.3,2.0,1,0,1,2,1.5
Evann Guessand,MID,Aston Villa,677,13,2,2025-08-23T14:00:00Z,False,5,15,0,1,0,0,0,0,0,0,0,0,0,0,0,1,65,6332,405,2009,0.0,0.01,0.11,2.4,1.0,2.0,0,1,1,2,0.5
Antony dos Santos,MID,Man Utd,454,17,2,2025-08-24T15:30:00Z,False,10,0,0,0,0,0,0,0,0,0,0,0,0,0,0,0,60,11794,603,2665,0.0,0.0,0.0,0.0,0.0,0.0,0,0,0,0,0.0
Tyler Onyango,MID,Everton,704,16,2,2025-08-24T13:00:00Z,True,6,0,0,0,0,0,0,0,0,0,0,0,0,0,0,0,45,0,0,0,0.0,0.0,0.0,0.0,0.0,0.0,0,0,0,0,1.1
Reinildo Mandava,DEF,Sunderland,541,28,3,2025-08-30T14:00:00Z,True,5,90,1,1,0,0,0,1,0,0,0,1,0,0,0,8,40,970540,110399,63693,0.02,0.01,1.2,9.8,2.9,6.0,6,3,3,9,2.8
Lewis Dobbin,MID,Aston Villa,57,21,3,2025-08-31T18:00:00Z,True,8,0,0,0,0,0,0,0,0,0,0,0,0,0,0,0,50,5609,334,1717,0.0,0.0,0.0,0.0,0.0,0.0,0,0,0,0,0.0
Ryan Christie,MID,Bournemouth,87,29,3,2025-08-30T14:00:00Z,False,18,27,0,1,0,0,0,0,0,0,0,0,0,0,0,10,50,8328,499,1029,0.0,0.0,0.18,10.4,0.3,2.0,2,4,3,9,0.7
Zeki Amdouni,FWD,Burnley,216,26,3,2025-08-30T14:00:00Z,False,14,0,0,0,0,0,0,0,0,0,0,0,0,0,0,0,49,3839,69,1074,0.0,0.0,0.0,0.0,0.0,0.0,0,0,0,0,0.0
Lucas Tolentino Coelho de Lima,MID,West Ham,612,27,3,2025-08-31T13:00:00Z,False,16,90,1,10,1,0,1,0,0,0,0,0,0,0,0,24,59,131016,33215,16821,1.11,0.05,0.73,62.2,27.4,40.0,5,2,8,15,7.0
Jorrel Hato,DEF,Chelsea,672,23,3,2025-08-30T11:30:00Z,True,10,0,0,0,0,0,0,0,0,0,0,0,0,0,0,0,49,28735,1880,7685,0.0,0.0,0.0,0.0,0.0,0.0,0,0,0,0,0.5
Myles Peart-Harris,MID,Brentford,133,28,3,2025-08-30T14:00:00Z,False,17,0,0,0,0,0,0,0,0,0,0,0,0,0,0,0,45,4450,245,716,0.0,0.0,0.0,0.0,0.0,0.0,0,0,0,0,0.5
Bashir Humphreys,DEF,Burnley,193,26,3,2025-08-30T14:00:00Z,False,14,0,0,0,0,0,0,0,0,0,0,0,0,0,0,0,40,5190,218,655,0.0,0.0,0.0,0.0,0.0,0.0,0,0,0,0,-0.5
Romain Faivre,MID,Bournemouth,92,29,3,2025-08-30T14:00:00Z,False,18,0,0,0,0,0,0,0,0,0,0,0,0,0,0,0,45,18908,1081,3282,0.0,0.0,0.0,0.0,0.0,0.0,0,0,0,0,0.0
Enock Agyei,MID,Burnley,203,26,3,2025-08-30T14:00:00Z,False,14,0,0,0,0,0,0,0,0,0,0,0,0,0,0,0,49,5742,204,1034,0.0,0.0,0.0,0.0,0.0,0.0,0,0,0,0,-0.5
Callum Bates,MID,Everton,306,30,3,2025-08-30T14:00:00Z,False,20,0,0,0,0,0,0,0,0,0,0,0,0,0,0,0,45,8524,309,1407,0.0,0.0,0.0,0.0,0.0,0.0,0,0,0,0,0.0
Harry Tyrer,GK,Everton,289,30,3,2025-08-30T14:00:00Z,False,20,0,0,0,0,0,0,0,0,0,0,0,0,0,0,0,40,14137,392,1069,0.0,0.0,0.0,0.0,0.0,0.0,0,0,0,0,0.0
Etienne Green,GK,Burnley,184,26,3,2025-08-30T14:00:00Z,False,14,0,0,0,0,0,0,0,0,0,0,0,0,0,0,0,40,47580,1871,3488,0.0,0.0,0.0,0.0,0.0,0.0,0,0,0,0,-0.5
Destiny Udogie,DEF,Spurs,574,29,3,2025-08-30T14:00:00Z,True,4,19,0,1,0,0,0,0,0,0,0,0,0,0,0,5,44,49330,2763,12143,0.02,0.06,0.03,3.2,2.0,6.0,1,1,0,2,0.3
Simon Moore,GK,Sunderland,529,28,3,2025-08-30T14:00:00Z,True,5,0,0,0,0,0,0,0,0,0,0,0,0,0,0,0,40,53351,1321,3709,0.0,0.0,0.0,0.0,0.0,0.0,0,0,0,0,-0.5
Ben Winterburn,MID,Bournemouth,96,29,3,2025-08-30T14:00:00Z,False,18,0,0,0,0,0,0,0,0,0,0,0,0,0,0,0,45,10459,739,1752,0.0,0.0,0.0,0.0,0.0,0.0,0,0,0,0,0.3
Mikey Moore,MID,Spurs,592,29,3,2025-08-30T14:00:00Z,True,4,0,0,0,0,0,0,0,0,0,0,0,0,0,0,0,50,611,0,141,0.0,0.0,0.0,0.0,0.0,0.0,0,0,0,0,0.0
Pape Matar Sarr,MID,Spurs,593,29,3,2025-08-30T14:00:00Z,True,4,75,1,2,0,0,0,1,0,0,0,0,0,0,0,5,50,314650,56653,46233,0.0,0.0,1.59,4.2,1.0,2.0,4,0,2,6,3.7
Hákon Rafn Valdimarsson,GK,Brentford,105,28,3,2025-08-30T14:00:00Z,False,17,0,0,0,0,0,0,0,0,0,0,0,0,0,0,0,40,96548,1256,7193,0.0,0.0,0.0,0.0,0.0,0.0,0,0,0,0,0.5
Toby Collyer,MID,Man Utd,460,26,3,2025-08-30T14:00:00Z,True,3,0,0,0,0,0,0,0,0,0,0,0,0,0,0,0,45,7215,0,2647,0.0,0.0,0.0,0.0,0.0,0.0,0,0,0,0,0.0
Marcos Senesi Barón,DEF,Bournemouth,72,29,3,2025-08-30T14:00:00Z,False,18,90,1,14,0,1,1,0,0,0,0,0,0,0,3,42,45,196264,67786,28145,0.14,0.03,0.19,37.4,10.7,6.0,12,2,6,14,8.3
Tyler Morton,MID,Liverpool,395,25,3,2025-08-31T15:30:00Z,True,1,0,0,0,0,0,0,0,0,0,0,0,0,0,0,0,45,396,0,68,0.0,0.0,0.0,0.0,0.0,0.0,0,0,0,0,0.0
Alexis Mac Allister,MID,Liverpool,386,25,3,2025-08-31T15:30:00Z,True,1,60,1,3,0,0,1,0,0,0,0,0,0,0,0,7,65,188526,11387,50310,0.05,0.05,0.31,6.2,21.5,5.0,2,0,7,9,2.4
André Trindade da Costa Neto,MID,Wolves,643,30,3,2025-08-30T14:00:00Z,True,9,63,1,2,0,0,0,3,0,0,0,0,0,0,0,10,55,9600,795,2365,0.0,0.01,1.75,0.0,3.2,0.0,1,1,7,9,2.3
Harrison Ashby,DEF,Newcastle,482,24,3,2025-08-30T16:30:00Z,False,11,0,0,0,0,0,0,0,0,0,0,0,0,0,0,0,40,14418,209,1534,0.0,0.0,0.0,0.0,0.0,0.0,0,0,0,0,1.0
Samuel Amissah,DEF,Fulham,323,23,3,2025-08-30T11:30:00Z,False,7,0,0,0,0,0,0,0,0,0,0,0,0,0,0,0,40,17432,463,1984,0.0,0.0,0.0,0.0,0.0,0.0,0,0,0,0,-0.5
Luís Hemir Silva Semedo,FWD,Sunderland,563,28,3,2025-08-30T14:00:00Z,True,5,0,0,0,0,0,0,0,0,0,0,0,0,0,0,0,45,18118,543,3509,0.0,0.0,0.0,0.0,0.0,0.0,0,0,0,0,-0.5
Adama Traoré Diarra,MID,Fulham,326,23,3,2025-08-30T11:30:00Z,False,7,6,0,1,0,0,0,0,0,0,0,0,0,0,0,5,54,25759,782,5601,0.0,0.07,0.04,4.2,14.7,6.0,0,0,1,1,0.2
Yasin Ayari,MID,Brighton,166,22,3,2025-08-31T13:00:00Z,True,13,29,0,1,0,0,0,0,0,0,0,0,0,0,0,3,50,19384,879,3661,0.0,0.01,0.17,6.8,24.7,0.0,1,1,1,3,1.5
Mateo Kovačić,MID,Man City,422,22,3,2025-08-31T13:00:00Z,False,6,0,0,0,0,0,0,0,0,0,0,0,0,0,0,0,60,1036,52,210,0.0,0.0,0.0,0.0,0.0,0.0,0,0,0,0,0.0
Thierno Barry,FWD,Everton,310,30,3,2025-08-30T14:00:00Z,False,20,14,0,1,0,0,0,1,0,0,0,0,0,0,0,3,59,62359,5393,15517,0.0,0.0,0.46,6.2,3.9,0.0,2,0,0,2,1.3
Ollie Scarles,DEF,West Ham,608,27,3,2025-08-31T13:00:00Z,False,16,0,0,0,0,0,0,0,0,0,0,0,0,0,0,0,45,3754,72,495,0.0,0.0,0.0,0.0,0.0,0.0,0,0,0,0,0.0
Rico Lewis,DEF,Man City,410,22,3,2025-08-31T13:00:00Z,False,6,5,0,1,0,0,0,1,0,0,0,0,0,0,0,0,50,470028,99180,60339,0.0,0.0,1.11,0.8,0.3,0.0,0,0,0,0,4.8
Brenden Aaronson,MID,Leeds,350,24,3,2025-08-30T16:30:00Z,True,15,30,0,1,0,0,0,0,0,0,0,0,0,0,0,7,54,6181,280,1188,0.0,0.02,0.07,5.2,2.1,0.0,0,1,0,1,0.0
Eliezer Mayenda Dossou,FWD,Sunderland,561,28,3,2025-08-30T14:00:00Z,True,5,64,1,2,0,0,1,0,0,0,0,0,0,0,0,3,55,221221,56361,64428,0.0,0.0,0.96,0.0,1.5,0.0,0,0,0,0,3.5
Steven Benda,GK,Fulham,315,23,3,2025-08-30T11:30:00Z,False,7,0,0,0,0,0,0,0,0,0,0,0,0,0,0,0,40,767,0,89,0.0,0.0,0.0,0.0,0.0,0.0,0,0,0,0,0.0
Myles Lewis-Skelly,DEF,Arsenal,10,25,3,2025-08-31T15:30:00Z,False,12,0,0,0,0,0,0,0,0,0,0,0,0,0,0,0,54,327755,6649,96667,0.0,0.0,0.0,0.0,0.0,0.0,0,0,0,0,-0.2
Hugo Bueno López,DEF,Wolves,633,30,3,2025-08-30T14:00:00Z,True,9,74,1,1,0,0,0,3,0,0,0,0,0,0,0,6,45,8345,188,1537,0.0,0.04,1.84,22.0,20.5,14.0,4,5,4,9,0.7
Milan Aleksić,MID,Sunderland,546,28,3,2025-08-30T14:00:00Z,True,5,0,0,0,0,0,0,0,0,0,0,0,0,0,0,0,49,3708,78,645,0.0,0.0,0.0,0.0,0.0,0.0,0,0,0,0,-0.5
Toti Gomes,DEF,Wolves,637,30,3,2025-08-30T14:00:00Z,True,9,90,1,3,0,0,0,3,0,0,0,0,0,0,0,9,45,16163,475,2996,0.03,0.01,1.93,27.8,11.8,8.0,6,5,6,11,0.3
Ismaïla Sarr,MID,Crystal Palace,267,21,3,2025-08-31T18:00:00Z,False,2,90,1,7,1,0,1,0,0,0,0,1,0,0,0,16,65,733179,262152,57990,1.45,0.0,1.13,37.4,2.3,40.0,2,1,5,8,6.0
Abdukodir Khusanov,DEF,Man City,406,22,3,2025-08-31T13:00:00Z,False,6,84,1,1,0,0,0,1,0,0,0,1,0,0,0,8,54,38205,1780,7256,0.0,0.01,1.19,14.0,2.3,0.0,2,4,1,6,1.2
André Onana,GK,Man Utd,432,26,3,2025-08-30T14:00:00Z,True,3,0,0,0,0,0,0,0,0,0,0,0,0,0,0,0,50,33431,2290,5467,0.0,0.0,0.0,0.0,0.0,0.0,0,0,0,0,0.5
Rio Cardines,MID,Crystal Palace,690,21,3,2025-08-31T18:00:00Z,False,2,0,0,0,0,0,0,0,0,0,0,0,0,0,0,0,45,24979,3283,5036,0.0,0.0,0.0,0.0,0.0,0.0,0,0,0,0,0.0
Alejandro Garnacho Ferreyra,MID,Man Utd,453,26,3,2025-08-30T14:00:00Z,True,3,0,0,0,0,0,0,0,0,0,0,0,0,0,0,0,64,20873,1744,3802,0.0,0.0,0.0,0.0,0.0,0.0,0,0,0,0,0.5
Dan Neil,MID,Sunderland,549,28,3,2025-08-30T14:00:00Z,True,5,0,0,0,0,0,0,0,0,0,0,0,0,0,0,0,49,3773,86,596,0.0,0.0,0.0,0.0,0.0,0.0,0,0,0,0,-0.5
Kiernan Dewsbury-Hall,MID,Everton,242,30,3,2025-08-30T14:00:00Z,False,20,90,1,12,1,1,0,2,0,0,0,1,0,0,3,49,50,421805,19146,64144,0.06,0.59,1.11,55.4,44.1,19.0,0,1,5,6,5.3
Kieran Trippier,DEF,Newcastle,478,24,3,2025-08-30T16:30:00Z,False,11,61,1,6,0,0,1,0,0,0,0,0,0,0,0,21,50,306349,51191,19036,0.0,0.02,0.62,4.8,13.3,2.0,0,1,4,1,5.3
João Maria Lobo Alves Palhares Costa Palhinha Gonçalves,MID,Spurs,673,29,3,2025-08-30T14:00:00Z,True,4,53,1,1,0,0,0,1,0,0,0,0,0,0,0,6,55,86176,41757,6977,0.0,0.01,1.28,6.8,3.2,2.0,2,2,2,6,4.3
Tino Livramento,DEF,Newcastle,477,24,3,2025-08-30T16:30:00Z,False,11,90,1,6,0,0,1,0,0,0,0,0,0,0,0,21,51,936927,396403,39656,0.0,0.03,0.69,2.8,4.0,4.0,0,0,7,0,7.3
Issa Diop,DEF,Fulham,320,23,3,2025-08-30T11:30:00Z,False,7,0,0,0,0,0,0,0,0,0,0,0,0,0,0,0,45,8473,203,1134,0.0,0.0,0.0,0.0,0.0,0.0,0,0,0,0,-0.5
Rasmus Højlund,FWD,Man Utd,465,26,3,2025-08-30T14:00:00Z,True,3,0,0,0,0,0,0,0,0,0,0,0,0,0,0,0,64,56968,2150,13068,0.0,0.0,0.0,0.0,0.0,0.0,0,0,0,0,0.5
Dane Scarlett,FWD,Spurs,599,29,3,2025-08-30T14:00:00Z,True,4,0,0,0,0,0,0,0,0,0,0,0,0,0,0,0,45,76299,3157,16928,0.0,0.0,0.0,0.0,0.0,0.0,0,0,0,0,0.0
Ezri Konsa Ngoyo,DEF,Aston Villa,38,21,3,2025-08-31T18:00:00Z,True,8,90,1,1,0,0,0,3,0,0,0,0,0,0,0,3,45,1624989,46903,145248,0.0,0.03,2.67,18.4,14.3,4.0,5,0,5,5,1.3
Caleb Kporha,DEF,Crystal Palace,265,21,3,2025-08-31T18:00:00Z,False,2,0,0,0,0,0,0,0,0,0,0,0,0,0,0,0,40,2061,37,388,0.0,0.0,0.0,0.0,0.0,0.0,0,0,0,0,0.0
Archie Gray,MID,Spurs,591,29,3,2025-08-30T14:00:00Z,True,4,0,0,0,0,0,0,0,0,0,0,0,0,0,0,0,50,14762,524,2635,0.0,0.0,0.0,0.0,0.0,0.0,0,0,0,0,1.0
Noah Sadiki,MID,Sunderland,552,28,3,2025-08-30T14:00:00Z,True,5,90,1,2,0,0,0,1,0,0,0,0,0,0,0,12,50,5517,325,756,0.0,0.19,1.2,7.8,28.7,0.0,0,2,2,4,1.8
Sávio Moreira de Oliveira,MID,Man City,415,22,3,2025-08-31T13:00:00Z,False,6,0,0,0,0,0,0,0,0,0,0,0,0,0,0,0,69,52132,196,17112,0.0,0.0,0.0,0.0,0.0,0.0,0,0,0,0,0.0
Nathan Collins,DEF,Brentford,106,28,3,2025-08-30T14:00:00Z,False,17,90,1,3,0,0,0,2,0,0,0,0,0,0,0,12,50,207453,28235,10932,0.0,0.0,1.54,25.2,0.4,2.0,10,1,5,11,4.5
Manuel Ugarte Ribeiro,MID,Man Utd,459,26,3,2025-08-30T14:00:00Z,True,3,0,0,0,0,0,0,0,0,0,0,0,0,0,0,0,49,17334,1450,3718,0.0,0.0,0.0,0.0,0.0,0.0,0,0,0,0,1.2
Lewis Hall,DEF,Newcastle,473,24,3,2025-08-30T16:30:00Z,False,11,29,0,1,0,0,0,0,0,0,0,0,0,0,0,3,55,191471,23936,27733,0.04,0.0,0.07,1.6,0.9,3.0,1,1,0,2,1.7
Wesley Fofana,DEF,Chelsea,230,23,3,2025-08-30T11:30:00Z,True,10,0,0,0,0,0,0,0,0,0,0,0,0,0,0,0,45,22225,1598,3024,0.0,0.0,0.0,0.0,0.0,0.0,0,0,0,0,0.8
Martial Godo,MID,Fulham,333,23,3,2025-08-30T11:30:00Z,False,7,0,0,0,0,0,0,0,0,0,0,0,0,0,0,0,45,7032,306,1179,0.0,0.0,0.0,0.0,0.0,0.0,0,0,0,0,-0.5
Leo Fuhr Hjelde,DEF,Sunderland,536,28,3,2025-08-30T14:00:00Z,True,5,0,0,0,0,0,0,0,0,0,0,0,0,0,0,0,40,568,47,74,0.0,0.0,0.0,0.0,0.0,0.0,0,0,0,0,0.0
Krisztián Hegyi,GK,West Ham,602,27,3,2025-08-31T13:00:00Z,False,16,0,0,0,0,0,0,0,0,0,0,0,0,0,0,0,40,29297,353,1725,0.0,0.0,0.0,0.0,0.0,0.0,0,0,0,0,0.0
Will Hughes,MID,Crystal Palace,270,21,3,2025-08-31T18:00:00Z,False,2,70,1,2,0,0,1,0,0,0,0,1,0,0,0,5,50,11426,652,2339,0.0,0.02,0.85,4.0,2.5,0.0,6,0,2,8,1.3
Jadon Sancho,MID,Man Utd,456,26,3,2025-08-30T14:00:00Z,True,3,0,0,0,0,0,0,0,0,0,0,0,0,0,0,0,59,12178,558,2294,0.0,0.0,0.0,0.0,0.0,0.0,0,0,0,0,0.0
Amine Adli,MID,Bournemouth,697,29,3,2025-08-30T14:00:00Z,False,18,26,0,1,0,0,0,0,0,0,0,0,0,0,0,7,55,2547,1077,454,0.0,0.01,0.18,12.8,10.5,0.0,2,4,5,11,1.0
Micky van de Ven,DEF,Spurs,575,29,3,2025-08-30T14:00:00Z,True,4,90,1,1,0,0,0,1,0,0,0,1,0,0,0,8,46,3276845,357951,105930,0.0,0.01,1.59,24.0,2.2,0.0,9,0,6,9,4.3
Konstantinos Mavropanos,DEF,West Ham,606,27,3,2025-08-31T13:00:00Z,False,16,90,1,6,0,0,1,0,0,0,0,0,0,0,0,24,44,5428,114,787,0.06,0.01,0.73,10.2,0.4,4.0,6,0,1,6,2.0
Emmanuel Agbadou,DEF,Wolves,631,30,3,2025-08-30T14:00:00Z,True,9,90,1,1,0,0,0,3,0,0,0,0,0,0,0,4,45,56065,7613,4088,0.13,0.01,1.93,21.2,11.1,4.0,6,0,8,6,1.7
Oscar Bobb,MID,Man City,424,22,3,2025-08-31T13:00:00Z,False,6,90,1,2,0,0,0,2,0,0,0,0,0,0,0,5,55,58256,18302,11398,0.3,0.18,2.3,3.2,10.5,16.0,1,1,4,6,3.8
Oluwaseun Adewumi,MID,Burnley,212,26,3,2025-08-30T14:00:00Z,False,14,0,0,0,0,0,0,0,0,0,0,0,0,0,0,0,45,1801,0,613,0.0,0.0,0.0,0.0,0.0,0.0,0,0,0,0,0.0
Jordan Henderson,MID,Brentford,124,28,3,2025-08-30T14:00:00Z,False,17,70,1,3,0,0,1,0,0,0,0,0,0,0,0,9,50,29860,2637,3695,0.0,0.01,0.48,3.8,6.7,0.0,2,0,3,5,2.8
Harry Wilson,MID,Fulham,329,23,3,2025-08-30T11:30:00Z,False,7,30,0,1,0,0,0,0,0,0,0,0,0,0,0,5,55,71306,2201,27040,0.03,0.01,0.16,2.4,0.8,7.0,0,1,0,1,1.3
Malick Thiaw,DEF,Newcastle,684,24,3,2025-08-30T16:30:00Z,False,11,0,0,0,0,0,0,0,0,0,0,0,0,0,0,0,50,18999,1713,2523,0.0,0.0,0.0,0.0,0.0,0.0,0,0,0,0,1.3
Emerson Palmieri dos Santos,DEF,West Ham,604,27,3,2025-08-31T13:00:00Z,False,16,0,0,0,0,0,0,0,0,0,0,0,0,0,0,0,44,18700,1145,3624,0.0,0.0,0.0,0.0,0.0,0.0,0,0,0,0,0.0
Trey Nyoni,MID,Liverpool,396,25,3,2025-08-31T15:30:00Z,True,1,0,0,0,0,0,0,0,0,0,0,0,0,0,0,0,44,40266,17630,5336,0.0,0.0,0.0,0.0,0.0,0.0,0,0,0,0,0.5
Ladislav Krejcí,DEF,Wolves,709,30,3,2025-08-30T14:00:00Z,True,9,0,0,0,0,0,0,0,0,0,0,0,0,0,0,0,45,267,178,10,0.0,0.0,0.0,0.0,0.0,0.0,0,0,0,0,2.0
Malo Gusto,DEF,Chelsea,228,23,3,2025-08-30T11:30:00Z,True,10,90,1,6,0,0,1,0,0,0,0,0,0,0,0,30,50,170271,12127,24006,0.0,0.05,1.02,13.8,15.5,4.0,3,2,7,5,3.5
Jérémy Doku,MID,Man City,418,22,3,2025-08-31T13:00:00Z,False,6,18,0,1,0,0,0,1,0,0,0,0,0,0,0,4,64,110311,7944,23166,0.0,0.01,1.23,4.0,21.3,2.0,0,0,0,0,2.2
Triston Rowe,DEF,Aston Villa,701,21,3,2025-08-31T18:00:00Z,True,8,0,0,0,0,0,0,0,0,0,0,0,0,0,0,0,40,14964,6121,1031,0.0,0.0,0.0,0.0,0.0,0.0,0,0,0,0,0.0
Luis Guilherme Lira dos Santos,MID,West Ham,619,27,3,2025-08-31T13:00:00Z,False,16,0,0,0,0,0,0,0,0,0,0,0,0,0,0,0,50,2453,42,821,0.0,0.0,0.0,0.0,0.0,0.0,0,0,0,0,0.0
Sebastiaan Bornauw,DEF,Leeds,345,24,3,2025-08-30T16:30:00Z,True,15,0,0,0,0,0,0,0,0,0,0,0,0,0,0,0,40,6678,160,712,0.0,0.0,0.0,0.0,0.0,0.0,0,0,0,0,-1.0
Kendry Páez Andrade,MID,Chelsea,248,23,3,2025-08-30T11:30:00Z,True,10,0,0,0,0,0,0,0,0,0,0,0,0,0,0,0,45,855,0,204,0.0,0.0,0.0,0.0,0.0,0.0,0,0,0,0,0.0
Asher Agbinone,MID,Crystal Palace,274,21,3,2025-08-31T18:00:00Z,False,2,0,0,0,0,0,0,0,0,0,0,0,0,0,0,0,45,6090,286,921,0.0,0.0,0.0,0.0,0.0,0.0,0,0,0,0,0.0
Matz Sels,GK,Nott'm Forest,502,27,3,2025-08-31T13:00:00Z,True,19,90,1,2,0,0,0,3,0,0,0,0,0,5,0,9,50,2115825,101784,140787,0.0,0.0,2.42,37.6,0.0,0.0,1,0,3,0,2.0
Marko Stamenić,MID,Nott'm Forest,524,27,3,2025-08-31T13:00:00Z,True,19,0,0,0,0,0,0,0,0,0,0,0,0,0,0,0,45,4426,0,1834,0.0,0.0,0.0,0.0,0.0,0.0,0,0,0,0,0.0
Nathan Fraser,FWD,Wolves,658,30,3,2025-08-30T14:00:00Z,True,9,0,0,0,0,0,0,0,0,0,0,0,0,0,0,0,45,246133,14038,51913,0.0,0.0,0.0,0.0,0.0,0.0,0,0,0,0,0.0
Evan Ferguson,FWD,Brighton,179,22,3,2025-08-31T13:00:00Z,True,13,0,0,0,0,0,0,0,0,0,0,0,0,0,0,0,55,1349,0,362,0.0,0.0,0.0,0.0,0.0,0.0,0,0,0,0,0.0
Idrissa Gana Gueye,MID,Everton,302,30,3,2025-08-30T14:00:00Z,False,20,75,1,2,0,0,0,1,0,0,0,0,0,0,0,16,55,10225,684,1549,0.3,0.03,0.65,7.4,12.8,11.0,0,3,6,9,2.3
Justin Devenny,MID,Crystal Palace,276,21,3,2025-08-31T18:00:00Z,False,2,5,0,1,0,0,0,0,0,0,0,0,0,0,0,2,45,177172,15208,25485,0.0,0.0,0.0,1.0,1.5,0.0,0,1,0,1,1.3
Karl Darlow,GK,Leeds,341,24,3,2025-08-30T16:30:00Z,True,15,0,0,0,0,0,0,0,0,0,0,0,0,0,0,0,40,298448,4368,26529,0.0,0.0,0.0,0.0,0.0,0.0,0,0,0,0,-1.0
Junior Kroupi,FWD,Bournemouth,100,29,3,2025-08-30T14:00:00Z,False,18,9,0,1,0,0,0,0,0,0,0,0,0,0,0,3,45,130246,20512,35560,0.0,0.0,0.07,0.0,0.0,0.0,0,0,1,1,1.0
Habib Diarra,MID,Sunderland,544,28,3,2025-08-30T14:00:00Z,True,5,86,1,4,0,1,0,1,0,0,0,1,0,0,0,11,55,12292,780,2332,0.25,0.02,1.2,0.0,5.5,14.0,1,0,1,2,2.5
Luis Sinisterra Lucumí,MID,Bournemouth,91,29,3,2025-08-30T14:00:00Z,False,18,0,0,0,0,0,0,0,0,0,0,0,0,0,0,0,50,2884,246,975,0.0,0.0,0.0,0.0,0.0,0.0,0,0,0,0,0.0
Antonín Kinský,GK,Spurs,567,29,3,2025-08-30T14:00:00Z,True,4,0,0,0,0,0,0,0,0,0,0,0,0,0,0,0,40,195996,1643,19803,0.0,0.0,0.0,0.0,0.0,0.0,0,0,0,0,0.0
Jakub Kiwior,DEF,Arsenal,9,25,3,2025-08-31T15:30:00Z,False,12,0,0,0,0,0,0,0,0,0,0,0,0,0,0,0,54,11834,529,2485,0.0,0.0,0.0,0.0,0.0,0.0,0,0,0,0,-0.5
Fábio Soares Silva,FWD,Wolves,655,30,3,2025-08-30T14:00:00Z,True,9,0,0,0,0,0,0,0,0,0,0,0,0,0,0,0,49,52247,2468,12130,0.0,0.0,0.0,0.0,0.0,0.0,0,0,0,0,0.0
Đorđe Petrović,GK,Bournemouth,67,29,3,2025-08-30T14:00:00Z,False,18,90,1,5,0,0,1,0,0,0,0,1,0,1,0,22,45,403445,45402,36850,0.0,0.0,0.19,11.2,0.0,0.0,2,0,10,0,4.3
Kim Ji-soo,DEF,Brentford,117,28,3,2025-08-30T14:00:00Z,False,17,0,0,0,0,0,0,0,0,0,0,0,0,0,0,0,40,17108,352,1955,0.0,0.0,0.0,0.0,0.0,0.0,0,0,0,0,0.5
Alphonse Areola,GK,West Ham,600,27,3,2025-08-31T13:00:00Z,False,16,0,0,0,0,0,0,0,0,0,0,0,0,0,0,0,44,363190,4397,67785,0.0,0.0,0.0,0.0,0.0,0.0,0,0,0,0,0.0
Gabriel dos Santos Magalhães,DEF,Arsenal,5,25,3,2025-08-31T15:30:00Z,False,12,90,1,2,0,0,0,1,0,0,0,0,0,0,0,8,61,2291736,137723,165771,0.02,0.01,0.52,15.4,1.4,2.0,6,1,2,7,4.2
Jamaldeen Jimoh-Aloba,MID,Aston Villa,62,21,3,2025-08-31T18:00:00Z,True,8,0,0,0,0,0,0,0,0,0,0,0,0,0,0,0,45,6023,490,932,0.0,0.0,0.0,0.0,0.0,0.0,0,0,0,0,0.0
Armando Broja,FWD,Burnley,680,26,3,2025-08-30T14:00:00Z,False,14,0,0,0,0,0,0,0,0,0,0,0,0,0,0,0,54,18529,597,6863,0.0,0.0,0.0,0.0,0.0,0.0,0,0,0,0,-0.5
Benoît Badiashile Mukinayi,DEF,Chelsea,229,23,3,2025-08-30T11:30:00Z,True,10,0,0,0,0,0,0,0,0,0,0,0,0,0,0,0,44,1274,40,334,0.0,0.0,0.0,0.0,0.0,0.0,0,0,0,0,0.0
Aarón Anselmino,DEF,Chelsea,234,23,3,2025-08-30T11:30:00Z,True,10,0,0,0,0,0,0,0,0,0,0,0,0,0,0,0,40,12625,360,1884,0.0,0.0,0.0,0.0,0.0,0.0,0,0,0,0,0.5
Jean-Ricner Bellegarde,MID,Wolves,644,30,3,2025-08-30T14:00:00Z,True,9,26,0,1,0,0,0,0,0,0,0,0,0,0,0,5,55,8212,229,2138,0.05,0.09,0.18,5.4,14.8,9.0,0,0,1,1,1.3
Luke Harris,MID,Fulham,334,23,3,2025-08-30T11:30:00Z,False,7,0,0,0,0,0,0,0,0,0,0,0,0,0,0,0,45,311,0,55,0.0,0.0,0.0,0.0,0.0,0.0,0,0,0,0,0.0
Ola Aina,DEF,Nott'm Forest,507,27,3,2025-08-31T13:00:00Z,True,19,90,1,1,0,0,0,3,0,0,0,0,0,0,0,0,50,1602627,113249,110271,0.04,0.27,2.42,14.2,15.3,9.0,2,2,2,4,2.0
Dominik Szoboszlai,MID,Liverpool,387,25,3,2025-08-31T15:30:00Z,True,1,90,1,13,1,0,1,0,0,0,0,0,0,0,3,45,65,198200,13992,29948,0.03,0.02,0.49,56.0,17.0,7.0,7,2,5,14,6.2
Arnaud Kalimuendo,FWD,Nott'm Forest,696,27,3,2025-08-31T13:00:00Z,True,19,1,0,1,0,0,0,1,0,0,0,0,0,0,0,3,60,5132,1326,709,0.0,0.0,0.96,0.4,0.5,0.0,0,0,1,1,1.0
Marcus Bettinelli,GK,Man City,401,22,3,2025-08-31T13:00:00Z,False,6,0,0,0,0,0,0,0,0,0,0,0,0,0,0,0,40,15913,96,2880,0.0,0.0,0.0,0.0,0.0,0.0,0,0,0,0,0.0
Tomáš Souček,MID,West Ham,613,27,3,2025-08-31T13:00:00Z,False,16,90,1,3,0,0,1,0,0,0,0,0,0,0,0,14,59,61716,781,14529,0.0,0.0,0.73,13.2,0.8,0.0,5,2,2,9,2.0
Jack Grealish,MID,Everton,419,30,3,2025-08-30T14:00:00Z,False,20,87,1,10,0,2,0,2,0,0,0,0,0,0,2,45,66,846647,443493,47723,0.28,0.59,0.99,47.2,36.0,34.0,2,1,8,11,7.3
Ilia Gruev,MID,Leeds,356,24,3,2025-08-30T16:30:00Z,True,15,90,1,3,0,0,1,0,0,0,0,0,0,0,0,19,50,4761,148,600,0.0,0.01,0.46,13.4,7.5,2.0,3,3,2,8,1.0
Kadan Young,MID,Aston Villa,63,21,3,2025-08-31T18:00:00Z,True,8,0,0,0,0,0,0,0,0,0,0,0,0,0,0,0,45,70228,4263,12215,0.0,0.0,0.0,0.0,0.0,0.0,0,0,0,0,0.0
Endo Wataru,MID,Liverpool,392,25,3,2025-08-31T15:30:00Z,True,1,1,0,0,0,0,0,0,0,0,0,1,0,0,0,-2,50,13213,800,2307,0.0,0.0,0.09,0.0,0.0,0.0,1,0,0,1,2.2
Mats Wieffer,MID,Brighton,173,22,3,2025-08-31T13:00:00Z,True,13,0,0,0,0,0,0,0,0,0,0,0,0,0,0,0,50,7996,1091,1211,0.0,0.0,0.0,0.0,0.0,0.0,0,0,0,0,1.8
İlkay Gündoğan,MID,Man City,420,22,3,2025-08-31T13:00:00Z,False,6,0,0,0,0,0,0,0,0,0,0,0,0,0,0,0,63,16529,698,4122,0.0,0.0,0.0,0.0,0.0,0.0,0,0,0,0,0.5
Pedro Porro Sauceda,DEF,Spurs,568,29,3,2025-08-30T14:00:00Z,True,4,70,1,4,0,0,0,1,0,0,0,0,0,0,0,13,56,2938321,453171,98910,0.01,0.02,1.56,20.6,5.0,2.0,10,2,3,12,5.0
Daichi Kamada,MID,Crystal Palace,271,21,3,2025-08-31T18:00:00Z,False,2,85,1,6,0,1,1,0,0,0,0,0,0,0,0,25,50,1708,142,307,0.0,0.17,1.13,5.8,10.3,2.0,1,2,4,7,2.0
Tyrique George,MID,Chelsea,243,23,3,2025-08-30T11:30:00Z,True,10,66,0,3,0,0,1,0,0,0,0,0,0,0,0,4,49,5760,264,1041,0.21,0.01,0.27,3.6,1.3,33.0,0,0,1,1,1.5
Andy Irving,MID,West Ham,621,27,3,2025-08-31T13:00:00Z,False,16,15,0,1,0,0,0,0,0,0,0,0,0,0,0,5,45,29379,643,4387,0.0,0.0,0.04,5.4,2.4,0.0,0,2,1,3,0.7
Nick Pope,GK,Newcastle,469,24,3,2025-08-30T16:30:00Z,False,11,90,1,5,0,0,1,0,0,0,0,1,0,1,0,21,50,625713,131789,35019,0.0,0.0,0.69,10.2,0.0,0.0,1,0,11,0,7.0
Karl Hein,GK,Arsenal,3,25,3,2025-08-31T15:30:00Z,False,12,0,0,0,0,0,0,0,0,0,0,0,0,0,0,0,40,58537,1710,9788,0.0,0.0,0.0,0.0,0.0,0.0,0,0,0,0,0.0
Ki-Jana Hoever,DEF,Wolves,638,30,3,2025-08-30T14:00:00Z,True,9,0,0,0,0,0,0,0,0,0,0,0,0,0,0,0,40,206554,3254,39487,0.0,0.0,0.0,0.0,0.0,0.0,0,0,0,0,0.5
Fer López González,MID,Wolves,645,30,3,2025-08-30T14:00:00Z,True,9,26,0,1,0,0,0,0,0,0,0,0,0,0,0,0,54,4160,95,765,0.03,0.01,0.18,0.0,9.7,2.0,0,0,1,1,0.7
Daniel James,MID,Leeds,353,24,3,2025-08-30T16:30:00Z,True,15,59,1,1,0,0,0,0,0,0,0,0,0,0,0,5,54,42940,1484,7220,0.22,0.12,0.39,4.0,15.1,9.0,0,1,2,3,1.0
Christopher Nkunku,MID,Chelsea,240,23,3,2025-08-30T11:30:00Z,True,10,0,0,0,0,0,0,0,0,0,0,0,0,0,0,0,59,18424,753,8231,0.0,0.0,0.0,0.0,0.0,0.0,0,0,0,0,0.0
Abdoullah Ba,MID,Sunderland,554,28,3,2025-08-30T14:00:00Z,True,5,0,0,0,0,0,0,0,0,0,0,0,0,0,0,0,45,23776,689,4448,0.0,0.0,0.0,0.0,0.0,0.0,0,0,0,0,-0.5
Mike Trésor Ndayishimiye,MID,Burnley,214,26,3,2025-08-30T14:00:00Z,False,14,0,0,0,0,0,0,0,0,0,0,0,0,0,0,0,45,7355,378,1223,0.0,0.0,0.0,0.0,0.0,0.0,0,0,0,0,-0.5
Matthew Cox,GK,Brentford,103,28,3,2025-08-30T14:00:00Z,False,17,0,0,0,0,0,0,0,0,0,0,0,0,0,0,0,40,16828,582,1115,0.0,0.0,0.0,0.0,0.0,0.0,0,0,0,0,0.5
Darko Gyabi,MID,Leeds,361,24,3,2025-08-30T16:30:00Z,True,15,0,0,0,0,0,0,0,0,0,0,0,0,0,0,0,45,8190,323,1488,0.0,0.0,0.0,0.0,0.0,0.0,0,0,0,0,-1.0
Michael Obafemi,FWD,Burnley,219,26,3,2025-08-30T14:00:00Z,False,14,0,0,0,0,0,0,0,0,0,0,0,0,0,0,0,45,38803,1106,8357,0.0,0.0,0.0,0.0,0.0,0.0,0,0,0,0,-0.5
Dwight McNeil,MID,Everton,300,30,3,2025-08-30T14:00:00Z,False,20,0,0,0,0,0,0,0,0,0,0,0,0,0,0,0,58,27126,916,8790,0.0,0.0,0.0,0.0,0.0,0.0,0,0,0,0,0.3
Jacob Ramsey,MID,Newcastle,52,24,3,2025-08-30T16:30:00Z,False,11,45,1,1,0,0,0,0,0,0,0,0,0,0,0,8,55,60744,7660,9237,0.03,0.1,0.54,9.2,30.8,7.0,0,0,2,2,1.7
Tom Edozie,MID,Wolves,651,30,3,2025-08-30T14:00:00Z,True,9,0,0,0,0,0,0,0,0,0,0,0,0,0,0,0,45,35103,579,5303,0.0,0.0,0.0,0.0,0.0,0.0,0,0,0,0,0.0
Coby Ebere,MID,Everton,307,30,3,2025-08-30T14:00:00Z,False,20,0,0,0,0,0,0,0,0,0,0,0,0,0,0,0,45,4455,177,670,0.0,0.0,0.0,0.0,0.0,0.0,0,0,0,0,0.0
Diego Coppola,DEF,Brighton,144,22,3,2025-08-31T13:00:00Z,True,13,1,0,1,0,0,0,0,0,0,0,0,0,0,0,3,44,7076,133,1069,0.0,0.0,0.06,0.0,0.0,0.0,0,0,0,0,-0.2
Amadou Onana,MID,Aston Villa,59,21,3,2025-08-31T18:00:00Z,True,8,0,0,0,0,0,0,0,0,0,0,0,0,0,0,0,50,182975,16382,43008,0.0,0.0,0.0,0.0,0.0,0.0,0,0,0,0,1.0
Giorgi Mamardashvili,GK,Liverpool,367,25,3,2025-08-31T15:30:00Z,True,1,0,0,0,0,0,0,0,0,0,0,0,0,0,0,0,44,45207,1489,6431,0.0,0.0,0.0,0.0,0.0,0.0,0,0,0,0,0.5
Leon Bailey,MID,Aston Villa,49,21,3,2025-08-31T18:00:00Z,True,8,0,0,0,0,0,0,0,0,0,0,0,0,0,0,0,55,20309,0,15680,0.0,0.0,0.0,0.0,0.0,0.0,0,0,0,0,0.0
Federico Chiesa,MID,Liverpool,385,25,3,2025-08-31T15:30:00Z,True,1,11,0,1,0,0,0,0,0,0,0,0,0,0,0,2,65,39763,3604,7281,0.12,0.0,0.09,0.2,0.1,2.0,0,0,0,0,3.2
Ryan Sessegnon,MID,Fulham,328,23,3,2025-08-30T11:30:00Z,False,7,66,1,2,0,0,0,2,0,0,0,0,0,0,0,3,54,3129,663,453,0.0,0.0,2.23,10.6,1.2,2.0,5,4,1,10,0.8
John Stones,DEF,Man City,409,22,3,2025-08-31T13:00:00Z,False,6,90,1,1,0,0,0,2,0,0,0,0,0,0,0,7,55,126577,16227,10084,0.0,0.01,2.3,15.6,1.8,0.0,4,0,5,4,3.2
Isaac Heath,MID,Everton,308,30,3,2025-08-30T14:00:00Z,False,20,0,0,0,0,0,0,0,0,0,0,0,0,0,0,0,45,4369,128,630,0.0,0.0,0.0,0.0,0.0,0.0,0,0,0,0,0.0
Chris Rigg,MID,Sunderland,551,28,3,2025-08-30T14:00:00Z,True,5,0,0,0,0,0,0,0,0,0,0,0,0,0,0,0,49,5725,129,1025,0.0,0.0,0.0,0.0,0.0,0.0,0,0,0,0,-0.2
Luke O'Nien,DEF,Sunderland,539,28,3,2025-08-30T14:00:00Z,True,5,0,0,0,0,0,0,0,0,0,0,0,0,0,0,0,40,2535,83,284,0.0,0.0,0.0,0.0,0.0,0.0,0,0,0,0,0.0
Axel Tuanzebe,DEF,Burnley,198,26,3,2025-08-30T14:00:00Z,False,14,0,0,0,0,0,0,0,0,0,0,0,0,0,0,0,40,199567,806,35886,0.0,0.0,0.0,0.0,0.0,0.0,0,0,0,0,-0.5
Séamus Coleman,DEF,Everton,294,30,3,2025-08-30T14:00:00Z,False,20,1,0,1,0,0,0,0,0,0,0,0,0,0,0,3,45,16945,736,2537,0.0,0.0,0.0,0.0,0.0,0.0,0,0,0,0,0.3
Carlos Alcaraz Durán,MID,Everton,301,30,3,2025-08-30T14:00:00Z,False,20,2,0,1,0,0,0,0,0,0,0,0,0,0,0,5,54,15294,816,3167,0.0,0.0,0.12,2.0,0.0,0.0,0,1,1,2,1.0
Jeremy Sarmiento Morante,MID,Brighton,171,22,3,2025-08-31T13:00:00Z,True,13,0,0,0,0,0,0,0,0,0,0,0,0,0,0,0,49,3611,86,503,0.0,0.0,0.0,0.0,0.0,0.0,0,0,0,0,-0.5
Matt Turner,GK,Nott'm Forest,504,27,3,2025-08-31T13:00:00Z,True,19,0,0,0,0,0,0,0,0,0,0,0,0,0,0,0,40,18096,0,2709,0.0,0.0,0.0,0.0,0.0,0.0,0,0,0,0,0.0
Ethan Wheatley,FWD,Man Utd,468,26,3,2025-08-30T14:00:00Z,True,3,0,0,0,0,0,0,0,0,0,0,0,0,0,0,0,45,14515,448,2432,0.0,0.0,0.0,0.0,0.0,0.0,0,0,0,0,0.5
Roman Dixon,DEF,Everton,297,30,3,2025-08-30T14:00:00Z,False,20,0,0,0,0,0,0,0,0,0,0,0,0,0,0,0,40,23597,805,2793,0.0,0.0,0.0,0.0,0.0,0.0,0,0,0,0,0.0
Charlie Tasker,DEF,Brighton,156,22,3,2025-08-31T13:00:00Z,True,13,0,0,0,0,0,0,0,0,0,0,0,0,0,0,0,40,16676,420,1767,0.0,0.0,0.0,0.0,0.0,0.0,0,0,0,0,-0.5
Yoane Wissa,FWD,Brentford,135,28,3,2025-08-30T14:00:00Z,False,17,0,0,0,0,0,0,0,0,0,0,0,0,0,0,0,75,119005,2550,62969,0.0,0.0,0.0,0.0,0.0,0.0,0,0,0,0,0.0
Marc Guéhi,DEF,Crystal Palace,260,21,3,2025-08-31T18:00:00Z,False,2,90,1,15,1,0,1,0,0,0,0,0,0,0,3,46,45,1477739,103020,89135,0.05,0.01,1.13,53.8,1.8,17.0,6,3,5,9,7.7
Josh Cullen,MID,Burnley,205,26,3,2025-08-30T14:00:00Z,False,14,90,1,2,0,0,0,3,1,0,0,0,0,0,0,7,50,214993,173657,23667,0.0,0.05,3.63,15.4,3.3,0.0,7,2,5,14,6.2
Erling Haaland,FWD,Man City,430,22,3,2025-08-31T13:00:00Z,False,6,90,1,9,1,0,0,2,0,0,0,0,0,0,3,29,141,3747441,366370,187274,1.4,0.0,2.3,30.4,0.4,96.0,0,0,1,1,8.5
Djed Spence,DEF,Spurs,573,29,3,2025-08-30T14:00:00Z,True,4,90,1,1,0,0,0,1,0,0,0,1,0,0,0,4,45,263052,117542,20272,0.0,0.02,1.59,16.2,21.0,0.0,4,0,5,4,4.3
Julian Eyestone,GK,Brentford,104,28,3,2025-08-30T14:00:00Z,False,17,0,0,0,0,0,0,0,0,0,0,0,0,0,0,0,40,8492,202,635,0.0,0.0,0.0,0.0,0.0,0.0,0,0,0,0,0.5
Ármin Pécsi,GK,Liverpool,368,25,3,2025-08-31T15:30:00Z,True,1,0,0,0,0,0,0,0,0,0,0,0,0,0,0,0,40,9099,240,837,0.0,0.0,0.0,0.0,0.0,0.0,0,0,0,0,0.5
Anton Stach,MID,Leeds,660,24,3,2025-08-30T16:30:00Z,True,15,90,1,3,0,0,1,0,0,0,0,0,0,0,0,9,50,53030,9791,7344,0.18,0.02,0.46,10.2,37.4,11.0,2,2,2,6,3.3
Jefferson Lerma Solís,MID,Crystal Palace,272,21,3,2025-08-31T18:00:00Z,False,2,34,0,1,0,0,0,0,0,0,0,0,0,0,0,-1,50,6891,184,905,0.36,0.01,0.38,4.0,3.5,17.0,1,1,1,3,1.0
Jordan Beyer,DEF,Burnley,194,26,3,2025-08-30T14:00:00Z,False,14,0,0,0,0,0,0,0,0,0,0,0,0,0,0,0,40,14467,72,4415,0.0,0.0,0.0,0.0,0.0,0.0,0,0,0,0,0.0
Jayden Danns,FWD,Liverpool,398,25,3,2025-08-31T15:30:00Z,True,1,0,0,0,0,0,0,0,0,0,0,0,0,0,0,0,44,15622,1079,3028,0.0,0.0,0.0,0.0,0.0,0.0,0,0,0,0,0.5
Rio Ngumoha,MID,Liverpool,686,25,3,2025-08-31T15:30:00Z,True,1,0,0,0,0,0,0,0,0,0,0,0,0,0,0,0,45,53032,34799,8465,0.0,0.0,0.0,0.0,0.0,0.0,0,0,0,0,2.5
Brandon Austin,GK,Spurs,566,29,3,2025-08-30T14:00:00Z,True,4,0,0,0,0,0,0,0,0,0,0,0,0,0,0,0,40,30543,562,2799,0.0,0.0,0.0,0.0,0.0,0.0,0,0,0,0,0.0
Zain Silcott-Duberry,MID,Bournemouth,95,29,3,2025-08-30T14:00:00Z,False,18,0,0,0,0,0,0,0,0,0,0,0,0,0,0,0,45,8352,248,1409,0.0,0.0,0.0,0.0,0.0,0.0,0,0,0,0,0.0
Sepp van den Berg,DEF,Brentford,113,28,3,2025-08-30T14:00:00Z,False,17,90,1,3,0,0,0,2,0,0,0,0,0,0,0,11,45,91585,35223,8931,0.0,0.03,1.54,23.2,0.7,2.0,11,0,4,11,5.2
Dominic Calvert-Lewin,FWD,Leeds,691,24,3,2025-08-30T16:30:00Z,True,15,20,0,1,0,0,0,0,0,0,0,0,0,0,0,3,55,6912,1795,2391,0.07,0.0,0.07,1.2,0.5,20.0,0,0,2,2,-0.5
Aaron Wan-Bissaka,DEF,West Ham,610,27,3,2025-08-31T13:00:00Z,False,16,0,0,0,0,0,0,0,0,0,0,0,0,0,0,0,44,1886141,12219,408584,0.0,0.0,0.0,0.0,0.0,0.0,0,0,0,0,0.3
Enzo Le Fée,MID,Sunderland,547,28,3,2025-08-30T14:00:00Z,True,5,90,1,11,1,0,0,1,0,0,0,0,0,0,2,30,49,29036,1500,6346,0.79,0.03,1.2,57.2,17.3,17.0,3,6,5,14,3.8
David Ozoh,MID,Crystal Palace,280,21,3,2025-08-31T18:00:00Z,False,2,0,0,0,0,0,0,0,0,0,0,0,0,0,0,0,45,219,0,43,0.0,0.0,0.0,0.0,0.0,0.0,0,0,0,0,0.0
Mark Gillespie,GK,Newcastle,471,24,3,2025-08-30T16:30:00Z,False,11,0,0,0,0,0,0,0,0,0,0,0,0,0,0,0,40,17007,658,1151,0.0,0.0,0.0,0.0,0.0,0.0,0,0,0,0,1.0
Ethan Ampadu,MID,Leeds,354,24,3,2025-08-30T16:30:00Z,True,15,0,0,0,0,0,0,0,0,0,0,0,0,0,0,0,49,6130,34,2776,0.0,0.0,0.0,0.0,0.0,0.0,0,0,0,0,0.0
Lino da Cruz Sousa,DEF,Aston Villa,45,21,3,2025-08-31T18:00:00Z,True,8,0,0,0,0,0,0,0,0,0,0,0,0,0,0,0,40,38677,2246,4111,0.0,0.0,0.0,0.0,0.0,0.0,0,0,0,0,0.0
Harrison Reed,MID,Fulham,336,23,3,2025-08-30T11:30:00Z,False,7,0,0,0,0,0,0,0,0,0,0,0,0,0,0,0,45,23459,657,4266,0.0,0.0,0.0,0.0,0.0,0.0,0,0,0,0,-0.5
Vitalii Mykolenko,DEF,Everton,292,30,3,2025-08-30T14:00:00Z,False,20,90,1,1,0,0,0,2,0,0,0,0,0,0,0,3,49,54519,1865,24648,0.0,0.07,1.11,7.4,5.3,2.0,6,1,4,7,0.3
Matt Targett,DEF,Newcastle,484,24,3,2025-08-30T16:30:00Z,False,11,0,0,0,0,0,0,0,0,0,0,0,0,0,0,0,40,50499,1417,5818,0.0,0.0,0.0,0.0,0.0,0.0,0,0,0,0,1.0
Frank Onyeka,MID,Brentford,128,28,3,2025-08-30T14:00:00Z,False,17,19,0,4,0,1,0,2,0,0,0,0,0,0,0,16,50,6814,565,1427,0.0,0.36,1.06,20.0,12.0,2.0,0,1,0,1,3.5
Tijjani Reijnders,MID,Man City,427,22,3,2025-08-31T13:00:00Z,False,6,90,1,2,0,0,0,2,0,0,0,0,0,0,0,18,57,3831345,465131,215807,0.02,0.12,2.3,11.8,32.3,1.0,1,1,3,5,5.2
Igor Julio dos Santos de Paulo,DEF,Brighton,149,22,3,2025-08-31T13:00:00Z,True,13,0,0,0,0,0,0,0,0,0,0,0,0,0,0,0,45,5568,223,717,0.0,0.0,0.0,0.0,0.0,0.0,0,0,0,0,0.0
Gabriel Słonina,GK,Chelsea,223,23,3,2025-08-30T11:30:00Z,True,10,0,0,0,0,0,0,0,0,0,0,0,0,0,0,0,40,12141,493,1279,0.0,0.0,0.0,0.0,0.0,0.0,0,0,0,0,0.5
Manuel Akanji,DEF,Man City,404,22,3,2025-08-31T13:00:00Z,False,6,0,0,0,0,0,0,0,0,0,0,0,0,0,0,0,54,78873,3886,16906,0.0,0.0,0.0,0.0,0.0,0.0,0,0,0,0,0.5
Bryan Mbeumo,MID,Man Utd,119,26,3,2025-08-30T14:00:00Z,True,3,90,1,10,1,0,0,2,0,0,0,0,0,0,3,39,80,1800062,326650,196141,0.66,0.66,1.2,48.2,78.2,50.0,0,0,1,1,5.2
Reece Welch,DEF,Everton,298,30,3,2025-08-30T14:00:00Z,False,20,0,0,0,0,0,0,0,0,0,0,0,0,0,0,0,40,16674,335,1806,0.0,0.0,0.0,0.0,0.0,0.0,0,0,0,0,0.0
Tyler Dibling,MID,Everton,707,30,3,2025-08-30T14:00:00Z,False,20,0,0,0,0,0,0,0,0,0,0,0,0,0,0,0,55,1272,1091,215,0.0,0.0,0.0,0.0,0.0,0.0,0,0,0,0,2.0
Lewis Cook,MID,Bournemouth,88,29,3,2025-08-30T14:00:00Z,False,18,0,0,0,0,0,0,0,0,0,0,0,0,0,0,0,50,1125,34,264,0.0,0.0,0.0,0.0,0.0,0.0,0,0,0,0,0.0
Tyler Adams,MID,Bournemouth,85,29,3,2025-08-30T14:00:00Z,False,18,90,1,4,0,0,1,0,0,0,0,1,0,0,0,14,50,37792,3631,5994,0.03,0.01,0.19,11.2,1.8,17.0,3,2,7,12,3.3
Jamaal Lascelles,DEF,Newcastle,480,24,3,2025-08-30T16:30:00Z,False,11,0,0,0,0,0,0,0,0,0,0,0,0,0,0,0,45,8244,276,1067,0.0,0.0,0.0,0.0,0.0,0.0,0,0,0,0,1.0
Andrés García,DEF,Aston Villa,42,21,3,2025-08-31T18:00:00Z,True,8,0,0,0,0,0,0,0,0,0,0,0,0,0,0,0,40,23768,327,4043,0.0,0.0,0.0,0.0,0.0,0.0,0,0,0,0,0.0
Youri Tielemans,MID,Aston Villa,48,21,3,2025-08-31T18:00:00Z,True,8,90,1,2,0,0,0,3,0,0,0,0,0,0,0,18,60,214443,13737,35641,0.09,0.05,2.67,15.6,20.0,17.0,1,1,5,7,2.3
Will Lankshear,FWD,Spurs,598,29,3,2025-08-30T14:00:00Z,True,4,0,0,0,0,0,0,0,0,0,0,0,0,0,0,0,45,4588,0,1221,0.0,0.0,0.0,0.0,0.0,0.0,0,0,0,0,0.0
Iwan Morgan,FWD,Brentford,137,28,3,2025-08-30T14:00:00Z,False,17,0,0,0,0,0,0,0,0,0,0,0,0,0,0,0,45,44742,2228,9652,0.0,0.0,0.0,0.0,0.0,0.0,0,0,0,0,0.5
Pierre Ekwah Elimby,MID,Sunderland,556,28,3,2025-08-30T14:00:00Z,True,5,0,0,0,0,0,0,0,0,0,0,0,0,0,0,0,45,1336,0,397,0.0,0.0,0.0,0.0,0.0,0.0,0,0,0,0,0.0
Crysencio Summerville,MID,West Ham,615,27,3,2025-08-31T13:00:00Z,False,16,8,0,7,0,2,0,0,0,0,0,0,0,0,0,24,55,783,60,165,0.0,0.02,0.04,22.6,10.7,4.0,1,0,3,4,0.0
Philip Billing,MID,Bournemouth,89,29,3,2025-08-30T14:00:00Z,False,18,0,0,0,0,0,0,0,0,0,0,0,0,0,0,0,49,5824,190,1938,0.0,0.0,0.0,0.0,0.0,0.0,0,0,0,0,0.0
Cristhian Mosquera,DEF,Arsenal,662,25,3,2025-08-31T15:30:00Z,False,12,85,0,2,0,0,0,1,0,0,0,0,0,0,0,14,54,11666,273,2041,0.0,0.0,0.52,25.2,0.8,2.0,5,4,3,9,0.5
Ethan Nwaneri,MID,Arsenal,25,25,3,2025-08-31T15:30:00Z,False,12,0,0,0,0,0,0,0,0,0,0,0,0,0,0,0,54,24774,2244,5944,0.0,0.0,0.0,0.0,0.0,0.0,0,0,0,0,-0.2
Bryan Gil Salvatierra,MID,Spurs,590,29,3,2025-08-30T14:00:00Z,True,4,0,0,0,0,0,0,0,0,0,0,0,0,0,0,0,49,5181,199,761,0.0,0.0,0.0,0.0,0.0,0.0,0,0,0,0,0.0
Callum Olusesi,MID,Spurs,595,29,3,2025-08-30T14:00:00Z,True,4,0,0,0,0,0,0,0,0,0,0,0,0,0,0,0,45,19349,840,3228,0.0,0.0,0.0,0.0,0.0,0.0,0,0,0,0,0.0
Elyh Harrison,GK,Man Utd,433,26,3,2025-08-30T14:00:00Z,True,3,0,0,0,0,0,0,0,0,0,0,0,0,0,0,0,40,304,0,55,0.0,0.0,0.0,0.0,0.0,0.0,0,0,0,0,0.0
Ellery Balcombe,GK,Brentford,102,28,3,2025-08-30T14:00:00Z,False,17,0,0,0,0,0,0,0,0,0,0,0,0,0,0,0,40,35882,1562,2664,0.0,0.0,0.0,0.0,0.0,0.0,0,0,0,0,0.5
Gustavo Nunes Fernandes Gomes,MID,Brentford,127,28,3,2025-08-30T14:00:00Z,False,17,0,0,0,0,0,0,0,0,0,0,0,0,0,0,0,50,872,21,174,0.0,0.0,0.0,0.0,0.0,0.0,0,0,0,0,0.0
Boubacar Traoré,MID,Wolves,649,30,3,2025-08-30T14:00:00Z,True,9,0,0,0,0,0,0,0,0,0,0,0,0,0,0,0,50,158,0,40,0.0,0.0,0.0,0.0,0.0,0.0,0,0,0,0,0.0
Luka Vušković,DEF,Spurs,578,29,3,2025-08-30T14:00:00Z,True,4,0,0,0,0,0,0,0,0,0,0,0,0,0,0,0,40,97974,1705,16233,0.0,0.0,0.0,0.0,0.0,0.0,0,0,0,0,0.0
Mateus Gonçalo Espanha Fernandes,MID,West Ham,708,27,3,2025-08-31T13:00:00Z,False,16,81,1,3,0,0,1,0,0,0,0,0,0,0,0,15,55,307,242,21,0.0,0.1,0.7,11.0,26.4,4.0,1,3,7,11,2.0
Kenny Tete,DEF,Fulham,322,23,3,2025-08-30T11:30:00Z,False,7,90,1,3,0,0,0,2,0,0,0,0,0,0,0,7,45,19875,3100,2170,0.07,0.01,2.35,22.0,3.9,4.0,7,4,2,11,1.8
Matt O'Riley,MID,Brighton,164,22,3,2025-08-31T13:00:00Z,True,13,0,0,0,0,0,0,0,0,0,0,0,0,0,0,0,55,169567,13638,40133,0.0,0.0,0.0,0.0,0.0,0.0,0,0,0,0,3.5
Carl Rushworth,GK,Brighton,141,22,3,2025-08-31T13:00:00Z,True,13,0,0,0,0,0,0,0,0,0,0,0,0,0,0,0,40,379,0,28,0.0,0.0,0.0,0.0,0.0,0.0,0,0,0,0,0.0
Walter Benítez,GK,Crystal Palace,254,21,3,2025-08-31T18:00:00Z,False,2,0,0,0,0,0,0,0,0,0,0,0,0,0,0,0,40,47155,1521,2943,0.0,0.0,0.0,0.0,0.0,0.0,0,0,0,0,0.0
Ibrahim Sangaré,MID,Nott'm Forest,521,27,3,2025-08-31T13:00:00Z,True,19,88,1,4,0,0,0,2,0,0,0,0,0,0,0,10,50,6849,673,904,0.0,0.04,1.46,7.6,5.3,0.0,7,2,5,14,2.7
Zak Johnson,DEF,Sunderland,538,28,3,2025-08-30T14:00:00Z,True,5,0,0,0,0,0,0,0,0,0,0,0,0,0,0,0,40,23784,578,2647,0.0,0.0,0.0,0.0,0.0,0.0,0,0,0,0,-0.5
Brennan Johnson,MID,Spurs,580,29,3,2025-08-30T14:00:00Z,True,4,53,1,1,0,0,0,1,0,0,0,0,0,0,0,2,71,1247718,806002,58844,0.0,0.01,1.28,2.8,0.8,2.0,2,0,2,4,6.0
Dominic Sadi,MID,Bournemouth,94,29,3,2025-08-30T14:00:00Z,False,18,0,0,0,0,0,0,0,0,0,0,0,0,0,0,0,45,6366,375,956,0.0,0.0,0.0,0.0,0.0,0.0,0,0,0,0,0.0
Ian Poveda-Ocampo,MID,Sunderland,550,28,3,2025-08-30T14:00:00Z,True,5,0,0,0,0,0,0,0,0,0,0,0,0,0,0,0,49,2780,42,418,0.0,0.0,0.0,0.0,0.0,0.0,0,0,0,0,-0.5
Rayan Aït-Nouri,DEF,Man City,402,22,3,2025-08-31T13:00:00Z,False,6,90,1,0,0,0,0,2,0,0,0,1,0,0,0,-1,60,1983304,72406,588281,0.0,0.46,2.3,12.6,12.8,4.0,5,3,3,8,3.8
Carlos Baleba,MID,Brighton,167,22,3,2025-08-31T13:00:00Z,True,13,59,1,1,0,0,0,1,0,0,0,0,0,0,0,3,50,421916,14583,80686,0.0,0.0,1.65,0.0,2.3,0.0,0,0,3,3,1.2
James Wright,GK,Aston Villa,688,21,3,2025-08-31T18:00:00Z,True,8,0,0,0,0,0,0,0,0,0,0,0,0,0,0,0,40,60605,4942,5030,0.0,0.0,0.0,0.0,0.0,0.0,0,0,0,0,0.0
Jamie Bynoe-Gittens,MID,Chelsea,239,23,3,2025-08-30T11:30:00Z,True,10,22,0,1,0,0,0,0,0,0,0,0,0,0,0,4,64,21502,978,8386,0.03,0.0,0.68,1.0,0.0,5.0,0,1,1,2,1.5
Dejan Kulusevski,MID,Spurs,583,29,3,2025-08-30T14:00:00Z,True,4,0,0,0,0,0,0,0,0,0,0,0,0,0,0,0,65,1525,71,372,0.0,0.0,0.0,0.0,0.0,0.0,0,0,0,0,0.0
Wilfried Gnonto,MID,Leeds,351,24,3,2025-08-30T16:30:00Z,True,15,59,1,0,0,0,0,0,0,0,0,1,0,0,0,0,54,30732,1393,5773,0.04,0.05,0.39,0.0,13.6,3.0,0,0,3,3,0.7
Lisandro Martínez,DEF,Man Utd,437,26,3,2025-08-30T14:00:00Z,True,3,0,0,0,0,0,0,0,0,0,0,0,0,0,0,0,49,11723,139,2948,0.0,0.0,0.0,0.0,0.0,0.0,0,0,0,0,0.0
El Hadji Malick Diouf,DEF,West Ham,603,27,3,2025-08-31T13:00:00Z,False,16,90,1,10,0,1,1,0,0,0,0,0,0,0,1,33,45,604774,5904,84111,0.0,0.12,0.73,41.4,15.5,2.0,9,0,0,9,4.7
Leon Chiwome,FWD,Wolves,657,30,3,2025-08-30T14:00:00Z,True,9,0,0,0,0,0,0,0,0,0,0,0,0,0,0,0,45,4653,458,1239,0.0,0.0,0.0,0.0,0.0,0.0,0,0,0,0,0.0
João Victor Gomes da Silva,MID,Wolves,646,30,3,2025-08-30T14:00:00Z,True,9,90,1,2,0,0,0,3,0,0,0,0,0,0,0,15,55,11792,438,1792,0.01,0.03,1.93,5.6,15.2,1.0,0,0,5,5,1.7
Jaydon Banel,MID,Burnley,213,26,3,2025-08-30T14:00:00Z,False,14,0,0,0,0,0,0,0,0,0,0,0,0,0,0,0,45,3957,335,636,0.0,0.0,0.0,0.0,0.0,0.0,0,0,0,0,-0.5
Kjell Scherpen,GK,Brighton,142,22,3,2025-08-31T13:00:00Z,True,13,0,0,0,0,0,0,0,0,0,0,0,0,0,0,0,40,329,0,35,0.0,0.0,0.0,0.0,0.0,0.0,0,0,0,0,0.0
Levi Samuels Colwill,DEF,Chelsea,227,23,3,2025-08-30T11:30:00Z,True,10,0,0,0,0,0,0,0,0,0,0,0,0,0,0,0,49,20453,131,6397,0.0,0.0,0.0,0.0,0.0,0.0,0,0,0,0,0.0
Harvey Elliott,MID,Liverpool,389,25,3,2025-08-31T15:30:00Z,True,1,0,0,0,0,0,0,0,0,0,0,0,0,0,0,0,54,15222,875,2877,0.0,0.0,0.0,0.0,0.0,0.0,0,0,0,0,0.3
Olivier Boscagli,DEF,Brighton,143,22,3,2025-08-31T13:00:00Z,True,13,0,0,0,0,0,0,0,0,0,0,0,0,0,0,0,44,11528,408,1956,0.0,0.0,0.0,0.0,0.0,0.0,0,0,0,0,-0.5
Takai Kōta,DEF,Spurs,577,29,3,2025-08-30T14:00:00Z,True,4,0,0,0,0,0,0,0,0,0,0,0,0,0,0,0,40,9161,61,1768,0.0,0.0,0.0,0.0,0.0,0.0,0,0,0,0,0.0
Jeremie Frimpong,DEF,Liverpool,370,25,3,2025-08-31T15:30:00Z,True,1,0,0,0,0,0,0,0,0,0,0,0,0,0,0,0,59,1203102,2283,906461,0.0,0.0,0.0,0.0,0.0,0.0,0,0,0,0,0.0
Joe Rodon,DEF,Leeds,348,24,3,2025-08-30T16:30:00Z,True,15,90,1,7,0,0,1,0,0,0,0,0,0,0,1,28,40,281123,42636,22796,0.0,0.0,0.46,15.4,0.8,2.0,6,1,3,7,4.3
Jenson Seelt,DEF,Sunderland,542,28,3,2025-08-30T14:00:00Z,True,5,0,0,0,0,0,0,0,0,0,0,0,0,0,0,0,40,29251,1160,2484,0.0,0.0,0.0,0.0,0.0,0.0,0,0,0,0,0.2
Marshall Munetsi,MID,Wolves,648,30,3,2025-08-30T14:00:00Z,True,9,90,1,5,0,1,0,3,0,0,0,0,0,0,0,16,55,5650,601,1870,0.03,0.06,1.93,23.4,25.5,7.0,0,2,0,2,3.0
Rhys Williams,DEF,Liverpool,379,25,3,2025-08-31T15:30:00Z,True,1,0,0,0,0,0,0,0,0,0,0,0,0,0,0,0,40,16902,432,2318,0.0,0.0,0.0,0.0,0.0,0.0,0,0,0,0,0.5
Josh Laurent,MID,Burnley,209,26,3,2025-08-30T14:00:00Z,False,14,14,0,0,0,0,0,1,0,0,0,1,0,0,0,1,50,3272,67,490,0.0,0.0,1.13,2.4,0.1,2.0,2,0,2,4,0.5
Diego León Blanco,DEF,Man Utd,439,26,3,2025-08-30T14:00:00Z,True,3,0,0,0,0,0,0,0,0,0,0,0,0,0,0,0,44,7272,270,1298,0.0,0.0,0.0,0.0,0.0,0.0,0,0,0,0,0.5
Romaine Mundle,MID,Sunderland,548,28,3,2025-08-30T14:00:00Z,True,5,0,0,0,0,0,0,0,0,0,0,0,0,0,0,0,49,627,14,144,0.0,0.0,0.0,0.0,0.0,0.0,0,0,0,0,0.0
Will Dennis,GK,Bournemouth,68,29,3,2025-08-30T14:00:00Z,False,18,0,0,0,0,0,0,0,0,0,0,0,0,0,0,0,40,125439,8050,8466,0.0,0.0,0.0,0.0,0.0,0.0,0,0,0,0,0.0
Callum Wilson,FWD,West Ham,671,27,3,2025-08-31T13:00:00Z,False,16,26,0,7,1,0,0,0,0,0,0,0,0,0,2,35,59,42633,1995,10845,1.04,0.0,0.19,44.0,0.1,62.0,0,0,0,0,3.0
Vitaly Janelt,MID,Brentford,125,28,3,2025-08-30T14:00:00Z,False,17,0,0,0,0,0,0,0,0,0,0,0,0,0,0,0,49,1175,18,340,0.0,0.0,0.0,0.0,0.0,0.0,0,0,0,0,0.1
Douglas Luiz Soares de Paulo,MID,Nott'm Forest,699,27,3,2025-08-31T13:00:00Z,True,19,0,0,0,0,0,0,0,0,0,0,0,0,0,0,0,50,5778,4328,1405,0.0,0.0,0.0,0.0,0.0,0.0,0,0,0,0,0.0
Marcus Tavernier,MID,Bournemouth,84,29,3,2025-08-30T14:00:00Z,False,18,80,1,3,0,0,1,0,0,0,0,0,0,0,0,0,55,128242,69242,23226,0.31,0.05,0.12,4.4,17.3,19.0,0,3,2,5,6.0
Virgil van Dijk,DEF,Liverpool,373,25,3,2025-08-31T15:30:00Z,True,1,90,1,8,0,0,1,0,0,0,0,0,0,0,2,29,60,2734452,154150,170240,0.0,0.02,0.49,31.2,3.7,2.0,8,0,2,8,5.2
Son Heung-min,MID,Spurs,579,29,3,2025-08-30T14:00:00Z,True,4,0,0,0,0,0,0,0,0,0,0,0,0,0,0,0,85,19433,0,4332,0.0,0.0,0.0,0.0,0.0,0.0,0,0,0,0,0.0
Antoñito Cordero Campillo,MID,Newcastle,492,24,3,2025-08-30T16:30:00Z,False,11,0,0,0,0,0,0,0,0,0,0,0,0,0,0,0,50,4130,196,570,0.0,0.0,0.0,0.0,0.0,0.0,0,0,0,0,1.0
Callum Marshall,FWD,West Ham,626,27,3,2025-08-31T13:00:00Z,False,16,0,0,0,0,0,0,0,0,0,0,0,0,0,0,0,45,73248,3488,14674,0.0,0.0,0.0,0.0,0.0,0.0,0,0,0,0,0.0
Garang Kuol,MID,Newcastle,496,24,3,2025-08-30T16:30:00Z,False,11,0,0,0,0,0,0,0,0,0,0,0,0,0,0,0,45,7285,364,1028,0.0,0.0,0.0,0.0,0.0,0.0,0,0,0,0,1.0
Fábio Ferreira Vieira,MID,Arsenal,23,25,3,2025-08-31T15:30:00Z,False,12,0,0,0,0,0,0,0,0,0,0,0,0,0,0,0,54,4600,327,969,0.0,0.0,0.0,0.0,0.0,0.0,0,0,0,0,-0.5
Jean-Philippe Mateta,FWD,Crystal Palace,283,21,3,2025-08-31T18:00:00Z,False,2,84,1,5,1,0,1,0,0,0,0,1,0,0,0,22,75,880342,80446,168333,0.79,0.33,1.13,37.4,3.8,21.0,3,0,2,5,2.7
Gabriel Fernando de Jesus,FWD,Arsenal,31,25,3,2025-08-31T15:30:00Z,False,12,0,0,0,0,0,0,0,0,0,0,0,0,0,0,0,65,4606,173,804,0.0,0.0,0.0,0.0,0.0,0.0,0,0,0,0,0.0
Maximilian Kilman,DEF,West Ham,605,27,3,2025-08-31T13:00:00Z,False,16,90,1,6,0,0,1,0,0,0,0,0,0,0,0,29,44,23766,1422,5280,0.0,0.0,0.73,17.4,0.2,0.0,7,1,3,8,2.0
Tawanda Chirewa,MID,Wolves,650,30,3,2025-08-30T14:00:00Z,True,9,0,0,0,0,0,0,0,0,0,0,0,0,0,0,0,45,29823,639,4594,0.0,0.0,0.0,0.0,0.0,0.0,0,0,0,0,0.0
Elijah Campbell,DEF,Everton,705,30,3,2025-08-30T14:00:00Z,False,20,0,0,0,0,0,0,0,0,0,0,0,0,0,0,0,40,18697,7618,1197,0.0,0.0,0.0,0.0,0.0,0.0,0,0,0,0,0.0
Harry Maguire,DEF,Man Utd,442,26,3,2025-08-30T14:00:00Z,True,3,0,0,0,0,0,0,0,0,0,0,0,0,0,0,0,45,77916,4702,10312,0.0,0.0,0.0,0.0,0.0,0.0,0,0,0,0,1.2
Hjalmar Ekdal,DEF,Burnley,190,26,3,2025-08-30T14:00:00Z,False,14,82,1,3,0,0,0,2,0,0,0,0,0,0,0,11,40,124340,82477,14556,0.0,0.0,2.57,24.6,0.3,2.0,10,2,6,12,3.8
Mason Mount,MID,Man Utd,455,26,3,2025-08-30T14:00:00Z,True,3,45,1,1,0,0,0,0,0,0,0,0,0,0,0,6,60,40437,8949,6731,0.06,0.1,0.2,5.0,15.3,7.0,0,2,5,7,2.5
Paris Maghoma,MID,Brentford,132,28,3,2025-08-30T14:00:00Z,False,17,0,0,0,0,0,0,0,0,0,0,0,0,0,0,0,45,2065,37,466,0.0,0.0,0.0,0.0,0.0,0.0,0,0,0,0,0.1
Jair Paula da Cunha Filho,DEF,Nott'm Forest,510,27,3,2025-08-31T13:00:00Z,True,19,0,0,0,0,0,0,0,0,0,0,0,0,0,0,0,45,8155,275,1136,0.0,0.0,0.0,0.0,0.0,0.0,0,0,0,0,0.0
Freddie Potts,MID,West Ham,623,27,3,2025-08-31T13:00:00Z,False,16,0,0,0,0,0,0,0,0,0,0,0,0,0,0,0,45,66154,1789,9682,0.0,0.0,0.0,0.0,0.0,0.0,0,0,0,0,0.3
Joško Gvardiol,DEF,Man City,403,22,3,2025-08-31T13:00:00Z,False,6,0,0,0,0,0,0,0,0,0,0,0,0,0,0,0,59,409078,1167,210352,0.0,0.0,0.0,0.0,0.0,0.0,0,0,0,0,0.0
Matthijs de Ligt,DEF,Man Utd,436,26,3,2025-08-30T14:00:00Z,True,3,90,1,1,0,0,0,2,0,0,0,0,0,0,0,4,50,393645,85622,31180,0.1,0.0,1.2,10.2,0.2,5.0,4,0,4,4,4.5
Matheus França de Oliveira,MID,Crystal Palace,279,21,3,2025-08-31T18:00:00Z,False,2,0,0,0,0,0,0,0,0,0,0,0,0,0,0,0,45,1539,30,376,0.0,0.0,0.0,0.0,0.0,0.0,0,0,0,0,0.0
Lucas Bergvall,MID,Spurs,586,29,3,2025-08-30T14:00:00Z,True,4,36,0,1,0,0,0,0,0,0,0,0,0,0,0,4,55,16062,596,2536,0.06,0.01,0.3,5.2,1.8,19.0,0,1,1,2,1.7
Mikel Merino Zazón,MID,Arsenal,22,25,3,2025-08-31T15:30:00Z,False,12,69,1,3,0,0,1,0,0,0,0,0,0,0,0,6,59,43807,1780,18056,0.0,0.02,0.28,5.2,2.3,0.0,0,3,2,5,0.8
Odsonne Édouard,FWD,Crystal Palace,285,21,3,2025-08-31T18:00:00Z,False,2,0,0,0,0,0,0,0,0,0,0,0,0,0,0,0,50,76742,3222,22980,0.0,0.0,0.0,0.0,0.0,0.0,0,0,0,0,0.0
Joe Knight,MID,Brighton,175,22,3,2025-08-31T13:00:00Z,True,13,0,0,0,0,0,0,0,0,0,0,0,0,0,0,0,45,9064,587,1408,0.0,0.0,0.0,0.0,0.0,0.0,0,0,0,0,-0.5
Zépiqueno Redmond,FWD,Aston Villa,65,21,3,2025-08-31T18:00:00Z,True,8,0,0,0,0,0,0,0,0,0,0,0,0,0,0,0,45,86682,5076,18442,0.0,0.0,0.0,0.0,0.0,0.0,0,0,0,0,0.0
Matheus Santos Carneiro da Cunha,MID,Man Utd,450,26,3,2025-08-30T14:00:00Z,True,3,30,1,1,0,0,0,0,0,0,0,0,0,0,0,7,81,1606598,539404,139779,0.03,0.15,0.0,6.8,15.1,9.0,0,0,1,1,2.2
Chemsdine Talbi,MID,Sunderland,553,28,3,2025-08-30T14:00:00Z,True,5,64,1,3,0,0,1,0,0,0,0,0,0,0,0,7,50,38854,5206,8686,0.08,0.02,0.96,5.8,8.3,6.0,2,2,2,6,3.2
Zach Abbott,DEF,Nott'm Forest,513,27,3,2025-08-31T13:00:00Z,True,19,0,0,0,0,0,0,0,0,0,0,0,0,0,0,0,40,21779,475,2410,0.0,0.0,0.0,0.0,0.0,0.0,0,0,0,0,0.0
Mykhailo Mudryk,MID,Chelsea,245,23,3,2025-08-30T11:30:00Z,True,10,0,0,0,0,0,0,0,0,0,0,0,0,0,0,0,50,805,68,153,0.0,0.0,0.0,0.0,0.0,0.0,0,0,0,0,0.0
Emile Smith Rowe,MID,Fulham,325,23,3,2025-08-30T11:30:00Z,False,7,23,0,1,0,0,0,0,0,0,0,0,0,0,0,4,59,88983,11247,11809,0.0,0.03,0.12,3.8,12.3,0.0,0,0,0,0,2.2
Yves Bissouma,MID,Spurs,587,29,3,2025-08-30T14:00:00Z,True,4,0,0,0,0,0,0,0,0,0,0,0,0,0,0,0,53,8302,48,5131,0.0,0.0,0.0,0.0,0.0,0.0,0,0,0,0,0.0
Zian Flemming,FWD,Burnley,215,26,3,2025-08-30T14:00:00Z,False,14,0,0,0,0,0,0,0,0,0,0,0,0,0,0,0,55,16012,1567,4122,0.0,0.0,0.0,0.0,0.0,0.0,0,0,0,0,0.2
Alfie Pond,DEF,Wolves,641,30,3,2025-08-30T14:00:00Z,True,9,0,0,0,0,0,0,0,0,0,0,0,0,0,0,0,40,147145,2731,15072,0.0,0.0,0.0,0.0,0.0,0.0,0,0,0,0,0.0
Daniel Ballard,DEF,Sunderland,531,28,3,2025-08-30T14:00:00Z,True,5,0,0,0,0,0,0,0,0,0,0,0,0,0,0,0,46,515526,80977,246568,0.0,0.0,0.0,0.0,0.0,0.0,0,0,0,0,0.0
Tim Iroegbunam,MID,Everton,304,30,3,2025-08-30T14:00:00Z,False,20,14,0,1,0,0,0,1,0,0,0,0,0,0,0,4,50,3477,147,397,0.03,0.0,0.46,6.2,0.0,2.0,2,0,0,2,1.7
Lucas Digne,DEF,Aston Villa,37,21,3,2025-08-31T18:00:00Z,True,8,7,0,1,0,0,0,0,0,0,0,0,0,0,0,3,45,254048,18401,23876,0.0,0.0,0.38,0.0,0.7,0.0,0,0,0,0,3.0
Mads Hermansen,GK,West Ham,679,27,3,2025-08-31T13:00:00Z,False,16,90,1,7,0,0,1,0,0,0,0,0,0,3,0,30,45,34737,1108,4973,0.0,0.0,0.73,27.8,0.0,0.0,1,0,11,0,2.7
Viktor Gyökeres,FWD,Arsenal,666,25,3,2025-08-31T15:30:00Z,False,12,90,1,1,0,0,0,1,0,0,0,1,0,0,0,8,90,2805037,322756,256853,0.0,0.16,0.52,7.0,26.0,4.0,1,0,1,2,4.2
Emiliano Buendía Stati,MID,Aston Villa,50,21,3,2025-08-31T18:00:00Z,True,8,45,0,1,0,0,0,2,0,0,0,0,0,0,0,7,54,11246,612,3545,0.01,0.12,0.95,11.4,34.1,12.0,1,3,3,7,0.7
Benjamin Lecomte,GK,Fulham,664,23,3,2025-08-30T11:30:00Z,False,7,0,0,0,0,0,0,0,0,0,0,0,0,0,0,0,40,88440,1631,5113,0.0,0.0,0.0,0.0,0.0,0.0,0,0,0,0,-0.5
Ismeal Kabia,MID,Arsenal,28,25,3,2025-08-31T15:30:00Z,False,12,0,0,0,0,0,0,0,0,0,0,0,0,0,0,0,45,30300,2247,5950,0.0,0.0,0.0,0.0,0.0,0.0,0,0,0,0,-0.5
Isaac Hayden,MID,Newcastle,495,24,3,2025-08-30T16:30:00Z,False,11,0,0,0,0,0,0,0,0,0,0,0,0,0,0,0,45,1362,0,352,0.0,0.0,0.0,0.0,0.0,0.0,0,0,0,0,0.0
Adrian Mazilu,MID,Brighton,176,22,3,2025-08-31T13:00:00Z,True,13,0,0,0,0,0,0,0,0,0,0,0,0,0,0,0,45,4364,250,620,0.0,0.0,0.0,0.0,0.0,0.0,0,0,0,0,-0.5
Jurriën Timber,DEF,Arsenal,8,25,3,2025-08-31T15:30:00Z,False,12,90,1,2,0,0,0,1,0,0,0,0,0,0,0,7,56,828444,509691,60339,0.09,0.05,0.52,11.4,12.4,11.0,5,2,4,7,8.2
Kyle Walker,DEF,Burnley,187,26,3,2025-08-30T14:00:00Z,False,14,90,1,0,0,0,0,3,0,0,0,1,0,0,0,-1,45,214043,15143,20116,0.0,0.1,3.63,15.4,4.3,0.0,4,3,3,7,1.8
Cole Palmer,MID,Chelsea,235,23,3,2025-08-30T11:30:00Z,True,10,0,0,0,0,0,0,0,0,0,0,0,0,0,0,0,104,3172460,30905,3024167,0.0,0.0,0.0,0.0,0.0,0.0,0,0,0,0,0.0
Maxence Lacroix,DEF,Crystal Palace,257,21,3,2025-08-31T18:00:00Z,False,2,90,1,11,0,1,1,0,0,0,0,0,0,0,2,39,50,190026,46315,22635,0.0,0.12,1.13,33.0,10.9,2.0,9,0,1,9,7.3
Robert Lynch Sánchez,GK,Chelsea,220,23,3,2025-08-30T11:30:00Z,True,10,90,1,6,0,0,1,0,0,0,0,0,0,1,0,22,50,2786765,138162,165548,0.0,0.0,1.02,7.2,0.0,0.0,0,0,6,0,6.2
Benjamin Fredrick,DEF,Brentford,115,28,3,2025-08-30T14:00:00Z,False,17,0,0,0,0,0,0,0,0,0,0,0,0,0,0,0,40,17746,551,1950,0.0,0.0,0.0,0.0,0.0,0.0,0,0,0,0,0.5
Brajan Gruda,MID,Brighton,162,22,3,2025-08-31T13:00:00Z,True,13,29,0,8,1,0,0,0,0,0,0,0,0,0,2,27,54,4397,236,766,0.78,0.0,0.17,39.2,10.4,35.0,0,0,2,2,2.8
James Trafford,GK,Man City,182,22,3,2025-08-31T13:00:00Z,False,6,90,1,2,0,0,0,2,0,0,0,0,0,5,0,18,50,286648,25797,42360,0.0,0.0,2.3,40.6,0.0,0.0,1,0,13,0,4.2
Ben Gannon-Doak,MID,Bournemouth,391,29,3,2025-08-30T14:00:00Z,False,18,0,0,0,0,0,0,0,0,0,0,0,0,0,0,0,50,6354,508,1051,0.0,0.0,0.0,0.0,0.0,0.0,0,0,0,0,0.0
Saša Kalajdžić,FWD,Wolves,656,30,3,2025-08-30T14:00:00Z,True,9,14,0,1,0,0,0,0,0,0,0,0,0,0,0,1,49,10695,325,2037,0.0,0.01,0.1,1.0,4.3,2.0,1,0,1,2,0.3
Mitoma Kaoru,MID,Brighton,157,22,3,2025-08-31T13:00:00Z,True,13,90,1,5,0,1,0,1,0,0,0,0,0,0,0,21,64,560702,12822,127015,0.08,0.04,1.82,27.4,33.3,12.0,3,2,2,7,2.5
Michael Keane,DEF,Everton,295,30,3,2025-08-30T14:00:00Z,False,20,90,1,3,0,0,0,2,0,0,0,0,0,0,0,6,45,62333,21611,7099,0.0,0.0,1.11,24.6,0.2,0.0,13,1,1,14,4.3
Jean-Clair Todibo,DEF,West Ham,609,27,3,2025-08-31T13:00:00Z,False,16,0,0,0,0,0,0,0,0,0,0,0,0,0,0,0,44,13069,815,2299,0.0,0.0,0.0,0.0,0.0,0.0,0,0,0,0,0.3
Joelinton Cássio Apolinário de Lira,MID,Newcastle,490,24,3,2025-08-30T16:30:00Z,False,11,0,0,0,0,0,0,0,0,0,0,0,0,0,0,0,60,35896,2686,15239,0.0,0.0,0.0,0.0,0.0,0.0,0,0,0,0,0.0
Francisco Evanilson de Lima Barbosa,FWD,Bournemouth,97,29,3,2025-08-30T14:00:00Z,False,18,80,1,8,1,0,1,0,0,0,0,0,0,0,2,34,70,212854,14014,72884,0.5,0.06,0.12,40.6,21.7,63.0,2,0,3,5,3.7
Nordi Mukiele,DEF,Sunderland,694,28,3,2025-08-30T14:00:00Z,True,5,90,1,4,0,0,0,1,0,0,0,0,0,0,0,18,40,43173,8906,5759,0.07,0.0,1.2,26.4,0.6,6.0,9,5,1,14,1.5
Kevin Danso,DEF,Spurs,570,29,3,2025-08-30T14:00:00Z,True,4,0,0,0,0,0,0,0,0,0,0,0,0,0,0,0,44,19821,3237,3970,0.0,0.0,0.0,0.0,0.0,0.0,0,0,0,0,0.3
Adam Aznou,DEF,Everton,667,30,3,2025-08-30T14:00:00Z,False,20,0,0,0,0,0,0,0,0,0,0,0,0,0,0,0,44,9897,332,2911,0.0,0.0,0.0,0.0,0.0,0.0,0,0,0,0,0.0
Ben Davies,DEF,Spurs,571,29,3,2025-08-30T14:00:00Z,True,4,0,0,0,0,0,0,0,0,0,0,0,0,0,0,0,45,10507,493,1536,0.0,0.0,0.0,0.0,0.0,0.0,0,0,0,0,0.0
Trai Hume,DEF,Sunderland,532,28,3,2025-08-30T14:00:00Z,True,5,90,1,2,0,0,0,1,0,0,0,0,0,0,0,8,45,32502,3570,5502,0.04,0.01,1.2,17.2,2.1,4.0,5,4,2,9,2.5
Tom Cairney,MID,Fulham,331,23,3,2025-08-30T11:30:00Z,False,7,0,0,0,0,0,0,0,0,0,0,0,0,0,0,0,49,3613,89,543,0.0,0.0,0.0,0.0,0.0,0.0,0,0,0,0,-0.5
Calvin Bassey,DEF,Fulham,318,23,3,2025-08-30T11:30:00Z,False,7,90,1,1,0,0,0,2,0,0,0,0,0,0,0,7,45,52032,5773,5314,0.0,0.01,2.35,13.6,1.3,0.0,2,2,4,4,0.8
Matai Akinmboni,DEF,Bournemouth,75,29,3,2025-08-30T14:00:00Z,False,18,0,0,0,0,0,0,0,0,0,0,0,0,0,0,0,40,34570,1919,4008,0.0,0.0,0.0,0.0,0.0,0.0,0,0,0,0,0.0
Yehor Yarmoliuk,MID,Brentford,129,28,3,2025-08-30T14:00:00Z,False,17,90,1,2,0,0,0,2,0,0,0,0,0,0,0,13,50,8507,3175,1128,0.01,0.01,1.54,14.4,2.8,7.0,1,2,4,7,3.5
Norberto Bercique Gomes Betuncal,FWD,Everton,311,30,3,2025-08-30T14:00:00Z,False,20,75,1,7,1,0,0,1,0,0,0,0,0,0,1,33,54,613252,20710,235726,0.63,0.08,0.65,32.2,14.1,39.0,0,0,1,1,3.0
Christian Nørgaard,MID,Arsenal,24,25,3,2025-08-31T15:30:00Z,False,12,0,0,0,0,0,0,0,0,0,0,0,0,0,0,0,54,28588,70,18156,0.0,0.0,0.0,0.0,0.0,0.0,0,0,0,0,-0.2
Dan Ndoye,MID,Nott'm Forest,669,27,3,2025-08-31T13:00:00Z,True,19,57,1,1,0,0,0,0,0,0,0,0,0,0,0,5,60,458950,315205,39812,0.0,0.0,0.47,2.6,2.3,4.0,0,2,4,6,5.7
Bradley Burrowes,MID,Aston Villa,702,21,3,2025-08-31T18:00:00Z,True,8,16,0,1,0,0,0,1,0,0,0,0,0,0,0,3,45,7802,3287,878,0.0,0.0,0.9,0.0,0.3,0.0,0,0,1,1,0.5
Martin Sherif,FWD,Everton,313,30,3,2025-08-30T14:00:00Z,False,20,0,0,0,0,0,0,0,0,0,0,0,0,0,0,0,45,23250,954,4631,0.0,0.0,0.0,0.0,0.0,0.0,0,0,0,0,0.0
Martin Ødegaard,MID,Arsenal,17,25,3,2025-08-31T15:30:00Z,False,12,20,0,1,0,0,0,1,0,0,0,0,0,0,0,3,79,281805,8169,149649,0.0,0.01,0.25,1.4,2.2,2.0,0,0,1,1,0.9
Malick Yalcouyé,MID,Brighton,174,22,3,2025-08-31T13:00:00Z,True,13,0,0,0,0,0,0,0,0,0,0,0,0,0,0,0,50,955,0,245,0.0,0.0,0.0,0.0,0.0,0.0,0,0,0,0,0.0
Charalampos Kostoulas,FWD,Brighton,181,22,3,2025-08-31T13:00:00Z,True,13,0,0,0,0,0,0,0,0,0,0,0,0,0,0,0,49,38832,1844,10077,0.0,0.0,0.0,0.0,0.0,0.0,0,0,0,0,-0.5
Romain Esse,MID,Crystal Palace,269,21,3,2025-08-31T18:00:00Z,False,2,0,0,0,0,0,0,0,0,0,0,0,0,0,0,0,49,22052,1439,4283,0.0,0.0,0.0,0.0,0.0,0.0,0,0,0,0,0.3
Mark Travers,GK,Everton,288,30,3,2025-08-30T14:00:00Z,False,20,0,0,0,0,0,0,0,0,0,0,0,0,0,0,0,45,16023,423,1427,0.0,0.0,0.0,0.0,0.0,0.0,0,0,0,0,0.0
Altay Bayındır,GK,Man Utd,431,26,3,2025-08-30T14:00:00Z,True,3,90,1,1,0,0,0,2,0,0,0,0,0,1,0,5,50,60717,11240,7080,0.0,0.01,1.2,11.6,0.0,0.0,0,0,12,0,2.2
Largie Ramazani,MID,Leeds,357,24,3,2025-08-30T16:30:00Z,True,15,0,0,0,0,0,0,0,0,0,0,0,0,0,0,0,49,4094,105,1004,0.0,0.0,0.0,0.0,0.0,0.0,0,0,0,0,-1.0
Pedro Lomba Neto,MID,Chelsea,236,23,3,2025-08-30T11:30:00Z,True,10,80,1,3,0,0,1,0,0,0,0,0,0,0,0,12,70,668912,239084,46100,0.0,0.17,0.35,8.8,32.5,0.0,2,0,2,4,4.8
Rodrigo Martins Gomes,DEF,Wolves,635,30,3,2025-08-30T14:00:00Z,True,9,27,0,7,1,0,0,0,0,0,0,0,0,0,0,16,45,8395,192,1373,0.37,0.01,0.18,32.2,1.2,27.0,1,1,3,2,2.7
Yerson Mosquera Valdelamar,DEF,Wolves,634,30,3,2025-08-30T14:00:00Z,True,9,0,0,0,0,0,0,0,0,0,0,0,0,0,0,0,45,5837,133,818,0.0,0.0,0.0,0.0,0.0,0.0,0,0,0,0,0.0
Iliman Ndiaye,MID,Everton,299,30,3,2025-08-30T14:00:00Z,False,20,90,1,7,1,0,0,2,0,0,0,0,0,0,0,21,65,1055046,85171,88867,0.56,0.05,1.11,39.6,24.0,25.0,0,3,5,8,5.7
Nicolas Jackson,FWD,Chelsea,251,23,3,2025-08-30T11:30:00Z,True,10,0,0,0,0,0,0,0,0,0,0,0,0,0,0,0,65,15261,1256,5596,0.0,0.0,0.0,0.0,0.0,0.0,0,0,0,0,0.0
Morgan Rogers,MID,Aston Villa,47,21,3,2025-08-31T18:00:00Z,True,8,90,1,2,0,0,0,3,0,0,0,0,0,0,0,9,70,1003558,101550,158249,0.04,0.04,2.67,9.4,4.9,21.0,2,1,4,7,2.3
Reiss Nelson,MID,Arsenal,27,25,3,2025-08-31T15:30:00Z,False,12,0,0,0,0,0,0,0,0,0,0,0,0,0,0,0,50,14088,1028,2924,0.0,0.0,0.0,0.0,0.0,0.0,0,0,0,0,0.5
Dan Burn,DEF,Newcastle,476,24,3,2025-08-30T16:30:00Z,False,11,90,1,6,0,0,1,0,0,0,0,0,0,0,0,24,50,605784,126653,32995,0.0,0.01,0.69,6.4,1.3,0.0,1,0,4,1,6.7
Andreas Hoelgebaum Pereira,MID,Fulham,327,23,3,2025-08-30T11:30:00Z,False,7,0,0,0,0,0,0,0,0,0,0,0,0,0,0,0,54,25806,949,7271,0.0,0.0,0.0,0.0,0.0,0.0,0,0,0,0,-0.5
Lewis Miley,MID,Newcastle,497,24,3,2025-08-30T16:30:00Z,False,11,45,0,1,0,0,0,0,0,0,0,0,0,0,0,8,45,245964,13015,35649,0.0,0.01,0.15,3.8,2.5,0.0,2,0,3,5,2.0
Ahmed Abdullahi,FWD,Sunderland,562,28,3,2025-08-30T14:00:00Z,True,5,0,0,0,0,0,0,0,0,0,0,0,0,0,0,0,45,50485,1463,11735,0.0,0.0,0.0,0.0,0.0,0.0,0,0,0,0,-0.5
James McConnell,MID,Liverpool,394,25,3,2025-08-31T15:30:00Z,True,1,0,0,0,0,0,0,0,0,0,0,0,0,0,0,0,45,3174,149,519,0.0,0.0,0.0,0.0,0.0,0.0,0,0,0,0,0.5
Tom McGill,GK,Brighton,140,22,3,2025-08-31T13:00:00Z,True,13,0,0,0,0,0,0,0,0,0,0,0,0,0,0,0,40,42791,1545,3104,0.0,0.0,0.0,0.0,0.0,0.0,0,0,0,0,-0.5
Brayden Clarke,DEF,Arsenal,13,25,3,2025-08-31T15:30:00Z,False,12,0,0,0,0,0,0,0,0,0,0,0,0,0,0,0,40,66108,4594,9898,0.0,0.0,0.0,0.0,0.0,0.0,0,0,0,0,-0.5
Joe Worrall,DEF,Burnley,199,26,3,2025-08-30T14:00:00Z,False,14,7,0,1,0,0,0,1,0,0,0,0,0,0,0,1,40,15013,493,1423,0.0,0.0,1.06,3.0,0.0,0.0,2,0,1,2,0.2
Owen Dodgson,DEF,Burnley,189,26,3,2025-08-30T14:00:00Z,False,14,0,0,0,0,0,0,0,0,0,0,0,0,0,0,0,40,2551,0,499,0.0,0.0,0.0,0.0,0.0,0.0,0,0,0,0,0.0
Enzo Fernández,MID,Chelsea,237,23,3,2025-08-30T11:30:00Z,True,10,90,1,12,1,1,1,0,0,0,0,0,0,0,1,39,65,607310,196396,40869,0.79,0.24,1.02,60.4,40.4,25.0,3,0,3,6,8.8
Julio Enciso Espínola,MID,Brighton,161,22,3,2025-08-31T13:00:00Z,True,13,0,0,0,0,0,0,0,0,0,0,0,0,0,0,0,54,1968,40,628,0.0,0.0,0.0,0.0,0.0,0.0,0,0,0,0,0.0
Emil Krafth,DEF,Newcastle,479,24,3,2025-08-30T16:30:00Z,False,11,0,0,0,0,0,0,0,0,0,0,0,0,0,0,0,45,5440,241,629,0.0,0.0,0.0,0.0,0.0,0.0,0,0,0,0,1.0
Boubacar Kamara,MID,Aston Villa,58,21,3,2025-08-31T18:00:00Z,True,8,0,0,0,0,0,0,0,0,0,0,0,0,0,0,0,49,17157,693,7683,0.0,0.0,0.0,0.0,0.0,0.0,0,0,0,0,0.5
Hugo Ekitiké,FWD,Liverpool,661,25,3,2025-08-31T15:30:00Z,True,1,78,1,2,0,0,1,0,0,0,0,0,0,0,0,3,87,3110323,722062,167377,0.0,0.0,0.4,0.2,0.3,2.0,0,1,1,2,7.8
Amara Nallo,DEF,Liverpool,378,25,3,2025-08-31T15:30:00Z,True,1,0,0,0,0,0,0,0,0,0,0,0,0,0,0,0,40,10442,160,1349,0.0,0.0,0.0,0.0,0.0,0.0,0,0,0,0,0.5
Andrew Robertson,DEF,Liverpool,372,25,3,2025-08-31T15:30:00Z,True,1,0,0,0,0,0,0,0,0,0,0,0,0,0,0,0,59,132946,4498,18399,0.0,0.0,0.0,0.0,0.0,0.0,0,0,0,0,0.5
Seung-Soo Park,MID,Newcastle,689,24,3,2025-08-30T16:30:00Z,False,11,0,0,0,0,0,0,0,0,0,0,0,0,0,0,0,45,20716,1996,3837,0.0,0.0,0.0,0.0,0.0,0.0,0,0,0,0,1.0
Jason Steele,GK,Brighton,138,22,3,2025-08-31T13:00:00Z,True,13,0,0,0,0,0,0,0,0,0,0,0,0,0,0,0,45,45239,661,5560,0.0,0.0,0.0,0.0,0.0,0.0,0,0,0,0,-0.5
Joe Gauci,GK,Aston Villa,34,21,3,2025-08-31T18:00:00Z,True,8,0,0,0,0,0,0,0,0,0,0,0,0,0,0,0,40,21879,0,2751,0.0,0.0,0.0,0.0,0.0,0.0,0,0,0,0,0.0
Callum Hudson-Odoi,MID,Nott'm Forest,516,27,3,2025-08-31T13:00:00Z,True,19,88,1,2,0,0,0,2,0,0,0,0,0,0,0,16,60,191306,67371,16225,0.04,0.09,1.46,11.2,42.3,25.0,1,0,2,3,4.7
Trevoh Chalobah,DEF,Chelsea,226,23,3,2025-08-30T11:30:00Z,True,10,90,1,13,0,1,1,0,0,0,0,0,0,0,2,43,50,460557,259533,39271,0.12,0.21,1.02,26.4,8.6,17.0,6,5,2,11,9.5
Guido Rodríguez,MID,West Ham,618,27,3,2025-08-31T13:00:00Z,False,16,0,0,0,0,0,0,0,0,0,0,0,0,0,0,0,50,5754,160,937,0.0,0.0,0.0,0.0,0.0,0.0,0,0,0,0,0.7
Kepa Arrizabalaga Revuelta,GK,Arsenal,2,25,3,2025-08-31T15:30:00Z,False,12,0,0,0,0,0,0,0,0,0,0,0,0,0,0,0,44,81016,1131,12706,0.0,0.0,0.0,0.0,0.0,0.0,0,0,0,0,-0.5
James Justin,DEF,Leeds,706,24,3,2025-08-30T16:30:00Z,True,15,10,0,1,0,0,0,0,0,0,0,0,0,0,0,3,40,21528,8648,1029,0.0,0.0,0.03,0.0,0.0,0.0,0,0,0,0,0.2
Daniel Adu-Adjei,FWD,Bournemouth,99,29,3,2025-08-30T14:00:00Z,False,18,0,0,0,0,0,0,0,0,0,0,0,0,0,0,0,45,28995,1490,6601,0.0,0.0,0.0,0.0,0.0,0.0,0,0,0,0,0.0
Youssef Ramalho Chermiti,FWD,Everton,312,30,3,2025-08-30T14:00:00Z,False,20,0,0,0,0,0,0,0,0,0,0,0,0,0,0,0,50,15787,871,3086,0.0,0.0,0.0,0.0,0.0,0.0,0,0,0,0,0.0
Yang Min-hyeok,MID,Spurs,594,29,3,2025-08-30T14:00:00Z,True,4,0,0,0,0,0,0,0,0,0,0,0,0,0,0,0,45,2436,0,601,0.0,0.0,0.0,0.0,0.0,0.0,0,0,0,0,0.0
Ibrahima Konaté,DEF,Liverpool,374,25,3,2025-08-31T15:30:00Z,True,1,78,1,6,0,0,1,0,0,0,0,0,0,0,0,26,55,310805,21429,48633,0.0,0.0,0.4,16.2,0.8,0.0,4,1,2,5,2.8
Lyle Foster,FWD,Burnley,217,26,3,2025-08-30T14:00:00Z,False,14,90,1,6,1,0,0,3,0,0,0,1,0,0,1,27,50,64194,14059,15134,0.51,0.0,3.63,39.2,3.3,25.0,1,1,4,6,2.8
Rob Holding,DEF,Crystal Palace,264,21,3,2025-08-31T18:00:00Z,False,2,0,0,0,0,0,0,0,0,0,0,0,0,0,0,0,40,3712,0,728,0.0,0.0,0.0,0.0,0.0,0.0,0,0,0,0,0.0
Manor Solomon,MID,Spurs,589,29,3,2025-08-30T14:00:00Z,True,4,0,0,0,0,0,0,0,0,0,0,0,0,0,0,0,54,1295,24,265,0.0,0.0,0.0,0.0,0.0,0.0,0,0,0,0,0.0
Tommy Setford,GK,Arsenal,4,25,3,2025-08-31T15:30:00Z,False,12,0,0,0,0,0,0,0,0,0,0,0,0,0,0,0,40,20855,2209,1960,0.0,0.0,0.0,0.0,0.0,0.0,0,0,0,0,-0.5
Marcus Edwards,MID,Burnley,206,26,3,2025-08-30T14:00:00Z,False,14,0,0,0,0,0,0,0,0,0,0,0,0,0,0,0,49,8313,462,2206,0.0,0.0,0.0,0.0,0.0,0.0,0,0,0,0,-0.2
Manuel Benson Hedilazio,MID,Burnley,201,26,3,2025-08-30T14:00:00Z,False,14,0,0,0,0,0,0,0,0,0,0,0,0,0,0,0,55,2802,294,466,0.0,0.0,0.0,0.0,0.0,0.0,0,0,0,0,-0.5
Kalvin Phillips,MID,Man City,429,22,3,2025-08-31T13:00:00Z,False,6,0,0,0,0,0,0,0,0,0,0,0,0,0,0,0,49,6998,333,1123,0.0,0.0,0.0,0.0,0.0,0.0,0,0,0,0,0.5
Remy Rees-Dottin,MID,Bournemouth,687,29,3,2025-08-30T14:00:00Z,False,18,0,0,0,0,0,0,0,0,0,0,0,0,0,0,0,45,15182,846,2499,0.0,0.0,0.0,0.0,0.0,0.0,0,0,0,0,0.0
Tyrick Mitchell,DEF,Crystal Palace,258,21,3,2025-08-31T18:00:00Z,False,2,90,1,6,0,0,1,0,0,0,0,0,0,0,0,30,50,203201,23178,21359,0.0,0.02,1.13,22.6,17.9,4.0,3,6,3,9,5.3
Matheus Nunes,DEF,Man City,407,22,3,2025-08-31T13:00:00Z,False,6,84,1,2,0,0,0,1,0,0,0,0,0,0,0,7,54,38762,1817,9790,0.0,0.02,1.19,10.6,5.3,0.0,6,0,5,6,1.5
Sam Proctor,GK,Aston Villa,703,21,3,2025-08-31T18:00:00Z,True,8,0,0,0,0,0,0,0,0,0,0,0,0,0,0,0,40,27815,9230,1034,0.0,0.0,0.0,0.0,0.0,0.0,0,0,0,0,0.0
Harrison Jones,MID,Sunderland,557,28,3,2025-08-30T14:00:00Z,True,5,0,0,0,0,0,0,0,0,0,0,0,0,0,0,0,45,6490,210,1121,0.0,0.0,0.0,0.0,0.0,0.0,0,0,0,0,-0.5
Alex Iwobi,MID,Fulham,324,23,3,2025-08-30T11:30:00Z,False,7,83,1,1,0,0,0,2,0,0,0,1,0,0,0,4,65,148277,13817,15174,0.03,0.05,2.31,4.0,9.8,1.0,1,3,5,9,2.8
Timothy Castagne,DEF,Fulham,319,23,3,2025-08-30T11:30:00Z,False,7,59,1,0,0,0,0,2,0,0,0,0,0,0,0,-5,45,14115,687,1513,0.08,0.03,2.19,10.0,10.7,7.0,1,3,2,4,0.5
Bernd Leno,GK,Fulham,314,23,3,2025-08-30T11:30:00Z,False,7,90,1,2,0,0,0,2,0,0,0,0,0,4,0,12,50,170758,7796,13590,0.0,0.0,2.35,29.2,0.0,0.0,0,1,13,0,2.2
Claudio Echeverri,MID,Man City,425,22,3,2025-08-31T13:00:00Z,False,6,0,0,0,0,0,0,0,0,0,0,0,0,0,0,0,54,1987,0,1148,0.0,0.0,0.0,0.0,0.0,0.0,0,0,0,0,0.0
Giovanni Leoni,DEF,Liverpool,692,25,3,2025-08-31T15:30:00Z,True,1,0,0,0,0,0,0,0,0,0,0,0,0,0,0,0,50,1722,478,419,0.0,0.0,0.0,0.0,0.0,0.0,0,0,0,0,0.5
Owen Bevan,DEF,Bournemouth,76,29,3,2025-08-30T14:00:00Z,False,18,0,0,0,0,0,0,0,0,0,0,0,0,0,0,0,40,18294,600,2073,0.0,0.0,0.0,0.0,0.0,0.0,0,0,0,0,0.0
Angus Gunn,GK,Nott'm Forest,675,27,3,2025-08-31T13:00:00Z,True,19,0,0,0,0,0,0,0,0,0,0,0,0,0,0,0,40,200202,4946,12138,0.0,0.0,0.0,0.0,0.0,0.0,0,0,0,0,0.0
Cody Gakpo,MID,Liverpool,384,25,3,2025-08-31T15:30:00Z,True,1,90,1,3,0,0,1,0,0,0,0,0,0,0,0,10,76,1572398,655549,106857,0.05,0.01,0.49,11.4,13.9,22.0,2,1,2,5,7.2
George Earthy,MID,West Ham,620,27,3,2025-08-31T13:00:00Z,False,16,0,0,0,0,0,0,0,0,0,0,0,0,0,0,0,45,7197,358,833,0.0,0.0,0.0,0.0,0.0,0.0,0,0,0,0,0.0
Benjamin Arthur,DEF,Brentford,114,28,3,2025-08-30T14:00:00Z,False,17,0,0,0,0,0,0,0,0,0,0,0,0,0,0,0,40,32427,1535,3838,0.0,0.0,0.0,0.0,0.0,0.0,0,0,0,0,0.5
Adam Wharton,MID,Crystal Palace,273,21,3,2025-08-31T18:00:00Z,False,2,55,1,1,0,0,0,0,0,0,0,0,0,0,0,9,50,67625,5794,8450,0.0,0.01,0.75,3.2,5.9,0.0,0,0,5,5,2.0
Tyler Fredricson,DEF,Man Utd,446,26,3,2025-08-30T14:00:00Z,True,3,0,0,0,0,0,0,0,0,0,0,0,0,0,0,0,40,11606,161,1344,0.0,0.0,0.0,0.0,0.0,0.0,0,0,0,0,0.5
Ross Barkley,MID,Aston Villa,55,21,3,2025-08-31T18:00:00Z,True,8,0,0,0,0,0,0,0,0,0,0,0,0,0,0,0,49,6173,108,1763,0.0,0.0,0.0,0.0,0.0,0.0,0,0,0,0,0.0
Darko Churlinov,MID,Burnley,204,26,3,2025-08-30T14:00:00Z,False,14,0,0,0,0,0,0,0,0,0,0,0,0,0,0,0,50,2723,80,409,0.0,0.0,0.0,0.0,0.0,0.0,0,0,0,0,-0.5
Sam Byram,DEF,Leeds,346,24,3,2025-08-30T16:30:00Z,True,15,0,0,0,0,0,0,0,0,0,0,0,0,0,0,0,40,24643,472,2615,0.0,0.0,0.0,0.0,0.0,0.0,0,0,0,0,-0.7
Chris Richards,DEF,Crystal Palace,261,21,3,2025-08-31T18:00:00Z,False,2,90,1,8,0,0,1,0,0,0,0,0,0,0,0,31,45,179853,24871,17976,0.0,0.0,1.13,30.6,0.9,0.0,9,4,1,13,5.3
Jacob Murphy,MID,Newcastle,489,24,3,2025-08-30T16:30:00Z,False,11,61,1,3,0,0,1,0,0,0,0,0,0,0,0,7,63,153956,4990,42247,0.08,0.01,0.62,6.0,2.4,33.0,0,0,1,1,2.3
Filip Jörgensen,GK,Chelsea,221,23,3,2025-08-30T11:30:00Z,True,10,0,0,0,0,0,0,0,0,0,0,0,0,0,0,0,45,21479,550,2820,0.0,0.0,0.0,0.0,0.0,0.0,0,0,0,0,0.5
Rodrigo 'Rodri' Hernandez Cascante,MID,Man City,421,22,3,2025-08-31T13:00:00Z,False,6,90,1,2,0,0,0,2,0,0,0,0,0,0,0,14,64,66179,6923,9865,0.03,0.16,2.3,13.0,17.4,1.0,1,1,8,10,1.5
Ryan Gravenberch,MID,Liverpool,390,25,3,2025-08-31T15:30:00Z,True,1,90,1,2,0,0,1,0,0,0,0,1,0,0,0,13,55,50354,19577,5310,0.02,0.01,0.49,6.2,15.3,1.0,1,1,7,9,3.5
Naouirou Ahamada,MID,Crystal Palace,275,21,3,2025-08-31T18:00:00Z,False,2,0,0,0,0,0,0,0,0,0,0,0,0,0,0,0,45,4371,209,671,0.0,0.0,0.0,0.0,0.0,0.0,0,0,0,0,0.0
Andrey Nascimento dos Santos,MID,Chelsea,246,23,3,2025-08-30T11:30:00Z,True,10,9,0,0,0,0,0,0,0,0,0,1,0,0,0,2,45,38295,5647,7412,0.0,0.01,0.68,2.6,10.6,2.0,0,1,1,2,1.2
Jake O'Brien,DEF,Everton,293,30,3,2025-08-30T14:00:00Z,False,20,90,1,1,0,0,0,2,0,0,0,0,0,0,0,-3,50,65645,7113,5469,0.07,0.01,1.11,16.8,9.0,4.0,7,1,2,8,3.0
Gabriel Martinelli Silva,MID,Arsenal,19,25,3,2025-08-31T15:30:00Z,False,12,69,1,3,0,0,1,0,0,0,0,0,0,0,0,9,69,127440,4767,34057,0.0,0.0,0.28,1.4,0.4,6.0,0,1,2,3,0.8
Omar Marmoush,MID,Man City,413,22,3,2025-08-31T13:00:00Z,False,6,71,1,7,0,1,0,1,0,0,0,0,0,0,2,27,84,839430,85771,211762,0.05,0.44,1.07,25.2,32.5,16.0,1,2,5,8,3.5
Patrick Bamford,FWD,Leeds,363,24,3,2025-08-30T16:30:00Z,True,15,0,0,0,0,0,0,0,0,0,0,0,0,0,0,0,49,146776,4595,52346,0.0,0.0,0.0,0.0,0.0,0.0,0,0,0,0,-1.0
Ederson Santana de Moraes,GK,Man City,399,22,3,2025-08-31T13:00:00Z,False,6,0,0,0,0,0,0,0,0,0,0,0,0,0,0,0,54,242418,6651,48870,0.0,0.0,0.0,0.0,0.0,0.0,0,0,0,0,0.5
Jay Matete,MID,Sunderland,558,28,3,2025-08-30T14:00:00Z,True,5,0,0,0,0,0,0,0,0,0,0,0,0,0,0,0,45,25307,923,4173,0.0,0.0,0.0,0.0,0.0,0.0,0,0,0,0,-0.5
James Milner,MID,Brighton,170,22,3,2025-08-31T13:00:00Z,True,13,30,0,6,1,0,0,0,0,0,0,0,0,0,0,19,50,11074,429,1834,0.79,0.01,0.17,35.6,0.4,17.0,0,1,1,2,1.8
João Pedro Ferreira da Silva,MID,Nott'm Forest,518,27,3,2025-08-31T13:00:00Z,True,19,0,0,0,0,0,0,0,0,0,0,0,0,0,0,0,54,9915,385,1548,0.0,0.0,0.0,0.0,0.0,0.0,0,0,0,0,0.3
Darwin Núñez Ribeiro,FWD,Liverpool,397,25,3,2025-08-31T15:30:00Z,True,1,0,0,0,0,0,0,0,0,0,0,0,0,0,0,0,65,10507,0,2738,0.0,0.0,0.0,0.0,0.0,0.0,0,0,0,0,0.0
Nazarii Rusyn,FWD,Sunderland,564,28,3,2025-08-30T14:00:00Z,True,5,0,0,0,0,0,0,0,0,0,0,0,0,0,0,0,45,20823,775,4194,0.0,0.0,0.0,0.0,0.0,0.0,0,0,0,0,-0.5
Blondy Nna Noukeu,GK,Sunderland,530,28,3,2025-08-30T14:00:00Z,True,5,0,0,0,0,0,0,0,0,0,0,0,0,0,0,0,40,16450,340,1058,0.0,0.0,0.0,0.0,0.0,0.0,0,0,0,0,-0.5
Andre Harriman-Annous,MID,Arsenal,711,25,3,2025-08-31T15:30:00Z,False,12,0,0,0,0,0,0,0,0,0,0,0,0,0,0,0,45,0,0,0,0.0,0.0,0.0,0.0,0.0,0.0,0,0,0,0,0.6
Stefan Bajčetić Maquieira,MID,Liverpool,393,25,3,2025-08-31T15:30:00Z,True,1,0,0,0,0,0,0,0,0,0,0,0,0,0,0,0,44,7529,1206,1011,0.0,0.0,0.0,0.0,0.0,0.0,0,0,0,0,0.5
Eddie Nketiah,FWD,Crystal Palace,284,21,3,2025-08-31T18:00:00Z,False,2,0,0,0,0,0,0,0,0,0,0,0,0,0,0,0,54,21042,303,7100,0.0,0.0,0.0,0.0,0.0,0.0,0,0,0,0,0.0
Sean Longstaff,MID,Leeds,493,24,3,2025-08-30T16:30:00Z,True,15,90,1,5,0,0,1,0,0,0,0,0,0,0,0,21,49,16152,543,2794,0.0,0.01,0.46,14.0,12.3,0.0,2,5,6,13,1.3
Jenson Metcalfe,MID,Everton,309,30,3,2025-08-30T14:00:00Z,False,20,0,0,0,0,0,0,0,0,0,0,0,0,0,0,0,45,128,0,21,0.0,0.0,0.0,0.0,0.0,0.0,0,0,0,0,0.0
Nathaniel Clyne,DEF,Crystal Palace,263,21,3,2025-08-31T18:00:00Z,False,2,4,0,1,0,0,0,0,0,0,0,0,0,0,0,5,40,65125,1786,7550,0.0,0.0,0.0,3.4,0.5,0.0,1,1,0,2,0.3
Pascal Struijk,DEF,Leeds,343,24,3,2025-08-30T16:30:00Z,True,15,90,1,6,0,0,1,0,0,0,0,0,0,0,0,27,45,40838,3134,5906,0.0,0.01,0.46,10.0,1.2,0.0,4,0,3,4,3.7
Morgan Gibbs-White,MID,Nott'm Forest,515,27,3,2025-08-31T13:00:00Z,True,19,90,1,2,0,0,0,3,0,0,0,0,0,0,0,13,75,754402,177897,60604,0.15,0.08,2.42,7.6,11.2,31.0,0,1,5,6,3.0
Joe Gelhardt,MID,Leeds,360,24,3,2025-08-30T16:30:00Z,True,15,0,0,0,0,0,0,0,0,0,0,0,0,0,0,0,45,2133,0,599,0.0,0.0,0.0,0.0,0.0,0.0,0,0,0,0,0.0
Mohamed Salah,MID,Liverpool,381,25,3,2025-08-31T15:30:00Z,True,1,90,1,3,0,0,1,0,0,0,0,0,0,0,0,5,145,6034857,291184,188552,0.05,0.03,0.49,0.4,6.8,17.0,0,0,2,2,5.8
Calvin Ramsay,DEF,Liverpool,380,25,3,2025-08-31T15:30:00Z,True,1,0,0,0,0,0,0,0,0,0,0,0,0,0,0,0,40,17947,435,2282,0.0,0.0,0.0,0.0,0.0,0.0,0,0,0,0,0.5
Benjamin Sesko,FWD,Man Utd,681,26,3,2025-08-30T14:00:00Z,True,3,18,0,1,0,0,0,0,0,0,0,0,0,0,0,-2,75,830439,57965,228893,0.27,0.0,0.0,0.0,1.1,8.0,0,0,0,0,1.5
João Pedro Junqueira de Jesus,FWD,Chelsea,249,23,3,2025-08-30T11:30:00Z,True,10,90,1,9,1,0,1,0,0,0,0,0,0,0,3,46,76,6923871,990752,75948,0.66,0.02,1.02,49.8,13.6,51.0,3,1,6,10,9.2
Isaac Schmidt,DEF,Leeds,349,24,3,2025-08-30T16:30:00Z,True,15,0,0,0,0,0,0,0,0,0,0,0,0,0,0,0,40,18878,258,2367,0.0,0.0,0.0,0.0,0.0,0.0,0,0,0,0,-1.0
Franco Umeh-Chibueze,MID,Crystal Palace,282,21,3,2025-08-31T18:00:00Z,False,2,0,0,0,0,0,0,0,0,0,0,0,0,0,0,0,45,3259,167,456,0.0,0.0,0.0,0.0,0.0,0.0,0,0,0,0,0.0
James Hill,DEF,Bournemouth,77,29,3,2025-08-30T14:00:00Z,False,18,64,0,5,0,0,1,0,0,0,0,1,0,0,0,17,40,83142,6270,10421,0.0,0.0,0.19,7.6,0.7,4.0,5,0,4,5,2.3
Bukayo Saka,MID,Arsenal,16,25,3,2025-08-31T15:30:00Z,False,12,0,0,0,0,0,0,0,0,0,0,0,0,0,0,0,99,783017,55049,1041722,0.0,0.0,0.0,0.0,0.0,0.0,0,0,0,0,0.0
Santiago Ignacio Bueno,DEF,Wolves,636,30,3,2025-08-30T14:00:00Z,True,9,90,1,3,0,0,0,3,0,0,0,0,0,0,0,4,45,5422,88,545,0.0,0.05,1.93,21.8,19.2,2.0,8,2,3,10,1.3
Nicolás Domínguez,MID,Nott'm Forest,519,27,3,2025-08-31T13:00:00Z,True,19,0,0,0,0,0,0,0,0,0,0,0,0,0,0,0,50,200,17,27,0.0,0.0,0.0,0.0,0.0,0.0,0,0,0,0,0.0
Remi Matthews,GK,Crystal Palace,255,21,3,2025-08-31T18:00:00Z,False,2,0,0,0,0,0,0,0,0,0,0,0,0,0,0,0,40,12222,342,777,0.0,0.0,0.0,0.0,0.0,0.0,0,0,0,0,0.0
Illan Meslier,GK,Leeds,339,24,3,2025-08-30T16:30:00Z,True,15,0,0,0,0,0,0,0,0,0,0,0,0,0,0,0,45,69298,861,9659,0.0,0.0,0.0,0.0,0.0,0.0,0,0,0,0,-1.0
Martin Dúbravka,GK,Burnley,470,26,3,2025-08-30T14:00:00Z,False,14,90,1,2,0,0,0,3,0,0,0,0,0,5,0,8,40,3866489,146062,85440,0.0,0.0,3.63,35.4,0.0,0.0,2,0,7,0,2.8
Yasin Özcan,DEF,Aston Villa,46,21,3,2025-08-31T18:00:00Z,True,8,0,0,0,0,0,0,0,0,0,0,0,0,0,0,0,40,25299,1162,2718,0.0,0.0,0.0,0.0,0.0,0.0,0,0,0,0,0.0
Connor Roberts,DEF,Burnley,186,26,3,2025-08-30T14:00:00Z,False,14,0,0,0,0,0,0,0,0,0,0,0,0,0,0,0,45,7001,52,2668,0.0,0.0,0.0,0.0,0.0,0.0,0,0,0,0,0.0
Murillo Costa dos Santos,DEF,Nott'm Forest,506,27,3,2025-08-31T13:00:00Z,True,19,90,1,1,0,0,0,3,0,0,0,0,0,0,0,3,55,702496,29368,54437,0.0,0.02,2.42,13.6,5.0,0.0,4,0,9,4,1.3
Ferdi Kadıoğlu,DEF,Brighton,148,22,3,2025-08-31T13:00:00Z,True,13,0,0,0,0,0,0,0,0,0,0,0,0,0,0,0,44,17371,718,3536,0.0,0.0,0.0,0.0,0.0,0.0,0,0,0,0,-0.5
Aji Alese,DEF,Sunderland,533,28,3,2025-08-30T14:00:00Z,True,5,0,0,0,0,0,0,0,0,0,0,0,0,0,0,0,40,539,49,79,0.0,0.0,0.0,0.0,0.0,0.0,0,0,0,0,0.0
Kaden Rodney,MID,Crystal Palace,281,21,3,2025-08-31T18:00:00Z,False,2,0,0,0,0,0,0,0,0,0,0,0,0,0,0,0,45,4738,181,593,0.0,0.0,0.0,0.0,0.0,0.0,0,0,0,0,0.0
Odysseas Vlachodimos,GK,Newcastle,472,24,3,2025-08-30T16:30:00Z,False,11,0,0,0,0,0,0,0,0,0,0,0,0,0,0,0,40,2998,0,393,0.0,0.0,0.0,0.0,0.0,0.0,0,0,0,0,0.0
Yunus Emre Konak,MID,Brentford,131,28,3,2025-08-30T14:00:00Z,False,17,0,0,0,0,0,0,0,0,0,0,0,0,0,0,0,45,16408,398,2656,0.0,0.0,0.0,0.0,0.0,0.0,0,0,0,0,0.5
Kyle Walker-Peters,DEF,West Ham,659,27,3,2025-08-31T13:00:00Z,False,16,90,1,6,0,0,1,0,0,0,0,0,0,0,0,30,44,38248,662,4701,0.0,0.01,0.73,13.8,1.5,0.0,3,3,4,6,2.3
Gabriel Gudmundsson,DEF,Leeds,347,24,3,2025-08-30T16:30:00Z,True,15,79,1,9,0,0,1,0,0,0,0,0,0,0,3,34,40,404398,52197,41386,0.0,0.03,0.43,20.4,25.5,2.0,3,2,2,5,4.7
Jacob Slater,DEF,Brighton,155,22,3,2025-08-31T13:00:00Z,True,13,0,0,0,0,0,0,0,0,0,0,0,0,0,0,0,40,20122,697,2341,0.0,0.0,0.0,0.0,0.0,0.0,0,0,0,0,-0.5
Joe White,MID,Newcastle,498,24,3,2025-08-30T16:30:00Z,False,11,0,0,0,0,0,0,0,0,0,0,0,0,0,0,0,45,1027,0,256,0.0,0.0,0.0,0.0,0.0,0.0,0,0,0,0,0.0
Tyrell Malacia,DEF,Man Utd,448,26,3,2025-08-30T14:00:00Z,True,3,0,0,0,0,0,0,0,0,0,0,0,0,0,0,0,40,31497,825,4241,0.0,0.0,0.0,0.0,0.0,0.0,0,0,0,0,0.5
Ian Maatsen,DEF,Aston Villa,39,21,3,2025-08-31T18:00:00Z,True,8,83,1,1,0,0,0,3,0,0,0,0,0,0,0,6,44,76151,2693,11861,0.09,0.12,2.29,19.0,38.1,5.0,6,0,5,6,0.7
Nathan Aké,DEF,Man City,405,22,3,2025-08-31T13:00:00Z,False,6,0,0,0,0,0,0,0,0,0,0,0,0,0,0,0,55,82233,7137,8390,0.0,0.0,0.0,0.0,0.0,0.0,0,0,0,0,0.8
Enso González Medina,MID,Wolves,652,30,3,2025-08-30T14:00:00Z,True,9,0,0,0,0,0,0,0,0,0,0,0,0,0,0,0,45,143690,3004,21242,0.0,0.0,0.0,0.0,0.0,0.0,0,0,0,0,0.0
Jayden Bogle,DEF,Leeds,342,24,3,2025-08-30T16:30:00Z,True,15,90,1,6,0,0,1,0,0,0,0,0,0,0,0,23,45,21402,1257,2076,0.08,0.02,0.46,10.6,12.4,9.0,5,2,9,7,2.7
James Maddison,MID,Spurs,581,29,3,2025-08-30T14:00:00Z,True,4,0,0,0,0,0,0,0,0,0,0,0,0,0,0,0,69,19287,183,4772,0.0,0.0,0.0,0.0,0.0,0.0,0,0,0,0,0.0
Pervis Estupiñán Tenorio,DEF,Brighton,147,22,3,2025-08-31T13:00:00Z,True,13,0,0,0,0,0,0,0,0,0,0,0,0,0,0,0,45,1692,0,422,0.0,0.0,0.0,0.0,0.0,0.0,0,0,0,0,0.0
Solly March,MID,Brighton,159,22,3,2025-08-31T13:00:00Z,True,13,0,0,0,0,0,0,0,0,0,0,0,0,0,0,0,59,1227,30,445,0.0,0.0,0.0,0.0,0.0,0.0,0,0,0,0,0.0
Wes Foderingham,GK,West Ham,601,27,3,2025-08-31T13:00:00Z,False,16,0,0,0,0,0,0,0,0,0,0,0,0,0,0,0,40,62331,1251,3923,0.0,0.0,0.0,0.0,0.0,0.0,0,0,0,0,0.0
Kobbie Mainoo,MID,Man Utd,458,26,3,2025-08-30T14:00:00Z,True,3,45,0,1,0,0,0,2,0,0,0,0,0,0,0,5,49,63756,3649,15378,0.07,0.09,1.0,5.4,16.7,3.0,0,1,4,5,0.8
Ryan Yates,MID,Nott'm Forest,522,27,3,2025-08-31T13:00:00Z,True,19,0,0,0,0,0,0,0,0,0,0,0,0,0,0,0,49,11842,303,1914,0.0,0.0,0.0,0.0,0.0,0.0,0,0,0,0,0.7
Kevin Schade,MID,Brentford,120,28,3,2025-08-30T14:00:00Z,False,17,89,1,0,0,0,0,1,0,0,1,0,0,0,0,-6,70,40500,8760,5201,0.95,0.0,1.41,6.6,0.7,29.0,1,1,2,4,1.8
David Møller Wolfe,DEF,Wolves,682,30,3,2025-08-30T14:00:00Z,True,9,15,0,4,0,1,0,0,0,0,0,0,0,0,0,17,45,9533,384,1064,0.0,0.12,0.1,21.2,15.0,0.0,1,0,0,1,2.0
Arthur Masuaku,DEF,Sunderland,678,28,3,2025-08-30T14:00:00Z,True,5,0,0,0,0,0,0,0,0,0,0,0,0,0,0,0,40,78687,2657,7906,0.0,0.0,0.0,0.0,0.0,0.0,0,0,0,0,-0.5
Filip Marschall,GK,Aston Villa,35,21,3,2025-08-31T18:00:00Z,True,8,0,0,0,0,0,0,0,0,0,0,0,0,0,0,0,40,1757,0,217,0.0,0.0,0.0,0.0,0.0,0.0,0,0,0,0,0.0
Joe Gomez,DEF,Liverpool,376,25,3,2025-08-31T15:30:00Z,True,1,11,0,1,0,0,0,0,0,0,0,0,0,0,0,6,50,14499,1225,1899,0.0,0.0,0.09,12.2,0.1,0.0,7,0,0,7,1.2
Felipe Rodrigues da Silva,DEF,Nott'm Forest,511,27,3,2025-08-31T13:00:00Z,True,19,0,0,0,0,0,0,0,0,0,0,0,0,0,0,0,45,9325,166,1207,0.0,0.0,0.0,0.0,0.0,0.0,0,0,0,0,0.0
Mohammed Kudus,MID,Spurs,582,29,3,2025-08-30T14:00:00Z,True,4,90,1,2,0,0,0,1,0,0,0,0,0,0,0,6,66,3815503,746229,150246,0.0,0.08,1.59,14.8,20.4,8.0,0,4,2,6,5.0
Richarlison de Andrade,FWD,Spurs,597,29,3,2025-08-30T14:00:00Z,True,4,90,1,2,0,0,0,1,0,0,0,0,0,0,0,7,67,1585861,781226,107347,0.0,0.01,1.59,12.2,11.8,10.0,4,0,0,4,6.3
Michael Kayode,DEF,Brentford,110,28,3,2025-08-30T14:00:00Z,False,17,90,1,1,0,0,0,2,0,0,0,0,0,0,0,6,45,62837,35051,6518,0.0,0.01,1.54,7.4,2.1,2.0,2,1,3,3,4.5
Granit Xhaka,MID,Sunderland,668,28,3,2025-08-30T14:00:00Z,True,5,90,1,4,0,1,0,1,0,0,0,1,0,0,0,28,50,307263,21325,38080,0.0,0.1,1.2,34.6,16.7,0.0,6,1,4,11,3.2
Mikkel Damsgaard,MID,Brentford,121,28,3,2025-08-30T14:00:00Z,False,17,90,1,2,0,0,0,2,0,0,0,0,0,0,0,6,59,107709,17760,10496,0.0,0.27,1.54,11.2,38.5,2.0,1,0,0,1,2.8
Albert Sambi Lokonga,MID,Arsenal,29,25,3,2025-08-31T15:30:00Z,False,12,0,0,0,0,0,0,0,0,0,0,0,0,0,0,0,45,14501,964,2774,0.0,0.0,0.0,0.0,0.0,0.0,0,0,0,0,-0.5
Declan Rice,MID,Arsenal,21,25,3,2025-08-31T15:30:00Z,False,12,90,1,4,0,0,0,1,0,0,0,0,0,0,0,13,65,978824,106036,89448,0.02,0.1,0.52,13.2,22.7,3.0,6,0,7,13,4.8
Mathias Jensen,MID,Brentford,126,28,3,2025-08-30T14:00:00Z,False,17,0,0,0,0,0,0,0,0,0,0,0,0,0,0,0,50,8897,393,1579,0.0,0.0,0.0,0.0,0.0,0.0,0,0,0,0,1.5
Joël Veltman,DEF,Brighton,152,22,3,2025-08-31T13:00:00Z,True,13,90,1,1,0,0,0,1,0,0,0,1,0,0,0,5,44,21145,753,3663,0.0,0.0,1.82,8.2,3.3,2.0,2,3,0,5,-0.2
Joachim Andersen,DEF,Fulham,317,23,3,2025-08-30T11:30:00Z,False,7,90,1,3,0,0,0,2,0,0,0,0,0,0,0,13,45,299587,15504,21527,0.21,0.02,2.35,20.8,11.2,8.0,7,3,4,10,2.5
James Garner,MID,Everton,303,30,3,2025-08-30T14:00:00Z,False,20,90,1,4,0,0,0,2,0,0,0,0,0,0,0,18,50,33345,21034,4728,0.0,0.02,1.11,13.4,3.3,0.0,4,3,5,12,5.3
Joshua Zirkzee,FWD,Man Utd,466,26,3,2025-08-30T14:00:00Z,True,3,59,0,1,0,0,0,2,0,0,0,0,0,0,0,-2,59,43714,2857,9712,0.67,0.03,1.2,8.2,15.4,52.0,2,0,1,3,0.8
Jayden Meghoma,DEF,Brentford,118,28,3,2025-08-30T14:00:00Z,False,17,0,0,0,0,0,0,0,0,0,0,0,0,0,0,0,40,10143,0,3011,0.0,0.0,0.0,0.0,0.0,0.0,0,0,0,0,0.0
Conor Bradley,DEF,Liverpool,375,25,3,2025-08-31T15:30:00Z,True,1,0,0,0,0,0,0,0,0,0,0,0,0,0,0,0,50,13350,2680,2452,0.0,0.0,0.0,0.0,0.0,0.0,0,0,0,0,0.5
Igor Thiago Nascimento Rodrigues,FWD,Brentford,136,28,3,2025-08-30T14:00:00Z,False,17,90,1,6,1,0,0,2,0,0,0,1,0,0,1,29,60,153641,45956,26666,0.12,0.1,1.54,43.4,17.4,19.0,5,0,0,5,5.2
Florian Wirtz,MID,Liverpool,382,25,3,2025-08-31T15:30:00Z,True,1,88,1,3,0,0,1,0,0,0,0,0,0,0,0,18,84,2439208,86638,623082,0.18,0.06,0.4,14.8,12.6,23.0,2,2,4,8,2.8
Leandro Trossard,MID,Arsenal,20,25,3,2025-08-31T15:30:00Z,False,12,0,0,0,0,0,0,0,0,0,0,0,0,0,0,0,69,33601,1464,5745,0.0,0.0,0.0,0.0,0.0,0.0,0,0,0,0,-0.2
William Saliba,DEF,Arsenal,6,25,3,2025-08-31T15:30:00Z,False,12,4,1,1,0,0,0,0,0,0,0,0,0,0,0,4,61,2042178,133191,143361,0.0,0.0,0.0,3.0,0.0,0.0,3,0,0,3,4.8
Harry Amass,DEF,Man Utd,445,26,3,2025-08-30T14:00:00Z,True,3,0,0,0,0,0,0,0,0,0,0,0,0,0,0,0,40,18061,416,2303,0.0,0.0,0.0,0.0,0.0,0.0,0,0,0,0,0.5
Cheick Doucouré,MID,Crystal Palace,268,21,3,2025-08-31T18:00:00Z,False,2,0,0,0,0,0,0,0,0,0,0,0,0,0,0,0,50,373,19,93,0.0,0.0,0.0,0.0,0.0,0.0,0,0,0,0,0.0
Anthony Elanga,MID,Newcastle,486,24,3,2025-08-30T16:30:00Z,False,11,28,0,1,0,0,0,0,0,0,0,0,0,0,0,3,70,1117447,328038,91530,0.0,0.01,0.07,3.8,0.8,0.0,0,1,0,1,3.0
Noni Madueke,MID,Arsenal,18,25,3,2025-08-31T15:30:00Z,False,12,88,1,2,0,0,0,1,0,0,0,0,0,0,0,5,70,107118,11333,17376,0.14,0.03,0.4,0.0,1.6,38.0,0,0,2,2,1.5
Saša Lukić,MID,Fulham,332,23,3,2025-08-30T11:30:00Z,False,7,90,1,1,0,0,0,2,0,0,0,1,0,0,0,8,50,7590,843,937,0.0,0.11,2.35,23.6,47.8,2.0,2,5,3,10,1.5
Max Dowman,MID,Arsenal,700,25,3,2025-08-31T15:30:00Z,False,12,1,0,1,0,0,0,0,0,0,0,0,0,0,0,0,45,31938,26751,6396,0.06,0.0,0.12,0.0,0.3,11.0,0,0,0,0,2.0
Stefan Ortega Moreno,GK,Man City,400,22,3,2025-08-31T13:00:00Z,False,6,0,0,0,0,0,0,0,0,0,0,0,0,0,0,0,49,25305,416,3379,0.0,0.0,0.0,0.0,0.0,0.0,0,0,0,0,0.5
Rúben dos Santos Gato Alves Dias,DEF,Man City,408,22,3,2025-08-31T13:00:00Z,False,6,5,0,1,0,0,0,1,0,0,0,0,0,0,0,-1,55,489099,60154,39687,0.0,0.0,1.11,5.6,0.1,0.0,1,0,0,1,3.2
Chris Mepham,DEF,Bournemouth,79,29,3,2025-08-30T14:00:00Z,False,18,0,0,0,0,0,0,0,0,0,0,0,0,0,0,0,40,20442,568,2294,0.0,0.0,0.0,0.0,0.0,0.0,0,0,0,0,0.0
Joe Willock,MID,Newcastle,494,24,3,2025-08-30T16:30:00Z,False,11,0,0,0,0,0,0,0,0,0,0,0,0,0,0,0,50,4298,604,421,0.0,0.0,0.0,0.0,0.0,0.0,0,0,0,0,1.0
Elliot Anderson,MID,Nott'm Forest,517,27,3,2025-08-31T13:00:00Z,True,19,90,1,2,0,0,0,3,0,0,0,0,0,0,0,24,55,675082,53094,67534,0.02,0.13,2.42,32.8,49.3,10.0,1,7,3,11,3.3
Jack Hinshelwood,MID,Brighton,163,22,3,2025-08-31T13:00:00Z,True,13,60,1,2,0,0,0,1,0,0,0,0,0,0,0,11,54,8342,190,1678,0.0,0.0,1.65,4.8,0.8,0.0,2,2,4,8,0.5
David Brooks,MID,Bournemouth,86,29,3,2025-08-30T14:00:00Z,False,18,63,1,4,0,0,1,0,0,0,0,0,0,0,1,24,50,30754,7385,6075,0.34,0.32,0.01,18.6,25.1,37.0,0,4,1,5,3.7
Nikola Milenković,DEF,Nott'm Forest,505,27,3,2025-08-31T13:00:00Z,True,19,90,1,1,0,0,0,3,0,0,0,0,0,0,0,-1,55,1107988,76353,77499,0.05,0.01,2.42,10.8,2.1,6.0,4,0,3,4,1.7
Julio Soler Barreto,DEF,Bournemouth,80,29,3,2025-08-30T14:00:00Z,False,18,0,0,0,0,0,0,0,0,0,0,0,0,0,0,0,40,29513,1250,3351,0.0,0.0,0.0,0.0,0.0,0.0,0,0,0,0,0.0
Mamadou Sarr,DEF,Chelsea,231,23,3,2025-08-30T11:30:00Z,True,10,0,0,0,0,0,0,0,0,0,0,0,0,0,0,0,45,1396,0,413,0.0,0.0,0.0,0.0,0.0,0.0,0,0,0,0,0.0
Lukas Nmecha,FWD,Leeds,365,24,3,2025-08-30T16:30:00Z,True,15,69,1,2,0,0,1,0,0,0,0,0,0,0,0,8,50,84451,22631,18830,0.1,0.02,0.39,10.6,5.1,11.0,5,0,4,9,1.7
Loum Tchaouna,MID,Burnley,210,26,3,2025-08-30T14:00:00Z,False,14,25,0,3,0,1,0,1,0,0,0,1,0,0,0,12,50,3025,87,370,0.13,0.0,1.25,4.2,1.3,17.0,0,1,0,1,1.2
Ollie Watkins,FWD,Aston Villa,64,21,3,2025-08-31T18:00:00Z,True,8,90,1,2,0,0,0,3,0,0,0,0,0,0,0,4,89,2212818,75370,559358,0.64,0.04,2.67,3.8,11.8,43.0,0,1,0,1,2.0
James Ward-Prowse,MID,West Ham,614,27,3,2025-08-31T13:00:00Z,False,16,74,1,3,0,0,1,0,0,0,0,0,0,0,0,11,59,33338,1711,6652,0.0,0.11,0.7,9.4,45.2,0.0,2,0,4,6,2.3
Jarrod Bowen,FWD,West Ham,624,27,3,2025-08-31T13:00:00Z,False,16,90,1,9,1,0,1,0,0,0,0,0,0,0,3,46,78,872029,10996,482625,0.07,0.04,0.73,50.2,33.6,9.0,2,2,4,8,4.3
Nico González Iglesias,MID,Man City,423,22,3,2025-08-31T13:00:00Z,False,6,0,0,0,0,0,0,0,0,0,0,0,0,0,0,0,60,10371,1497,1986,0.0,0.0,0.0,0.0,0.0,0.0,0,0,0,0,1.8
Gonçalo Manuel Ganchinho Guedes,MID,Wolves,647,30,3,2025-08-30T14:00:00Z,True,9,0,0,0,0,0,0,0,0,0,0,0,0,0,0,0,55,583,0,166,0.0,0.0,0.0,0.0,0.0,0.0,0,0,0,0,0.0
Alan Browne,MID,Sunderland,555,28,3,2025-08-30T14:00:00Z,True,5,0,0,0,0,0,0,0,0,0,0,0,0,0,0,0,45,9945,351,1779,0.0,0.0,0.0,0.0,0.0,0.0,0,0,0,0,-0.5
Jaka Bijol,DEF,Leeds,344,24,3,2025-08-30T16:30:00Z,True,15,0,0,0,0,0,0,0,0,0,0,0,0,0,0,0,40,19039,964,2068,0.0,0.0,0.0,0.0,0.0,0.0,0,0,0,0,-1.0
Alex Scott,MID,Bournemouth,90,29,3,2025-08-30T14:00:00Z,False,18,62,1,3,0,0,1,0,0,0,0,0,0,0,0,14,50,10762,820,1533,0.05,0.13,0.01,12.2,30.4,5.0,2,2,3,7,2.3
Lewis O'Brien,MID,Nott'm Forest,520,27,3,2025-08-31T13:00:00Z,True,19,0,0,0,0,0,0,0,0,0,0,0,0,0,0,0,50,137,0,25,0.0,0.0,0.0,0.0,0.0,0.0,0,0,0,0,0.0
Patrick Roberts,MID,Sunderland,545,28,3,2025-08-30T14:00:00Z,True,5,0,0,0,0,0,0,0,0,0,0,0,0,0,0,0,54,3702,244,700,0.0,0.0,0.0,0.0,0.0,0.0,0,0,0,0,-0.2
Álex Moreno Lopera,DEF,Aston Villa,43,21,3,2025-08-31T18:00:00Z,True,8,0,0,0,0,0,0,0,0,0,0,0,0,0,0,0,40,747920,11645,224866,0.0,0.0,0.0,0.0,0.0,0.0,0,0,0,0,0.0
Eric da Silva Moreira,MID,Nott'm Forest,523,27,3,2025-08-31T13:00:00Z,True,19,0,0,0,0,0,0,0,0,0,0,0,0,0,0,0,45,16938,632,2793,0.0,0.0,0.0,0.0,0.0,0.0,0,0,0,0,0.0
Leny Yoro,DEF,Man Utd,444,26,3,2025-08-30T14:00:00Z,True,3,84,1,1,0,0,0,2,0,0,0,0,0,0,0,2,45,309526,81751,24200,0.09,0.02,1.2,7.8,4.6,4.0,2,2,1,4,4.2
Shurandy Sambo,DEF,Burnley,196,26,3,2025-08-30T14:00:00Z,False,14,0,0,0,0,0,0,0,0,0,0,0,0,0,0,0,40,9361,0,2618,0.0,0.0,0.0,0.0,0.0,0.0,0,0,0,0,0.0
Diego Gómez Amarilla,MID,Brighton,169,22,3,2025-08-31T13:00:00Z,True,13,60,1,2,0,0,0,1,0,0,0,0,0,0,0,12,50,6639,174,868,0.0,0.0,1.65,3.8,0.3,0.0,0,3,3,6,0.5
Neco Williams,DEF,Nott'm Forest,508,27,3,2025-08-31T13:00:00Z,True,19,90,1,1,0,0,0,3,0,0,0,0,0,0,0,2,50,1008472,37013,79567,0.03,0.02,2.42,11.4,3.9,13.0,2,3,5,5,1.3
David Mota Veiga Teixeira do Carmo,DEF,Nott'm Forest,509,27,3,2025-08-31T13:00:00Z,True,19,0,0,0,0,0,0,0,0,0,0,0,0,0,0,0,45,5375,186,728,0.0,0.0,0.0,0.0,0.0,0.0,0,0,0,0,0.0
Harrison Armstrong,MID,Everton,305,30,3,2025-08-30T14:00:00Z,False,20,0,0,0,0,0,0,0,0,0,0,0,0,0,0,0,45,14846,2090,2033,0.0,0.0,0.0,0.0,0.0,0.0,0,0,0,0,0.3
Jackson Tchatchoua,DEF,Wolves,695,30,3,2025-08-30T14:00:00Z,True,9,62,1,1,0,0,0,3,0,0,0,0,0,0,0,-5,45,1497,633,220,0.0,0.01,1.75,11.0,6.3,2.0,2,1,2,3,1.0
Lucas Pires Silva,DEF,Burnley,195,26,3,2025-08-30T14:00:00Z,False,14,0,0,0,0,0,0,0,0,0,0,0,0,0,0,0,40,16096,426,2035,0.0,0.0,0.0,0.0,0.0,0.0,0,0,0,0,-0.5
Anthony Patterson,GK,Sunderland,528,28,3,2025-08-30T14:00:00Z,True,5,0,0,0,0,0,0,0,0,0,0,0,0,0,0,0,45,31391,839,4703,0.0,0.0,0.0,0.0,0.0,0.0,0,0,0,0,-0.5
Wilson Isidor,FWD,Sunderland,560,28,3,2025-08-30T14:00:00Z,True,5,25,0,8,1,0,0,1,0,0,0,0,0,0,3,32,55,33219,3253,9931,0.24,0.0,0.24,38.6,0.6,35.0,0,2,0,2,4.2
Jack Harrison,MID,Leeds,352,24,3,2025-08-30T16:30:00Z,True,15,30,0,1,0,0,0,0,0,0,0,0,0,0,0,10,54,10653,246,3101,0.0,0.03,0.07,7.6,4.4,2.0,3,1,2,6,-0.3
Dango Ouattara,MID,Brentford,83,28,3,2025-08-30T14:00:00Z,False,17,90,1,2,0,0,0,2,0,0,0,0,0,0,0,6,60,167945,121225,20327,0.08,0.0,1.54,7.2,0.7,19.0,4,0,3,7,5.5
Mathys Tel,MID,Spurs,584,29,3,2025-08-30T14:00:00Z,True,4,14,0,1,0,0,0,0,0,0,0,0,0,0,0,1,63,11643,924,3348,0.05,0.0,0.0,4.6,0.3,1.0,0,3,2,5,0.7
Charlie Crew,MID,Leeds,359,24,3,2025-08-30T16:30:00Z,True,15,0,0,0,0,0,0,0,0,0,0,0,0,0,0,0,45,814,0,195,0.0,0.0,0.0,0.0,0.0,0.0,0,0,0,0,0.0
Ryan Trevitt,MID,Brentford,134,28,3,2025-08-30T14:00:00Z,False,17,0,0,0,0,0,0,0,0,0,0,0,0,0,0,0,45,875,0,214,0.0,0.0,0.0,0.0,0.0,0.0,0,0,0,0,0.0
Sandro Tonali,MID,Newcastle,491,24,3,2025-08-30T16:30:00Z,False,11,90,1,3,0,0,1,0,0,0,0,0,0,0,0,17,54,141013,5645,54016,0.0,0.05,0.69,9.2,36.0,0.0,0,0,6,6,1.9
Ben Broggio,MID,Aston Villa,60,21,3,2025-08-31T18:00:00Z,True,8,0,0,0,0,0,0,0,0,0,0,0,0,0,0,0,45,35123,3067,5544,0.0,0.0,0.0,0.0,0.0,0.0,0,0,0,0,0.0
Matt Doherty,DEF,Wolves,632,30,3,2025-08-30T14:00:00Z,True,9,0,0,0,0,0,0,0,0,0,0,0,0,0,0,0,45,19760,657,2228,0.0,0.0,0.0,0.0,0.0,0.0,0,0,0,0,0.0
Niclas Füllkrug,FWD,West Ham,625,27,3,2025-08-31T13:00:00Z,False,16,63,1,2,0,0,1,0,0,0,0,0,0,0,0,6,59,210590,9129,129707,0.15,0.0,0.54,6.0,1.3,31.0,1,1,1,3,1.7
Maldini Kacurri,DEF,Arsenal,14,25,3,2025-08-31T15:30:00Z,False,12,0,0,0,0,0,0,0,0,0,0,0,0,0,0,0,40,19634,945,2929,0.0,0.0,0.0,0.0,0.0,0.0,0,0,0,0,-0.5
Donyell Malen,MID,Aston Villa,53,21,3,2025-08-31T18:00:00Z,True,8,82,1,2,0,0,0,3,0,0,0,0,0,0,0,1,53,118258,3890,43861,0.18,0.02,2.29,0.0,6.2,5.0,0,0,3,3,1.3
Bafodé Diakité,DEF,Bournemouth,685,29,3,2025-08-30T14:00:00Z,False,18,90,1,6,0,0,1,0,0,0,0,0,0,0,0,22,45,35681,13382,4592,0.0,0.01,0.19,15.4,10.9,2.0,7,0,3,7,5.3
Leander Dendoncker,MID,Aston Villa,61,21,3,2025-08-31T18:00:00Z,True,8,0,0,0,0,0,0,0,0,0,0,0,0,0,0,0,45,23711,0,10208,0.0,0.0,0.0,0.0,0.0,0.0,0,0,0,0,0.0
Robin Roefs,GK,Sunderland,670,28,3,2025-08-30T14:00:00Z,True,5,90,1,8,0,0,0,1,0,1,0,0,0,3,0,23,45,130508,22651,20262,0.0,0.0,1.2,47.4,0.0,0.0,0,0,9,0,5.2
Lesley Ugochukwu,MID,Burnley,676,26,3,2025-08-30T14:00:00Z,False,14,75,1,2,0,0,0,2,0,0,0,0,0,0,0,8,50,4900,292,651,0.0,0.0,2.5,8.6,1.7,2.0,2,4,4,10,1.5
Borna Sosa,DEF,Crystal Palace,259,21,3,2025-08-31T18:00:00Z,False,2,0,0,0,0,0,0,0,0,0,0,0,0,0,0,0,50,15178,719,2117,0.0,0.0,0.0,0.0,0.0,0.0,0,0,0,0,0.0
Kaelan Casey,DEF,West Ham,611,27,3,2025-08-31T13:00:00Z,False,16,0,0,0,0,0,0,0,0,0,0,0,0,0,0,0,40,14805,0,2428,0.0,0.0,0.0,0.0,0.0,0.0,0,0,0,0,0.0
Hamed Traorè,MID,Bournemouth,93,29,3,2025-08-30T14:00:00Z,False,18,0,0,0,0,0,0,0,0,0,0,0,0,0,0,0,45,144165,28902,28981,0.0,0.0,0.0,0.0,0.0,0.0,0,0,0,0,1.3
Jack Fletcher,MID,Man Utd,462,26,3,2025-08-30T14:00:00Z,True,3,0,0,0,0,0,0,0,0,0,0,0,0,0,0,0,45,3933,135,634,0.0,0.0,0.0,0.0,0.0,0.0,0,0,0,0,0.5
Riccardo Calafiori,DEF,Arsenal,7,25,3,2025-08-31T15:30:00Z,False,12,90,1,2,0,0,0,1,0,0,0,0,0,0,0,9,56,982437,429321,68237,0.13,0.01,0.52,9.8,1.9,11.0,5,2,3,7,8.8
David Raya Martín,GK,Arsenal,1,25,3,2025-08-31T15:30:00Z,False,12,90,1,2,0,0,0,1,0,0,0,0,0,2,0,12,55,2406964,146739,159050,0.0,0.02,0.52,20.0,10.0,0.0,0,0,12,0,5.5
Jesurun Rak-Sakyi,MID,Crystal Palace,278,21,3,2025-08-31T18:00:00Z,False,2,0,0,0,0,0,0,0,0,0,0,0,0,0,0,0,45,6488,253,1106,0.0,0.0,0.0,0.0,0.0,0.0,0,0,0,0,0.0
Nectarios Triantis,MID,Sunderland,559,28,3,2025-08-30T14:00:00Z,True,5,0,0,0,0,0,0,0,0,0,0,0,0,0,0,0,45,6997,166,1139,0.0,0.0,0.0,0.0,0.0,0.0,0,0,0,0,-0.5
Romelle Donovan,MID,Brentford,130,28,3,2025-08-30T14:00:00Z,False,17,0,0,0,0,0,0,0,0,0,0,0,0,0,0,0,45,11859,827,1933,0.0,0.0,0.0,0.0,0.0,0.0,0,0,0,0,0.5
Maxim De Cuyper,DEF,Brighton,145,22,3,2025-08-31T13:00:00Z,True,13,90,1,2,0,0,0,1,0,0,0,0,0,0,0,12,45,532901,6323,98868,0.0,0.36,1.82,4.8,9.8,2.0,2,1,8,3,0.8
Joël Piroe,FWD,Leeds,362,24,3,2025-08-30T16:30:00Z,True,15,0,0,0,0,0,0,0,0,0,0,0,0,0,0,0,54,141834,4598,55176,0.0,0.0,0.0,0.0,0.0,0.0,0,0,0,0,0.0
Marco Bizot,GK,Aston Villa,33,21,3,2025-08-31T18:00:00Z,True,8,90,1,0,0,0,0,3,0,0,0,1,0,1,0,-7,45,90739,8686,23811,0.0,0.0,2.67,5.8,0.0,0.0,3,0,7,0,2.3
Maxwel Cornet,MID,West Ham,617,27,3,2025-08-31T13:00:00Z,False,16,0,0,0,0,0,0,0,0,0,0,0,0,0,0,0,49,3673,137,576,0.0,0.0,0.0,0.0,0.0,0.0,0,0,0,0,0.0
Vitor de Oliveira Nunes dos Reis,DEF,Man City,412,22,3,2025-08-31T13:00:00Z,False,6,0,0,0,0,0,0,0,0,0,0,0,0,0,0,0,50,784,0,184,0.0,0.0,0.0,0.0,0.0,0.0,0,0,0,0,0.0
Sam Johnstone,GK,Wolves,627,30,3,2025-08-30T14:00:00Z,True,9,0,0,0,0,0,0,0,0,0,0,0,0,0,0,0,45,15179,290,1500,0.0,0.0,0.0,0.0,0.0,0.0,0,0,0,0,0.0
Antonee Robinson,DEF,Fulham,316,23,3,2025-08-30T11:30:00Z,False,7,23,0,1,0,0,0,0,0,0,0,0,0,0,0,4,50,80881,12561,8203,0.0,0.04,0.12,5.2,5.3,2.0,1,0,1,1,0.2
Jørgen Strand Larsen,FWD,Wolves,654,30,3,2025-08-30T14:00:00Z,True,9,0,0,0,0,0,0,0,0,0,0,0,0,0,0,0,65,402039,31416,124868,0.0,0.0,0.0,0.0,0.0,0.0,0,0,0,0,1.0
Estêvão Almeida de Oliveira Gonçalves,MID,Chelsea,238,23,3,2025-08-30T11:30:00Z,True,10,67,1,3,0,0,1,0,0,0,0,0,0,0,0,4,65,303820,120705,23672,0.36,0.06,0.35,8.4,16.1,29.0,1,0,2,3,3.2
Tom Watson,MID,Brighton,172,22,3,2025-08-31T13:00:00Z,True,13,0,0,0,0,0,0,0,0,0,0,0,0,0,0,0,50,3138,95,443,0.0,0.0,0.0,0.0,0.0,0.0,0,0,0,0,-0.5
Lucas Estella Perri,GK,Leeds,665,24,3,2025-08-30T16:30:00Z,True,15,90,1,6,0,0,1,0,0,0,0,0,0,2,0,25,45,44485,2788,4500,0.0,0.0,0.46,15.2,0.0,0.0,1,0,8,0,3.0
Timothée Pembélé,DEF,Sunderland,540,28,3,2025-08-30T14:00:00Z,True,5,0,0,0,0,0,0,0,0,0,0,0,0,0,0,0,40,20103,346,2249,0.0,0.0,0.0,0.0,0.0,0.0,0,0,0,0,-0.5
Roméo Lavia,MID,Chelsea,244,23,3,2025-08-30T11:30:00Z,True,10,0,0,0,0,0,0,0,0,0,0,0,0,0,0,0,49,1715,43,488,0.0,0.0,0.0,0.0,0.0,0.0,0,0,0,0,0.0
Jan Paul van Hecke,DEF,Brighton,151,22,3,2025-08-31T13:00:00Z,True,13,90,1,1,0,0,0,1,0,0,0,1,0,0,0,4,45,112563,2329,14837,0.29,0.0,1.82,17.2,0.4,33.0,4,1,5,5,0.8
Mike Penders,GK,Chelsea,222,23,3,2025-08-30T11:30:00Z,True,10,0,0,0,0,0,0,0,0,0,0,0,0,0,0,0,40,512,0,64,0.0,0.0,0.0,0.0,0.0,0.0,0,0,0,0,0.0
Oleksandr Zinchenko,DEF,Arsenal,12,25,3,2025-08-31T15:30:00Z,False,12,0,0,0,0,0,0,0,0,0,0,0,0,0,0,0,49,35968,1695,7890,0.0,0.0,0.0,0.0,0.0,0.0,0,0,0,0,0.0
Harvey Barnes,MID,Newcastle,487,24,3,2025-08-30T16:30:00Z,False,11,22,0,1,0,0,0,0,0,0,0,0,0,0,0,2,65,159227,91499,19743,0.03,0.02,0.07,3.2,1.0,4.0,0,1,0,1,3.0
Josh Nichols,DEF,Arsenal,15,25,3,2025-08-31T15:30:00Z,False,12,0,0,0,0,0,0,0,0,0,0,0,0,0,0,0,40,19494,804,2924,0.0,0.0,0.0,0.0,0.0,0.0,0,0,0,0,-0.5
Jhon Arias,MID,Wolves,663,30,3,2025-08-30T14:00:00Z,True,9,63,1,2,0,0,0,3,0,0,0,0,0,0,0,13,54,51909,1574,11895,0.04,0.02,1.75,15.6,5.0,13.0,0,6,1,7,1.3
Chido Obi,FWD,Man Utd,467,26,3,2025-08-30T14:00:00Z,True,3,0,0,0,0,0,0,0,0,0,0,0,0,0,0,0,44,188735,4555,43525,0.0,0.0,0.0,0.0,0.0,0.0,0,0,0,0,0.5
Marc Guiu Paz,FWD,Sunderland,252,28,3,2025-08-30T14:00:00Z,True,5,3,0,1,0,0,0,0,0,0,0,0,0,0,0,3,45,1600598,60154,505170,0.0,0.0,0.0,1.0,0.0,0.0,1,0,0,1,1.2
Aaron Ramsey,MID,Burnley,211,26,3,2025-08-30T14:00:00Z,False,14,0,0,0,0,0,0,0,0,0,0,0,0,0,0,0,45,820442,21252,153639,0.0,0.0,0.0,0.0,0.0,0.0,0,0,0,0,-0.5
John McGinn,MID,Aston Villa,54,21,3,2025-08-31T18:00:00Z,True,8,73,1,2,0,0,0,2,0,0,0,0,0,0,0,18,55,73407,5547,11833,0.0,0.12,1.77,8.0,13.9,0.0,1,2,3,6,2.3
Chadi Riad Dnanou,DEF,Crystal Palace,262,21,3,2025-08-31T18:00:00Z,False,2,0,0,0,0,0,0,0,0,0,0,0,0,0,0,0,40,885,54,139,0.0,0.0,0.0,0.0,0.0,0.0,0,0,0,0,0.0
Pedro Cardoso de Lima,DEF,Wolves,640,30,3,2025-08-30T14:00:00Z,True,9,0,0,0,0,0,0,0,0,0,0,0,0,0,0,0,40,110169,2559,11638,0.0,0.0,0.0,0.0,0.0,0.0,0,0,0,0,0.0
Hannes Delcroix,DEF,Burnley,188,26,3,2025-08-30T14:00:00Z,False,14,0,0,0,0,0,0,0,0,0,0,0,0,0,0,0,40,30981,1200,4291,0.0,0.0,0.0,0.0,0.0,0.0,0,0,0,0,-0.5
Phil Foden,MID,Man City,414,22,3,2025-08-31T13:00:00Z,False,6,0,0,0,0,0,0,0,0,0,0,0,0,0,0,0,80,165414,19919,22332,0.0,0.0,0.0,0.0,0.0,0.0,0,0,0,0,0.8
Tom Heaton,GK,Man Utd,434,26,3,2025-08-30T14:00:00Z,True,3,0,0,0,0,0,0,0,0,0,0,0,0,0,0,0,40,34505,1120,2478,0.0,0.0,0.0,0.0,0.0,0.0,0,0,0,0,0.5
Yéremy Pino Santos,MID,Crystal Palace,712,21,3,2025-08-31T18:00:00Z,False,2,19,0,1,0,0,0,0,0,0,0,0,0,0,0,10,60,0,0,0,0.02,0.01,0.28,3.6,11.6,2.0,0,1,3,4,2.1
Wilson Odobert,MID,Spurs,588,29,3,2025-08-30T14:00:00Z,True,4,36,0,1,0,0,0,0,0,0,0,0,0,0,0,3,54,3831,400,659,0.05,0.02,0.3,1.8,2.0,8.0,1,0,1,2,1.0
Omari Hutchinson,MID,Nott'm Forest,693,27,3,2025-08-31T13:00:00Z,True,19,1,0,1,0,0,0,1,0,0,0,0,0,0,0,3,55,2369,795,412,0.0,0.0,0.96,0.2,0.3,0.0,0,0,1,1,1.0
Alex Murphy,DEF,Newcastle,481,24,3,2025-08-30T16:30:00Z,False,11,0,0,0,0,0,0,0,0,0,0,0,0,0,0,0,40,83957,4048,10198,0.0,0.0,0.0,0.0,0.0,0.0,0,0,0,0,1.0
Bernardo Mota Veiga de Carvalho e Silva,MID,Man City,416,22,3,2025-08-31T13:00:00Z,False,6,71,1,2,0,0,0,1,0,0,0,0,0,0,0,8,64,77191,4632,16260,0.0,0.03,1.07,3.2,5.2,2.0,2,1,1,4,2.5
Hannibal Mejbri,MID,Burnley,207,26,3,2025-08-30T14:00:00Z,False,14,64,1,2,0,0,0,2,0,0,0,0,0,0,0,7,50,18327,2805,1972,0.11,0.0,2.38,2.8,6.1,4.0,1,2,0,3,2.5
Jacob Bruun Larsen,MID,Burnley,202,26,3,2025-08-30T14:00:00Z,False,14,81,1,5,0,1,0,2,0,0,0,0,0,0,0,22,54,4165,335,708,0.03,0.32,2.57,29.2,26.6,8.0,4,1,2,7,2.5
Dennis Cirkin,DEF,Sunderland,535,28,3,2025-08-30T14:00:00Z,True,5,0,0,0,0,0,0,0,0,0,0,0,0,0,0,0,40,2360,44,398,0.0,0.0,0.0,0.0,0.0,0.0,0,0,0,0,0.0
Daniel Muñoz Mejía,DEF,Crystal Palace,256,21,3,2025-08-31T18:00:00Z,False,2,90,1,9,0,0,1,0,0,0,0,0,0,0,1,37,55,1111636,190277,67778,0.0,0.48,1.13,25.2,16.7,4.0,6,5,8,11,6.3
Bastien Meupiyou Menadjou,DEF,Wolves,639,30,3,2025-08-30T14:00:00Z,True,9,0,0,0,0,0,0,0,0,0,0,0,0,0,0,0,40,1260,0,154,0.0,0.0,0.0,0.0,0.0,0.0,0,0,0,0,0.0
Radu Drăgușin,DEF,Spurs,572,29,3,2025-08-30T14:00:00Z,True,4,0,0,0,0,0,0,0,0,0,0,0,0,0,0,0,45,561,40,83,0.0,0.0,0.0,0.0,0.0,0.0,0,0,0,0,0.0
Noah Okafor,MID,Leeds,698,24,3,2025-08-30T16:30:00Z,True,15,0,0,0,0,0,0,0,0,0,0,0,0,0,0,0,55,1297,786,448,0.0,0.0,0.0,0.0,0.0,0.0,0,0,0,0,-0.1
Dean Henderson,GK,Crystal Palace,253,21,3,2025-08-31T18:00:00Z,False,2,90,1,7,0,0,1,0,0,0,0,0,0,4,0,31,50,812861,44677,50552,0.0,0.0,1.13,31.0,0.0,0.0,0,0,7,0,5.0
Jayce Fitzgerald,MID,Man Utd,461,26,3,2025-08-30T14:00:00Z,True,3,0,0,0,0,0,0,0,0,0,0,0,0,0,0,0,45,4033,142,547,0.0,0.0,0.0,0.0,0.0,0.0,0,0,0,0,0.5
Nayef Aguerd,DEF,West Ham,607,27,3,2025-08-31T13:00:00Z,False,16,0,0,0,0,0,0,0,0,0,0,0,0,0,0,0,45,13297,562,1781,0.0,0.0,0.0,0.0,0.0,0.0,0,0,0,0,1.0
Danny Welbeck,FWD,Brighton,178,22,3,2025-08-31T13:00:00Z,True,13,60,1,2,0,0,0,1,0,0,0,0,0,0,0,6,64,277273,8152,124925,0.0,0.17,1.65,0.4,16.5,2.0,0,0,2,2,0.5
Tom King,GK,Everton,630,30,3,2025-08-30T14:00:00Z,False,20,0,0,0,0,0,0,0,0,0,0,0,0,0,0,0,40,158979,2819,10371,0.0,0.0,0.0,0.0,0.0,0.0,0,0,0,0,0.0
Maxime Estève,DEF,Burnley,191,26,3,2025-08-30T14:00:00Z,False,14,90,1,1,0,0,0,3,0,0,0,0,0,0,0,-2,40,2100701,105478,113185,0.0,0.0,3.63,16.4,0.2,2.0,7,1,1,8,2.2
Antoine Semenyo,MID,Bournemouth,82,29,3,2025-08-30T14:00:00Z,False,18,90,1,2,0,0,1,0,0,0,0,1,0,0,0,4,73,2935140,1187657,152296,0.21,0.06,0.19,11.6,23.4,30.0,0,2,8,10,7.7
Rodrigo Muniz Carvalho,FWD,Fulham,338,23,3,2025-08-30T11:30:00Z,False,7,58,1,1,0,0,0,2,0,0,0,0,0,0,0,-1,55,254354,36906,60296,0.04,0.0,2.19,0.0,10.3,4.0,1,0,0,1,2.2
Sven Botman,DEF,Newcastle,475,24,3,2025-08-30T16:30:00Z,False,11,67,1,8,0,0,1,0,0,0,0,0,0,0,2,29,49,47872,3284,7020,0.0,0.0,0.62,19.8,0.3,0.0,7,2,5,9,3.7
Omar Alderete,DEF,Sunderland,683,28,3,2025-08-30T14:00:00Z,True,5,90,1,4,0,0,0,1,0,0,0,0,0,0,0,11,40,151117,14975,14574,0.05,0.01,1.2,20.0,1.2,7.0,9,2,4,11,2.5
Nico O'Reilly,DEF,Man City,411,22,3,2025-08-31T13:00:00Z,False,6,18,0,1,0,0,0,1,0,0,0,0,0,0,0,-1,49,15963,989,3052,0.02,0.0,1.23,7.8,1.5,2.0,1,2,1,3,0.8
Liam Delap,FWD,Chelsea,250,23,3,2025-08-30T11:30:00Z,True,10,13,1,1,0,0,0,0,0,0,0,0,0,0,0,1,64,329671,18867,91037,0.09,0.0,0.08,0.0,0.0,5.0,0,0,0,0,1.8
Malcolm Ebiowei,MID,Crystal Palace,277,21,3,2025-08-31T18:00:00Z,False,2,0,0,0,0,0,0,0,0,0,0,0,0,0,0,0,45,625,0,153,0.0,0.0,0.0,0.0,0.0,0.0,0,0,0,0,0.0
Benjamin White,DEF,Arsenal,11,25,3,2025-08-31T15:30:00Z,False,12,0,0,0,0,0,0,0,0,0,0,0,0,0,0,0,55,74667,519,36320,0.0,0.0,0.0,0.0,0.0,0.0,0,0,0,0,0.8
Miodrag Pivaš,DEF,Newcastle,483,24,3,2025-08-30T16:30:00Z,False,11,0,0,0,0,0,0,0,0,0,0,0,0,0,0,0,40,13031,176,1278,0.0,0.0,0.0,0.0,0.0,0.0,0,0,0,0,1.0
Freddie Woodman,GK,Liverpool,369,25,3,2025-08-31T15:30:00Z,True,1,0,0,0,0,0,0,0,0,0,0,0,0,0,0,0,40,10277,306,911,0.0,0.0,0.0,0.0,0.0,0.0,0,0,0,0,0.5
Adam Webster,DEF,Brighton,153,22,3,2025-08-31T13:00:00Z,True,13,0,0,0,0,0,0,0,0,0,0,0,0,0,0,0,44,1009,45,259,0.0,0.0,0.0,0.0,0.0,0.0,0,0,0,0,0.0
Reece James,DEF,Chelsea,225,23,3,2025-08-30T11:30:00Z,True,10,9,0,1,0,0,0,0,0,0,0,0,0,0,0,4,55,638864,50110,98795,0.04,0.0,0.68,3.4,0.3,7.0,0,0,0,0,2.8
Alex Paulsen,GK,Bournemouth,70,29,3,2025-08-30T14:00:00Z,False,18,0,0,0,0,0,0,0,0,0,0,0,0,0,0,0,40,14490,324,1979,0.0,0.0,0.0,0.0,0.0,0.0,0,0,0,0,0.0
Chris Wood,FWD,Nott'm Forest,525,27,3,2025-08-31T13:00:00Z,True,19,72,1,2,0,0,1,0,0,0,0,0,0,0,0,4,77,3321006,996705,182536,0.41,0.0,0.59,0.0,1.9,25.0,0,0,1,1,5.7
Rayan Cherki,MID,Man City,417,22,3,2025-08-31T13:00:00Z,False,6,0,0,0,0,0,0,0,0,0,0,0,0,0,0,0,65,856374,56909,159372,0.0,0.0,0.0,0.0,0.0,0.0,0,0,0,0,2.8
Emiliano Martínez Romero,GK,Aston Villa,32,21,3,2025-08-31T18:00:00Z,True,8,0,0,0,0,0,0,0,0,0,0,0,0,0,0,0,50,190197,34311,16905,0.0,0.0,0.0,0.0,0.0,0.0,0,0,0,0,0.7
Josh King,MID,Fulham,335,23,3,2025-08-30T11:30:00Z,False,7,66,1,2,0,0,0,2,0,0,0,0,0,0,0,11,45,151711,47696,26140,0.04,0.08,2.23,10.8,12.6,11.0,2,0,3,5,1.5
Lewis Dunk,DEF,Brighton,146,22,3,2025-08-31T13:00:00Z,True,13,90,1,5,0,1,0,1,0,0,0,0,0,0,0,16,45,136179,5043,17380,0.09,0.01,1.82,4.2,0.5,11.0,3,0,3,3,2.2
Willy Boly,DEF,Nott'm Forest,514,27,3,2025-08-31T13:00:00Z,True,19,0,0,0,0,0,0,0,0,0,0,0,0,0,0,0,40,50677,1240,6066,0.0,0.0,0.0,0.0,0.0,0.0,0,0,0,0,0.0
William Osula,FWD,Newcastle,500,24,3,2025-08-30T16:30:00Z,False,11,90,1,2,0,0,1,0,0,0,0,0,0,0,0,2,55,63596,35970,8798,0.24,0.0,0.69,0.0,2.9,7.0,0,1,3,4,3.7
Luca Koleosho,MID,Burnley,208,26,3,2025-08-30T14:00:00Z,False,14,0,0,0,0,0,0,0,0,0,0,0,0,0,0,0,50,2383,0,1216,0.0,0.0,0.0,0.0,0.0,0.0,0,0,0,0,0.0
Omar Richards,DEF,Nott'm Forest,512,27,3,2025-08-31T13:00:00Z,True,19,0,0,0,0,0,0,0,0,0,0,0,0,0,0,0,45,5056,125,639,0.0,0.0,0.0,0.0,0.0,0.0,0,0,0,0,0.0
Anthony Gordon,MID,Newcastle,485,24,3,2025-08-30T16:30:00Z,False,11,0,0,0,0,0,0,0,0,0,0,0,0,0,0,0,75,163896,78344,134920,0.0,0.0,0.0,0.0,0.0,0.0,0,0,0,0,0.0
Antoni Milambo,MID,Brentford,122,28,3,2025-08-30T14:00:00Z,False,17,0,0,0,0,0,0,0,0,0,0,0,0,0,0,0,54,5907,321,1236,0.0,0.0,0.0,0.0,0.0,0.0,0,0,0,0,0.8
Martín Zubimendi Ibáñez,MID,Arsenal,26,25,3,2025-08-31T15:30:00Z,False,12,90,1,1,0,0,0,1,0,0,0,1,0,0,0,4,55,219699,15367,49895,0.03,0.02,0.52,1.4,2.6,5.0,1,1,5,7,2.5
Jaidon Anthony,MID,Burnley,200,26,3,2025-08-30T14:00:00Z,False,14,90,1,6,1,0,0,3,0,0,0,1,0,0,0,21,55,47871,26929,6735,0.38,0.01,3.63,40.8,0.8,35.0,4,0,2,6,6.5
Curtis Jones,MID,Liverpool,388,25,3,2025-08-31T15:30:00Z,True,1,29,0,4,0,1,0,0,0,0,0,0,0,0,0,14,54,11539,1316,1984,0.0,0.02,0.18,5.6,11.6,0.0,1,0,2,3,2.8
Caoimhín Kelleher,GK,Brentford,101,28,3,2025-08-30T14:00:00Z,False,17,90,1,1,0,0,0,2,0,0,0,0,0,1,0,2,45,1180892,83311,57026,0.0,0.0,1.54,12.8,0.0,0.0,0,0,4,0,2.8
James McAtee,MID,Nott'm Forest,426,27,3,2025-08-31T13:00:00Z,True,19,32,0,1,0,0,0,3,0,0,0,0,0,0,0,7,55,18556,2049,3095,0.0,0.09,1.95,5.4,12.3,2.0,0,1,3,4,0.7
Guglielmo Vicario,GK,Spurs,565,29,3,2025-08-30T14:00:00Z,True,4,90,1,3,0,0,0,1,0,0,0,0,0,5,0,23,50,835597,268444,49102,0.0,0.0,1.59,40.0,0.1,0.0,0,0,13,0,7.0
Zach Marsh,FWD,Crystal Palace,286,21,3,2025-08-31T18:00:00Z,False,2,0,0,0,0,0,0,0,0,0,0,0,0,0,0,0,45,26972,1210,5491,0.0,0.0,0.0,0.0,0.0,0.0,0,0,0,0,0.0
Joe Anderson,DEF,Sunderland,534,28,3,2025-08-30T14:00:00Z,True,5,0,0,0,0,0,0,0,0,0,0,0,0,0,0,0,40,46983,1384,6014,0.0,0.0,0.0,0.0,0.0,0.0,0,0,0,0,-0.5
Noussair Mazraoui,DEF,Man Utd,438,26,3,2025-08-30T14:00:00Z,True,3,5,0,1,0,0,0,0,0,0,0,0,0,0,0,5,49,17335,154,5529,0.0,0.0,0.0,4.6,0.5,0.0,1,1,0,2,0.0
Cristian Romero,DEF,Spurs,569,29,3,2025-08-30T14:00:00Z,True,4,90,1,2,0,0,0,1,0,0,0,0,0,0,0,12,50,618067,178733,36649,0.0,0.01,1.59,21.4,0.8,0.0,5,2,5,7,5.0
Václav Hladký,GK,Burnley,185,26,3,2025-08-30T14:00:00Z,False,14,0,0,0,0,0,0,0,0,0,0,0,0,0,0,0,40,21267,538,1720,0.0,0.0,0.0,0.0,0.0,0.0,0,0,0,0,-0.5
Mads Roerslev Rasmussen,DEF,Brentford,112,28,3,2025-08-30T14:00:00Z,False,17,0,0,0,0,0,0,0,0,0,0,0,0,0,0,0,45,3398,0,1465,0.0,0.0,0.0,0.0,0.0,0.0,0,0,0,0,0.0
Diogo Dalot Teixeira,DEF,Man Utd,440,26,3,2025-08-30T14:00:00Z,True,3,90,1,4,0,1,0,2,0,0,0,0,0,0,0,20,45,213811,6318,27931,0.0,0.46,1.2,36.8,33.1,6.0,4,2,3,6,2.5
Justin Kluivert,MID,Bournemouth,81,29,3,2025-08-30T14:00:00Z,False,18,9,0,1,0,0,0,0,0,0,0,0,0,0,0,1,70,72806,10375,8599,0.0,0.0,0.07,0.8,3.3,2.0,0,0,1,1,0.7
Keane Lewis-Potter,DEF,Brentford,107,28,3,2025-08-30T14:00:00Z,False,17,71,1,6,0,0,1,0,0,0,0,0,0,0,0,21,50,51206,5745,3672,0.0,0.0,0.48,8.8,0.3,0.0,3,2,5,5,4.8
Kristoffer Ajer,DEF,Brentford,108,28,3,2025-08-30T14:00:00Z,False,17,0,0,0,0,0,0,0,0,0,0,0,0,0,0,0,45,20070,1373,2206,0.0,0.0,0.0,0.0,0.0,0.0,0,0,0,0,0.8
Georginio Rutter,MID,Brighton,158,22,3,2025-08-31T13:00:00Z,True,13,29,0,1,0,0,0,0,0,0,0,0,0,0,0,5,59,90670,2253,53358,0.07,0.06,0.17,5.2,12.1,19.0,0,0,0,0,1.3
Hwang Hee-chan,MID,Wolves,642,30,3,2025-08-30T14:00:00Z,True,9,75,1,7,1,0,0,3,0,0,0,0,0,0,0,27,59,14885,1087,3232,0.42,0.0,1.84,35.2,0.7,17.0,2,0,0,2,3.0
Ashley Phillips,DEF,Spurs,576,29,3,2025-08-30T14:00:00Z,True,4,0,0,0,0,0,0,0,0,0,0,0,0,0,0,0,40,2251,0,396,0.0,0.0,0.0,0.0,0.0,0.0,0,0,0,0,0.0
Quilindschy Hartman,DEF,Burnley,192,26,3,2025-08-30T14:00:00Z,False,14,90,1,1,0,0,0,3,0,0,0,0,0,0,0,2,40,61954,7358,6237,0.09,0.0,3.63,19.6,1.8,7.0,7,2,3,9,2.2
Bruno Guimarães Rodriguez Moura,MID,Newcastle,488,24,3,2025-08-30T16:30:00Z,False,11,90,1,3,0,0,1,0,0,0,0,0,0,0,0,14,65,268108,80916,16992,0.0,0.05,0.69,7.6,9.6,0.0,0,3,6,9,5.0
Eiran Cashin,DEF,Brighton,154,22,3,2025-08-31T13:00:00Z,True,13,0,0,0,0,0,0,0,0,0,0,0,0,0,0,0,40,946,0,138,0.0,0.0,0.0,0.0,0.0,0.0,0,0,0,0,0.0
Nathan Patterson,DEF,Everton,296,30,3,2025-08-30T14:00:00Z,False,20,0,0,0,0,0,0,0,0,0,0,0,0,0,0,0,45,2086,46,737,0.0,0.0,0.0,0.0,0.0,0.0,0,0,0,0,0.0
Andrew Moran,MID,Brighton,177,22,3,2025-08-31T13:00:00Z,True,13,0,0,0,0,0,0,0,0,0,0,0,0,0,0,0,45,4146,0,1825,0.0,0.0,0.0,0.0,0.0,0.0,0,0,0,0,0.0
Adrien Truffert,DEF,Bournemouth,74,29,3,2025-08-30T14:00:00Z,False,18,90,1,7,0,0,1,0,0,0,0,0,0,0,1,24,45,107444,15737,14336,0.01,0.1,0.19,19.8,19.4,1.0,4,5,0,9,4.3
Enes Ünal,FWD,Bournemouth,98,29,3,2025-08-30T14:00:00Z,False,18,0,0,0,0,0,0,0,0,0,0,0,0,0,0,0,55,1277,101,256,0.0,0.0,0.0,0.0,0.0,0.0,0,0,0,0,0.0
Dário Luís Essugo,MID,Chelsea,247,23,3,2025-08-30T11:30:00Z,True,10,0,0,0,0,0,0,0,0,0,0,0,0,0,0,0,45,5508,319,1079,0.0,0.0,0.0,0.0,0.0,0.0,0,0,0,0,0.5
Aaron Ramsdale,GK,Newcastle,674,24,3,2025-08-30T16:30:00Z,False,11,0,0,0,0,0,0,0,0,0,0,0,0,0,0,0,50,87485,2226,10412,0.0,0.0,0.0,0.0,0.0,0.0,0,0,0,0,1.0
Moisés Caicedo Corozo,MID,Chelsea,241,23,3,2025-08-30T11:30:00Z,True,10,90,1,4,0,0,1,0,0,0,0,1,0,0,0,16,55,751197,139418,50664,0.06,0.03,1.02,23.8,3.9,5.0,8,4,11,23,6.2
Taiwo Awoniyi,FWD,Nott'm Forest,527,27,3,2025-08-31T13:00:00Z,True,19,0,0,0,0,0,0,0,0,0,0,0,0,0,0,0,54,61885,3227,16724,0.0,0.0,0.0,0.0,0.0,0.0,0,0,0,0,0.0
Niall Huggins,DEF,Sunderland,537,28,3,2025-08-30T14:00:00Z,True,5,0,0,0,0,0,0,0,0,0,0,0,0,0,0,0,40,19028,278,2915,0.0,0.0,0.0,0.0,0.0,0.0,0,0,0,0,-0.4
Konstantinos Tsimikas,DEF,Liverpool,377,25,3,2025-08-31T15:30:00Z,True,1,0,0,0,0,0,0,0,0,0,0,0,0,0,0,0,49,11810,479,2011,0.0,0.0,0.0,0.0,0.0,0.0,0,0,0,0,0.5
Adam Smith,DEF,Bournemouth,73,29,3,2025-08-30T14:00:00Z,False,18,25,1,1,0,0,0,0,0,0,0,0,0,0,0,2,45,40820,2510,4778,0.0,0.0,0.0,0.0,0.1,0.0,0,0,0,0,2.7
Tyrone Mings,DEF,Aston Villa,40,21,3,2025-08-31T18:00:00Z,True,8,90,1,1,0,0,0,3,0,0,0,0,0,0,0,1,45,152031,13403,16584,0.0,0.02,2.67,14.4,2.1,0.0,3,1,2,4,3.0
Luke Shaw,DEF,Man Utd,443,26,3,2025-08-30T14:00:00Z,True,3,90,1,1,0,0,0,2,0,0,0,0,0,0,0,4,45,38491,5672,3981,0.0,0.02,1.2,13.0,3.8,0.0,1,3,2,4,2.2
Aaron Hickey,DEF,Brentford,116,28,3,2025-08-30T14:00:00Z,False,17,0,0,0,0,0,0,0,0,0,0,0,0,0,0,0,40,49075,3025,4650,0.0,0.0,0.0,0.0,0.0,0.0,0,0,0,0,0.8
Sékou Koné,MID,Man Utd,463,26,3,2025-08-30T14:00:00Z,True,3,0,0,0,0,0,0,0,0,0,0,0,0,0,0,0,45,8510,476,1367,0.0,0.0,0.0,0.0,0.0,0.0,0,0,0,0,0.5
Jordan Pickford,GK,Everton,287,30,3,2025-08-30T14:00:00Z,False,20,90,1,1,0,0,0,2,0,0,0,0,0,2,0,5,55,1411854,177358,46334,0.0,0.01,1.11,15.0,0.0,0.0,3,0,8,0,6.0
Enzo Barrenechea,MID,Aston Villa,56,21,3,2025-08-31T18:00:00Z,True,8,0,0,0,0,0,0,0,0,0,0,0,0,0,0,0,50,60,0,8,0.0,0.0,0.0,0.0,0.0,0.0,0,0,0,0,0.0
Pau Torres,DEF,Aston Villa,41,21,3,2025-08-31T18:00:00Z,True,8,16,0,1,0,0,0,1,0,0,0,0,0,0,0,-1,45,49822,2156,5679,0.0,0.0,0.9,3.4,0.5,0.0,0,1,1,1,1.0
Bart Verbruggen,GK,Brighton,139,22,3,2025-08-31T13:00:00Z,True,13,90,1,2,0,0,0,1,0,0,0,0,0,2,0,11,45,705496,9560,88400,0.0,0.0,1.82,20.2,0.0,0.0,0,0,10,0,1.2
Tariq Lamptey,DEF,Brighton,150,22,3,2025-08-31T13:00:00Z,True,13,0,0,0,0,0,0,0,0,0,0,0,0,0,0,0,44,35518,905,6171,0.0,0.0,0.0,0.0,0.0,0.0,0,0,0,0,-0.5
Ashley Barnes,FWD,Burnley,218,26,3,2025-08-30T14:00:00Z,False,14,0,0,0,0,0,0,0,0,0,0,0,0,0,0,0,45,203100,5655,52037,0.0,0.0,0.0,0.0,0.0,0.0,0,0,0,0,-0.5
Travis Patterson,DEF,Aston Villa,710,21,3,2025-08-31T18:00:00Z,True,8,0,0,0,0,0,0,0,0,0,0,0,0,0,0,0,40,0,0,0,0.0,0.0,0.0,0.0,0.0,0.0,0,0,0,0,1.2
Sverre Nypan,MID,Man City,428,22,3,2025-08-31T13:00:00Z,False,6,0,0,0,0,0,0,0,0,0,0,0,0,0,0,0,50,2136,0,736,0.0,0.0,0.0,0.0,0.0,0.0,0,0,0,0,0.0
Josh Acheampong,DEF,Chelsea,233,23,3,2025-08-30T11:30:00Z,True,10,0,0,0,0,0,0,0,0,0,0,0,0,0,0,0,40,261099,36568,60579,0.0,0.0,0.0,0.0,0.0,0.0,0,0,0,0,3.5
Igor Jesus Maciel da Cruz,FWD,Nott'm Forest,526,27,3,2025-08-31T13:00:00Z,True,19,17,0,1,0,0,0,3,0,0,0,0,0,0,0,4,59,63612,3374,17410,0.0,0.0,1.83,1.0,0.3,0.0,0,1,1,2,1.0
Illia Zabarnyi,DEF,Bournemouth,71,29,3,2025-08-30T14:00:00Z,False,18,0,0,0,0,0,0,0,0,0,0,0,0,0,0,0,50,4650,0,1533,0.0,0.0,0.0,0.0,0.0,0.0,0,0,0,0,0.0
Junior Kroupi,FWD,Bournemouth,100,29,3,2025-08-30T14:00:00Z,False,18,9,0,1,0,0,0,0,0,0,0,0,0,0,0,3,45,130246,20512,35560,0.0,0.0,0.07,0.0,0.0,0.0,0,0,1,1,1.0
Julián Araujo Zúñiga,DEF,Bournemouth,78,29,3,2025-08-30T14:00:00Z,False,18,0,0,0,0,0,0,0,0,0,0,0,0,0,0,0,40,116654,4673,22983,0.0,0.0,0.0,0.0,0.0,0.0,0,0,0,0,0.0
Milos Kerkez,DEF,Liverpool,371,25,3,2025-08-31T15:30:00Z,True,1,90,1,6,0,0,1,0,0,0,0,0,0,0,0,27,60,622196,36691,93714,0.0,0.0,0.49,22.0,1.8,0.0,6,3,2,9,2.8
Lamare Bogarde,DEF,Aston Villa,44,21,3,2025-08-31T18:00:00Z,True,8,6,0,1,0,0,0,0,0,0,0,0,0,0,0,3,40,36989,2996,4089,0.0,0.0,0.38,0.2,1.7,0.0,0,0,0,0,0.3
Dermot Mee,GK,Man Utd,435,26,3,2025-08-30T14:00:00Z,True,3,0,0,0,0,0,0,0,0,0,0,0,0,0,0,0,40,12463,300,839,0.0,0.0,0.0,0.0,0.0,0.0,0,0,0,0,0.5
Alisson Becker,GK,Liverpool,366,25,3,2025-08-31T15:30:00Z,True,1,90,1,8,0,0,1,0,0,0,0,0,0,1,2,29,55,1138607,29622,112758,0.0,0.0,0.49,16.8,0.0,0.0,2,0,9,0,3.8
Fabian Schär,DEF,Newcastle,474,24,3,2025-08-30T16:30:00Z,False,11,90,1,6,0,0,1,0,0,0,0,0,0,0,0,23,55,309038,48843,71899,0.04,0.01,0.69,22.4,11.5,3.0,5,0,3,5,6.0
Marc Cucurella Saseta,DEF,Chelsea,224,23,3,2025-08-30T11:30:00Z,True,10,90,1,6,0,0,1,0,0,0,0,0,0,0,0,31,61,3239846,572256,89416,0.0,0.03,1.02,25.0,26.5,0.0,6,3,3,9,6.8
Norberto Murara Neto,GK,Bournemouth,66,29,3,2025-08-30T14:00:00Z,False,18,0,0,0,0,0,0,0,0,0,0,0,0,0,0,0,45,14385,0,3018,0.0,0.0,0.0,0.0,0.0,0.0,0,0,0,0,0.0
Max Weiß,GK,Burnley,183,26,3,2025-08-30T14:00:00Z,False,14,0,0,0,0,0,0,0,0,0,0,0,0,0,0,0,45,17397,531,2157,0.0,0.0,0.0,0.0,0.0,0.0,0,0,0,0,-0.5
Amad Diallo,MID,Man Utd,452,26,3,2025-08-30T14:00:00Z,True,3,90,1,5,0,1,0,2,0,0,0,0,0,0,0,24,64,239366,9027,57966,0.63,0.06,1.2,15.4,27.3,33.0,2,1,7,10,2.8
Jorge Cuenca Barreno,DEF,Fulham,321,23,3,2025-08-30T11:30:00Z,False,7,0,0,0,0,0,0,0,0,0,0,0,0,0,0,0,45,4625,106,533,0.0,0.0,0.0,0.0,0.0,0.0,0,0,0,0,0.2
Oliver Sonne,DEF,Burnley,197,26,3,2025-08-30T14:00:00Z,False,14,8,0,1,0,0,0,1,0,0,0,0,0,0,0,1,40,16874,800,1718,0.0,0.0,1.06,3.0,0.0,0.0,1,1,0,2,0.5
Edson Álvarez Velázquez,MID,West Ham,616,27,3,2025-08-31T13:00:00Z,False,16,0,0,0,0,0,0,0,0,0,0,0,0,0,0,0,49,12754,610,5363,0.0,0.0,0.0,0.0,0.0,0.0,0,0,0,0,0.0
Yankuba Minteh,MID,Brighton,160,22,3,2025-08-31T13:00:00Z,True,13,90,1,4,0,0,0,1,0,0,0,0,0,0,0,18,59,87461,2973,24350,0.2,0.03,1.76,13.6,11.4,29.0,2,3,7,12,2.5
Eberechi Eze,MID,Arsenal,266,25,3,2025-08-31T15:30:00Z,False,12,20,0,1,0,0,0,1,0,0,0,0,0,0,0,4,75,1209497,261423,213362,0.0,0.03,0.25,1.8,2.8,2.0,0,0,1,1,0.8
Lewis Orford,MID,West Ham,622,27,3,2025-08-31T13:00:00Z,False,16,0,0,0,0,0,0,0,0,0,0,0,0,0,0,0,45,14049,293,2000,0.0,0.0,0.0,0.0,0.0,0.0,0,0,0,0,0.0
Simon Adingra,MID,Sunderland,543,28,3,2025-08-30T14:00:00Z,True,5,25,0,1,0,0,0,1,0,0,0,0,0,0,0,4,55,175819,10291,38257,0.0,0.0,0.24,4.0,10.5,0.0,0,1,1,2,2.2
Alexander Isak,FWD,Newcastle,499,24,3,2025-08-30T16:30:00Z,False,11,0,0,0,0,0,0,0,0,0,0,0,0,0,0,0,104,375419,9542,165674,0.0,0.0,0.0,0.0,0.0,0.0,0,0,0,0,0.0
Dominic Solanke-Mitchell,FWD,Spurs,596,29,3,2025-08-30T14:00:00Z,True,4,0,0,0,0,0,0,0,0,0,0,0,0,0,0,0,73,272552,10261,122161,0.0,0.0,0.0,0.0,0.0,0.0,0,0,0,0,0.7
Rodrigo Bentancur,MID,Spurs,585,29,3,2025-08-30T14:00:00Z,True,4,90,1,2,0,0,0,1,0,0,0,0,0,0,0,18,55,17621,1956,2324,0.0,0.02,1.59,8.0,5.0,0.0,0,1,9,10,2.0
Patrick Dorgu,DEF,Man Utd,441,26,3,2025-08-30T14:00:00Z,True,3,0,0,0,0,0,0,0,0,0,0,0,0,0,0,0,45,990550,134154,85475,0.0,0.0,0.0,0.0,0.0,0.0,0,0,0,0,1.5
Ayden Heaven,DEF,Man Utd,447,26,3,2025-08-30T14:00:00Z,True,3,0,0,0,0,0,0,0,0,0,0,0,0,0,0,0,40,144325,3776,17565,0.0,0.0,0.0,0.0,0.0,0.0,0,0,0,0,0.8
James Tarkowski,DEF,Everton,291,30,3,2025-08-30T14:00:00Z,False,20,90,1,3,0,0,0,2,0,0,0,0,0,0,0,5,55,876954,128286,46584,0.0,0.0,1.11,23.2,0.3,0.0,10,1,4,11,5.0
Facundo Buonanotte,MID,Brighton,168,22,3,2025-08-31T13:00:00Z,True,13,0,0,0,0,0,0,0,0,0,0,0,0,0,0,0,49,16118,1387,3932,0.0,0.0,0.0,0.0,0.0,0.0,0,0,0,0,0.5
Jack Moorhouse,MID,Man Utd,464,26,3,2025-08-30T14:00:00Z,True,3,0,0,0,0,0,0,0,0,0,0,0,0,0,0,0,45,3202,138,456,0.0,0.0,0.0,0.0,0.0,0.0,0,0,0,0,0.5
Carlos Henrique Casimiro,MID,Man Utd,457,26,3,2025-08-30T14:00:00Z,True,3,71,1,5,0,1,0,2,0,0,0,0,0,0,0,20,55,24479,2090,4773,0.13,0.02,1.2,6.6,7.8,4.0,2,1,3,6,2.8
José Malheiro de Sá,GK,Wolves,628,30,3,2025-08-30T14:00:00Z,True,9,90,1,1,0,0,0,3,0,0,0,0,0,1,0,1,45,208435,8399,15766,0.0,0.0,1.93,11.6,0.0,0.0,1,0,12,0,1.3
Callan McKenna,GK,Bournemouth,69,29,3,2025-08-30T14:00:00Z,False,18,0,0,0,0,0,0,0,0,0,0,0,0,0,0,0,40,24736,1123,1504,0.0,0.0,0.0,0.0,0.0,0.0,0,0,0,0,0.0
Fábio Freitas Gouveia Carvalho,MID,Brentford,123,28,3,2025-08-30T14:00:00Z,False,17,1,0,1,0,0,0,1,0,0,0,0,0,0,0,3,50,27391,1946,7266,0.0,0.0,0.13,0.0,0.1,0.0,0,0,0,0,1.5
Sean Neave,FWD,Newcastle,501,24,3,2025-08-30T16:30:00Z,False,11,0,0,0,0,0,0,0,0,0,0,0,0,0,0,0,45,25474,1526,4702,0.0,0.0,0.0,0.0,0.0,0.0,0,0,0,0,1.0
Luis Díaz Marulanda,MID,Liverpool,383,25,3,2025-08-31T15:30:00Z,True,1,0,0,0,0,0,0,0,0,0,0,0,0,0,0,0,80,6929,0,1344,0.0,0.0,0.0,0.0,0.0,0.0,0,0,0,0,0.0
Joe Hodge,MID,Wolves,653,30,3,2025-08-30T14:00:00Z,True,9,0,0,0,0,0,0,0,0,0,0,0,0,0,0,0,45,6031,0,1123,0.0,0.0,0.0,0.0,0.0,0.0,0,0,0,0,0.0
Sander Berge,MID,Fulham,330,23,3,2025-08-30T11:30:00Z,False,7,90,1,2,0,0,0,2,0,0,0,0,0,0,0,12,50,7269,297,770,0.41,0.01,2.35,14.6,1.3,9.0,2,2,7,11,1.5
Tanaka Ao,MID,Leeds,358,24,3,2025-08-30T16:30:00Z,True,15,0,0,0,0,0,0,0,0,0,0,0,0,0,0,0,50,20856,774,8260,0.0,0.0,0.0,0.0,0.0,0.0,0,0,0,0,0.0
Carlos Miguel dos Santos Pereira,GK,Nott'm Forest,503,27,3,2025-08-31T13:00:00Z,True,19,0,0,0,0,0,0,0,0,0,0,0,0,0,0,0,40,16912,0,3718,0.0,0.0,0.0,0.0,0.0,0.0,0,0,0,0,0.0
Matty Cash,DEF,Aston Villa,36,21,3,2025-08-31T18:00:00Z,True,8,73,1,0,0,0,0,2,0,0,0,1,0,0,0,-1,45,594931,110477,71671,0.01,0.11,1.77,6.2,22.3,1.0,3,0,1,3,3.3
Bruno Borges Fernandes,MID,Man Utd,449,26,3,2025-08-30T14:00:00Z,True,3,90,1,10,1,0,0,2,0,0,0,1,0,0,2,35,90,2502802,349543,272386,0.92,0.25,1.2,59.0,83.7,27.0,4,3,10,17,5.2
Stefanos Tzimas,FWD,Brighton,180,22,3,2025-08-31T13:00:00Z,True,13,0,0,0,0,0,0,0,0,0,0,0,0,0,0,0,54,13129,1257,3133,0.0,0.0,0.0,0.0,0.0,0.0,0,0,0,0,-0.5
Daniel Bentley,GK,Wolves,629,30,3,2025-08-30T14:00:00Z,True,9,0,0,0,0,0,0,0,0,0,0,0,0,0,0,0,40,82736,1639,4854,0.0,0.0,0.0,0.0,0.0,0.0,0,0,0,0,0.0
Marcus Rashford,MID,Man Utd,451,26,3,2025-08-30T14:00:00Z,True,3,0,0,0,0,0,0,0,0,0,0,0,0,0,0,0,70,2611,0,406,0.0,0.0,0.0,0.0,0.0,0.0,0,0,0,0,0.0
Rico Henry,DEF,Brentford,109,28,3,2025-08-30T14:00:00Z,False,17,18,0,-1,0,0,0,2,0,0,0,1,0,0,0,-8,45,17423,893,2083,0.03,0.02,1.06,0.0,0.3,2.0,1,1,2,2,0.8
Samuel Iling-Junior,MID,Aston Villa,51,21,3,2025-08-31T18:00:00Z,True,8,0,0,0,0,0,0,0,0,0,0,0,0,0,0,0,55,3385,309,576,0.0,0.0,0.0,0.0,0.0,0.0,0,0,0,0,0.0
Abdallah Sima,MID,Brighton,165,22,3,2025-08-31T13:00:00Z,True,13,0,0,0,0,0,0,0,0,0,0,0,0,0,0,0,54,2608,80,416,0.0,0.0,0.0,0.0,0.0,0.0,0,0,0,0,-0.5
Tosin Adarabioyo,DEF,Chelsea,232,23,3,2025-08-30T11:30:00Z,True,10,90,1,8,0,0,1,0,0,0,0,0,0,0,0,27,45,118295,14872,15263,0.0,0.01,1.02,26.0,0.7,2.0,9,2,3,11,3.8
Sam Greenwood,MID,Leeds,355,24,3,2025-08-30T16:30:00Z,True,15,0,0,0,0,0,0,0,0,0,0,0,0,0,0,0,49,9575,630,2191,0.0,0.0,0.0,0.0,0.0,0.0,0,0,0,0,-1.0
Jarrad Branthwaite,DEF,Everton,290,30,3,2025-08-30T14:00:00Z,False,20,0,0,0,0,0,0,0,0,0,0,0,0,0,0,0,54,36736,179,14402,0.0,0.0,0.0,0.0,0.0,0.0,0,0,0,0,0.0
Ethan Pinnock,DEF,Brentford,111,28,3,2025-08-30T14:00:00Z,False,17,0,0,0,0,0,0,0,0,0,0,0,0,0,0,0,44,17465,480,3870,0.0,0.0,0.0,0.0,0.0,0.0,0,0,0,0,0.5
Alex Cairns,GK,Leeds,340,24,3,2025-08-30T16:30:00Z,True,15,0,0,0,0,0,0,0,0,0,0,0,0,0,0,0,40,21869,528,1522,0.0,0.0,0.0,0.0,0.0,0.0,0,0,0,0,-1.0
Mateo Joseph Fernández-Regatillo,FWD,Leeds,364,24,3,2025-08-30T16:30:00Z,True,15,0,0,0,0,0,0,0,0,0,0,0,0,0,0,0,50,1926,0,534,0.0,0.0,0.0,0.0,0.0,0.0,0,0,0,0,0.0
Kai Havertz,FWD,Arsenal,30,25,3,2025-08-31T15:30:00Z,False,12,0,0,0,0,0,0,0,0,0,0,0,0,0,0,0,74,61485,185,42685,0.0,0.0,0.0,0.0,0.0,0.0,0,0,0,0,0.0
Raúl Jiménez Rodríguez,FWD,Fulham,337,23,3,2025-08-30T11:30:00Z,False,7,31,0,1,0,0,0,0,0,0,0,0,0,0,0,-2,64,164632,5317,50111,0.11,0.0,0.16,0.0,1.0,7.0,1,1,0,2,0.8
Evann Guessand,MID,Aston Villa,677,21,3,2025-08-31T18:00:00Z,True,8,45,1,1,0,0,0,1,0,0,0,0,0,0,0,3,64,5579,391,1492,0.07,0.0,1.72,4.2,2.2,17.0,0,1,3,4,0.7
Antony dos Santos,MID,Man Utd,454,26,3,2025-08-30T14:00:00Z,True,3,0,0,0,0,0,0,0,0,0,0,0,0,0,0,0,59,12114,685,2383,0.0,0.0,0.0,0.0,0.0,0.0,0,0,0,0,0.5
Tyler Onyango,MID,Everton,704,30,3,2025-08-30T14:00:00Z,False,20,0,0,0,0,0,0,0,0,0,0,0,0,0,0,0,45,12793,6127,1354,0.0,0.0,0.0,0.0,0.0,0.0,0,0,0,0,0.0
Reinildo Mandava,DEF,Sunderland,541,35,4,2025-09-13T14:00:00Z,False,8,90,1,6,0,0,1,0,0,0,0,0,0,0,0,29,40,950027,78236,98465,0.0,0.01,1.77,21.4,2.1,0.0,5,1,4,6,2.8
Lewis Dobbin,MID,Aston Villa,57,36,4,2025-09-13T14:00:00Z,False,9,0,0,0,0,0,0,0,0,0,0,0,0,0,0,0,50,4528,0,1137,0.0,0.0,0.0,0.0,0.0,0.0,0,0,0,0,0.0
Ryan Christie,MID,Bournemouth,87,32,4,2025-09-13T14:00:00Z,True,6,0,0,0,0,0,0,0,0,0,0,0,0,0,0,0,50,8830,842,981,0.0,0.0,0.0,0.0,0.0,0.0,0,0,0,0,0.7
Zeki Amdouni,FWD,Burnley,216,34,4,2025-09-14T13:00:00Z,True,12,0,0,0,0,0,0,0,0,0,0,0,0,0,0,0,49,3397,77,597,0.0,0.0,0.0,0.0,0.0,0.0,0,0,0,0,0.0
Lucas Tolentino Coelho de Lima,MID,West Ham,612,40,4,2025-09-13T16:30:00Z,True,18,67,1,2,0,0,0,3,0,0,0,0,0,0,0,4,59,398418,280879,60173,0.25,0.01,0.78,0.0,14.7,4.0,1,0,1,2,7.0
Jorrel Hato,DEF,Chelsea,672,33,4,2025-09-13T19:00:00Z,False,5,45,1,0,0,0,0,1,0,0,0,1,0,0,0,-6,49,25602,879,5555,0.0,0.01,0.55,0.0,1.5,2.0,1,0,2,1,0.5
Myles Peart-Harris,MID,Brentford,133,33,4,2025-09-13T19:00:00Z,True,7,0,0,0,0,0,0,0,0,0,0,0,0,0,0,0,45,4435,243,501,0.0,0.0,0.0,0.0,0.0,0.0,0,0,0,0,-0.5
Bashir Humphreys,DEF,Burnley,193,34,4,2025-09-14T13:00:00Z,True,12,0,0,0,0,0,0,0,0,0,0,0,0,0,0,0,40,6160,462,428,0.0,0.0,0.0,0.0,0.0,0.0,0,0,0,0,-1.5
Romain Faivre,MID,Bournemouth,92,32,4,2025-09-13T14:00:00Z,True,6,0,0,0,0,0,0,0,0,0,0,0,0,0,0,0,45,16918,944,3449,0.0,0.0,0.0,0.0,0.0,0.0,0,0,0,0,0.0
Enock Agyei,MID,Burnley,203,34,4,2025-09-14T13:00:00Z,True,12,0,0,0,0,0,0,0,0,0,0,0,0,0,0,0,49,5556,211,677,0.0,0.0,0.0,0.0,0.0,0.0,0,0,0,0,-1.5
Callum Bates,MID,Everton,306,36,4,2025-09-13T14:00:00Z,True,2,0,0,0,0,0,0,0,0,0,0,0,0,0,0,0,45,8529,647,1096,0.0,0.0,0.0,0.0,0.0,0.0,0,0,0,0,0.0
Harry Tyrer,GK,Everton,289,36,4,2025-09-13T14:00:00Z,True,2,0,0,0,0,0,0,0,0,0,0,0,0,0,0,0,40,14297,390,869,0.0,0.0,0.0,0.0,0.0,0.0,0,0,0,0,0.0
Etienne Green,GK,Burnley,184,34,4,2025-09-14T13:00:00Z,True,12,0,0,0,0,0,0,0,0,0,0,0,0,0,0,0,40,41915,537,6306,0.0,0.0,0.0,0.0,0.0,0.0,0,0,0,0,0.0
Destiny Udogie,DEF,Spurs,574,40,4,2025-09-13T16:30:00Z,False,19,19,0,1,0,0,0,0,0,0,0,0,0,0,0,6,44,56264,8434,5876,0.0,0.01,0.0,4.2,11.5,6.0,0,1,1,1,0.7
Simon Moore,GK,Sunderland,529,35,4,2025-09-13T14:00:00Z,False,8,0,0,0,0,0,0,0,0,0,0,0,0,0,0,0,40,52702,1216,3105,0.0,0.0,0.0,0.0,0.0,0.0,0,0,0,0,-0.5
Ben Winterburn,MID,Bournemouth,96,32,4,2025-09-13T14:00:00Z,True,6,0,0,0,0,0,0,0,0,0,0,0,0,0,0,0,45,8356,224,2353,0.0,0.0,0.0,0.0,0.0,0.0,0,0,0,0,0.0
Mikey Moore,MID,Spurs,592,40,4,2025-09-13T16:30:00Z,False,19,0,0,0,0,0,0,0,0,0,0,0,0,0,0,0,50,547,0,63,0.0,0.0,0.0,0.0,0.0,0.0,0,0,0,0,0.0
Pape Matar Sarr,MID,Spurs,593,40,4,2025-09-13T16:30:00Z,False,19,90,1,8,1,0,1,0,0,0,0,0,0,0,0,33,50,289735,27752,59219,0.28,0.03,0.6,37.6,4.3,45.0,2,0,5,7,4.3
Hákon Rafn Valdimarsson,GK,Brentford,105,33,4,2025-09-13T19:00:00Z,True,7,0,0,0,0,0,0,0,0,0,0,0,0,0,0,0,40,90998,912,7835,0.0,0.0,0.0,0.0,0.0,0.0,0,0,0,0,-0.5
Toby Collyer,MID,Man Utd,460,38,4,2025-09-14T15:30:00Z,False,13,0,0,0,0,0,0,0,0,0,0,0,0,0,0,0,45,6058,0,1347,0.0,0.0,0.0,0.0,0.0,0.0,0,0,0,0,0.0
Marcos Senesi Barón,DEF,Bournemouth,72,32,4,2025-09-13T14:00:00Z,True,6,90,1,3,0,0,0,1,0,0,0,1,0,0,0,9,46,975444,735993,54814,0.0,0.03,0.62,30.0,4.7,2.0,9,3,6,12,8.7
Tyler Morton,MID,Liverpool,395,34,4,2025-09-14T13:00:00Z,False,3,0,0,0,0,0,0,0,0,0,0,0,0,0,0,0,45,354,0,43,0.0,0.0,0.0,0.0,0.0,0.0,0,0,0,0,0.0
Alexis Mac Allister,MID,Liverpool,386,34,4,2025-09-14T13:00:00Z,False,3,45,1,1,0,0,0,0,0,0,0,0,0,0,0,10,64,179405,10258,28711,0.0,0.03,0.12,3.4,4.7,0.0,0,1,2,3,2.8
André Trindade da Costa Neto,MID,Wolves,643,39,4,2025-09-13T14:00:00Z,False,15,65,1,1,0,0,0,1,0,0,0,1,0,0,0,7,55,9275,335,1191,0.0,0.0,1.35,2.4,0.9,0.0,2,1,4,7,0.8
Harrison Ashby,DEF,Newcastle,482,39,4,2025-09-13T14:00:00Z,True,20,0,0,0,0,0,0,0,0,0,0,0,0,0,0,0,40,14536,226,1106,0.0,0.0,0.0,0.0,0.0,0.0,0,0,0,0,0.5
Samuel Amissah,DEF,Fulham,323,37,4,2025-09-13T14:00:00Z,True,11,0,0,0,0,0,0,0,0,0,0,0,0,0,0,0,40,17381,480,1536,0.0,0.0,0.0,0.0,0.0,0.0,0,0,0,0,0.5
Luís Hemir Silva Semedo,FWD,Sunderland,563,35,4,2025-09-13T14:00:00Z,False,8,0,0,0,0,0,0,0,0,0,0,0,0,0,0,0,44,18799,1804,2629,0.0,0.0,0.0,0.0,0.0,0.0,0,0,0,0,-0.5
Adama Traoré Diarra,MID,Fulham,326,37,4,2025-09-13T14:00:00Z,True,11,30,0,1,0,0,0,0,0,0,0,0,0,0,0,0,54,24093,1002,3719,0.04,0.01,0.05,0.0,0.6,6.0,0,0,1,1,1.2
Yasin Ayari,MID,Brighton,166,32,4,2025-09-13T14:00:00Z,False,4,87,0,2,0,0,0,2,0,0,0,0,0,0,0,20,49,19095,1704,3170,0.0,0.07,1.45,15.4,2.4,0.0,3,4,3,10,1.7
Mateo Kovačić,MID,Man City,422,38,4,2025-09-14T15:30:00Z,True,14,0,0,0,0,0,0,0,0,0,0,0,0,0,0,0,60,1075,75,139,0.0,0.0,0.0,0.0,0.0,0.0,0,0,0,0,0.0
Thierno Barry,FWD,Everton,310,36,4,2025-09-13T14:00:00Z,True,2,15,0,1,0,0,0,0,0,0,0,0,0,0,0,1,59,53396,3493,14673,0.11,0.01,0.0,0.0,0.5,13.0,0,0,0,0,1.3
Ollie Scarles,DEF,West Ham,608,40,4,2025-09-13T16:30:00Z,True,18,0,0,0,0,0,0,0,0,0,0,0,0,0,0,0,44,3823,114,359,0.0,0.0,0.0,0.0,0.0,0.0,0,0,0,0,0.0
Rico Lewis,DEF,Man City,410,38,4,2025-09-14T15:30:00Z,True,14,0,0,0,0,0,0,0,0,0,0,0,0,0,0,0,50,377630,11912,94672,0.0,0.0,0.0,0.0,0.0,0.0,0,0,0,0,1.2
Brenden Aaronson,MID,Leeds,350,37,4,2025-09-13T14:00:00Z,False,10,76,1,5,0,0,1,0,0,0,0,0,0,0,0,19,54,5706,164,898,0.13,0.32,0.3,18.6,12.0,23.0,2,5,5,12,1.8
Eliezer Mayenda Dossou,FWD,Sunderland,561,35,4,2025-09-13T14:00:00Z,False,8,0,0,0,0,0,0,0,0,0,0,0,0,0,0,0,55,186651,14058,54017,0.0,0.0,0.0,0.0,0.0,0.0,0,0,0,0,0.8
Steven Benda,GK,Fulham,315,37,4,2025-09-13T14:00:00Z,True,11,0,0,0,0,0,0,0,0,0,0,0,0,0,0,0,40,726,0,52,0.0,0.0,0.0,0.0,0.0,0.0,0,0,0,0,0.0
Myles Lewis-Skelly,DEF,Arsenal,10,31,4,2025-09-13T11:30:00Z,True,16,22,0,1,0,0,0,0,0,0,0,0,0,0,0,3,54,290505,5448,56916,0.0,0.0,0.1,0.0,2.0,0.0,0,0,2,0,1.2
Hugo Bueno López,DEF,Wolves,633,39,4,2025-09-13T14:00:00Z,False,15,90,1,4,0,0,0,1,0,0,0,0,0,0,0,11,45,7138,53,1327,0.0,0.11,1.55,29.6,29.8,8.0,5,6,4,11,0.9
Milan Aleksić,MID,Sunderland,546,35,4,2025-09-13T14:00:00Z,False,8,0,0,0,0,0,0,0,0,0,0,0,0,0,0,0,49,3267,68,641,0.0,0.0,0.0,0.0,0.0,0.0,0,0,0,0,0.0
Toti Gomes,DEF,Wolves,637,39,4,2025-09-13T14:00:00Z,False,15,90,1,2,0,0,0,1,0,0,0,0,0,0,0,11,44,15763,479,1443,0.01,0.01,1.55,15.4,2.0,19.0,4,0,8,4,0.5
Ismaïla Sarr,MID,Crystal Palace,267,35,4,2025-09-13T14:00:00Z,True,17,0,0,0,0,0,0,0,0,0,0,0,0,0,0,0,65,513146,150881,350991,0.0,0.0,0.0,0.0,0.0,0.0,0,0,0,0,0.0
Abdukodir Khusanov,DEF,Man City,406,38,4,2025-09-14T15:30:00Z,True,14,90,1,8,0,0,1,0,0,0,0,0,0,0,0,27,54,37626,2260,5619,0.0,0.01,1.51,20.0,2.1,0.0,10,2,5,12,3.5
André Onana,GK,Man Utd,432,38,4,2025-09-14T15:30:00Z,False,13,0,0,0,0,0,0,0,0,0,0,0,0,0,0,0,49,29647,558,6094,0.0,0.0,0.0,0.0,0.0,0.0,0,0,0,0,0.0
Rio Cardines,MID,Crystal Palace,690,35,4,2025-09-13T14:00:00Z,True,17,0,0,0,0,0,0,0,0,0,0,0,0,0,0,0,45,23498,543,2613,0.0,0.0,0.0,0.0,0.0,0.0,0,0,0,0,0.5
Alejandro Garnacho Ferreyra,MID,Chelsea,453,33,4,2025-09-13T19:00:00Z,False,5,11,0,1,0,0,0,1,0,0,0,0,0,0,0,4,64,33502,13174,5351,0.0,0.05,0.71,2.0,10.5,6.0,0,0,1,1,0.8
Dan Neil,MID,Sunderland,549,35,4,2025-09-13T14:00:00Z,False,8,0,0,0,0,0,0,0,0,0,0,0,0,0,0,0,49,3676,105,405,0.0,0.0,0.0,0.0,0.0,0.0,0,0,0,0,-0.5
Kiernan Dewsbury-Hall,MID,Everton,242,36,4,2025-09-13T14:00:00Z,True,2,90,1,2,0,0,1,0,0,0,0,1,0,0,0,11,50,584038,215031,87016,0.06,0.26,0.54,9.4,28.3,11.0,0,3,5,8,5.3
Kieran Trippier,DEF,Newcastle,478,39,4,2025-09-13T14:00:00Z,True,20,90,1,8,0,0,1,0,0,0,0,0,0,0,2,32,50,327563,31291,16624,0.0,0.19,0.5,22.2,82.1,2.0,2,1,7,3,5.5
João Maria Lobo Alves Palhares Costa Palhinha Gonçalves,MID,Spurs,673,40,4,2025-09-13T16:30:00Z,False,19,90,1,3,0,0,1,0,0,0,0,0,0,0,0,18,55,95676,19778,15614,0.22,0.03,0.6,14.2,4.2,18.0,0,6,1,7,5.0
Tino Livramento,DEF,Newcastle,477,39,4,2025-09-13T14:00:00Z,True,20,90,1,6,0,0,1,0,0,0,0,0,0,0,0,22,51,1116963,261545,62941,0.0,0.04,0.5,10.0,5.7,2.0,2,2,4,4,5.8
Issa Diop,DEF,Fulham,320,37,4,2025-09-13T14:00:00Z,True,11,0,0,0,0,0,0,0,0,0,0,0,0,0,0,0,44,8602,464,877,0.0,0.0,0.0,0.0,0.0,0.0,0,0,0,0,0.5
Rasmus Højlund,FWD,Man Utd,465,38,4,2025-09-14T15:30:00Z,False,13,0,0,0,0,0,0,0,0,0,0,0,0,0,0,0,63,46417,855,13744,0.0,0.0,0.0,0.0,0.0,0.0,0,0,0,0,0.0
Dane Scarlett,FWD,Spurs,599,40,4,2025-09-13T16:30:00Z,False,19,0,0,0,0,0,0,0,0,0,0,0,0,0,0,0,44,81310,8529,11675,0.0,0.0,0.0,0.0,0.0,0.0,0,0,0,0,0.0
Ezri Konsa Ngoyo,DEF,Aston Villa,38,36,4,2025-09-13T14:00:00Z,False,9,90,1,6,0,0,1,0,0,0,0,0,0,0,0,28,45,1486987,36044,197068,0.0,0.01,2.08,15.4,1.0,0.0,3,1,2,4,2.3
Caleb Kporha,DEF,Crystal Palace,265,35,4,2025-09-13T14:00:00Z,True,17,0,0,0,0,0,0,0,0,0,0,0,0,0,0,0,40,1908,44,207,0.0,0.0,0.0,0.0,0.0,0.0,0,0,0,0,0.1
Archie Gray,MID,Spurs,591,40,4,2025-09-13T16:30:00Z,False,19,0,0,0,0,0,0,0,0,0,0,0,0,0,0,0,49,14668,914,2027,0.0,0.0,0.0,0.0,0.0,0.0,0,0,0,0,0.0
Noah Sadiki,MID,Sunderland,552,35,4,2025-09-13T14:00:00Z,False,8,83,1,3,0,0,1,0,0,0,0,0,0,0,0,11,50,5663,398,666,0.02,0.01,1.39,8.4,6.7,4.0,3,1,3,7,1.8
Sávio Moreira de Oliveira,MID,Man City,415,38,4,2025-09-14T15:30:00Z,True,14,13,0,1,0,0,0,0,0,0,0,0,0,0,0,6,69,47334,841,6610,0.04,0.0,1.37,5.2,0.5,33.0,2,0,0,2,0.8
Nathan Collins,DEF,Brentford,106,33,4,2025-09-13T19:00:00Z,True,7,90,1,3,0,0,0,2,0,0,0,0,0,0,0,7,50,177381,3523,20846,0.0,0.04,1.25,24.8,10.4,4.0,10,1,1,11,4.5
Manuel Ugarte Ribeiro,MID,Man Utd,459,38,4,2025-09-14T15:30:00Z,False,13,79,1,4,0,0,0,3,0,0,0,0,0,0,0,15,49,16059,1025,3180,0.02,0.01,2.34,7.2,8.8,1.0,3,3,6,12,1.2
Lewis Hall,DEF,Newcastle,473,39,4,2025-09-13T14:00:00Z,True,20,0,0,0,0,0,0,0,0,0,0,0,0,0,0,0,54,174746,8191,27055,0.0,0.0,0.0,0.0,0.0,0.0,0,0,0,0,1.2
Wesley Fofana,DEF,Chelsea,230,33,4,2025-09-13T19:00:00Z,False,5,45,1,1,0,0,0,1,0,0,0,0,0,0,0,7,44,21648,1183,3278,0.0,0.01,0.55,6.2,2.8,0.0,2,0,1,2,1.2
Martial Godo,MID,Fulham,333,37,4,2025-09-13T14:00:00Z,True,11,0,0,0,0,0,0,0,0,0,0,0,0,0,0,0,45,5857,113,1388,0.0,0.0,0.0,0.0,0.0,0.0,0,0,0,0,0.0
Leo Fuhr Hjelde,DEF,Sunderland,536,35,4,2025-09-13T14:00:00Z,False,8,0,0,0,0,0,0,0,0,0,0,0,0,0,0,0,40,565,36,63,0.0,0.0,0.0,0.0,0.0,0.0,0,0,0,0,0.0
Krisztián Hegyi,GK,West Ham,602,40,4,2025-09-13T16:30:00Z,True,18,0,0,0,0,0,0,0,0,0,0,0,0,0,0,0,40,29108,399,1288,0.0,0.0,0.0,0.0,0.0,0.0,0,0,0,0,0.0
Will Hughes,MID,Crystal Palace,270,35,4,2025-09-13T14:00:00Z,True,17,90,1,3,0,0,1,0,0,0,0,0,0,0,0,8,49,13244,2862,1885,0.03,0.21,0.36,9.4,26.8,2.0,2,1,2,5,2.5
Jadon Sancho,MID,Aston Villa,456,36,4,2025-09-13T14:00:00Z,False,9,0,0,0,0,0,0,0,0,0,0,0,0,0,0,0,59,24132,13130,5288,0.0,0.0,0.0,0.0,0.0,0.0,0,0,0,0,0.0
Amine Adli,MID,Bournemouth,697,32,4,2025-09-13T14:00:00Z,True,6,23,0,1,0,0,0,0,0,0,0,0,0,0,0,5,55,3473,897,606,0.04,0.0,0.05,6.6,1.3,7.0,2,0,1,3,1.0
Micky van de Ven,DEF,Spurs,575,40,4,2025-09-13T16:30:00Z,False,19,79,1,14,1,0,1,0,0,0,0,0,0,0,2,43,46,3303155,182769,211765,0.09,0.0,0.6,46.0,10.9,23.0,4,1,2,5,7.0
Konstantinos Mavropanos,DEF,West Ham,606,40,4,2025-09-13T16:30:00Z,True,18,90,1,3,0,0,0,3,0,0,0,0,0,0,0,2,44,6211,651,395,0.0,0.01,1.29,26.8,0.6,0.0,11,0,3,11,3.0
Emmanuel Agbadou,DEF,Wolves,631,39,4,2025-09-13T14:00:00Z,False,15,90,1,4,0,0,0,1,0,0,0,0,0,0,0,10,45,47055,2055,8810,0.0,0.1,1.55,37.0,4.6,0.0,12,2,3,14,2.5
Oscar Bobb,MID,Man City,424,38,4,2025-09-14T15:30:00Z,True,14,3,0,1,0,0,0,0,0,0,0,0,0,0,0,5,55,69115,23987,15757,0.0,0.05,0.09,3.0,10.8,4.0,0,0,1,1,2.2
Oluwaseun Adewumi,MID,Burnley,212,34,4,2025-09-14T13:00:00Z,True,12,0,0,0,0,0,0,0,0,0,0,0,0,0,0,0,45,1542,0,309,0.0,0.0,0.0,0.0,0.0,0.0,0,0,0,0,0.0
Jordan Henderson,MID,Brentford,124,33,4,2025-09-13T19:00:00Z,True,7,90,1,6,0,1,0,2,0,0,0,0,0,0,1,23,50,29861,2509,3800,0.0,0.03,1.25,32.4,20.0,0.0,3,3,3,9,3.5
Harry Wilson,MID,Fulham,329,37,4,2025-09-13T14:00:00Z,True,11,59,1,1,0,0,0,0,0,0,0,0,0,0,0,9,54,61123,3343,18965,0.12,0.02,0.74,7.0,2.8,11.0,0,2,0,2,1.5
Malick Thiaw,DEF,Newcastle,684,39,4,2025-09-13T14:00:00Z,True,20,0,0,0,0,0,0,0,0,0,0,0,0,0,0,0,50,17801,989,3055,0.0,0.0,0.0,0.0,0.0,0.0,0,0,0,0,0.8
Emerson Palmieri dos Santos,DEF,West Ham,604,40,4,2025-09-13T16:30:00Z,True,18,0,0,0,0,0,0,0,0,0,0,0,0,0,0,0,44,14097,186,5069,0.0,0.0,0.0,0.0,0.0,0.0,0,0,0,0,0.0
Trey Nyoni,MID,Liverpool,396,34,4,2025-09-14T13:00:00Z,False,3,0,0,0,0,0,0,0,0,0,0,0,0,0,0,0,44,27121,5398,6108,0.0,0.0,0.0,0.0,0.0,0.0,0,0,0,0,1.5
Ladislav Krejcí,DEF,Wolves,709,39,4,2025-09-13T14:00:00Z,False,15,90,1,1,0,0,0,1,0,0,0,1,0,0,0,8,45,1093,446,78,0.0,0.16,1.55,8.2,15.6,0.0,3,1,3,4,0.0
Malo Gusto,DEF,Chelsea,228,33,4,2025-09-13T19:00:00Z,False,5,0,0,0,0,0,0,0,0,0,0,0,0,0,0,0,50,179681,14418,15020,0.0,0.0,0.0,0.0,0.0,0.0,0,0,0,0,3.2
Jérémy Doku,MID,Man City,418,38,4,2025-09-14T15:30:00Z,True,14,76,1,10,0,2,1,0,0,0,0,0,0,0,1,33,64,105936,9554,20331,0.0,0.75,0.14,40.6,54.0,10.0,1,0,3,4,4.5
Triston Rowe,DEF,Aston Villa,701,36,4,2025-09-13T14:00:00Z,False,9,0,0,0,0,0,0,0,0,0,0,0,0,0,0,0,40,15515,1959,1382,0.0,0.0,0.0,0.0,0.0,0.0,0,0,0,0,0.0
Luis Guilherme Lira dos Santos,MID,West Ham,619,40,4,2025-09-13T16:30:00Z,True,18,29,0,1,0,0,0,1,0,0,0,0,0,0,0,2,49,2161,53,404,0.0,0.0,0.65,1.4,0.0,0.0,1,0,2,3,0.0
Sebastiaan Bornauw,DEF,Leeds,345,37,4,2025-09-13T14:00:00Z,False,10,0,0,0,0,0,0,0,0,0,0,0,0,0,0,0,40,7032,217,665,0.0,0.0,0.0,0.0,0.0,0.0,0,0,0,0,-0.5
Kendry Páez Andrade,MID,Chelsea,248,33,4,2025-09-13T19:00:00Z,False,5,0,0,0,0,0,0,0,0,0,0,0,0,0,0,0,45,766,0,98,0.0,0.0,0.0,0.0,0.0,0.0,0,0,0,0,0.0
Asher Agbinone,MID,Crystal Palace,274,35,4,2025-09-13T14:00:00Z,True,17,0,0,0,0,0,0,0,0,0,0,0,0,0,0,0,45,6188,426,705,0.0,0.0,0.0,0.0,0.0,0.0,0,0,0,0,0.5
Matz Sels,GK,Nott'm Forest,502,31,4,2025-09-13T11:30:00Z,False,1,90,1,1,0,0,0,3,0,0,0,0,0,2,0,2,50,1746704,27326,332345,0.0,0.0,1.84,20.6,0.0,0.0,2,0,4,0,1.2
Álex Jiménez Sánchez,DEF,Bournemouth,713,32,4,2025-09-13T14:00:00Z,True,6,3,0,0,0,0,0,0,0,0,0,1,0,0,0,2,45,790,568,136,0.0,0.0,0.0,2.2,0.1,0.0,1,1,0,2,2.0
Marko Stamenić,MID,Nott'm Forest,524,31,4,2025-09-13T11:30:00Z,False,1,0,0,0,0,0,0,0,0,0,0,0,0,0,0,0,45,3729,0,821,0.0,0.0,0.0,0.0,0.0,0.0,0,0,0,0,0.0
Nathan Fraser,FWD,Wolves,658,39,4,2025-09-13T14:00:00Z,False,15,0,0,0,0,0,0,0,0,0,0,0,0,0,0,0,44,242905,20498,34721,0.0,0.0,0.0,0.0,0.0,0.0,0,0,0,0,-0.5
Evan Ferguson,FWD,Brighton,179,32,4,2025-09-13T14:00:00Z,False,4,0,0,0,0,0,0,0,0,0,0,0,0,0,0,0,55,1205,0,155,0.0,0.0,0.0,0.0,0.0,0.0,0,0,0,0,0.0
Idrissa Gana Gueye,MID,Everton,302,36,4,2025-09-13T14:00:00Z,True,2,90,1,3,0,0,1,0,0,0,0,0,0,0,0,17,54,9997,794,1637,0.1,0.03,0.54,4.6,3.4,2.0,2,2,6,10,2.7
Justin Devenny,MID,Crystal Palace,276,35,4,2025-09-13T14:00:00Z,True,17,21,0,1,0,0,0,0,0,0,0,0,0,0,0,6,45,172116,16670,25648,0.0,0.12,0.02,5.2,21.3,6.0,0,1,0,1,1.8
Karl Darlow,GK,Leeds,341,37,4,2025-09-13T14:00:00Z,False,10,90,1,3,0,0,0,1,0,0,0,0,0,3,0,15,40,281158,5362,28710,0.0,0.0,0.85,19.6,0.0,0.0,1,0,12,0,0.5
Junior Kroupi,FWD,Bournemouth,100,32,4,2025-09-13T14:00:00Z,True,6,0,0,0,0,0,0,0,0,0,0,0,0,0,0,0,45,148264,38988,30468,0.0,0.0,0.0,0.0,0.0,0.0,0,0,0,0,0.7
Habib Diarra,MID,Sunderland,544,35,4,2025-09-13T14:00:00Z,False,8,90,1,3,0,0,1,0,0,0,0,0,0,0,0,1,55,12491,1230,1782,0.02,0.01,1.77,0.0,6.1,7.0,2,0,2,4,2.5
Luis Sinisterra Lucumí,MID,Bournemouth,91,32,4,2025-09-13T14:00:00Z,True,6,0,0,0,0,0,0,0,0,0,0,0,0,0,0,0,50,2121,0,800,0.0,0.0,0.0,0.0,0.0,0.0,0,0,0,0,0.0
Antonín Kinský,GK,Spurs,567,40,4,2025-09-13T16:30:00Z,False,19,0,0,0,0,0,0,0,0,0,0,0,0,0,0,0,40,186164,1563,15722,0.0,0.0,0.0,0.0,0.0,0.0,0,0,0,0,0.0
Jakub Kiwior,DEF,Arsenal,9,31,4,2025-09-13T11:30:00Z,True,16,0,0,0,0,0,0,0,0,0,0,0,0,0,0,0,54,9452,193,2850,0.0,0.0,0.0,0.0,0.0,0.0,0,0,0,0,0.0
Fábio Soares Silva,FWD,Wolves,655,39,4,2025-09-13T14:00:00Z,False,15,0,0,0,0,0,0,0,0,0,0,0,0,0,0,0,49,40473,893,13893,0.0,0.0,0.0,0.0,0.0,0.0,0,0,0,0,0.0
Đorđe Petrović,GK,Bournemouth,67,32,4,2025-09-13T14:00:00Z,True,6,90,1,2,0,0,0,1,0,0,0,0,0,1,0,5,45,523315,146779,53191,0.0,0.0,0.62,8.6,0.0,0.0,1,0,5,0,4.3
Kim Ji-soo,DEF,Brentford,117,33,4,2025-09-13T19:00:00Z,True,7,0,0,0,0,0,0,0,0,0,0,0,0,0,0,0,40,16777,322,1557,0.0,0.0,0.0,0.0,0.0,0.0,0,0,0,0,-0.5
Alphonse Areola,GK,West Ham,600,40,4,2025-09-13T16:30:00Z,True,18,0,0,0,0,0,0,0,0,0,0,0,0,0,0,0,44,322767,4386,55560,0.0,0.0,0.0,0.0,0.0,0.0,0,0,0,0,0.0
Gabriel dos Santos Magalhães,DEF,Arsenal,5,31,4,2025-09-13T11:30:00Z,True,16,90,1,9,0,0,1,0,0,0,0,0,0,0,1,32,61,2531223,230780,140944,0.2,0.01,0.2,28.0,1.3,9.0,8,2,3,10,6.2
Jamaldeen Jimoh-Aloba,MID,Aston Villa,62,36,4,2025-09-13T14:00:00Z,False,9,0,0,0,0,0,0,0,0,0,0,0,0,0,0,0,45,6460,665,737,0.0,0.0,0.0,0.0,0.0,0.0,0,0,0,0,0.0
Armando Broja,FWD,Burnley,680,34,4,2025-09-14T13:00:00Z,True,12,1,0,1,0,0,0,1,0,0,0,0,0,0,0,3,54,17457,1312,3493,0.0,0.0,0.94,2.0,0.1,0.0,1,0,0,1,-1.2
Benoît Badiashile Mukinayi,DEF,Chelsea,229,33,4,2025-09-13T19:00:00Z,False,5,0,0,0,0,0,0,0,0,0,0,0,0,0,0,0,44,1149,15,152,0.0,0.0,0.0,0.0,0.0,0.0,0,0,0,0,0.2
Divine Mukasa,MID,Man City,739,38,4,2025-09-14T15:30:00Z,True,14,0,0,0,0,0,0,0,0,0,0,0,0,0,0,0,45,0,0,0,0.0,0.0,0.0,0.0,0.0,0.0,0,0,0,0,1.6
Aarón Anselmino,DEF,Chelsea,234,33,4,2025-09-13T19:00:00Z,False,5,0,0,0,0,0,0,0,0,0,0,0,0,0,0,0,40,10648,104,2376,0.0,0.0,0.0,0.0,0.0,0.0,0,0,0,0,0.0
Jean-Ricner Bellegarde,MID,Wolves,644,39,4,2025-09-13T14:00:00Z,False,15,24,0,1,0,0,0,0,0,0,0,0,0,0,0,4,54,7533,161,1201,0.05,0.02,0.2,1.6,4.6,2.0,1,0,1,2,0.5
Luke Harris,MID,Fulham,334,37,4,2025-09-13T14:00:00Z,True,11,0,0,0,0,0,0,0,0,0,0,0,0,0,0,0,45,276,0,37,0.0,0.0,0.0,0.0,0.0,0.0,0,0,0,0,0.0
Ola Aina,DEF,Nott'm Forest,507,31,4,2025-09-13T11:30:00Z,False,1,0,0,0,0,0,0,0,0,0,0,0,0,0,0,0,50,1120295,20168,474841,0.0,0.0,0.0,0.0,0.0,0.0,0,0,0,0,0.0
Dominik Szoboszlai,MID,Liverpool,387,34,4,2025-09-14T13:00:00Z,False,3,90,1,3,0,0,1,0,0,0,0,0,0,0,0,14,65,373770,158474,30571,0.21,0.07,0.13,12.6,11.9,22.0,4,1,4,9,7.5
Arnaud Kalimuendo,FWD,Nott'm Forest,696,31,4,2025-09-13T11:30:00Z,False,1,30,0,1,0,0,0,1,0,0,0,0,0,0,0,3,60,7804,1481,1159,0.11,0.01,0.08,1.2,12.2,13.0,0,0,0,0,0.5
Marcus Bettinelli,GK,Man City,401,38,4,2025-09-14T15:30:00Z,True,14,0,0,0,0,0,0,0,0,0,0,0,0,0,0,0,40,14941,173,1517,0.0,0.0,0.0,0.0,0.0,0.0,0,0,0,0,0.5
Tomáš Souček,MID,West Ham,613,40,4,2025-09-13T16:30:00Z,True,18,53,1,-2,0,0,0,3,0,0,0,0,1,0,0,-2,58,55755,1228,8690,0.01,0.0,0.42,14.6,0.9,17.0,9,1,1,11,1.0
Jack Grealish,MID,Everton,419,36,4,2025-09-13T14:00:00Z,True,2,90,1,2,0,0,1,0,0,0,0,1,0,0,0,20,68,2570567,1663894,97917,0.09,0.3,0.54,28.0,64.3,56.0,1,3,2,6,7.7
Ilia Gruev,MID,Leeds,356,37,4,2025-09-13T14:00:00Z,False,10,0,0,0,0,0,0,0,0,0,0,0,0,0,0,0,50,4996,252,439,0.0,0.0,0.0,0.0,0.0,0.0,0,0,0,0,1.2
Kadan Young,MID,Aston Villa,63,36,4,2025-09-13T14:00:00Z,False,9,0,0,0,0,0,0,0,0,0,0,0,0,0,0,0,45,69226,5194,9096,0.0,0.0,0.0,0.0,0.0,0.0,0,0,0,0,0.0
Endo Wataru,MID,Liverpool,392,34,4,2025-09-14T13:00:00Z,False,3,0,0,0,0,0,0,0,0,0,0,0,0,0,0,0,50,13109,794,1961,0.0,0.0,0.0,0.0,0.0,0.0,0,0,0,0,1.8
Samuel Chukwueze,MID,Fulham,727,37,4,2025-09-13T14:00:00Z,True,11,0,0,0,0,0,0,0,0,0,0,0,0,0,0,0,55,2540,2774,894,0.0,0.0,0.0,0.0,0.0,0.0,0,0,0,0,2.5
Mats Wieffer,MID,Brighton,173,32,4,2025-09-13T14:00:00Z,False,4,0,0,0,0,0,0,0,0,0,0,0,0,0,0,0,50,6908,292,1547,0.0,0.0,0.0,0.0,0.0,0.0,0,0,0,0,1.0
İlkay Gündoğan,MID,Man City,420,38,4,2025-09-14T15:30:00Z,True,14,0,0,0,0,0,0,0,0,0,0,0,0,0,0,0,63,13167,634,4851,0.0,0.0,0.0,0.0,0.0,0.0,0,0,0,0,0.0
Pedro Porro Sauceda,DEF,Spurs,568,40,4,2025-09-13T16:30:00Z,False,19,90,1,6,0,0,1,0,0,0,0,0,0,0,0,32,56,2939700,213679,193226,0.0,0.37,0.6,18.6,31.9,6.0,2,3,5,5,5.0
Daichi Kamada,MID,Crystal Palace,271,35,4,2025-09-13T14:00:00Z,True,17,90,1,3,0,0,1,0,0,0,0,0,0,0,0,16,50,14165,13010,3154,0.07,0.22,0.36,13.8,15.2,18.0,1,1,1,3,3.5
Tyrique George,MID,Chelsea,243,33,4,2025-09-13T19:00:00Z,False,5,45,0,0,0,0,0,1,0,0,0,1,0,0,0,1,49,6365,944,852,0.04,0.06,0.87,4.6,4.9,19.0,0,1,0,1,1.5
Andy Irving,MID,West Ham,621,40,4,2025-09-13T16:30:00Z,True,18,1,0,1,0,0,0,0,0,0,0,0,0,0,0,3,45,28625,1216,3083,0.0,0.0,0.37,5.0,0.0,0.0,1,0,0,1,0.7
Nick Pope,GK,Newcastle,469,39,4,2025-09-13T14:00:00Z,True,20,90,1,8,0,0,1,0,0,0,0,0,0,3,1,29,50,712259,114642,41496,0.0,0.0,0.5,26.4,0.0,0.0,0,0,7,0,6.2
Karl Hein,GK,Arsenal,3,31,4,2025-09-13T11:30:00Z,True,16,0,0,0,0,0,0,0,0,0,0,0,0,0,0,0,40,51317,0,7317,0.0,0.0,0.0,0.0,0.0,0.0,0,0,0,0,0.0
Ki-Jana Hoever,DEF,Wolves,638,39,4,2025-09-13T14:00:00Z,False,15,0,0,0,0,0,0,0,0,0,0,0,0,0,0,0,40,171449,672,41519,0.0,0.0,0.0,0.0,0.0,0.0,0,0,0,0,-0.1
Fer López González,MID,Wolves,645,39,4,2025-09-13T14:00:00Z,False,15,13,0,1,0,0,0,0,0,0,0,0,0,0,0,5,54,4064,134,481,0.0,0.07,0.17,3.6,11.6,2.0,0,0,0,0,0.2
Daniel James,MID,Leeds,353,37,4,2025-09-13T14:00:00Z,False,10,11,0,1,0,0,0,0,0,0,0,0,0,0,0,3,54,38186,1339,7229,0.0,0.0,0.54,0.0,0.0,0.0,0,0,0,0,0.8
Christopher Nkunku,MID,Chelsea,240,33,4,2025-09-13T19:00:00Z,False,5,0,0,0,0,0,0,0,0,0,0,0,0,0,0,0,59,14668,256,4663,0.0,0.0,0.0,0.0,0.0,0.0,0,0,0,0,0.0
Abdoullah Ba,MID,Sunderland,554,35,4,2025-09-13T14:00:00Z,False,8,0,0,0,0,0,0,0,0,0,0,0,0,0,0,0,44,26572,4651,4191,0.0,0.0,0.0,0.0,0.0,0.0,0,0,0,0,-0.5
Mike Trésor Ndayishimiye,MID,Burnley,214,34,4,2025-09-14T13:00:00Z,True,12,0,0,0,0,0,0,0,0,0,0,0,0,0,0,0,45,7193,536,1086,0.0,0.0,0.0,0.0,0.0,0.0,0,0,0,0,-1.5
Matthew Cox,GK,Brentford,103,33,4,2025-09-13T19:00:00Z,True,7,0,0,0,0,0,0,0,0,0,0,0,0,0,0,0,40,17275,690,948,0.0,0.0,0.0,0.0,0.0,0.0,0,0,0,0,-0.5
Darko Gyabi,MID,Leeds,361,37,4,2025-09-13T14:00:00Z,False,10,0,0,0,0,0,0,0,0,0,0,0,0,0,0,0,45,6637,126,1842,0.0,0.0,0.0,0.0,0.0,0.0,0,0,0,0,0.0
Michael Obafemi,FWD,Burnley,219,34,4,2025-09-14T13:00:00Z,True,12,0,0,0,0,0,0,0,0,0,0,0,0,0,0,0,44,31469,772,9115,0.0,0.0,0.0,0.0,0.0,0.0,0,0,0,0,0.0
Dwight McNeil,MID,Everton,300,36,4,2025-09-13T14:00:00Z,True,2,0,0,0,0,0,0,0,0,0,0,0,0,0,0,0,58,22343,1068,6937,0.0,0.0,0.0,0.0,0.0,0.0,0,0,0,0,0.3
Jacob Ramsey,MID,Newcastle,52,39,4,2025-09-13T14:00:00Z,True,20,0,0,0,0,0,0,0,0,0,0,0,0,0,0,0,54,42767,1042,18660,0.0,0.0,0.0,0.0,0.0,0.0,0,0,0,0,0.0
Veljko Milosavljevic,DEF,Bournemouth,721,32,4,2025-09-13T14:00:00Z,True,6,90,1,4,0,0,0,1,0,0,0,0,0,0,0,15,45,385,176,27,0.0,0.18,0.62,23.4,11.3,6.0,10,1,3,11,2.0
Tom Edozie,MID,Wolves,651,39,4,2025-09-13T14:00:00Z,False,15,0,0,0,0,0,0,0,0,0,0,0,0,0,0,0,44,47000,10194,5555,0.0,0.0,0.0,0.0,0.0,0.0,0,0,0,0,-0.5
Coby Ebere,MID,Everton,307,36,4,2025-09-13T14:00:00Z,True,2,0,0,0,0,0,0,0,0,0,0,0,0,0,0,0,45,4597,318,514,0.0,0.0,0.0,0.0,0.0,0.0,0,0,0,0,0.0
Diego Coppola,DEF,Brighton,144,32,4,2025-09-13T14:00:00Z,False,4,0,0,0,0,0,0,0,0,0,0,0,0,0,0,0,44,6923,210,699,0.0,0.0,0.0,0.0,0.0,0.0,0,0,0,0,0.3
Lukasz Fabianski,GK,West Ham,738,40,4,2025-09-13T16:30:00Z,True,18,0,0,0,0,0,0,0,0,0,0,0,0,0,0,0,45,540,381,40,0.0,0.0,0.0,0.0,0.0,0.0,0,0,0,0,2.3
Amadou Onana,MID,Aston Villa,59,36,4,2025-09-13T14:00:00Z,False,9,0,0,0,0,0,0,0,0,0,0,0,0,0,0,0,50,125947,631,59433,0.0,0.0,0.0,0.0,0.0,0.0,0,0,0,0,0.0
Giorgi Mamardashvili,GK,Liverpool,367,34,4,2025-09-14T13:00:00Z,False,3,0,0,0,0,0,0,0,0,0,0,0,0,0,0,0,44,43311,1013,5437,0.0,0.0,0.0,0.0,0.0,0.0,0,0,0,0,1.5
Leon Bailey,MID,Aston Villa,49,36,4,2025-09-13T14:00:00Z,False,9,0,0,0,0,0,0,0,0,0,0,0,0,0,0,0,55,15622,0,5245,0.0,0.0,0.0,0.0,0.0,0.0,0,0,0,0,0.0
Federico Chiesa,MID,Liverpool,385,34,4,2025-09-14T13:00:00Z,False,3,18,0,1,0,0,0,0,0,0,0,0,0,0,0,-1,65,37942,1836,6046,0.08,0.03,0.01,0.0,0.6,8.0,0,0,0,0,2.5
Ryan Sessegnon,MID,Fulham,328,37,4,2025-09-13T14:00:00Z,True,11,90,1,3,0,0,1,0,0,0,0,0,0,0,0,12,54,4132,1197,704,0.0,0.22,0.79,15.4,22.8,4.0,5,2,3,10,2.8
John Stones,DEF,Man City,409,38,4,2025-09-14T15:30:00Z,True,14,0,0,0,0,0,0,0,0,0,0,0,0,0,0,0,55,120128,5990,17879,0.0,0.0,0.0,0.0,0.0,0.0,0,0,0,0,0.6
Isaac Heath,MID,Everton,308,36,4,2025-09-13T14:00:00Z,True,2,0,0,0,0,0,0,0,0,0,0,0,0,0,0,0,45,3666,52,849,0.0,0.0,0.0,0.0,0.0,0.0,0,0,0,0,0.0
Chris Rigg,MID,Sunderland,551,35,4,2025-09-13T14:00:00Z,False,8,1,0,1,0,0,0,0,0,0,0,0,0,0,0,3,49,5315,138,783,0.0,0.0,0.1,0.0,0.0,0.0,0,0,0,0,-0.2
Luke O'Nien,DEF,Sunderland,539,35,4,2025-09-13T14:00:00Z,False,8,0,0,0,0,0,0,0,0,0,0,0,0,0,0,0,40,2421,94,267,0.0,0.0,0.0,0.0,0.0,0.0,0,0,0,0,0.0
Axel Tuanzebe,DEF,Burnley,198,34,4,2025-09-14T13:00:00Z,True,12,0,0,0,0,0,0,0,0,0,0,0,0,0,0,0,39,240325,37691,27535,0.0,0.0,0.0,0.0,0.0,0.0,0,0,0,0,-1.5
Séamus Coleman,DEF,Everton,294,36,4,2025-09-13T14:00:00Z,True,2,0,0,0,0,0,0,0,0,0,0,0,0,0,0,0,44,16644,612,1759,0.0,0.0,0.0,0.0,0.0,0.0,0,0,0,0,0.3
Carlos Alcaraz Durán,MID,Everton,301,36,4,2025-09-13T14:00:00Z,True,2,0,0,0,0,0,0,0,0,0,0,0,0,0,0,0,54,13655,704,2958,0.0,0.0,0.0,0.0,0.0,0.0,0,0,0,0,0.7
Jeremy Sarmiento Morante,MID,Brighton,171,32,4,2025-09-13T14:00:00Z,False,4,0,0,0,0,0,0,0,0,0,0,0,0,0,0,0,49,3004,52,717,0.0,0.0,0.0,0.0,0.0,0.0,0,0,0,0,0.0
Matt Turner,GK,Nott'm Forest,504,31,4,2025-09-13T11:30:00Z,False,1,0,0,0,0,0,0,0,0,0,0,0,0,0,0,0,40,16698,0,1673,0.0,0.0,0.0,0.0,0.0,0.0,0,0,0,0,0.0
Ethan Wheatley,FWD,Man Utd,468,38,4,2025-09-14T15:30:00Z,False,13,0,0,0,0,0,0,0,0,0,0,0,0,0,0,0,45,15252,1026,1901,0.0,0.0,0.0,0.0,0.0,0.0,0,0,0,0,-0.5
Roman Dixon,DEF,Everton,297,36,4,2025-09-13T14:00:00Z,True,2,0,0,0,0,0,0,0,0,0,0,0,0,0,0,0,40,23609,793,2052,0.0,0.0,0.0,0.0,0.0,0.0,0,0,0,0,0.0
Merlin Röhl,MID,Everton,728,36,4,2025-09-13T14:00:00Z,True,2,24,0,1,0,0,0,0,0,0,0,0,0,0,0,5,50,316,129,20,0.03,0.0,0.0,3.0,10.7,1.0,0,2,1,3,1.6
Charlie Tasker,DEF,Brighton,156,32,4,2025-09-13T14:00:00Z,False,4,0,0,0,0,0,0,0,0,0,0,0,0,0,0,0,40,16848,504,1302,0.0,0.0,0.0,0.0,0.0,0.0,0,0,0,0,0.0
Yoane Wissa,FWD,Newcastle,135,39,4,2025-09-13T14:00:00Z,True,20,0,0,0,0,0,0,0,0,0,0,0,0,0,0,0,75,136656,76588,68448,0.0,0.0,0.0,0.0,0.0,0.0,0,0,0,0,0.0
Marc Guéhi,DEF,Crystal Palace,260,35,4,2025-09-13T14:00:00Z,True,17,90,1,6,0,0,1,0,0,0,0,0,0,0,0,27,46,2321425,793379,101426,0.03,0.01,0.36,17.4,11.8,4.0,6,0,6,6,8.2
Josh Cullen,MID,Burnley,205,34,4,2025-09-14T13:00:00Z,True,12,62,1,3,0,0,1,0,0,0,0,0,0,0,0,12,50,220396,53608,42671,0.0,0.0,1.21,16.6,1.5,0.0,6,1,0,7,4.8
Erling Haaland,FWD,Man City,430,38,4,2025-09-14T15:30:00Z,True,14,86,1,13,2,0,1,0,0,0,0,0,0,0,3,63,141,3931425,435454,225788,1.8,0.01,1.42,78.8,12.9,70.0,6,0,2,8,8.5
Djed Spence,DEF,Spurs,573,40,4,2025-09-13T16:30:00Z,False,19,70,1,5,0,0,1,0,0,0,0,1,0,0,0,14,45,279533,47304,30813,0.0,0.01,0.6,2.8,2.4,2.0,0,0,3,0,4.0
Julian Eyestone,GK,Brentford,104,33,4,2025-09-13T19:00:00Z,True,7,0,0,0,0,0,0,0,0,0,0,0,0,0,0,0,40,8572,190,497,0.0,0.0,0.0,0.0,0.0,0.0,0,0,0,0,-0.5
Ármin Pécsi,GK,Liverpool,368,34,4,2025-09-14T13:00:00Z,False,3,0,0,0,0,0,0,0,0,0,0,0,0,0,0,0,40,8977,193,765,0.0,0.0,0.0,0.0,0.0,0.0,0,0,0,0,1.5
Anton Stach,MID,Leeds,660,37,4,2025-09-13T14:00:00Z,False,10,90,1,1,0,0,0,1,0,0,0,1,0,0,0,2,50,57288,10252,7903,0.08,0.11,0.85,4.4,16.0,13.0,2,1,2,5,1.5
Jefferson Lerma Solís,MID,Crystal Palace,272,35,4,2025-09-13T14:00:00Z,True,17,68,1,3,0,0,1,0,0,0,0,0,0,0,0,7,50,7329,632,708,0.03,0.01,0.34,2.2,2.8,1.0,1,1,2,4,2.2
Jordan Beyer,DEF,Burnley,194,34,4,2025-09-14T13:00:00Z,True,12,0,0,0,0,0,0,0,0,0,0,0,0,0,0,0,40,12668,72,2152,0.0,0.0,0.0,0.0,0.0,0.0,0,0,0,0,0.0
Jayden Danns,FWD,Liverpool,398,34,4,2025-09-14T13:00:00Z,False,3,0,0,0,0,0,0,0,0,0,0,0,0,0,0,0,44,15978,1410,2354,0.0,0.0,0.0,0.0,0.0,0.0,0,0,0,0,1.5
Rio Ngumoha,MID,Liverpool,686,34,4,2025-09-14T13:00:00Z,False,3,3,0,1,0,0,0,0,0,0,0,0,0,0,0,4,45,54181,17985,12769,0.0,0.1,0.0,2.2,11.3,6.0,0,0,0,0,3.8
Brandon Austin,GK,Spurs,566,40,4,2025-09-13T16:30:00Z,False,19,0,0,0,0,0,0,0,0,0,0,0,0,0,0,0,40,30542,625,1784,0.0,0.0,0.0,0.0,0.0,0.0,0,0,0,0,0.0
Zain Silcott-Duberry,MID,Bournemouth,95,32,4,2025-09-13T14:00:00Z,True,6,0,0,0,0,0,0,0,0,0,0,0,0,0,0,0,44,10726,1568,1178,0.0,0.0,0.0,0.0,0.0,0.0,0,0,0,0,0.0
Sepp van den Berg,DEF,Brentford,113,33,4,2025-09-13T19:00:00Z,True,7,90,1,1,0,0,0,2,0,0,0,0,0,0,0,7,45,85395,14893,15293,0.0,0.0,1.25,12.4,0.3,0.0,6,1,1,7,3.5
Dominic Calvert-Lewin,FWD,Leeds,691,37,4,2025-09-13T14:00:00Z,False,10,68,1,2,0,0,1,0,0,0,0,0,0,0,0,7,55,15307,8123,2391,0.3,0.05,0.12,5.2,12.3,19.0,1,0,0,1,0.5
Aaron Wan-Bissaka,DEF,West Ham,610,40,4,2025-09-13T16:30:00Z,True,18,0,0,0,0,0,0,0,0,0,0,0,0,0,0,0,44,1572972,12605,373969,0.0,0.0,0.0,0.0,0.0,0.0,0,0,0,0,0.0
Enzo Le Fée,MID,Sunderland,547,35,4,2025-09-13T14:00:00Z,False,8,0,0,0,0,0,0,0,0,0,0,0,0,0,0,0,49,59461,35021,10790,0.0,0.0,0.0,0.0,0.0,0.0,0,0,0,0,3.5
David Ozoh,MID,Crystal Palace,280,35,4,2025-09-13T14:00:00Z,True,17,0,0,0,0,0,0,0,0,0,0,0,0,0,0,0,45,205,0,18,0.0,0.0,0.0,0.0,0.0,0.0,0,0,0,0,0.0
Mark Gillespie,GK,Newcastle,471,39,4,2025-09-13T14:00:00Z,True,20,0,0,0,0,0,0,0,0,0,0,0,0,0,0,0,40,17331,528,920,0.0,0.0,0.0,0.0,0.0,0.0,0,0,0,0,0.5
Ethan Ampadu,MID,Leeds,354,37,4,2025-09-13T14:00:00Z,False,10,90,1,4,0,0,0,1,0,0,0,0,0,0,0,15,49,5230,64,1101,0.0,0.01,0.85,13.6,1.4,0.0,4,2,6,12,0.6
Lino da Cruz Sousa,DEF,Aston Villa,45,36,4,2025-09-13T14:00:00Z,False,9,0,0,0,0,0,0,0,0,0,0,0,0,0,0,0,40,39585,2407,3132,0.0,0.0,0.0,0.0,0.0,0.0,0,0,0,0,0.0
Nicolò Savona,DEF,Nott'm Forest,716,31,4,2025-09-13T11:30:00Z,False,1,53,0,0,0,0,0,2,0,0,0,0,0,0,0,4,45,564,410,101,0.0,0.0,0.88,11.0,11.1,4.0,2,3,0,5,1.5
Harrison Reed,MID,Fulham,336,37,4,2025-09-13T14:00:00Z,True,11,0,0,0,0,0,0,0,0,0,0,0,0,0,0,0,44,33754,10631,5726,0.0,0.0,0.0,0.0,0.0,0.0,0,0,0,0,0.5
Vitalii Mykolenko,DEF,Everton,292,36,4,2025-09-13T14:00:00Z,True,2,0,0,0,0,0,0,0,0,0,0,0,0,0,0,0,49,49143,2502,9485,0.0,0.0,0.0,0.0,0.0,0.0,0,0,0,0,0.2
Matt Targett,DEF,Newcastle,484,39,4,2025-09-13T14:00:00Z,True,20,0,0,0,0,0,0,0,0,0,0,0,0,0,0,0,40,40725,402,10667,0.0,0.0,0.0,0.0,0.0,0.0,0,0,0,0,0.0
Frank Onyeka,MID,Brentford,128,33,4,2025-09-13T19:00:00Z,True,7,0,0,0,0,0,0,0,0,0,0,0,0,0,0,0,50,7530,1036,986,0.0,0.0,0.0,0.0,0.0,0.0,0,0,0,0,1.2
Tijjani Reijnders,MID,Man City,427,38,4,2025-09-14T15:30:00Z,True,14,90,1,3,0,0,1,0,0,0,0,0,0,0,0,8,57,3699931,264301,434571,0.35,0.02,1.51,8.0,19.3,25.0,3,1,3,7,2.8
Igor Julio dos Santos de Paulo,DEF,West Ham,149,40,4,2025-09-13T16:30:00Z,True,18,0,0,0,0,0,0,0,0,0,0,0,0,0,0,0,45,6253,592,607,0.0,0.0,0.0,0.0,0.0,0.0,0,0,0,0,0.0
Gabriel Słonina,GK,Chelsea,223,33,4,2025-09-13T19:00:00Z,False,5,0,0,0,0,0,0,0,0,0,0,0,0,0,0,0,40,12207,413,1087,0.0,0.0,0.0,0.0,0.0,0.0,0,0,0,0,0.5
Manuel Akanji,DEF,Man City,404,38,4,2025-09-14T15:30:00Z,True,14,0,0,0,0,0,0,0,0,0,0,0,0,0,0,0,54,57819,836,23529,0.0,0.0,0.0,0.0,0.0,0.0,0,0,0,0,0.0
Bryan Mbeumo,MID,Man Utd,119,38,4,2025-09-14T15:30:00Z,False,13,90,1,2,0,0,0,3,0,0,0,0,0,0,0,1,81,1893535,319642,211027,0.68,0.17,2.52,2.2,15.7,41.0,0,0,2,2,4.2
Reece Welch,DEF,Everton,298,36,4,2025-09-13T14:00:00Z,True,2,0,0,0,0,0,0,0,0,0,0,0,0,0,0,0,40,16596,324,1419,0.0,0.0,0.0,0.0,0.0,0.0,0,0,0,0,0.0
Tyler Dibling,MID,Everton,707,36,4,2025-09-13T14:00:00Z,True,2,0,0,0,0,0,0,0,0,0,0,0,0,0,0,0,55,2638,1441,613,0.0,0.0,0.0,0.0,0.0,0.0,0,0,0,0,0.0
Lewis Cook,MID,Bournemouth,88,32,4,2025-09-13T14:00:00Z,True,6,4,0,1,0,0,0,0,0,0,0,0,0,0,0,2,49,1014,44,208,0.0,0.0,0.0,2.0,0.1,0.0,1,0,0,1,0.2
Tyler Adams,MID,Bournemouth,85,32,4,2025-09-13T14:00:00Z,True,6,90,1,1,0,0,0,1,0,0,0,1,0,0,0,15,50,45574,9340,5078,0.0,0.01,0.62,11.4,13.3,0.0,4,2,5,11,2.3
Jamaal Lascelles,DEF,Newcastle,480,39,4,2025-09-13T14:00:00Z,True,20,0,0,0,0,0,0,0,0,0,0,0,0,0,0,0,44,8159,315,898,0.0,0.0,0.0,0.0,0.0,0.0,0,0,0,0,0.5
Andrés García,DEF,Aston Villa,42,36,4,2025-09-13T14:00:00Z,False,9,0,0,0,0,0,0,0,0,0,0,0,0,0,0,0,39,29802,3607,3398,0.0,0.0,0.0,0.0,0.0,0.0,0,0,0,0,0.0
Youri Tielemans,MID,Aston Villa,48,36,4,2025-09-13T14:00:00Z,False,9,45,1,1,0,0,0,0,0,0,0,0,0,0,0,10,59,197480,11897,35168,0.0,0.02,1.17,3.4,2.3,0.0,0,1,3,4,1.7
Will Lankshear,FWD,Spurs,598,40,4,2025-09-13T16:30:00Z,False,19,0,0,0,0,0,0,0,0,0,0,0,0,0,0,0,45,4048,0,606,0.0,0.0,0.0,0.0,0.0,0.0,0,0,0,0,0.0
Iwan Morgan,FWD,Brentford,137,33,4,2025-09-13T19:00:00Z,True,7,0,0,0,0,0,0,0,0,0,0,0,0,0,0,0,44,45632,5045,7055,0.0,0.0,0.0,0.0,0.0,0.0,0,0,0,0,-0.5
Victor Lindelöf,DEF,Aston Villa,719,36,4,2025-09-13T14:00:00Z,False,9,7,0,1,0,0,0,0,0,0,0,0,0,0,0,3,45,1962,1289,214,0.0,0.0,0.48,0.4,0.3,0.0,0,0,0,0,2.0
Pierre Ekwah Elimby,MID,Sunderland,556,35,4,2025-09-13T14:00:00Z,False,8,0,0,0,0,0,0,0,0,0,0,0,0,0,0,0,45,1170,0,198,0.0,0.0,0.0,0.0,0.0,0.0,0,0,0,0,0.0
Crysencio Summerville,MID,West Ham,615,40,4,2025-09-13T16:30:00Z,True,18,60,1,2,0,0,0,2,0,0,0,0,0,0,0,11,55,5720,5029,1245,0.0,0.01,0.63,9.8,2.1,0.0,2,2,1,5,3.0
Philip Billing,MID,Bournemouth,89,32,4,2025-09-13T14:00:00Z,True,6,0,0,0,0,0,0,0,0,0,0,0,0,0,0,0,49,4426,0,1478,0.0,0.0,0.0,0.0,0.0,0.0,0,0,0,0,0.0
Cristhian Mosquera,DEF,Arsenal,662,31,4,2025-09-13T11:30:00Z,True,16,90,1,7,0,0,1,0,0,0,0,0,0,0,1,32,54,17470,6073,2545,0.0,0.04,0.2,21.4,1.6,2.0,6,2,6,8,3.8
Ethan Nwaneri,MID,Arsenal,25,31,4,2025-09-13T11:30:00Z,True,16,72,0,3,0,0,1,0,0,0,0,0,0,0,0,8,54,22781,1232,4322,0.15,0.03,0.2,2.4,18.7,15.0,1,0,3,4,1.8
Bryan Gil Salvatierra,MID,Spurs,590,40,4,2025-09-13T16:30:00Z,False,19,0,0,0,0,0,0,0,0,0,0,0,0,0,0,0,49,5213,164,511,0.0,0.0,0.0,0.0,0.0,0.0,0,0,0,0,0.0
Callum Olusesi,MID,Spurs,595,40,4,2025-09-13T16:30:00Z,False,19,0,0,0,0,0,0,0,0,0,0,0,0,0,0,0,44,23215,3484,2492,0.0,0.0,0.0,0.0,0.0,0.0,0,0,0,0,0.0
Elyh Harrison,GK,Man Utd,433,38,4,2025-09-14T15:30:00Z,False,13,0,0,0,0,0,0,0,0,0,0,0,0,0,0,0,40,284,0,25,0.0,0.0,0.0,0.0,0.0,0.0,0,0,0,0,0.0
Ellery Balcombe,GK,Brentford,102,33,4,2025-09-13T19:00:00Z,True,7,0,0,0,0,0,0,0,0,0,0,0,0,0,0,0,40,36983,1747,2197,0.0,0.0,0.0,0.0,0.0,0.0,0,0,0,0,-0.5
Gustavo Nunes Fernandes Gomes,MID,Brentford,127,33,4,2025-09-13T19:00:00Z,True,7,0,0,0,0,0,0,0,0,0,0,0,0,0,0,0,49,809,31,123,0.0,0.0,0.0,0.0,0.0,0.0,0,0,0,0,0.0
Boubacar Traoré,MID,Wolves,649,39,4,2025-09-13T14:00:00Z,False,15,0,0,0,0,0,0,0,0,0,0,0,0,0,0,0,50,144,0,14,0.0,0.0,0.0,0.0,0.0,0.0,0,0,0,0,0.0
Luka Vušković,DEF,Spurs,578,40,4,2025-09-13T16:30:00Z,False,19,0,0,0,0,0,0,0,0,0,0,0,0,0,0,0,39,82824,2352,20361,0.0,0.0,0.0,0.0,0.0,0.0,0,0,0,0,0.0
Mateus Gonçalo Espanha Fernandes,MID,West Ham,708,40,4,2025-09-13T16:30:00Z,True,18,60,1,2,0,0,0,2,0,0,0,0,0,0,0,10,55,2366,1690,423,0.0,0.15,0.63,6.4,28.3,4.0,0,2,1,3,2.5
Kenny Tete,DEF,Fulham,322,37,4,2025-09-13T14:00:00Z,True,11,90,1,6,0,0,1,0,0,0,0,0,0,0,0,26,45,25149,5706,2958,0.0,0.02,0.79,11.4,3.5,0.0,3,3,2,6,4.2
Dilane Bakwa,MID,Nott'm Forest,734,31,4,2025-09-13T11:30:00Z,False,1,30,0,1,0,0,0,1,0,0,0,0,0,0,0,4,60,613,486,129,0.0,0.0,0.08,0.6,0.9,2.0,0,0,2,2,1.6
Matt O'Riley,MID,Brighton,164,32,4,2025-09-13T14:00:00Z,False,4,0,0,0,0,0,0,0,0,0,0,0,0,0,0,0,55,106496,1859,67774,0.0,0.0,0.0,0.0,0.0,0.0,0,0,0,0,0.0
Senne Lammens,GK,Man Utd,733,38,4,2025-09-14T15:30:00Z,False,13,0,0,0,0,0,0,0,0,0,0,0,0,0,0,0,50,9969,6977,1279,0.0,0.0,0.0,0.0,0.0,0.0,0,0,0,0,2.6
Carl Rushworth,GK,Brighton,141,32,4,2025-09-13T14:00:00Z,False,4,0,0,0,0,0,0,0,0,0,0,0,0,0,0,0,40,350,0,37,0.0,0.0,0.0,0.0,0.0,0.0,0,0,0,0,0.0
Walter Benítez,GK,Crystal Palace,254,35,4,2025-09-13T14:00:00Z,True,17,0,0,0,0,0,0,0,0,0,0,0,0,0,0,0,40,47757,1716,2669,0.0,0.0,0.0,0.0,0.0,0.0,0,0,0,0,0.5
Ibrahim Sangaré,MID,Nott'm Forest,521,31,4,2025-09-13T11:30:00Z,False,1,72,1,2,0,0,0,2,0,0,0,0,0,0,0,16,50,7508,991,974,0.0,0.01,1.75,7.8,4.5,0.0,2,3,2,7,2.2
Zak Johnson,DEF,Sunderland,538,35,4,2025-09-13T14:00:00Z,False,8,0,0,0,0,0,0,0,0,0,0,0,0,0,0,0,40,23576,621,2054,0.0,0.0,0.0,0.0,0.0,0.0,0,0,0,0,-0.5
Brennan Johnson,MID,Spurs,580,40,4,2025-09-13T16:30:00Z,False,19,10,0,1,0,0,0,0,0,0,0,0,0,0,0,3,71,1168075,178569,191387,0.0,0.05,0.0,1.0,0.6,4.0,1,0,1,2,3.7
Dominic Sadi,MID,Bournemouth,94,32,4,2025-09-13T14:00:00Z,True,6,0,0,0,0,0,0,0,0,0,0,0,0,0,0,0,45,7025,998,807,0.0,0.0,0.0,0.0,0.0,0.0,0,0,0,0,0.0
Ian Poveda-Ocampo,MID,Sunderland,550,35,4,2025-09-13T14:00:00Z,False,8,0,0,0,0,0,0,0,0,0,0,0,0,0,0,0,49,2786,64,236,0.0,0.0,0.0,0.0,0.0,0.0,0,0,0,0,-0.5
Rayan Aït-Nouri,DEF,Man City,402,38,4,2025-09-14T15:30:00Z,True,14,0,0,0,0,0,0,0,0,0,0,0,0,0,0,0,60,1570837,40156,520270,0.0,0.0,0.0,0.0,0.0,0.0,0,0,0,0,0.2
Carlos Baleba,MID,Brighton,167,32,4,2025-09-13T14:00:00Z,False,4,24,0,0,0,0,0,0,0,0,0,1,0,0,0,0,49,382032,15253,68195,0.02,0.0,0.25,0.6,1.0,1.0,2,1,3,6,0.7
James Wright,GK,Aston Villa,688,36,4,2025-09-13T14:00:00Z,False,9,0,0,0,0,0,0,0,0,0,0,0,0,0,0,0,40,62014,2494,3142,0.0,0.0,0.0,0.0,0.0,0.0,0,0,0,0,0.0
Jamie Bynoe-Gittens,MID,Chelsea,239,33,4,2025-09-13T19:00:00Z,False,5,55,1,1,0,0,0,1,0,0,0,0,0,0,0,3,63,18147,816,5295,0.01,0.03,0.55,2.0,12.2,15.0,0,0,1,1,1.5
Dejan Kulusevski,MID,Spurs,583,40,4,2025-09-13T16:30:00Z,False,19,0,0,0,0,0,0,0,0,0,0,0,0,0,0,0,64,1468,48,228,0.0,0.0,0.0,0.0,0.0,0.0,0,0,0,0,0.0
Wilfried Gnonto,MID,Leeds,351,37,4,2025-09-13T14:00:00Z,False,10,1,0,1,0,0,0,1,0,0,0,0,0,0,0,5,54,27092,1441,5957,0.0,0.0,0.01,2.0,0.0,0.0,0,1,0,1,0.5
Lisandro Martínez,DEF,Man Utd,437,38,4,2025-09-14T15:30:00Z,False,13,0,0,0,0,0,0,0,0,0,0,0,0,0,0,0,49,10635,122,1586,0.0,0.0,0.0,0.0,0.0,0.0,0,0,0,0,0.0
El Hadji Malick Diouf,DEF,West Ham,603,40,4,2025-09-13T16:30:00Z,True,18,90,1,1,0,0,0,3,0,0,0,0,0,0,0,0,45,562256,33054,97942,0.01,0.04,1.29,20.6,5.4,17.0,5,3,4,8,4.7
Leon Chiwome,FWD,Wolves,657,39,4,2025-09-13T14:00:00Z,False,15,0,0,0,0,0,0,0,0,0,0,0,0,0,0,0,45,4264,230,769,0.0,0.0,0.0,0.0,0.0,0.0,0,0,0,0,0.0
João Victor Gomes da Silva,MID,Wolves,646,39,4,2025-09-13T14:00:00Z,False,15,90,1,3,0,0,0,1,0,0,0,1,0,0,0,14,54,11489,422,1306,0.0,0.09,1.55,18.2,16.7,2.0,6,3,9,18,1.5
Jaydon Banel,MID,Burnley,213,34,4,2025-09-14T13:00:00Z,True,12,0,0,0,0,0,0,0,0,0,0,0,0,0,0,0,45,4284,538,558,0.0,0.0,0.0,0.0,0.0,0.0,0,0,0,0,-1.5
Kjell Scherpen,GK,Brighton,142,32,4,2025-09-13T14:00:00Z,False,4,0,0,0,0,0,0,0,0,0,0,0,0,0,0,0,40,315,0,18,0.0,0.0,0.0,0.0,0.0,0.0,0,0,0,0,0.0
Levi Samuels Colwill,DEF,Chelsea,227,33,4,2025-09-13T19:00:00Z,False,5,0,0,0,0,0,0,0,0,0,0,0,0,0,0,0,48,17835,91,3041,0.0,0.0,0.0,0.0,0.0,0.0,0,0,0,0,0.0
Harvey Elliott,MID,Aston Villa,389,36,4,2025-09-13T14:00:00Z,False,9,19,0,1,0,0,0,0,0,0,0,0,0,0,0,4,54,53983,50381,15467,0.0,0.0,0.55,1.4,2.0,0.0,1,0,1,2,0.7
Olivier Boscagli,DEF,Brighton,143,32,4,2025-09-13T14:00:00Z,False,4,0,0,0,0,0,0,0,0,0,0,0,0,0,0,0,44,10991,313,1268,0.0,0.0,0.0,0.0,0.0,0.0,0,0,0,0,0.0
Takai Kōta,DEF,Spurs,577,40,4,2025-09-13T16:30:00Z,False,19,0,0,0,0,0,0,0,0,0,0,0,0,0,0,0,40,8564,98,952,0.0,0.0,0.0,0.0,0.0,0.0,0,0,0,0,0.0
Jeremie Frimpong,DEF,Liverpool,370,34,4,2025-09-14T13:00:00Z,False,3,3,0,4,0,1,0,0,0,0,0,0,0,0,0,14,59,1023077,21895,262576,0.08,0.01,0.0,3.0,0.6,19.0,0,0,0,0,2.8
Joe Rodon,DEF,Leeds,348,37,4,2025-09-13T14:00:00Z,False,10,90,1,4,0,0,0,1,0,0,0,0,0,0,0,12,40,344748,99991,45814,0.0,0.0,0.85,19.0,0.7,2.0,10,0,1,10,3.8
Jenson Seelt,DEF,Sunderland,542,35,4,2025-09-13T14:00:00Z,False,8,0,0,0,0,0,0,0,0,0,0,0,0,0,0,0,40,23365,193,6023,0.0,0.0,0.0,0.0,0.0,0.0,0,0,0,0,0.0
Marshall Munetsi,MID,Wolves,648,39,4,2025-09-13T14:00:00Z,False,15,24,0,0,0,0,0,0,0,0,0,1,0,0,0,-1,55,6097,1024,1003,0.0,0.0,0.2,0.0,1.6,2.0,0,0,0,0,1.8
Rhys Williams,DEF,Liverpool,379,34,4,2025-09-14T13:00:00Z,False,3,0,0,0,0,0,0,0,0,0,0,0,0,0,0,0,39,24433,6826,3619,0.0,0.0,0.0,0.0,0.0,0.0,0,0,0,0,1.5
Luis Eduardo Soares da Silva,DEF,Nott'm Forest,729,31,4,2025-09-13T11:30:00Z,False,1,0,0,0,0,0,0,0,0,0,0,0,0,0,0,0,45,78,25,9,0.0,0.0,0.0,0.0,0.0,0.0,0,0,0,0,0.0
Josh Laurent,MID,Burnley,209,34,4,2025-09-14T13:00:00Z,True,12,90,1,2,0,0,0,1,0,0,0,0,0,0,0,4,49,3351,122,366,0.01,0.0,2.45,6.2,0.3,1.0,5,0,1,6,-0.5
Diego León Blanco,DEF,Man Utd,439,38,4,2025-09-14T15:30:00Z,False,13,0,0,0,0,0,0,0,0,0,0,0,0,0,0,0,44,6958,184,985,0.0,0.0,0.0,0.0,0.0,0.0,0,0,0,0,-0.5
Romaine Mundle,MID,Sunderland,548,35,4,2025-09-13T14:00:00Z,False,8,0,0,0,0,0,0,0,0,0,0,0,0,0,0,0,49,594,36,78,0.0,0.0,0.0,0.0,0.0,0.0,0,0,0,0,0.0
Will Dennis,GK,Bournemouth,68,32,4,2025-09-13T14:00:00Z,True,6,0,0,0,0,0,0,0,0,0,0,0,0,0,0,0,40,130458,7365,7031,0.0,0.0,0.0,0.0,0.0,0.0,0,0,0,0,0.0
Callum Wilson,FWD,West Ham,671,40,4,2025-09-13T16:30:00Z,True,18,22,0,1,0,0,0,0,0,0,0,0,0,0,0,3,59,50963,10854,6646,0.0,0.0,0.51,0.2,0.1,0.0,0,0,2,2,3.0
Vitaly Janelt,MID,Brentford,125,33,4,2025-09-13T19:00:00Z,True,7,0,0,0,0,0,0,0,0,0,0,0,0,0,0,0,49,1063,28,169,0.0,0.0,0.0,0.0,0.0,0.0,0,0,0,0,-0.5
Douglas Luiz Soares de Paulo,MID,Nott'm Forest,699,31,4,2025-09-13T11:30:00Z,False,1,0,0,0,0,0,0,0,0,0,0,0,0,0,0,0,50,7385,2687,1913,0.0,0.0,0.0,0.0,0.0,0.0,0,0,0,0,-0.5
Marcus Tavernier,MID,Bournemouth,84,32,4,2025-09-13T14:00:00Z,True,6,85,1,2,0,0,0,1,0,0,0,0,0,0,0,9,55,199867,92002,30906,0.04,0.11,0.62,1.8,14.9,7.0,1,0,7,8,5.3
Virgil van Dijk,DEF,Liverpool,373,34,4,2025-09-14T13:00:00Z,False,3,90,1,8,0,0,1,0,0,0,0,0,0,0,2,27,60,3276265,450389,131071,0.0,0.06,0.13,24.8,16.3,0.0,5,1,1,6,7.8
Son Heung-min,MID,Spurs,579,40,4,2025-09-13T16:30:00Z,False,19,0,0,0,0,0,0,0,0,0,0,0,0,0,0,0,85,17879,0,1696,0.0,0.0,0.0,0.0,0.0,0.0,0,0,0,0,0.0
Antoñito Cordero Campillo,MID,Newcastle,492,39,4,2025-09-13T14:00:00Z,True,20,0,0,0,0,0,0,0,0,0,0,0,0,0,0,0,49,4111,161,459,0.0,0.0,0.0,0.0,0.0,0.0,0,0,0,0,0.5
Callum Marshall,FWD,West Ham,626,40,4,2025-09-13T16:30:00Z,True,18,0,0,0,0,0,0,0,0,0,0,0,0,0,0,0,44,79127,8823,10401,0.0,0.0,0.0,0.0,0.0,0.0,0,0,0,0,0.0
Garang Kuol,MID,Newcastle,496,39,4,2025-09-13T14:00:00Z,True,20,0,0,0,0,0,0,0,0,0,0,0,0,0,0,0,45,7297,413,773,0.0,0.0,0.0,0.0,0.0,0.0,0,0,0,0,0.5
Fábio Ferreira Vieira,MID,Arsenal,23,31,4,2025-09-13T11:30:00Z,True,16,0,0,0,0,0,0,0,0,0,0,0,0,0,0,0,54,3822,112,1041,0.0,0.0,0.0,0.0,0.0,0.0,0,0,0,0,0.0
Jean-Philippe Mateta,FWD,Crystal Palace,283,35,4,2025-09-13T14:00:00Z,True,17,90,1,2,0,0,1,0,0,0,0,0,0,0,0,4,75,1515398,612841,122133,0.59,0.01,0.36,11.6,1.3,50.0,5,0,4,9,3.5
Gabriel Fernando de Jesus,FWD,Arsenal,31,31,4,2025-09-13T11:30:00Z,True,16,0,0,0,0,0,0,0,0,0,0,0,0,0,0,0,65,4645,167,553,0.0,0.0,0.0,0.0,0.0,0.0,0,0,0,0,0.0
Maximilian Kilman,DEF,West Ham,605,40,4,2025-09-13T16:30:00Z,True,18,90,1,1,0,0,0,3,0,0,0,0,0,0,0,-3,44,23801,2201,3056,0.2,0.0,1.29,21.0,0.3,7.0,9,0,5,9,2.3
Tawanda Chirewa,MID,Wolves,650,39,4,2025-09-13T14:00:00Z,False,15,0,0,0,0,0,0,0,0,0,0,0,0,0,0,0,44,35342,5616,4237,0.0,0.0,0.0,0.0,0.0,0.0,0,0,0,0,-0.5
Elijah Campbell,DEF,Everton,705,36,4,2025-09-13T14:00:00Z,True,2,0,0,0,0,0,0,0,0,0,0,0,0,0,0,0,40,19768,3395,1971,0.0,0.0,0.0,0.0,0.0,0.0,0,0,0,0,0.0
Christantus Uche,FWD,Crystal Palace,732,35,4,2025-09-13T14:00:00Z,True,17,6,0,1,0,0,0,0,0,0,0,0,0,0,0,6,55,1703,1434,239,0.01,0.0,0.0,3.4,0.8,19.0,0,0,1,1,2.3
Harry Maguire,DEF,Man Utd,442,38,4,2025-09-14T15:30:00Z,False,13,28,0,1,0,0,0,1,0,0,0,0,0,0,0,-4,44,74648,3357,11110,0.0,0.0,1.06,0.0,0.3,0.0,1,0,1,1,0.2
Hjalmar Ekdal,DEF,Burnley,190,34,4,2025-09-14T13:00:00Z,True,12,90,1,4,0,0,0,1,0,0,0,0,0,0,0,8,40,146239,46798,18651,0.01,0.0,2.45,27.6,0.3,4.0,11,1,0,12,3.8
Mason Mount,MID,Man Utd,455,38,4,2025-09-14T15:30:00Z,False,13,0,0,0,0,0,0,0,0,0,0,0,0,0,0,0,60,27661,1178,13969,0.0,0.0,0.0,0.0,0.0,0.0,0,0,0,0,0.0
Paris Maghoma,MID,Brentford,132,33,4,2025-09-13T19:00:00Z,True,7,0,0,0,0,0,0,0,0,0,0,0,0,0,0,0,45,1847,37,308,0.0,0.0,0.0,0.0,0.0,0.0,0,0,0,0,-0.1
Jair Paula da Cunha Filho,DEF,Nott'm Forest,510,31,4,2025-09-13T11:30:00Z,False,1,0,0,0,0,0,0,0,0,0,0,0,0,0,0,0,44,7856,193,918,0.0,0.0,0.0,0.0,0.0,0.0,0,0,0,0,-0.5
Freddie Potts,MID,West Ham,623,40,4,2025-09-13T16:30:00Z,True,18,0,0,0,0,0,0,0,0,0,0,0,0,0,0,0,44,79631,16677,12126,0.0,0.0,0.0,0.0,0.0,0.0,0,0,0,0,0.3
Joško Gvardiol,DEF,Man City,403,38,4,2025-09-14T15:30:00Z,True,14,90,1,6,0,0,1,0,0,0,0,0,0,0,0,22,58,349258,9113,80448,0.0,0.0,1.51,9.2,1.2,0.0,3,0,0,3,2.5
Matthijs de Ligt,DEF,Man Utd,436,38,4,2025-09-14T15:30:00Z,False,13,90,1,1,0,0,0,3,0,0,0,0,0,0,0,6,50,338968,14438,59704,0.0,0.0,2.52,14.8,0.8,0.0,4,5,4,9,2.5
Matheus França de Oliveira,MID,Crystal Palace,279,35,4,2025-09-13T14:00:00Z,True,17,0,0,0,0,0,0,0,0,0,0,0,0,0,0,0,45,1298,0,256,0.0,0.0,0.0,0.0,0.0,0.0,0,0,0,0,0.0
Nick Woltemade,FWD,Newcastle,714,39,4,2025-09-13T14:00:00Z,True,20,64,1,9,1,0,1,0,0,0,0,0,0,0,3,40,70,98871,96273,16064,0.27,0.01,0.41,37.2,12.3,46.0,0,3,3,6,2.8
Lucas Bergvall,MID,Spurs,586,40,4,2025-09-13T16:30:00Z,False,19,79,1,11,1,1,1,0,0,0,0,0,0,0,0,38,54,15600,599,2043,0.12,0.06,0.6,55.2,13.8,23.0,0,2,3,5,4.3
Mikel Merino Zazón,MID,Arsenal,22,31,4,2025-09-13T11:30:00Z,True,16,90,1,3,0,0,1,0,0,0,0,0,0,0,0,15,59,54618,13332,8056,0.13,0.07,0.2,13.2,20.3,33.0,2,0,8,10,2.5
Odsonne Édouard,FWD,Crystal Palace,285,35,4,2025-09-13T14:00:00Z,True,17,0,0,0,0,0,0,0,0,0,0,0,0,0,0,0,50,54306,71,23630,0.0,0.0,0.0,0.0,0.0,0.0,0,0,0,0,0.0
Joe Knight,MID,Brighton,175,32,4,2025-09-13T14:00:00Z,False,4,0,0,0,0,0,0,0,0,0,0,0,0,0,0,0,45,9527,919,1021,0.0,0.0,0.0,0.0,0.0,0.0,0,0,0,0,0.0
Zépiqueno Redmond,FWD,Aston Villa,65,36,4,2025-09-13T14:00:00Z,False,9,0,0,0,0,0,0,0,0,0,0,0,0,0,0,0,45,71866,1673,18460,0.0,0.0,0.0,0.0,0.0,0.0,0,0,0,0,0.0
Matheus Santos Carneiro da Cunha,MID,Man Utd,450,38,4,2025-09-14T15:30:00Z,False,13,0,0,0,0,0,0,0,0,0,0,0,0,0,0,0,80,682018,7991,773508,0.0,0.0,0.0,0.0,0.0,0.0,0,0,0,0,0.0
Chemsdine Talbi,MID,Sunderland,553,35,4,2025-09-13T14:00:00Z,False,8,90,1,3,0,0,1,0,0,0,0,0,0,0,0,8,50,35574,2666,7388,0.21,0.16,1.77,7.2,16.4,15.0,2,0,2,4,2.2
Zach Abbott,DEF,Nott'm Forest,513,31,4,2025-09-13T11:30:00Z,False,1,0,0,0,0,0,0,0,0,0,0,0,0,0,0,0,40,21547,408,1786,0.0,0.0,0.0,0.0,0.0,0.0,0,0,0,0,-0.5
Mykhailo Mudryk,MID,Chelsea,245,33,4,2025-09-13T19:00:00Z,False,5,0,0,0,0,0,0,0,0,0,0,0,0,0,0,0,50,844,72,129,0.0,0.0,0.0,0.0,0.0,0.0,0,0,0,0,0.0
Emile Smith Rowe,MID,Fulham,325,37,4,2025-09-13T14:00:00Z,True,11,30,0,1,0,0,0,0,0,0,0,0,0,0,0,2,59,92076,13014,14442,0.0,0.0,0.05,1.0,4.8,0.0,0,0,1,1,3.2
Yves Bissouma,MID,Spurs,587,40,4,2025-09-13T16:30:00Z,False,19,0,0,0,0,0,0,0,0,0,0,0,0,0,0,0,53,6860,72,1779,0.0,0.0,0.0,0.0,0.0,0.0,0,0,0,0,0.0
Zian Flemming,FWD,Burnley,215,34,4,2025-09-14T13:00:00Z,True,12,0,0,0,0,0,0,0,0,0,0,0,0,0,0,0,54,14385,796,3237,0.0,0.0,0.0,0.0,0.0,0.0,0,0,0,0,-1.2
Alfie Pond,DEF,Wolves,641,39,4,2025-09-13T14:00:00Z,False,15,0,0,0,0,0,0,0,0,0,0,0,0,0,0,0,40,141357,1928,10945,0.0,0.0,0.0,0.0,0.0,0.0,0,0,0,0,-0.5
Daniel Ballard,DEF,Sunderland,531,35,4,2025-09-13T14:00:00Z,False,8,0,0,0,0,0,0,0,0,0,0,0,0,0,0,0,46,370426,2532,167207,0.0,0.0,0.0,0.0,0.0,0.0,0,0,0,0,0.0
Tim Iroegbunam,MID,Everton,304,36,4,2025-09-13T14:00:00Z,True,2,65,1,2,0,0,1,0,0,0,0,1,0,0,0,4,50,3614,117,329,0.04,0.0,0.54,5.4,1.3,2.0,2,0,4,6,1.7
Lucas Digne,DEF,Aston Villa,37,36,4,2025-09-13T14:00:00Z,False,9,90,1,5,0,0,1,0,0,0,0,1,0,0,0,18,45,235676,7484,28654,0.08,0.01,2.08,7.4,6.8,9.0,3,1,6,4,2.7
Mads Hermansen,GK,West Ham,679,40,4,2025-09-13T16:30:00Z,True,18,90,1,1,0,0,0,3,0,0,0,0,0,2,0,2,45,36634,3317,3823,0.0,0.0,1.29,19.2,0.0,0.0,2,0,3,0,2.7
Viktor Gyökeres,FWD,Arsenal,666,31,4,2025-09-13T11:30:00Z,True,16,67,1,6,1,0,1,0,0,0,0,0,0,0,0,30,90,2960689,333371,338487,0.84,0.02,0.1,34.6,11.3,44.0,1,1,1,3,6.8
Emiliano Buendía Stati,MID,Aston Villa,50,36,4,2025-09-13T14:00:00Z,False,9,70,1,2,0,0,1,0,0,0,0,1,0,0,0,6,53,10144,892,2750,0.16,0.06,1.53,8.6,13.2,13.0,1,2,5,8,1.3
Benjamin Lecomte,GK,Fulham,664,37,4,2025-09-13T14:00:00Z,True,11,0,0,0,0,0,0,0,0,0,0,0,0,0,0,0,40,87473,1476,4090,0.0,0.0,0.0,0.0,0.0,0.0,0,0,0,0,0.5
Ismeal Kabia,MID,Arsenal,28,31,4,2025-09-13T11:30:00Z,True,16,0,0,0,0,0,0,0,0,0,0,0,0,0,0,0,45,24940,774,6111,0.0,0.0,0.0,0.0,0.0,0.0,0,0,0,0,0.0
Isaac Hayden,MID,Newcastle,495,39,4,2025-09-13T14:00:00Z,True,20,0,0,0,0,0,0,0,0,0,0,0,0,0,0,0,45,1200,0,187,0.0,0.0,0.0,0.0,0.0,0.0,0,0,0,0,0.0
Adrian Mazilu,MID,Brighton,176,32,4,2025-09-13T14:00:00Z,False,4,0,0,0,0,0,0,0,0,0,0,0,0,0,0,0,45,4518,388,551,0.0,0.0,0.0,0.0,0.0,0.0,0,0,0,0,0.0
Jurriën Timber,DEF,Arsenal,8,31,4,2025-09-13T11:30:00Z,True,16,90,1,8,0,0,1,0,0,0,0,0,0,0,2,37,57,1235377,380134,69593,0.3,0.02,0.2,19.8,13.0,35.0,4,2,2,6,11.8
Kyle Walker,DEF,Burnley,187,34,4,2025-09-14T13:00:00Z,True,12,90,1,2,0,0,0,1,0,0,0,0,0,0,0,6,45,199530,8075,30170,0.0,0.0,2.45,8.6,0.8,0.0,3,1,1,4,1.2
Cole Palmer,MID,Chelsea,235,33,4,2025-09-13T19:00:00Z,False,5,34,0,7,1,0,0,1,0,0,0,0,0,0,1,23,104,2081404,30106,1351330,0.63,0.09,0.87,39.6,2.3,42.0,1,1,0,2,2.1
Maxence Lacroix,DEF,Crystal Palace,257,35,4,2025-09-13T14:00:00Z,True,17,90,1,6,0,0,1,0,0,0,0,0,0,0,0,30,50,406078,212754,44904,0.0,0.02,0.36,19.2,4.1,2.0,5,1,3,6,7.2
Robert Lynch Sánchez,GK,Chelsea,220,33,4,2025-09-13T19:00:00Z,False,5,90,1,2,0,0,0,2,0,0,0,0,0,3,0,7,50,2770602,140014,212833,0.0,0.0,1.43,23.6,0.0,0.0,2,0,8,0,4.2
Benjamin Fredrick,DEF,Brentford,115,33,4,2025-09-13T19:00:00Z,True,7,0,0,0,0,0,0,0,0,0,0,0,0,0,0,0,40,17599,421,1508,0.0,0.0,0.0,0.0,0.0,0.0,0,0,0,0,-0.5
Brajan Gruda,MID,Brighton,162,32,4,2025-09-13T14:00:00Z,False,4,23,0,1,0,0,0,0,0,0,0,0,0,0,0,2,54,11607,7165,1593,0.0,0.01,0.25,0.6,0.7,0.0,0,0,2,2,3.3
James Trafford,GK,Man City,182,38,4,2025-09-14T15:30:00Z,True,14,0,0,0,0,0,0,0,0,0,0,0,0,0,0,0,50,249881,9380,51509,0.0,0.0,0.0,0.0,0.0,0.0,0,0,0,0,1.8
Ben Gannon-Doak,MID,Bournemouth,391,32,4,2025-09-13T14:00:00Z,True,6,0,0,0,0,0,0,0,0,0,0,0,0,0,0,0,50,6311,652,1146,0.0,0.0,0.0,0.0,0.0,0.0,0,0,0,0,0.0
Saša Kalajdžić,FWD,Wolves,656,39,4,2025-09-13T14:00:00Z,False,15,0,0,0,0,0,0,0,0,0,0,0,0,0,0,0,49,10354,895,2033,0.0,0.0,0.0,0.0,0.0,0.0,0,0,0,0,0.0
Mitoma Kaoru,MID,Brighton,157,32,4,2025-09-13T14:00:00Z,False,4,90,1,7,1,0,0,2,0,0,0,0,0,0,0,24,64,552451,35332,67404,0.37,0.03,1.45,35.6,3.0,35.0,0,0,0,0,4.7
Michael Keane,DEF,Everton,295,36,4,2025-09-13T14:00:00Z,True,2,90,1,6,0,0,1,0,0,0,0,0,0,0,0,20,45,69989,16742,10026,0.55,0.04,0.54,11.0,10.8,34.0,5,1,3,6,5.7
Jean-Clair Todibo,DEF,West Ham,609,40,4,2025-09-13T16:30:00Z,True,18,0,0,0,0,0,0,0,0,0,0,0,0,0,0,0,44,12578,474,1581,0.0,0.0,0.0,0.0,0.0,0.0,0,0,0,0,0.0
Joelinton Cássio Apolinário de Lira,MID,Newcastle,490,39,4,2025-09-13T14:00:00Z,True,20,64,1,3,0,0,1,0,0,0,0,0,0,0,0,11,59,29422,1365,9046,0.0,0.31,0.41,3.2,16.6,8.0,1,0,1,2,2.2
Francisco Evanilson de Lima Barbosa,FWD,Bournemouth,97,32,4,2025-09-13T14:00:00Z,True,6,90,1,5,0,1,0,1,0,0,0,0,0,0,0,19,70,296241,101784,47624,0.14,0.04,0.62,3.4,2.2,40.0,1,0,6,7,5.0
Nordi Mukiele,DEF,Sunderland,694,35,4,2025-09-13T14:00:00Z,False,8,90,1,10,0,0,1,0,0,0,0,0,0,0,2,32,40,52701,11956,4874,0.0,0.05,1.77,24.4,10.9,0.0,10,2,2,12,4.2
Kevin Danso,DEF,Spurs,570,40,4,2025-09-13T16:30:00Z,False,19,10,0,1,0,0,0,0,0,0,0,0,0,0,0,3,44,18014,621,3088,0.0,0.0,0.0,2.0,0.8,0.0,0,0,0,0,0.7
Adam Aznou,DEF,Everton,667,36,4,2025-09-13T14:00:00Z,True,2,0,0,0,0,0,0,0,0,0,0,0,0,0,0,0,44,7825,31,2323,0.0,0.0,0.0,0.0,0.0,0.0,0,0,0,0,0.0
Ben Davies,DEF,Spurs,571,40,4,2025-09-13T16:30:00Z,False,19,0,0,0,0,0,0,0,0,0,0,0,0,0,0,0,44,10920,513,1064,0.0,0.0,0.0,0.0,0.0,0.0,0,0,0,0,0.0
Trai Hume,DEF,Sunderland,532,35,4,2025-09-13T14:00:00Z,False,8,90,1,6,0,0,1,0,0,0,0,0,0,0,0,26,45,30814,2227,4895,0.0,0.05,1.77,21.4,25.8,0.0,4,3,2,7,2.5
Tom Cairney,MID,Fulham,331,37,4,2025-09-13T14:00:00Z,True,11,6,0,1,0,0,0,0,0,0,0,0,0,0,0,3,49,3630,171,381,0.0,0.0,0.0,0.0,0.6,0.0,0,0,0,0,0.8
Calvin Bassey,DEF,Fulham,318,37,4,2025-09-13T14:00:00Z,True,11,90,1,9,0,0,1,0,0,0,0,0,0,0,3,34,45,58740,7935,5135,0.0,0.03,0.79,24.0,3.0,0.0,6,2,6,8,4.5
Matai Akinmboni,DEF,Bournemouth,75,32,4,2025-09-13T14:00:00Z,True,6,0,0,0,0,0,0,0,0,0,0,0,0,0,0,0,40,34351,1704,3115,0.0,0.0,0.0,0.0,0.0,0.0,0,0,0,0,0.0
Yehor Yarmoliuk,MID,Brentford,129,33,4,2025-09-13T19:00:00Z,True,7,90,1,3,0,0,0,2,0,0,0,1,0,0,0,11,50,7808,588,1148,0.0,0.11,1.25,15.0,12.9,2.0,3,2,7,12,2.8
Norberto Bercique Gomes Betuncal,FWD,Everton,311,36,4,2025-09-13T14:00:00Z,True,2,74,1,2,0,0,1,0,0,0,0,0,0,0,0,-4,54,628379,81260,102171,0.97,0.0,0.54,0.0,0.7,29.0,1,0,0,1,3.0
Christian Nørgaard,MID,Arsenal,24,31,4,2025-09-13T11:30:00Z,True,16,0,0,0,0,0,0,0,0,0,0,0,0,0,0,0,54,23222,200,6352,0.0,0.0,0.0,0.0,0.0,0.0,0,0,0,0,0.5
Dan Ndoye,MID,Nott'm Forest,669,31,4,2025-09-13T11:30:00Z,False,1,90,1,2,0,0,0,3,0,0,0,0,0,0,0,10,61,367190,67370,103236,0.0,0.03,1.84,16.6,21.1,4.0,2,1,2,5,2.8
Soungoutou Magassa,MID,West Ham,718,40,4,2025-09-13T16:30:00Z,True,18,29,0,1,0,0,0,1,0,0,0,0,0,0,0,6,50,305,93,24,0.0,0.0,0.65,9.6,1.3,0.0,1,2,0,3,1.6
Bradley Burrowes,MID,Aston Villa,702,36,4,2025-09-13T14:00:00Z,False,9,0,0,0,0,0,0,0,0,0,0,0,0,0,0,0,45,8883,1524,1131,0.0,0.0,0.0,0.0,0.0,0.0,0,0,0,0,0.3
Martin Sherif,FWD,Everton,313,36,4,2025-09-13T14:00:00Z,True,2,0,0,0,0,0,0,0,0,0,0,0,0,0,0,0,44,24076,2047,3261,0.0,0.0,0.0,0.0,0.0,0.0,0,0,0,0,0.0
Martin Ødegaard,MID,Arsenal,17,31,4,2025-09-13T11:30:00Z,True,16,17,1,1,0,0,0,0,0,0,0,0,0,0,0,3,79,317226,42800,38639,0.0,0.0,0.0,0.0,5.2,0.0,0,0,0,0,1.5
Malick Yalcouyé,MID,Brighton,174,32,4,2025-09-13T14:00:00Z,False,4,0,0,0,0,0,0,0,0,0,0,0,0,0,0,0,50,838,0,127,0.0,0.0,0.0,0.0,0.0,0.0,0,0,0,0,0.0
Charalampos Kostoulas,FWD,Brighton,181,32,4,2025-09-13T14:00:00Z,False,4,0,0,0,0,0,0,0,0,0,0,0,0,0,0,0,49,38013,3403,6661,0.0,0.0,0.0,0.0,0.0,0.0,0,0,0,0,0.0
Romain Esse,MID,Crystal Palace,269,35,4,2025-09-13T14:00:00Z,True,17,0,0,0,0,0,0,0,0,0,0,0,0,0,0,0,49,21081,1309,3340,0.0,0.0,0.0,0.0,0.0,0.0,0,0,0,0,0.8
Mark Travers,GK,Everton,288,36,4,2025-09-13T14:00:00Z,True,2,0,0,0,0,0,0,0,0,0,0,0,0,0,0,0,45,15839,407,1217,0.0,0.0,0.0,0.0,0.0,0.0,0,0,0,0,0.0
Altay Bayındır,GK,Man Utd,431,38,4,2025-09-14T15:30:00Z,False,13,90,1,2,0,0,0,3,0,0,0,0,0,3,0,5,50,50114,1613,9801,0.0,0.0,2.52,29.2,0.0,0.0,1,0,4,0,1.2
Largie Ramazani,MID,Leeds,357,37,4,2025-09-13T14:00:00Z,False,10,0,0,0,0,0,0,0,0,0,0,0,0,0,0,0,49,3156,19,1045,0.0,0.0,0.0,0.0,0.0,0.0,0,0,0,0,0.0
Pedro Lomba Neto,MID,Chelsea,236,33,4,2025-09-13T19:00:00Z,False,5,90,1,2,0,0,0,2,0,0,0,0,0,0,0,13,70,648402,74495,92465,0.12,0.21,1.43,11.4,35.0,24.0,1,1,4,6,4.5
Rodrigo Martins Gomes,DEF,Wolves,635,39,4,2025-09-13T14:00:00Z,False,15,76,1,2,0,0,0,1,0,0,0,0,0,0,0,9,45,9556,997,675,0.26,0.0,1.38,10.2,1.3,27.0,5,2,4,7,2.5
Yerson Mosquera Valdelamar,DEF,Wolves,634,39,4,2025-09-13T14:00:00Z,False,15,65,1,2,0,0,0,1,0,0,0,0,0,0,0,4,44,6028,293,632,0.0,0.0,1.35,11.8,0.2,0.0,5,1,2,6,0.2
Iliman Ndiaye,MID,Everton,299,36,4,2025-09-13T14:00:00Z,True,2,90,1,5,0,0,1,0,0,0,0,0,0,0,0,18,65,984399,125628,200495,0.02,0.19,0.54,15.2,27.8,12.0,2,2,10,14,5.0
Florentino Ibrain Morris Luís,MID,Burnley,722,34,4,2025-09-14T13:00:00Z,True,12,27,0,1,0,0,0,1,0,0,0,0,0,0,0,5,50,350,182,30,0.0,0.0,1.24,13.0,0.2,0.0,2,3,2,7,0.1
Nicolas Jackson,FWD,Chelsea,251,33,4,2025-09-13T19:00:00Z,False,5,0,0,0,0,0,0,0,0,0,0,0,0,0,0,0,65,12863,837,4212,0.0,0.0,0.0,0.0,0.0,0.0,0,0,0,0,0.0
Morgan Rogers,MID,Aston Villa,47,36,4,2025-09-13T14:00:00Z,False,9,90,1,3,0,0,1,0,0,0,0,0,0,0,0,4,70,922287,90527,190860,0.08,0.02,2.08,6.4,4.0,7.0,2,0,4,6,2.3
Reiss Nelson,MID,Brentford,27,33,4,2025-09-13T19:00:00Z,True,7,0,0,0,0,0,0,0,0,0,0,0,0,0,0,0,49,14826,2101,2052,0.0,0.0,0.0,0.0,0.0,0.0,0,0,0,0,-0.5
Dan Burn,DEF,Newcastle,476,39,4,2025-09-13T14:00:00Z,True,20,90,1,6,0,0,1,0,0,0,0,0,0,0,0,24,50,667335,94496,37641,0.04,0.0,0.5,13.8,0.5,9.0,4,2,3,6,5.2
Andreas Hoelgebaum Pereira,MID,Fulham,327,37,4,2025-09-13T14:00:00Z,True,11,0,0,0,0,0,0,0,0,0,0,0,0,0,0,0,53,17357,405,9363,0.0,0.0,0.0,0.0,0.0,0.0,0,0,0,0,0.0
Lewis Miley,MID,Newcastle,497,39,4,2025-09-13T14:00:00Z,True,20,0,0,0,0,0,0,0,0,0,0,0,0,0,0,0,45,230852,13765,34774,0.0,0.0,0.0,0.0,0.0,0.0,0,0,0,0,1.2
Ahmed Abdullahi,FWD,Sunderland,562,35,4,2025-09-13T14:00:00Z,False,8,0,0,0,0,0,0,0,0,0,0,0,0,0,0,0,44,49586,4214,8259,0.0,0.0,0.0,0.0,0.0,0.0,0,0,0,0,-0.5
James McConnell,MID,Liverpool,394,34,4,2025-09-14T13:00:00Z,False,3,0,0,0,0,0,0,0,0,0,0,0,0,0,0,0,44,4150,913,638,0.0,0.0,0.0,0.0,0.0,0.0,0,0,0,0,1.5
Tom McGill,GK,Brighton,140,32,4,2025-09-13T14:00:00Z,False,4,0,0,0,0,0,0,0,0,0,0,0,0,0,0,0,40,43992,1884,2241,0.0,0.0,0.0,0.0,0.0,0.0,0,0,0,0,0.0
Brayden Clarke,DEF,Arsenal,13,31,4,2025-09-13T11:30:00Z,True,16,0,0,0,0,0,0,0,0,0,0,0,0,0,0,0,40,62758,4064,6598,0.0,0.0,0.0,0.0,0.0,0.0,0,0,0,0,0.5
Joe Worrall,DEF,Burnley,199,34,4,2025-09-14T13:00:00Z,True,12,4,0,1,0,0,0,1,0,0,0,0,0,0,0,-1,40,15116,406,1149,0.0,0.0,1.0,2.0,0.0,0.0,1,0,0,1,-0.5
Owen Dodgson,DEF,Burnley,189,34,4,2025-09-14T13:00:00Z,True,12,0,0,0,0,0,0,0,0,0,0,0,0,0,0,0,40,2308,0,278,0.0,0.0,0.0,0.0,0.0,0.0,0,0,0,0,0.0
Enzo Fernández,MID,Chelsea,237,33,4,2025-09-13T19:00:00Z,False,5,90,1,4,0,0,0,2,0,0,0,0,0,0,0,18,66,1476842,828197,89422,0.11,0.06,1.43,24.2,29.5,15.0,3,4,6,13,9.2
Julio Enciso Espínola,MID,Brighton,161,32,4,2025-09-13T14:00:00Z,False,4,0,0,0,0,0,0,0,0,0,0,0,0,0,0,0,54,1657,17,350,0.0,0.0,0.0,0.0,0.0,0.0,0,0,0,0,0.0
Emil Krafth,DEF,Newcastle,479,39,4,2025-09-13T14:00:00Z,True,20,0,0,0,0,0,0,0,0,0,0,0,0,0,0,0,45,5541,209,582,0.0,0.0,0.0,0.0,0.0,0.0,0,0,0,0,0.5
Boubacar Kamara,MID,Aston Villa,58,36,4,2025-09-13T14:00:00Z,False,9,0,0,0,0,0,0,0,0,0,0,0,0,0,0,0,49,14103,128,3795,0.0,0.0,0.0,0.0,0.0,0.0,0,0,0,0,0.0
Hugo Ekitiké,FWD,Liverpool,661,34,4,2025-09-14T13:00:00Z,False,3,71,1,2,0,0,1,0,0,0,0,0,0,0,0,8,88,3657269,690346,336896,0.1,0.06,0.12,2.6,2.7,10.0,1,0,3,4,5.8
Amara Nallo,DEF,Liverpool,378,34,4,2025-09-14T13:00:00Z,False,3,0,0,0,0,0,0,0,0,0,0,0,0,0,0,0,39,20741,9590,4001,0.0,0.0,0.0,0.0,0.0,0.0,0,0,0,0,1.5
Andrew Robertson,DEF,Liverpool,372,34,4,2025-09-14T13:00:00Z,False,3,52,0,1,0,0,0,0,0,0,0,0,0,0,0,20,59,128481,3297,15266,0.1,0.37,0.01,24.6,68.0,23.0,0,0,2,0,1.8
Seung-Soo Park,MID,Newcastle,689,39,4,2025-09-13T14:00:00Z,True,20,0,0,0,0,0,0,0,0,0,0,0,0,0,0,0,45,19783,584,2212,0.0,0.0,0.0,0.0,0.0,0.0,0,0,0,0,0.5
Randal Kolo Muani,FWD,Spurs,726,40,4,2025-09-13T16:30:00Z,False,19,0,0,0,0,0,0,0,0,0,0,0,0,0,0,0,70,23447,20161,4343,0.0,0.0,0.0,0.0,0.0,0.0,0,0,0,0,2.3
Jason Steele,GK,Brighton,138,32,4,2025-09-13T14:00:00Z,False,4,0,0,0,0,0,0,0,0,0,0,0,0,0,0,0,44,43193,846,4180,0.0,0.0,0.0,0.0,0.0,0.0,0,0,0,0,0.0
Joe Gauci,GK,Aston Villa,34,36,4,2025-09-13T14:00:00Z,False,9,0,0,0,0,0,0,0,0,0,0,0,0,0,0,0,40,20208,0,1897,0.0,0.0,0.0,0.0,0.0,0.0,0,0,0,0,0.0
Callum Hudson-Odoi,MID,Nott'm Forest,516,31,4,2025-09-13T11:30:00Z,False,1,59,1,1,0,0,0,2,0,0,0,0,0,0,0,1,60,174587,28302,37713,0.0,0.01,1.75,0.4,4.1,2.0,0,0,2,2,3.8
Trevoh Chalobah,DEF,Chelsea,226,33,4,2025-09-13T19:00:00Z,False,5,90,1,3,0,0,0,2,0,0,0,0,0,0,0,12,51,965141,498047,68294,0.03,0.29,1.43,31.0,17.1,5.0,15,1,4,16,8.5
Guido Rodríguez,MID,West Ham,618,40,4,2025-09-13T16:30:00Z,True,18,0,0,0,0,0,0,0,0,0,0,0,0,0,0,0,49,5863,245,607,0.0,0.0,0.0,0.0,0.0,0.0,0,0,0,0,0.0
Kepa Arrizabalaga Revuelta,GK,Arsenal,2,31,4,2025-09-13T11:30:00Z,True,16,0,0,0,0,0,0,0,0,0,0,0,0,0,0,0,44,76258,1271,8184,0.0,0.0,0.0,0.0,0.0,0.0,0,0,0,0,0.5
James Justin,DEF,Leeds,706,37,4,2025-09-13T14:00:00Z,False,10,0,0,0,0,0,0,0,0,0,0,0,0,0,0,0,40,29666,11696,3427,0.0,0.0,0.0,0.0,0.0,0.0,0,0,0,0,0.0
Daniel Adu-Adjei,FWD,Bournemouth,99,32,4,2025-09-13T14:00:00Z,True,6,0,0,0,0,0,0,0,0,0,0,0,0,0,0,0,44,32842,6232,5602,0.0,0.0,0.0,0.0,0.0,0.0,0,0,0,0,0.0
Youssef Ramalho Chermiti,FWD,Everton,312,36,4,2025-09-13T14:00:00Z,True,2,0,0,0,0,0,0,0,0,0,0,0,0,0,0,0,49,13125,407,3585,0.0,0.0,0.0,0.0,0.0,0.0,0,0,0,0,0.0
Yang Min-hyeok,MID,Spurs,594,40,4,2025-09-13T16:30:00Z,False,19,0,0,0,0,0,0,0,0,0,0,0,0,0,0,0,45,2136,0,332,0.0,0.0,0.0,0.0,0.0,0.0,0,0,0,0,0.0
Ibrahima Konaté,DEF,Liverpool,374,34,4,2025-09-14T13:00:00Z,False,3,86,1,9,0,0,1,0,0,0,0,0,0,0,3,29,55,350482,46796,32328,0.49,0.05,0.13,20.8,26.7,9.0,3,4,3,7,6.5
Lyle Foster,FWD,Burnley,217,34,4,2025-09-14T13:00:00Z,True,12,85,1,2,0,0,1,0,0,0,0,0,0,0,0,11,50,106439,51782,20201,0.0,0.0,1.45,8.2,1.3,2.0,4,2,3,9,1.8
Rob Holding,DEF,Crystal Palace,264,35,4,2025-09-13T14:00:00Z,True,17,0,0,0,0,0,0,0,0,0,0,0,0,0,0,0,40,3306,0,447,0.0,0.0,0.0,0.0,0.0,0.0,0,0,0,0,0.0
Manor Solomon,MID,Spurs,589,40,4,2025-09-13T16:30:00Z,False,19,0,0,0,0,0,0,0,0,0,0,0,0,0,0,0,54,1227,63,271,0.0,0.0,0.0,0.0,0.0,0.0,0,0,0,0,0.0
Tommy Setford,GK,Arsenal,4,31,4,2025-09-13T11:30:00Z,True,16,0,0,0,0,0,0,0,0,0,0,0,0,0,0,0,40,24801,3875,2089,0.0,0.0,0.0,0.0,0.0,0.0,0,0,0,0,0.5
Marcus Edwards,MID,Burnley,206,34,4,2025-09-14T13:00:00Z,True,12,0,0,0,0,0,0,0,0,0,0,0,0,0,0,0,49,7208,235,1620,0.0,0.0,0.0,0.0,0.0,0.0,0,0,0,0,-1.5
Manuel Benson Hedilazio,MID,Burnley,201,34,4,2025-09-14T13:00:00Z,True,12,0,0,0,0,0,0,0,0,0,0,0,0,0,0,0,54,2971,316,449,0.0,0.0,0.0,0.0,0.0,0.0,0,0,0,0,-1.5
Kalvin Phillips,MID,Man City,429,38,4,2025-09-14T15:30:00Z,True,14,0,0,0,0,0,0,0,0,0,0,0,0,0,0,0,49,7417,466,762,0.0,0.0,0.0,0.0,0.0,0.0,0,0,0,0,0.5
Remy Rees-Dottin,MID,Bournemouth,687,32,4,2025-09-13T14:00:00Z,True,6,0,0,0,0,0,0,0,0,0,0,0,0,0,0,0,45,14581,348,1418,0.0,0.0,0.0,0.0,0.0,0.0,0,0,0,0,0.0
John Victor Maciel Furtado,GK,Nott'm Forest,715,31,4,2025-09-13T11:30:00Z,False,1,0,0,0,0,0,0,0,0,0,0,0,0,0,0,0,40,21374,10174,977,0.0,0.0,0.0,0.0,0.0,0.0,0,0,0,0,0.5
Tyrick Mitchell,DEF,Crystal Palace,258,35,4,2025-09-13T14:00:00Z,True,17,90,1,6,0,0,1,0,0,0,0,0,0,0,0,27,50,222492,26670,15002,0.0,0.13,0.36,20.8,21.2,0.0,6,2,5,8,4.8
Matheus Nunes,DEF,Man City,407,38,4,2025-09-14T15:30:00Z,True,14,0,0,0,0,0,0,0,0,0,0,0,0,0,0,0,54,37447,2214,5634,0.0,0.0,0.0,0.0,0.0,0.0,0,0,0,0,1.2
Sam Proctor,GK,Aston Villa,703,36,4,2025-09-13T14:00:00Z,False,9,0,0,0,0,0,0,0,0,0,0,0,0,0,0,0,40,30452,4997,1980,0.0,0.0,0.0,0.0,0.0,0.0,0,0,0,0,0.0
Harrison Jones,MID,Sunderland,557,35,4,2025-09-13T14:00:00Z,False,8,0,0,0,0,0,0,0,0,0,0,0,0,0,0,0,45,6549,433,758,0.0,0.0,0.0,0.0,0.0,0.0,0,0,0,0,-0.5
Alex Iwobi,MID,Fulham,324,37,4,2025-09-13T14:00:00Z,True,11,75,1,3,0,0,1,0,0,0,0,0,0,0,0,6,65,174341,37244,23377,0.0,0.02,0.76,2.4,3.3,0.0,0,1,3,4,4.2
Timothy Castagne,DEF,Fulham,319,37,4,2025-09-13T14:00:00Z,True,11,0,0,0,0,0,0,0,0,0,0,0,0,0,0,0,45,15162,2005,1783,0.0,0.0,0.0,0.0,0.0,0.0,0,0,0,0,1.2
Bernd Leno,GK,Fulham,314,37,4,2025-09-13T14:00:00Z,True,11,90,1,8,0,0,1,0,0,0,0,0,0,3,1,28,50,194395,20008,14259,0.0,0.0,0.79,24.0,0.0,0.0,1,0,7,0,4.8
Claudio Echeverri,MID,Man City,425,38,4,2025-09-14T15:30:00Z,True,14,0,0,0,0,0,0,0,0,0,0,0,0,0,0,0,54,1685,0,350,0.0,0.0,0.0,0.0,0.0,0.0,0,0,0,0,0.0
Giovanni Leoni,DEF,Liverpool,692,34,4,2025-09-14T13:00:00Z,False,3,0,0,0,0,0,0,0,0,0,0,0,0,0,0,0,50,2067,323,454,0.0,0.0,0.0,0.0,0.0,0.0,0,0,0,0,1.5
Owen Bevan,DEF,Bournemouth,76,32,4,2025-09-13T14:00:00Z,True,6,0,0,0,0,0,0,0,0,0,0,0,0,0,0,0,40,18367,613,1545,0.0,0.0,0.0,0.0,0.0,0.0,0,0,0,0,0.0
Angus Gunn,GK,Nott'm Forest,675,31,4,2025-09-13T11:30:00Z,False,1,0,0,0,0,0,0,0,0,0,0,0,0,0,0,0,40,200697,3716,7885,0.0,0.0,0.0,0.0,0.0,0.0,0,0,0,0,-0.5
Cody Gakpo,MID,Liverpool,384,34,4,2025-09-14T13:00:00Z,False,3,90,1,3,0,0,1,0,0,0,0,0,0,0,0,14,77,2257402,766169,182496,0.21,0.32,0.13,4.2,35.8,32.0,1,0,0,1,6.8
George Earthy,MID,West Ham,620,40,4,2025-09-13T16:30:00Z,True,18,0,0,0,0,0,0,0,0,0,0,0,0,0,0,0,45,7175,334,735,0.0,0.0,0.0,0.0,0.0,0.0,0,0,0,0,0.0
Benjamin Arthur,DEF,Brentford,114,33,4,2025-09-13T19:00:00Z,True,7,0,0,0,0,0,0,0,0,0,0,0,0,0,0,0,40,31761,1068,2994,0.0,0.0,0.0,0.0,0.0,0.0,0,0,0,0,-0.5
Adam Wharton,MID,Crystal Palace,273,35,4,2025-09-13T14:00:00Z,True,17,0,0,0,0,0,0,0,0,0,0,0,0,0,0,0,50,52687,2472,18040,0.0,0.0,0.0,0.0,0.0,0.0,0,0,0,0,0.0
Tyler Fredricson,DEF,Man Utd,446,38,4,2025-09-14T15:30:00Z,False,13,0,0,0,0,0,0,0,0,0,0,0,0,0,0,0,40,11763,247,998,0.0,0.0,0.0,0.0,0.0,0.0,0,0,0,0,-0.5
Ross Barkley,MID,Aston Villa,55,36,4,2025-09-13T14:00:00Z,False,9,0,0,0,0,0,0,0,0,0,0,0,0,0,0,0,49,5289,41,1034,0.0,0.0,0.0,0.0,0.0,0.0,0,0,0,0,0.0
Darko Churlinov,MID,Burnley,204,34,4,2025-09-14T13:00:00Z,True,12,0,0,0,0,0,0,0,0,0,0,0,0,0,0,0,49,2293,30,515,0.0,0.0,0.0,0.0,0.0,0.0,0,0,0,0,0.0
Sam Byram,DEF,Leeds,346,37,4,2025-09-13T14:00:00Z,False,10,0,0,0,0,0,0,0,0,0,0,0,0,0,0,0,40,23619,450,2484,0.0,0.0,0.0,0.0,0.0,0.0,0,0,0,0,-0.2
Chris Richards,DEF,Crystal Palace,261,35,4,2025-09-13T14:00:00Z,True,17,90,1,6,0,0,1,0,0,0,0,0,0,0,0,29,45,233309,75136,34133,0.19,0.03,0.36,17.8,15.3,14.0,3,1,3,4,5.8
Jacob Murphy,MID,Newcastle,489,39,4,2025-09-13T14:00:00Z,True,20,90,1,6,0,1,1,0,0,0,0,0,0,0,0,16,63,137160,6491,25608,0.82,0.28,0.5,24.2,17.2,41.0,2,0,0,2,3.5
Filip Jörgensen,GK,Chelsea,221,33,4,2025-09-13T19:00:00Z,False,5,0,0,0,0,0,0,0,0,0,0,0,0,0,0,0,44,21190,549,2133,0.0,0.0,0.0,0.0,0.0,0.0,0,0,0,0,0.5
Rodrigo 'Rodri' Hernandez Cascante,MID,Man City,421,38,4,2025-09-14T15:30:00Z,True,14,75,1,3,0,0,1,0,0,0,0,0,0,0,0,11,64,76034,10184,8177,0.0,0.02,0.14,6.4,3.8,0.0,0,2,5,7,2.5
Ryan Gravenberch,MID,Liverpool,390,34,4,2025-09-14T13:00:00Z,False,3,90,1,3,0,0,1,0,0,0,0,0,0,0,0,19,55,71443,24091,11110,0.12,0.11,0.13,21.2,51.8,12.0,2,1,3,6,5.5
Naouirou Ahamada,MID,Crystal Palace,275,35,4,2025-09-13T14:00:00Z,True,17,0,0,0,0,0,0,0,0,0,0,0,0,0,0,0,45,4467,316,511,0.0,0.0,0.0,0.0,0.0,0.0,0,0,0,0,0.5
Andrey Nascimento dos Santos,MID,Chelsea,246,33,4,2025-09-13T19:00:00Z,False,5,0,0,0,0,0,0,0,0,0,0,0,0,0,0,0,45,37359,4247,6854,0.0,0.0,0.0,0.0,0.0,0.0,0,0,0,0,0.8
Jake O'Brien,DEF,Everton,293,36,4,2025-09-13T14:00:00Z,True,2,90,1,6,0,0,1,0,0,0,0,0,0,0,0,26,50,61700,4193,8856,0.05,0.06,0.54,16.2,15.4,5.0,4,2,3,6,4.3
Gabriel Martinelli Silva,MID,Arsenal,19,31,4,2025-09-13T11:30:00Z,True,16,12,0,1,0,0,0,0,0,0,0,0,0,0,0,4,69,123532,5235,14748,0.0,0.0,0.1,2.0,4.3,0.0,0,0,1,1,1.8
Omar Marmoush,MID,Man City,413,38,4,2025-09-14T15:30:00Z,True,14,0,0,0,0,0,0,0,0,0,0,0,0,0,0,0,84,615784,50965,303530,0.0,0.0,0.0,0.0,0.0,0.0,0,0,0,0,0.0
Patrick Bamford,FWD,Leeds,363,37,4,2025-09-13T14:00:00Z,False,10,0,0,0,0,0,0,0,0,0,0,0,0,0,0,0,49,104740,1292,46530,0.0,0.0,0.0,0.0,0.0,0.0,0,0,0,0,0.0
Ederson Santana de Moraes,GK,Man City,399,38,4,2025-09-14T15:30:00Z,True,14,0,0,0,0,0,0,0,0,0,0,0,0,0,0,0,53,184557,1668,63491,0.0,0.0,0.0,0.0,0.0,0.0,0,0,0,0,0.0
Jay Matete,MID,Sunderland,558,35,4,2025-09-13T14:00:00Z,False,8,0,0,0,0,0,0,0,0,0,0,0,0,0,0,0,44,26489,2878,3377,0.0,0.0,0.0,0.0,0.0,0.0,0,0,0,0,-0.5
James Milner,MID,Brighton,170,32,4,2025-09-13T14:00:00Z,False,4,65,1,1,0,0,0,2,0,0,0,1,0,0,0,8,50,16737,5190,1599,0.0,0.02,1.2,8.0,5.0,0.0,2,2,2,6,2.3
João Pedro Ferreira da Silva,MID,Nott'm Forest,518,31,4,2025-09-13T11:30:00Z,False,1,0,0,0,0,0,0,0,0,0,0,0,0,0,0,0,54,9365,295,1546,0.0,0.0,0.0,0.0,0.0,0.0,0,0,0,0,0.0
Darwin Núñez Ribeiro,FWD,Liverpool,397,34,4,2025-09-14T13:00:00Z,False,3,0,0,0,0,0,0,0,0,0,0,0,0,0,0,0,65,9462,0,1113,0.0,0.0,0.0,0.0,0.0,0.0,0,0,0,0,0.0
Nazarii Rusyn,FWD,Sunderland,564,35,4,2025-09-13T14:00:00Z,False,8,0,0,0,0,0,0,0,0,0,0,0,0,0,0,0,44,19146,1226,4055,0.0,0.0,0.0,0.0,0.0,0.0,0,0,0,0,0.0
Blondy Nna Noukeu,GK,Sunderland,530,35,4,2025-09-13T14:00:00Z,False,8,0,0,0,0,0,0,0,0,0,0,0,0,0,0,0,40,16445,376,898,0.0,0.0,0.0,0.0,0.0,0.0,0,0,0,0,-0.5
Andre Harriman-Annous,MID,Arsenal,711,31,4,2025-09-13T11:30:00Z,True,16,0,0,0,0,0,0,0,0,0,0,0,0,0,0,0,45,791,417,110,0.0,0.0,0.0,0.0,0.0,0.0,0,0,0,0,0.5
Stefan Bajčetić Maquieira,MID,Liverpool,393,34,4,2025-09-14T13:00:00Z,False,3,0,0,0,0,0,0,0,0,0,0,0,0,0,0,0,44,7691,2707,1969,0.0,0.0,0.0,0.0,0.0,0.0,0,0,0,0,0.0
Eddie Nketiah,FWD,Crystal Palace,284,35,4,2025-09-13T14:00:00Z,True,17,0,0,0,0,0,0,0,0,0,0,0,0,0,0,0,54,18127,226,3655,0.0,0.0,0.0,0.0,0.0,0.0,0,0,0,0,0.0
Sean Longstaff,MID,Leeds,493,37,4,2025-09-13T14:00:00Z,False,10,90,1,2,0,0,0,1,0,0,0,0,0,0,0,10,49,19432,4522,2621,0.04,0.02,0.85,5.8,2.2,5.0,1,2,4,7,2.2
Jenson Metcalfe,MID,Everton,309,36,4,2025-09-13T14:00:00Z,True,2,0,0,0,0,0,0,0,0,0,0,0,0,0,0,0,45,115,0,16,0.0,0.0,0.0,0.0,0.0,0.0,0,0,0,0,0.0
Nathaniel Clyne,DEF,Crystal Palace,263,35,4,2025-09-13T14:00:00Z,True,17,0,0,0,0,0,0,0,0,0,0,0,0,0,0,0,40,63583,2412,6063,0.0,0.0,0.0,0.0,0.0,0.0,0,0,0,0,0.8
Pascal Struijk,DEF,Leeds,343,37,4,2025-09-13T14:00:00Z,False,10,90,1,2,0,0,0,1,0,0,0,0,0,0,0,8,45,44083,5387,4764,0.0,0.01,0.85,16.0,0.6,0.0,7,1,1,8,2.2
Morgan Gibbs-White,MID,Nott'm Forest,515,31,4,2025-09-13T11:30:00Z,False,1,72,1,2,0,0,0,2,0,0,0,0,0,0,0,4,75,605945,36853,135645,0.04,0.01,1.75,0.0,6.8,6.0,1,0,3,4,1.5
Joe Gelhardt,MID,Leeds,360,37,4,2025-09-13T14:00:00Z,False,10,0,0,0,0,0,0,0,0,0,0,0,0,0,0,0,45,1813,0,368,0.0,0.0,0.0,0.0,0.0,0.0,0,0,0,0,0.0
Mohamed Salah,MID,Liverpool,381,34,4,2025-09-14T13:00:00Z,False,3,90,1,9,1,0,1,0,0,0,0,0,0,0,1,26,145,6379010,324596,247470,0.79,0.15,0.13,35.0,20.6,27.0,0,0,3,3,7.2
Calvin Ramsay,DEF,Liverpool,380,34,4,2025-09-14T13:00:00Z,False,3,0,0,0,0,0,0,0,0,0,0,0,0,0,0,0,39,27487,7294,3150,0.0,0.0,0.0,0.0,0.0,0.0,0,0,0,0,1.5
Benjamin Sesko,FWD,Man Utd,681,38,4,2025-09-14T15:30:00Z,False,13,79,1,2,0,0,0,3,0,0,0,0,0,0,0,6,74,628746,15001,238859,0.03,0.0,2.34,1.0,6.8,7.0,0,0,1,1,0.8
João Pedro Junqueira de Jesus,FWD,Chelsea,249,33,4,2025-09-13T19:00:00Z,False,5,78,1,7,0,1,0,1,0,0,0,0,0,0,2,25,77,7693249,784158,132889,0.15,0.02,0.71,21.0,18.2,11.0,3,0,0,3,10.8
Isaac Schmidt,DEF,Leeds,349,37,4,2025-09-13T14:00:00Z,False,10,0,0,0,0,0,0,0,0,0,0,0,0,0,0,0,40,15568,112,3677,0.0,0.0,0.0,0.0,0.0,0.0,0,0,0,0,0.0
Franco Umeh-Chibueze,MID,Crystal Palace,282,35,4,2025-09-13T14:00:00Z,True,17,0,0,0,0,0,0,0,0,0,0,0,0,0,0,0,45,3369,223,346,0.0,0.0,0.0,0.0,0.0,0.0,0,0,0,0,0.5
Lutsharel Geertruida,DEF,Sunderland,724,35,4,2025-09-13T14:00:00Z,False,8,6,0,1,0,0,0,0,0,0,0,0,0,0,0,4,45,908,717,131,0.0,0.0,0.38,1.0,0.0,0.0,0,0,1,0,1.5
James Hill,DEF,Bournemouth,77,32,4,2025-09-13T14:00:00Z,True,6,86,1,2,0,0,0,1,0,0,0,0,0,0,0,7,40,105960,25915,10626,0.12,0.03,0.62,8.2,1.3,33.0,2,1,1,3,2.7
Bukayo Saka,MID,Arsenal,16,31,4,2025-09-13T11:30:00Z,True,16,0,0,0,0,0,0,0,0,0,0,0,0,0,0,0,98,500371,5237,373266,0.0,0.0,0.0,0.0,0.0,0.0,0,0,0,0,0.0
Santiago Ignacio Bueno,DEF,Wolves,636,39,4,2025-09-13T14:00:00Z,False,15,0,0,0,0,0,0,0,0,0,0,0,0,0,0,0,45,5539,122,343,0.0,0.0,0.0,0.0,0.0,0.0,0,0,0,0,0.8
Nicolás Domínguez,MID,Nott'm Forest,519,31,4,2025-09-13T11:30:00Z,False,1,0,0,0,0,0,0,0,0,0,0,0,0,0,0,0,50,228,36,33,0.0,0.0,0.0,0.0,0.0,0.0,0,0,0,0,0.0
Remi Matthews,GK,Crystal Palace,255,35,4,2025-09-13T14:00:00Z,True,17,0,0,0,0,0,0,0,0,0,0,0,0,0,0,0,40,12479,323,695,0.0,0.0,0.0,0.0,0.0,0.0,0,0,0,0,0.5
Illan Meslier,GK,Leeds,339,37,4,2025-09-13T14:00:00Z,False,10,0,0,0,0,0,0,0,0,0,0,0,0,0,0,0,44,64776,1391,7596,0.0,0.0,0.0,0.0,0.0,0.0,0,0,0,0,-0.5
Martin Dúbravka,GK,Burnley,470,34,4,2025-09-14T13:00:00Z,True,12,90,1,3,0,0,0,1,0,0,0,0,0,3,0,15,40,3978017,170483,117119,0.0,0.0,2.45,21.2,0.0,0.0,4,0,11,0,2.2
Yasin Özcan,DEF,Aston Villa,46,36,4,2025-09-13T14:00:00Z,False,9,0,0,0,0,0,0,0,0,0,0,0,0,0,0,0,40,25683,1183,2095,0.0,0.0,0.0,0.0,0.0,0.0,0,0,0,0,0.0
Connor Roberts,DEF,Burnley,186,34,4,2025-09-14T13:00:00Z,True,12,0,0,0,0,0,0,0,0,0,0,0,0,0,0,0,44,5913,39,1262,0.0,0.0,0.0,0.0,0.0,0.0,0,0,0,0,0.0
Murillo Costa dos Santos,DEF,Nott'm Forest,506,31,4,2025-09-13T11:30:00Z,False,1,36,1,3,0,0,0,1,0,0,0,0,0,0,0,5,55,581711,8882,123077,0.0,0.0,0.95,14.2,0.0,0.0,9,1,1,10,1.2
Ferdi Kadıoğlu,DEF,Brighton,148,32,4,2025-09-13T14:00:00Z,False,4,66,0,4,0,0,0,1,0,0,0,0,0,0,0,13,44,16143,438,2391,0.0,0.04,1.39,21.2,6.4,0.0,8,2,4,10,1.3
Aji Alese,DEF,Sunderland,533,35,4,2025-09-13T14:00:00Z,False,8,0,0,0,0,0,0,0,0,0,0,0,0,0,0,0,40,530,46,70,0.0,0.0,0.0,0.0,0.0,0.0,0,0,0,0,0.0
Kaden Rodney,MID,Crystal Palace,281,35,4,2025-09-13T14:00:00Z,True,17,0,0,0,0,0,0,0,0,0,0,0,0,0,0,0,45,4918,324,482,0.0,0.0,0.0,0.0,0.0,0.0,0,0,0,0,0.5
Odysseas Vlachodimos,GK,Newcastle,472,39,4,2025-09-13T14:00:00Z,True,20,0,0,0,0,0,0,0,0,0,0,0,0,0,0,0,40,2741,0,287,0.0,0.0,0.0,0.0,0.0,0.0,0,0,0,0,0.0
Yunus Emre Konak,MID,Brentford,131,33,4,2025-09-13T19:00:00Z,True,7,0,0,0,0,0,0,0,0,0,0,0,0,0,0,0,44,25851,6753,3428,0.0,0.0,0.0,0.0,0.0,0.0,0,0,0,0,-0.5
Kyle Walker-Peters,DEF,West Ham,659,40,4,2025-09-13T16:30:00Z,True,18,90,1,1,0,0,0,3,0,0,0,0,0,0,0,2,44,41145,4673,3559,0.0,0.01,1.29,14.6,13.0,0.0,3,2,6,5,2.7
Gabriel Gudmundsson,DEF,Leeds,347,37,4,2025-09-13T14:00:00Z,False,10,90,1,0,0,0,0,1,1,0,0,0,0,0,0,6,40,599367,222984,53829,0.0,0.06,0.85,3.4,8.2,2.0,2,2,4,4,2.2
Jacob Slater,DEF,Brighton,155,32,4,2025-09-13T14:00:00Z,False,4,0,0,0,0,0,0,0,0,0,0,0,0,0,0,0,40,20455,863,1632,0.0,0.0,0.0,0.0,0.0,0.0,0,0,0,0,0.0
Joe White,MID,Newcastle,498,39,4,2025-09-13T14:00:00Z,True,20,0,0,0,0,0,0,0,0,0,0,0,0,0,0,0,45,915,0,125,0.0,0.0,0.0,0.0,0.0,0.0,0,0,0,0,0.0
Tyrell Malacia,DEF,Man Utd,448,38,4,2025-09-14T15:30:00Z,False,13,0,0,0,0,0,0,0,0,0,0,0,0,0,0,0,40,30377,688,3463,0.0,0.0,0.0,0.0,0.0,0.0,0,0,0,0,-0.5
Ian Maatsen,DEF,Aston Villa,39,36,4,2025-09-13T14:00:00Z,False,9,0,0,0,0,0,0,0,0,0,0,0,0,0,0,0,44,73052,4222,9887,0.0,0.0,0.0,0.0,0.0,0.0,0,0,0,0,0.7
Nathan Aké,DEF,Man City,405,38,4,2025-09-14T15:30:00Z,True,14,2,0,1,0,0,0,0,0,0,0,0,0,0,0,3,54,80954,2813,9678,0.0,0.0,0.09,0.0,0.0,0.0,0,0,0,0,1.2
Enso González Medina,MID,Wolves,652,39,4,2025-09-13T14:00:00Z,False,15,0,0,0,0,0,0,0,0,0,0,0,0,0,0,0,44,173663,29171,19199,0.0,0.0,0.0,0.0,0.0,0.0,0,0,0,0,-0.5
Jayden Bogle,DEF,Leeds,342,37,4,2025-09-13T14:00:00Z,False,10,90,1,2,0,0,0,1,0,0,0,0,0,0,0,11,45,23104,2287,1601,0.05,0.01,0.85,15.6,1.8,14.0,4,3,7,7,1.8
James Maddison,MID,Spurs,581,40,4,2025-09-13T16:30:00Z,False,19,0,0,0,0,0,0,0,0,0,0,0,0,0,0,0,69,17689,133,2117,0.0,0.0,0.0,0.0,0.0,0.0,0,0,0,0,0.0
Pervis Estupiñán Tenorio,DEF,Brighton,147,32,4,2025-09-13T14:00:00Z,False,4,0,0,0,0,0,0,0,0,0,0,0,0,0,0,0,45,1503,0,203,0.0,0.0,0.0,0.0,0.0,0.0,0,0,0,0,0.0
Solly March,MID,Brighton,159,32,4,2025-09-13T14:00:00Z,False,4,0,0,0,0,0,0,0,0,0,0,0,0,0,0,0,58,1073,57,236,0.0,0.0,0.0,0.0,0.0,0.0,0,0,0,0,0.0
Wes Foderingham,GK,West Ham,601,40,4,2025-09-13T16:30:00Z,True,18,0,0,0,0,0,0,0,0,0,0,0,0,0,0,0,40,58204,750,5794,0.0,0.0,0.0,0.0,0.0,0.0,0,0,0,0,0.0
Kobbie Mainoo,MID,Man Utd,458,38,4,2025-09-14T15:30:00Z,False,13,28,0,1,0,0,0,1,0,0,0,0,0,0,0,7,49,61342,4225,10183,0.0,0.02,1.06,9.6,22.5,0.0,0,2,2,4,0.2
Ryan Yates,MID,Nott'm Forest,522,31,4,2025-09-13T11:30:00Z,False,1,17,0,1,0,0,0,1,0,0,0,0,0,0,0,1,49,10929,385,1689,0.0,0.0,0.08,0.0,0.6,0.0,1,0,0,1,0.2
Kevin Schade,MID,Brentford,120,33,4,2025-09-13T19:00:00Z,True,7,90,1,7,1,0,0,2,0,0,0,0,0,0,0,21,70,31910,1552,8218,0.61,0.03,1.25,35.4,1.6,43.0,0,3,1,4,2.8
David Møller Wolfe,DEF,Wolves,682,39,4,2025-09-13T14:00:00Z,False,15,0,0,0,0,0,0,0,0,0,0,0,0,0,0,0,45,9506,426,822,0.0,0.0,0.0,0.0,0.0,0.0,0,0,0,0,1.2
Arthur Masuaku,DEF,Sunderland,678,35,4,2025-09-13T14:00:00Z,False,8,0,0,0,0,0,0,0,0,0,0,0,0,0,0,0,40,75856,1440,5774,0.0,0.0,0.0,0.0,0.0,0.0,0,0,0,0,-0.5
Filip Marschall,GK,Aston Villa,35,36,4,2025-09-13T14:00:00Z,False,9,0,0,0,0,0,0,0,0,0,0,0,0,0,0,0,40,1645,0,132,0.0,0.0,0.0,0.0,0.0,0.0,0,0,0,0,0.0
Joe Gomez,DEF,Liverpool,376,34,4,2025-09-14T13:00:00Z,False,3,0,0,0,0,0,0,0,0,0,0,0,0,0,0,0,50,16097,1355,1775,0.0,0.0,0.0,0.0,0.0,0.0,0,0,0,0,1.8
Felipe Rodrigues da Silva,DEF,Nott'm Forest,511,31,4,2025-09-13T11:30:00Z,False,1,90,1,1,0,0,0,3,0,0,0,0,0,0,0,1,44,9033,243,951,0.0,0.0,1.84,13.6,0.8,0.0,4,1,4,5,-0.2
Mohammed Kudus,MID,Spurs,582,40,4,2025-09-13T16:30:00Z,False,19,90,1,3,0,0,1,0,0,0,0,0,0,0,0,4,66,3794628,325616,346270,0.47,0.11,0.6,10.2,31.8,36.0,0,0,3,3,2.7
Richarlison de Andrade,FWD,Spurs,597,40,4,2025-09-13T16:30:00Z,False,19,19,0,1,0,0,0,0,0,0,0,0,0,0,0,4,67,1671101,314358,242858,0.0,0.0,0.0,2.0,10.3,2.0,0,0,0,0,2.3
Michael Kayode,DEF,Brentford,110,33,4,2025-09-13T19:00:00Z,True,7,82,1,2,0,0,0,1,0,0,0,0,0,0,0,10,45,45444,2073,10840,0.0,0.0,1.1,16.8,1.4,0.0,8,0,6,8,3.8
Granit Xhaka,MID,Sunderland,668,35,4,2025-09-13T14:00:00Z,False,8,90,1,5,0,0,1,0,0,0,0,0,0,0,0,20,50,311916,30262,37471,0.0,0.11,1.77,25.2,15.8,2.0,10,2,6,18,3.8
Mikkel Damsgaard,MID,Brentford,121,33,4,2025-09-13T19:00:00Z,True,7,0,0,0,0,0,0,0,0,0,0,0,0,0,0,0,59,88995,2746,16607,0.0,0.0,0.0,0.0,0.0,0.0,0,0,0,0,1.8
Albert Sambi Lokonga,MID,Arsenal,29,31,4,2025-09-13T11:30:00Z,True,16,0,0,0,0,0,0,0,0,0,0,0,0,0,0,0,45,11909,377,3098,0.0,0.0,0.0,0.0,0.0,0.0,0,0,0,0,0.0
Declan Rice,MID,Arsenal,21,31,4,2025-09-13T11:30:00Z,True,16,22,0,1,0,0,0,0,0,0,0,0,0,0,0,1,65,1084679,125238,76016,0.0,0.03,0.1,3.4,1.3,2.0,0,1,2,3,4.2
Mathias Jensen,MID,Brentford,126,33,4,2025-09-13T19:00:00Z,True,7,72,1,2,0,0,0,1,0,0,0,0,0,0,0,17,49,8207,246,1311,0.0,0.06,0.77,14.4,22.3,2.0,4,3,3,10,0.5
Joël Veltman,DEF,Brighton,152,32,4,2025-09-13T14:00:00Z,False,4,90,1,3,0,0,0,2,0,0,0,0,0,0,0,13,44,21108,1328,2140,0.0,0.01,1.45,22.4,11.3,4.0,6,4,7,10,1.3
Joachim Andersen,DEF,Fulham,317,37,4,2025-09-13T14:00:00Z,True,11,90,1,10,0,0,1,0,0,0,0,0,0,0,2,32,45,376081,84877,39232,0.0,0.05,0.79,29.0,3.0,0.0,9,3,7,12,6.2
James Garner,MID,Everton,303,36,4,2025-09-13T14:00:00Z,True,2,90,1,5,0,0,1,0,0,0,0,0,0,0,2,31,50,40635,12637,5919,0.08,0.31,0.54,29.6,56.7,2.0,2,4,3,9,6.3
Stephen Mfuni,DEF,Man City,740,38,4,2025-09-14T15:30:00Z,True,14,0,0,0,0,0,0,0,0,0,0,0,0,0,0,0,40,0,0,0,0.0,0.0,0.0,0.0,0.0,0.0,0,0,0,0,1.7
Joshua Zirkzee,FWD,Man Utd,466,38,4,2025-09-14T15:30:00Z,False,13,10,0,1,0,0,0,0,0,0,0,0,0,0,0,4,59,45735,4380,6298,0.0,0.0,0.18,0.2,0.3,2.0,0,0,1,1,0.2
Jayden Meghoma,DEF,Brentford,118,33,4,2025-09-13T19:00:00Z,True,7,0,0,0,0,0,0,0,0,0,0,0,0,0,0,0,40,8785,0,1490,0.0,0.0,0.0,0.0,0.0,0.0,0,0,0,0,0.0
Conor Bradley,DEF,Liverpool,375,34,4,2025-09-14T13:00:00Z,False,3,45,0,0,0,0,0,0,0,0,0,1,0,0,0,6,50,14403,2047,2554,0.02,0.08,0.01,7.8,8.5,11.0,1,1,3,2,1.5
Igor Thiago Nascimento Rodrigues,FWD,Brentford,136,33,4,2025-09-13T19:00:00Z,True,7,71,1,1,0,0,0,1,0,0,0,1,0,0,0,7,60,188219,70430,42253,0.0,0.03,0.77,10.0,14.5,0.0,3,0,1,4,2.5
Florian Wirtz,MID,Liverpool,382,34,4,2025-09-14T13:00:00Z,False,3,86,1,3,0,0,1,0,0,0,0,0,0,0,0,8,84,2273563,157830,446675,0.15,0.26,0.13,9.2,59.0,22.0,1,1,2,4,4.2
Leandro Trossard,MID,Arsenal,20,31,4,2025-09-13T11:30:00Z,True,16,11,0,4,0,1,0,0,0,0,0,0,0,0,0,12,69,30724,848,4800,0.0,0.26,0.1,17.2,10.5,4.0,0,0,0,0,2.2
William Saliba,DEF,Arsenal,6,31,4,2025-09-13T11:30:00Z,True,16,0,0,0,0,0,0,0,0,0,0,0,0,0,0,0,61,1635010,26222,465317,0.0,0.0,0.0,0.0,0.0,0.0,0,0,0,0,2.1
Harry Amass,DEF,Man Utd,445,38,4,2025-09-14T15:30:00Z,False,13,0,0,0,0,0,0,0,0,0,0,0,0,0,0,0,40,15339,99,3201,0.0,0.0,0.0,0.0,0.0,0.0,0,0,0,0,0.0
Cheick Doucouré,MID,Crystal Palace,268,35,4,2025-09-13T14:00:00Z,True,17,0,0,0,0,0,0,0,0,0,0,0,0,0,0,0,49,356,61,94,0.0,0.0,0.0,0.0,0.0,0.0,0,0,0,0,0.0
Anthony Elanga,MID,Newcastle,486,39,4,2025-09-13T14:00:00Z,True,20,10,0,1,0,0,0,0,0,0,0,0,0,0,0,4,70,983276,98734,177150,0.0,0.0,0.09,0.2,1.4,0.0,0,0,0,0,1.8
Noni Madueke,MID,Arsenal,18,31,4,2025-09-13T11:30:00Z,True,16,78,1,3,0,0,1,0,0,0,0,0,0,0,0,24,70,182063,74076,18726,0.0,0.71,0.1,22.6,70.8,26.0,1,3,3,7,3.2
Saša Lukić,MID,Fulham,332,37,4,2025-09-13T14:00:00Z,True,11,90,1,6,0,1,1,0,0,0,0,0,0,0,0,25,50,8542,1149,991,0.5,0.01,0.79,11.4,4.0,7.0,3,4,2,9,3.8
Max Dowman,MID,Arsenal,700,31,4,2025-09-13T11:30:00Z,True,16,0,0,0,0,0,0,0,0,0,0,0,0,0,0,0,45,49572,25843,9334,0.0,0.0,0.0,0.0,0.0,0.0,0,0,0,0,2.2
Stefan Ortega Moreno,GK,Man City,400,38,4,2025-09-14T15:30:00Z,True,14,0,0,0,0,0,0,0,0,0,0,0,0,0,0,0,49,24572,466,2223,0.0,0.0,0.0,0.0,0.0,0.0,0,0,0,0,0.5
Rúben dos Santos Gato Alves Dias,DEF,Man City,408,38,4,2025-09-14T15:30:00Z,True,14,90,1,6,0,0,1,0,0,0,0,0,0,0,0,25,55,459870,16586,56343,0.0,0.01,1.51,14.0,0.9,0.0,7,0,1,7,3.2
Chris Mepham,DEF,Bournemouth,79,32,4,2025-09-13T14:00:00Z,True,6,0,0,0,0,0,0,0,0,0,0,0,0,0,0,0,40,17014,189,3850,0.0,0.0,0.0,0.0,0.0,0.0,0,0,0,0,0.0
Joe Willock,MID,Newcastle,494,39,4,2025-09-13T14:00:00Z,True,20,25,0,1,0,0,0,0,0,0,0,0,0,0,0,1,50,5286,737,571,0.09,0.0,0.09,0.0,0.3,4.0,1,0,1,2,0.8
Elliot Anderson,MID,Nott'm Forest,517,31,4,2025-09-13T11:30:00Z,False,1,90,1,4,0,0,0,3,0,0,0,0,0,0,0,17,55,605848,37028,110289,0.0,0.03,1.84,15.4,7.9,0.0,2,2,11,15,2.2
Jack Hinshelwood,MID,Brighton,163,32,4,2025-09-13T14:00:00Z,False,4,2,1,1,0,0,0,0,0,0,0,0,0,0,0,2,53,7988,481,1186,0.0,0.0,0.0,0.0,0.0,0.0,0,0,0,0,1.3
David Brooks,MID,Bournemouth,86,32,4,2025-09-13T14:00:00Z,True,6,66,1,1,0,0,0,1,0,0,0,1,0,0,0,0,50,48311,21222,7878,0.09,0.02,0.57,0.0,2.9,8.0,0,0,6,6,2.7
Kevin Santos Lopes de Macedo,MID,Fulham,731,37,4,2025-09-13T14:00:00Z,True,11,14,0,1,0,0,0,0,0,0,0,0,0,0,0,6,60,3152,3547,944,0.01,0.07,0.03,11.4,18.6,7.0,0,0,0,0,2.6
Nikola Milenković,DEF,Nott'm Forest,505,31,4,2025-09-13T11:30:00Z,False,1,90,1,1,0,0,0,3,0,0,0,0,0,0,0,0,55,890249,15892,164690,0.0,0.02,1.84,10.8,1.6,2.0,5,0,3,5,0.8
Julio Soler Barreto,DEF,Bournemouth,80,32,4,2025-09-13T14:00:00Z,True,6,1,0,1,0,0,0,0,0,0,0,0,0,0,0,2,40,29481,1364,2746,0.0,0.0,0.0,0.0,0.0,0.0,0,0,0,0,0.3
Mamadou Sarr,DEF,Chelsea,231,33,4,2025-09-13T19:00:00Z,False,5,0,0,0,0,0,0,0,0,0,0,0,0,0,0,0,45,1214,0,195,0.0,0.0,0.0,0.0,0.0,0.0,0,0,0,0,0.0
Lukas Nmecha,FWD,Leeds,365,37,4,2025-09-13T14:00:00Z,False,10,21,0,1,0,0,0,1,0,0,0,0,0,0,0,1,50,84207,15461,19399,0.0,0.0,0.73,0.0,1.3,0.0,0,0,0,0,0.6
Loum Tchaouna,MID,Burnley,210,34,4,2025-09-14T13:00:00Z,True,12,62,1,3,0,0,1,0,0,0,0,0,0,0,0,6,49,3206,140,283,0.0,0.01,1.21,3.8,10.7,0.0,1,0,2,3,0.8
Ollie Watkins,FWD,Aston Villa,64,36,4,2025-09-13T14:00:00Z,False,9,82,1,2,0,0,1,0,0,0,0,0,0,0,0,6,89,1810944,57241,531484,0.0,0.04,1.6,2.0,17.3,2.0,0,0,2,2,2.0
James Ward-Prowse,MID,West Ham,614,40,4,2025-09-13T16:30:00Z,True,18,90,1,2,0,0,0,3,0,0,0,0,0,0,0,20,59,31657,1475,4734,0.0,0.24,0.92,13.6,30.7,0.0,2,0,1,3,2.3
Jarrod Bowen,FWD,West Ham,624,40,4,2025-09-13T16:30:00Z,True,18,90,1,2,0,0,0,3,0,0,0,0,0,0,0,12,78,819010,42331,141723,0.12,0.02,1.29,12.4,4.4,39.0,4,1,4,9,4.3
Nico González Iglesias,MID,Man City,423,38,4,2025-09-14T15:30:00Z,True,14,14,0,1,0,0,0,0,0,0,0,0,0,0,0,5,60,10532,1131,1964,0.0,0.0,1.37,9.2,0.1,0.0,4,0,1,5,1.2
Gonçalo Manuel Ganchinho Guedes,MID,Wolves,647,39,4,2025-09-13T14:00:00Z,False,15,0,0,0,0,0,0,0,0,0,0,0,0,0,0,0,55,526,0,59,0.0,0.0,0.0,0.0,0.0,0.0,0,0,0,0,0.0
Alan Browne,MID,Sunderland,555,35,4,2025-09-13T14:00:00Z,False,8,0,0,0,0,0,0,0,0,0,0,0,0,0,0,0,45,8030,134,2230,0.0,0.0,0.0,0.0,0.0,0.0,0,0,0,0,0.0
Jaka Bijol,DEF,Leeds,344,37,4,2025-09-13T14:00:00Z,False,10,0,0,0,0,0,0,0,0,0,0,0,0,0,0,0,40,17740,796,3212,0.0,0.0,0.0,0.0,0.0,0.0,0,0,0,0,-0.5
Alex Scott,MID,Bournemouth,90,32,4,2025-09-13T14:00:00Z,True,6,66,1,9,1,0,0,1,0,0,0,0,0,0,2,35,50,12195,1694,1269,0.06,0.02,0.57,47.6,12.8,9.0,1,6,3,10,4.7
Lewis O'Brien,MID,Nott'm Forest,520,31,4,2025-09-13T11:30:00Z,False,1,0,0,0,0,0,0,0,0,0,0,0,0,0,0,0,50,124,0,14,0.0,0.0,0.0,0.0,0.0,0.0,0,0,0,0,0.0
Patrick Roberts,MID,Sunderland,545,35,4,2025-09-13T14:00:00Z,False,8,0,0,0,0,0,0,0,0,0,0,0,0,0,0,0,54,2783,41,1067,0.0,0.0,0.0,0.0,0.0,0.0,0,0,0,0,0.0
Álex Moreno Lopera,DEF,Aston Villa,43,36,4,2025-09-13T14:00:00Z,False,9,0,0,0,0,0,0,0,0,0,0,0,0,0,0,0,40,567204,0,199471,0.0,0.0,0.0,0.0,0.0,0.0,0,0,0,0,0.0
Eric da Silva Moreira,MID,Nott'm Forest,523,31,4,2025-09-13T11:30:00Z,False,1,0,0,0,0,0,0,0,0,0,0,0,0,0,0,0,45,13392,200,4085,0.0,0.0,0.0,0.0,0.0,0.0,0,0,0,0,0.0
Leny Yoro,DEF,Man Utd,444,38,4,2025-09-14T15:30:00Z,False,13,61,1,1,0,0,0,2,0,0,0,0,0,0,0,-3,45,282132,18937,44157,0.0,0.0,1.46,0.6,0.8,2.0,3,0,5,3,2.2
Shurandy Sambo,DEF,Burnley,196,34,4,2025-09-14T13:00:00Z,True,12,0,0,0,0,0,0,0,0,0,0,0,0,0,0,0,40,8145,0,1337,0.0,0.0,0.0,0.0,0.0,0.0,0,0,0,0,0.0
Diego Gómez Amarilla,MID,Brighton,169,32,4,2025-09-13T14:00:00Z,False,4,0,0,0,0,0,0,0,0,0,0,0,0,0,0,0,50,7148,538,608,0.0,0.0,0.0,0.0,0.0,0.0,0,0,0,0,1.0
Piero Hincapié,DEF,Arsenal,725,31,4,2025-09-13T11:30:00Z,True,16,0,0,0,0,0,0,0,0,0,0,0,0,0,0,0,55,3194,2202,373,0.0,0.0,0.0,0.0,0.0,0.0,0,0,0,0,3.7
Neco Williams,DEF,Nott'm Forest,508,31,4,2025-09-13T11:30:00Z,False,1,90,1,0,0,0,0,3,0,0,0,1,0,0,0,-5,50,840909,18884,189195,0.01,0.01,1.84,16.0,2.6,2.0,4,1,2,5,0.5
David Mota Veiga Teixeira do Carmo,DEF,Nott'm Forest,509,31,4,2025-09-13T11:30:00Z,False,1,0,0,0,0,0,0,0,0,0,0,0,0,0,0,0,45,4407,50,1150,0.0,0.0,0.0,0.0,0.0,0.0,0,0,0,0,0.0
Harrison Armstrong,MID,Everton,305,36,4,2025-09-13T14:00:00Z,True,2,0,0,0,0,0,0,0,0,0,0,0,0,0,0,0,45,11922,647,3637,0.0,0.0,0.0,0.0,0.0,0.0,0,0,0,0,0.0
Jackson Tchatchoua,DEF,Wolves,695,39,4,2025-09-13T14:00:00Z,False,15,13,0,1,0,0,0,0,0,0,0,0,0,0,0,3,45,1769,293,241,0.0,0.0,0.17,0.2,1.2,2.0,0,0,2,0,0.5
Lucas Pires Silva,DEF,Burnley,195,34,4,2025-09-14T13:00:00Z,True,12,0,0,0,0,0,0,0,0,0,0,0,0,0,0,0,40,15753,270,1544,0.0,0.0,0.0,0.0,0.0,0.0,0,0,0,0,-1.5
Anthony Patterson,GK,Sunderland,528,35,4,2025-09-13T14:00:00Z,False,8,0,0,0,0,0,0,0,0,0,0,0,0,0,0,0,44,29388,723,3691,0.0,0.0,0.0,0.0,0.0,0.0,0,0,0,0,-0.5
Wilson Isidor,FWD,Sunderland,560,35,4,2025-09-13T14:00:00Z,False,8,90,1,2,0,0,1,0,0,0,0,0,0,0,0,1,55,83854,53994,12923,0.11,0.0,1.67,0.6,0.6,17.0,1,1,1,3,3.2
Jack Harrison,MID,Leeds,352,37,4,2025-09-13T14:00:00Z,False,10,22,0,1,0,0,0,1,0,0,0,0,0,0,0,3,54,9249,199,1924,0.0,0.0,0.73,0.2,0.4,0.0,0,0,0,0,0.2
Dango Ouattara,MID,Brentford,83,33,4,2025-09-13T19:00:00Z,True,7,17,0,1,0,0,0,1,0,0,0,0,0,0,0,2,60,107177,26664,40337,0.0,0.0,0.49,1.0,0.4,4.0,0,0,1,1,4.8
Mathys Tel,MID,Spurs,584,40,4,2025-09-13T16:30:00Z,False,19,78,1,3,0,0,1,0,0,0,0,0,0,0,0,7,63,11850,1172,2081,0.02,0.0,0.6,0.8,3.0,8.0,0,0,1,1,1.3
Charlie Crew,MID,Leeds,359,37,4,2025-09-13T14:00:00Z,False,10,0,0,0,0,0,0,0,0,0,0,0,0,0,0,0,45,691,0,131,0.0,0.0,0.0,0.0,0.0,0.0,0,0,0,0,0.0
Ryan Trevitt,MID,Brentford,134,33,4,2025-09-13T19:00:00Z,True,7,0,0,0,0,0,0,0,0,0,0,0,0,0,0,0,45,790,0,107,0.0,0.0,0.0,0.0,0.0,0.0,0,0,0,0,0.0
Sandro Tonali,MID,Newcastle,491,39,4,2025-09-13T14:00:00Z,True,20,90,1,3,0,0,1,0,0,0,0,0,0,0,0,18,54,154221,20029,18458,0.14,0.02,0.5,14.2,5.0,35.0,2,1,2,5,3.2
Ben Broggio,MID,Aston Villa,60,36,4,2025-09-13T14:00:00Z,False,9,0,0,0,0,0,0,0,0,0,0,0,0,0,0,0,45,37395,4355,4197,0.0,0.0,0.0,0.0,0.0,0.0,0,0,0,0,0.0
Matt Doherty,DEF,Wolves,632,39,4,2025-09-13T14:00:00Z,False,15,0,0,0,0,0,0,0,0,0,0,0,0,0,0,0,45,18214,247,2294,0.0,0.0,0.0,0.0,0.0,0.0,0,0,0,0,-0.2
Niclas Füllkrug,FWD,West Ham,625,40,4,2025-09-13T16:30:00Z,True,18,0,0,0,0,0,0,0,0,0,0,0,0,0,0,0,58,156927,5306,73314,0.0,0.0,0.0,0.0,0.0,0.0,0,0,0,0,0.8
Maldini Kacurri,DEF,Arsenal,14,31,4,2025-09-13T11:30:00Z,True,16,0,0,0,0,0,0,0,0,0,0,0,0,0,0,0,40,18820,834,1797,0.0,0.0,0.0,0.0,0.0,0.0,0,0,0,0,0.5
Donyell Malen,MID,Aston Villa,53,36,4,2025-09-13T14:00:00Z,False,9,7,0,1,0,0,0,0,0,0,0,0,0,0,0,2,53,95888,5174,33527,0.0,0.0,0.48,1.0,0.3,0.0,0,0,0,0,1.3
Bafodé Diakité,DEF,Bournemouth,685,32,4,2025-09-13T14:00:00Z,True,6,0,0,0,0,0,0,0,0,0,0,0,0,0,0,0,45,65267,31517,8910,0.0,0.0,0.0,0.0,0.0,0.0,0,0,0,0,5.3
Leander Dendoncker,MID,Aston Villa,61,36,4,2025-09-13T14:00:00Z,False,9,0,0,0,0,0,0,0,0,0,0,0,0,0,0,0,45,19222,0,5209,0.0,0.0,0.0,0.0,0.0,0.0,0,0,0,0,0.0
Robin Roefs,GK,Sunderland,670,35,4,2025-09-13T14:00:00Z,False,8,90,1,10,0,0,1,0,0,0,0,1,0,6,3,39,45,170635,47891,17696,0.0,0.0,1.77,43.2,0.0,0.0,1,0,15,0,5.8
Lesley Ugochukwu,MID,Burnley,676,34,4,2025-09-14T13:00:00Z,True,12,83,1,-1,0,0,0,1,0,0,0,0,1,0,0,0,50,4921,236,627,0.0,0.0,1.45,7.4,0.1,0.0,4,3,2,9,-0.2
Borna Sosa,DEF,Crystal Palace,259,35,4,2025-09-13T14:00:00Z,True,17,0,0,0,0,0,0,0,0,0,0,0,0,0,0,0,50,15220,827,1649,0.0,0.0,0.0,0.0,0.0,0.0,0,0,0,0,0.5
Kaelan Casey,DEF,West Ham,611,40,4,2025-09-13T16:30:00Z,True,18,0,0,0,0,0,0,0,0,0,0,0,0,0,0,0,40,13532,0,1503,0.0,0.0,0.0,0.0,0.0,0.0,0,0,0,0,0.0
Hamed Traorè,MID,Bournemouth,93,32,4,2025-09-13T14:00:00Z,True,6,0,0,0,0,0,0,0,0,0,0,0,0,0,0,0,45,106910,5057,41655,0.0,0.0,0.0,0.0,0.0,0.0,0,0,0,0,0.0
Jack Fletcher,MID,Man Utd,462,38,4,2025-09-14T15:30:00Z,False,13,0,0,0,0,0,0,0,0,0,0,0,0,0,0,0,44,6429,1536,752,0.0,0.0,0.0,0.0,0.0,0.0,0,0,0,0,-0.5
Riccardo Calafiori,DEF,Arsenal,7,31,4,2025-09-13T11:30:00Z,True,16,67,1,5,0,0,1,0,0,0,0,1,0,0,0,16,57,1569650,534037,74840,0.0,0.01,0.1,5.4,12.6,2.0,1,2,1,3,7.2
David Raya Martín,GK,Arsenal,1,31,4,2025-09-13T11:30:00Z,True,16,90,1,6,0,0,1,0,0,0,0,0,0,1,0,24,55,2765759,289041,117752,0.0,0.0,0.2,12.8,0.0,0.0,0,0,9,0,5.2
Jesurun Rak-Sakyi,MID,Crystal Palace,278,35,4,2025-09-13T14:00:00Z,True,17,0,0,0,0,0,0,0,0,0,0,0,0,0,0,0,44,6727,653,879,0.0,0.0,0.0,0.0,0.0,0.0,0,0,0,0,0.5
Nectarios Triantis,MID,Sunderland,559,35,4,2025-09-13T14:00:00Z,False,8,0,0,0,0,0,0,0,0,0,0,0,0,0,0,0,44,7794,1066,974,0.0,0.0,0.0,0.0,0.0,0.0,0,0,0,0,-0.5
Romelle Donovan,MID,Brentford,130,33,4,2025-09-13T19:00:00Z,True,7,0,0,0,0,0,0,0,0,0,0,0,0,0,0,0,45,11777,874,1455,0.0,0.0,0.0,0.0,0.0,0.0,0,0,0,0,-0.5
Maxim De Cuyper,DEF,Brighton,145,32,4,2025-09-13T14:00:00Z,False,4,23,1,1,0,0,0,1,0,0,0,0,0,0,0,2,45,462342,8422,103028,0.0,0.0,0.06,3.8,0.2,2.0,0,2,2,2,1.0
Joël Piroe,FWD,Leeds,362,37,4,2025-09-13T14:00:00Z,False,10,0,0,0,0,0,0,0,0,0,0,0,0,0,0,0,54,100222,1714,48893,0.0,0.0,0.0,0.0,0.0,0.0,0,0,0,0,-0.2
Marco Bizot,GK,Aston Villa,33,36,4,2025-09-13T14:00:00Z,False,9,0,0,0,0,0,0,0,0,0,0,0,0,0,0,0,45,89126,9512,14922,0.0,0.0,0.0,0.0,0.0,0.0,0,0,0,0,0.0
Xavi Simons,MID,Spurs,717,40,4,2025-09-13T16:30:00Z,False,19,70,1,6,0,1,1,0,0,0,0,0,0,0,0,23,70,140567,151268,31938,0.03,0.08,0.6,18.4,19.7,1.0,0,1,2,3,2.4
Maxwel Cornet,MID,West Ham,617,40,4,2025-09-13T16:30:00Z,True,18,0,0,0,0,0,0,0,0,0,0,0,0,0,0,0,49,3090,52,735,0.0,0.0,0.0,0.0,0.0,0.0,0,0,0,0,0.0
Vitor de Oliveira Nunes dos Reis,DEF,Man City,412,38,4,2025-09-14T15:30:00Z,True,14,0,0,0,0,0,0,0,0,0,0,0,0,0,0,0,50,711,0,78,0.0,0.0,0.0,0.0,0.0,0.0,0,0,0,0,0.0
Sam Johnstone,GK,Wolves,627,39,4,2025-09-13T14:00:00Z,False,15,90,1,3,0,0,0,1,0,0,0,0,0,3,0,17,45,14948,272,1070,0.0,0.0,1.55,31.2,0.0,0.0,5,0,13,0,0.5
Antonee Robinson,DEF,Fulham,316,37,4,2025-09-13T14:00:00Z,True,11,0,0,0,0,0,0,0,0,0,0,0,0,0,0,0,50,99098,18994,8207,0.0,0.0,0.0,0.0,0.0,0.0,0,0,0,0,1.2
Jørgen Strand Larsen,FWD,Wolves,654,39,4,2025-09-13T14:00:00Z,False,15,0,0,0,0,0,0,0,0,0,0,0,0,0,0,0,64,245326,5643,170040,0.0,0.0,0.0,0.0,0.0,0.0,0,0,0,0,0.0
Estêvão Almeida de Oliveira Gonçalves,MID,Chelsea,238,33,4,2025-09-13T19:00:00Z,False,5,0,0,0,0,0,0,0,0,0,0,0,0,0,0,0,65,299930,46436,50609,0.0,0.0,0.0,0.0,0.0,0.0,0,0,0,0,3.2
Tom Watson,MID,Brighton,172,32,4,2025-09-13T14:00:00Z,False,4,0,0,0,0,0,0,0,0,0,0,0,0,0,0,0,49,3351,143,308,0.0,0.0,0.0,0.0,0.0,0.0,0,0,0,0,0.0
Lucas Estella Perri,GK,Leeds,665,37,4,2025-09-13T14:00:00Z,False,10,0,0,0,0,0,0,0,0,0,0,0,0,0,0,0,45,44020,6340,8815,0.0,0.0,0.0,0.0,0.0,0.0,0,0,0,0,0.0
Timothée Pembélé,DEF,Sunderland,540,35,4,2025-09-13T14:00:00Z,False,8,0,0,0,0,0,0,0,0,0,0,0,0,0,0,0,40,19977,384,1608,0.0,0.0,0.0,0.0,0.0,0.0,0,0,0,0,-0.5
Roméo Lavia,MID,Chelsea,244,33,4,2025-09-13T19:00:00Z,False,5,0,0,0,0,0,0,0,0,0,0,0,0,0,0,0,49,1527,23,255,0.0,0.0,0.0,0.0,0.0,0.0,0,0,0,0,0.2
Jan Paul van Hecke,DEF,Brighton,151,32,4,2025-09-13T14:00:00Z,False,4,90,1,3,0,0,0,2,0,0,0,0,0,0,0,5,45,108690,3755,11247,0.0,0.02,1.45,24.0,0.8,2.0,10,0,2,10,1.7
Mike Penders,GK,Chelsea,222,33,4,2025-09-13T19:00:00Z,False,5,0,0,0,0,0,0,0,0,0,0,0,0,0,0,0,40,472,0,42,0.0,0.0,0.0,0.0,0.0,0.0,0,0,0,0,0.0
Oleksandr Zinchenko,DEF,Nott'm Forest,12,31,4,2025-09-13T11:30:00Z,False,1,0,0,0,0,0,0,0,0,0,0,0,0,0,0,0,49,36174,3739,5862,0.0,0.0,0.0,0.0,0.0,0.0,0,0,0,0,0.0
Harvey Barnes,MID,Newcastle,487,39,4,2025-09-13T14:00:00Z,True,20,79,1,3,0,0,1,0,0,0,0,0,0,0,0,4,65,134413,23183,31689,0.11,0.09,0.41,0.0,4.1,14.0,1,1,2,4,2.5
Josh Nichols,DEF,Arsenal,15,31,4,2025-09-13T11:30:00Z,True,16,0,0,0,0,0,0,0,0,0,0,0,0,0,0,0,40,19621,826,1761,0.0,0.0,0.0,0.0,0.0,0.0,0,0,0,0,0.5
Jhon Arias,MID,Wolves,663,39,4,2025-09-13T14:00:00Z,False,15,24,0,1,0,0,0,0,0,0,0,0,0,0,0,1,53,40496,758,13505,0.04,0.0,0.2,0.0,0.8,7.0,1,0,1,2,0.8
Chido Obi,FWD,Man Utd,467,38,4,2025-09-14T15:30:00Z,False,13,0,0,0,0,0,0,0,0,0,0,0,0,0,0,0,44,178168,10290,31025,0.0,0.0,0.0,0.0,0.0,0.0,0,0,0,0,-0.5
Marc Guiu Paz,FWD,Chelsea,252,33,4,2025-09-13T19:00:00Z,False,5,0,0,0,0,0,0,0,0,0,0,0,0,0,0,0,44,1279112,51079,448470,0.0,0.0,0.0,0.0,0.0,0.0,0,0,0,0,1.2
Aaron Ramsey,MID,Burnley,211,34,4,2025-09-14T13:00:00Z,True,12,0,0,0,0,0,0,0,0,0,0,0,0,0,0,0,44,611455,6563,231049,0.0,0.0,0.0,0.0,0.0,0.0,0,0,0,0,0.0
John McGinn,MID,Aston Villa,54,36,4,2025-09-13T14:00:00Z,False,9,90,1,3,0,0,1,0,0,0,0,0,0,0,0,12,55,70587,4695,10168,0.0,0.03,2.08,10.4,13.4,0.0,3,0,5,8,2.3
Chadi Riad Dnanou,DEF,Crystal Palace,262,35,4,2025-09-13T14:00:00Z,True,17,0,0,0,0,0,0,0,0,0,0,0,0,0,0,0,40,837,42,102,0.0,0.0,0.0,0.0,0.0,0.0,0,0,0,0,0.0
Pedro Cardoso de Lima,DEF,Wolves,640,39,4,2025-09-13T14:00:00Z,False,15,0,0,0,0,0,0,0,0,0,0,0,0,0,0,0,40,92526,574,18687,0.0,0.0,0.0,0.0,0.0,0.0,0,0,0,0,0.0
Hannes Delcroix,DEF,Burnley,188,34,4,2025-09-14T13:00:00Z,True,12,0,0,0,0,0,0,0,0,0,0,0,0,0,0,0,40,29788,931,3323,0.0,0.0,0.0,0.0,0.0,0.0,0,0,0,0,-1.5
Phil Foden,MID,Man City,414,38,4,2025-09-14T15:30:00Z,True,14,90,1,12,1,0,1,0,0,0,0,0,0,0,2,37,80,176923,17305,26385,0.28,0.03,1.51,40.6,16.5,23.0,1,1,11,13,4.8
Jonah Kusi-Asare,FWD,Fulham,737,37,4,2025-09-13T14:00:00Z,True,11,0,0,0,0,0,0,0,0,0,0,0,0,0,0,0,45,1166,1073,195,0.0,0.0,0.0,0.0,0.0,0.0,0,0,0,0,1.6
Tom Heaton,GK,Man Utd,434,38,4,2025-09-14T15:30:00Z,False,13,0,0,0,0,0,0,0,0,0,0,0,0,0,0,0,40,34598,972,2000,0.0,0.0,0.0,0.0,0.0,0.0,0,0,0,0,-0.5
Yéremy Pino Santos,MID,Crystal Palace,712,35,4,2025-09-13T14:00:00Z,True,17,83,1,3,0,0,1,0,0,0,0,0,0,0,0,-1,60,18411,20372,4695,0.73,0.03,0.36,0.0,15.2,10.0,0,1,4,5,2.5
Wilson Odobert,MID,Spurs,588,40,4,2025-09-13T16:30:00Z,False,19,11,0,1,0,0,0,0,0,0,0,0,0,0,0,5,54,3710,156,559,0.0,0.01,0.0,2.4,2.6,0.0,0,1,0,1,1.0
Omari Hutchinson,MID,Nott'm Forest,693,31,4,2025-09-13T11:30:00Z,False,1,0,0,0,0,0,0,0,0,0,0,0,0,0,0,0,55,2779,521,536,0.0,0.0,0.0,0.0,0.0,0.0,0,0,0,0,0.2
Alex Murphy,DEF,Newcastle,481,39,4,2025-09-13T14:00:00Z,True,20,0,0,0,0,0,0,0,0,0,0,0,0,0,0,0,40,81618,3174,8443,0.0,0.0,0.0,0.0,0.0,0.0,0,0,0,0,0.5
Bernardo Mota Veiga de Carvalho e Silva,MID,Man City,416,38,4,2025-09-14T15:30:00Z,True,14,87,1,6,0,1,1,0,0,0,0,0,0,0,0,16,64,74716,5248,11712,0.1,0.55,1.42,19.0,33.8,8.0,0,1,7,8,3.5
Hannibal Mejbri,MID,Burnley,207,34,4,2025-09-14T13:00:00Z,True,12,27,0,1,0,0,0,1,0,0,0,0,0,0,0,-2,50,18338,1712,2606,0.0,0.0,1.24,0.0,0.3,0.0,0,1,1,2,1.2
Jacob Bruun Larsen,MID,Burnley,202,34,4,2025-09-14T13:00:00Z,True,12,0,0,0,0,0,0,0,0,0,0,0,0,0,0,0,54,4807,827,635,0.0,0.0,0.0,0.0,0.0,0.0,0,0,0,0,1.2
Dennis Cirkin,DEF,Sunderland,535,35,4,2025-09-13T14:00:00Z,False,8,0,0,0,0,0,0,0,0,0,0,0,0,0,0,0,40,2139,40,320,0.0,0.0,0.0,0.0,0.0,0.0,0,0,0,0,0.0
Daniel Muñoz Mejía,DEF,Crystal Palace,256,35,4,2025-09-13T14:00:00Z,True,17,90,1,5,0,0,1,0,0,0,0,1,0,0,0,21,56,1662666,521650,82876,0.12,0.22,0.36,11.2,7.2,41.0,3,1,2,4,6.8
Bastien Meupiyou Menadjou,DEF,Wolves,639,39,4,2025-09-13T14:00:00Z,False,15,0,0,0,0,0,0,0,0,0,0,0,0,0,0,0,40,1150,0,125,0.0,0.0,0.0,0.0,0.0,0.0,0,0,0,0,0.0
Radu Drăgușin,DEF,Spurs,572,40,4,2025-09-13T16:30:00Z,False,19,0,0,0,0,0,0,0,0,0,0,0,0,0,0,0,45,582,48,75,0.0,0.0,0.0,0.0,0.0,0.0,0,0,0,0,0.0
Noah Okafor,MID,Leeds,698,37,4,2025-09-13T14:00:00Z,False,10,67,1,2,0,0,1,0,0,0,0,1,0,0,0,2,55,2118,842,505,0.18,0.02,0.12,4.2,12.3,17.0,3,1,7,11,0.5
Dean Henderson,GK,Crystal Palace,253,35,4,2025-09-13T14:00:00Z,True,17,90,1,6,0,0,1,0,0,0,0,0,0,0,0,22,50,958978,140681,47592,0.0,0.0,0.36,4.4,0.0,0.0,1,0,8,0,5.5
Jayce Fitzgerald,MID,Man Utd,461,38,4,2025-09-14T15:30:00Z,False,13,0,0,0,0,0,0,0,0,0,0,0,0,0,0,0,45,4091,158,411,0.0,0.0,0.0,0.0,0.0,0.0,0,0,0,0,-0.5
Nayef Aguerd,DEF,West Ham,607,40,4,2025-09-13T16:30:00Z,True,18,0,0,0,0,0,0,0,0,0,0,0,0,0,0,0,44,9788,200,3942,0.0,0.0,0.0,0.0,0.0,0.0,0,0,0,0,0.0
Danny Welbeck,FWD,Brighton,178,32,4,2025-09-13T14:00:00Z,False,4,66,1,2,0,0,0,2,0,0,0,0,0,0,0,7,63,252393,17351,59906,0.09,0.02,1.2,1.8,2.9,8.0,0,2,2,4,1.3
Tom King,GK,Everton,630,36,4,2025-09-13T14:00:00Z,True,2,0,0,0,0,0,0,0,0,0,0,0,0,0,0,0,40,156361,2347,8377,0.0,0.0,0.0,0.0,0.0,0.0,0,0,0,0,0.0
Maxime Estève,DEF,Burnley,191,34,4,2025-09-14T13:00:00Z,True,12,90,1,4,0,0,0,1,0,0,0,0,0,0,0,10,40,1938722,67549,242781,0.0,0.0,2.45,36.8,0.1,0.0,15,0,0,15,2.2
Antoine Semenyo,MID,Bournemouth,82,32,4,2025-09-13T14:00:00Z,True,6,90,1,13,1,1,0,1,0,0,0,0,0,0,3,39,74,4192375,1254193,158877,0.87,0.06,0.62,63.2,24.7,29.0,3,3,2,8,7.0
Rodrigo Muniz Carvalho,FWD,Fulham,338,37,4,2025-09-13T14:00:00Z,True,11,83,1,2,0,0,1,0,0,0,0,0,0,0,0,4,55,284800,61121,47820,0.18,0.01,0.79,4.4,0.3,21.0,1,1,2,4,1.5
Gianluigi Donnarumma,GK,Man City,736,38,4,2025-09-14T15:30:00Z,True,14,90,1,6,0,0,1,0,0,0,0,0,0,2,0,26,55,130334,103102,12222,0.0,0.0,1.51,14.4,0.0,0.0,3,0,6,0,4.5
Sven Botman,DEF,Newcastle,475,39,4,2025-09-13T14:00:00Z,True,20,1,0,1,0,0,0,0,0,0,0,0,0,0,0,3,49,54242,6821,3950,0.0,0.0,0.0,0.0,0.0,0.0,0,0,0,0,3.5
Omar Alderete,DEF,Sunderland,683,35,4,2025-09-13T14:00:00Z,False,8,90,1,9,0,0,1,0,0,0,0,0,0,0,1,31,40,159950,18035,11437,0.0,0.02,1.77,30.2,0.5,2.0,8,2,5,10,4.2
Nico O'Reilly,DEF,Man City,411,38,4,2025-09-14T15:30:00Z,True,14,90,1,6,0,0,1,0,0,0,0,0,0,0,0,25,49,14534,595,2658,0.03,0.01,1.51,19.6,1.8,1.0,4,5,5,9,2.8
Liam Delap,FWD,Chelsea,250,33,4,2025-09-13T19:00:00Z,False,5,0,0,0,0,0,0,0,0,0,0,0,0,0,0,0,63,185213,1310,147136,0.0,0.0,0.0,0.0,0.0,0.0,0,0,0,0,0.0
Malcolm Ebiowei,MID,Crystal Palace,277,35,4,2025-09-13T14:00:00Z,True,17,0,0,0,0,0,0,0,0,0,0,0,0,0,0,0,45,537,0,106,0.0,0.0,0.0,0.0,0.0,0.0,0,0,0,0,0.0
Benjamin White,DEF,Arsenal,11,31,4,2025-09-13T11:30:00Z,True,16,0,0,0,0,0,0,0,0,0,0,0,0,0,0,0,54,61995,812,16216,0.0,0.0,0.0,0.0,0.0,0.0,0,0,0,0,0.5
Miodrag Pivaš,DEF,Newcastle,483,39,4,2025-09-13T14:00:00Z,True,20,0,0,0,0,0,0,0,0,0,0,0,0,0,0,0,40,12993,164,1089,0.0,0.0,0.0,0.0,0.0,0.0,0,0,0,0,0.5
Freddie Woodman,GK,Liverpool,369,34,4,2025-09-14T13:00:00Z,False,3,0,0,0,0,0,0,0,0,0,0,0,0,0,0,0,40,10171,240,867,0.0,0.0,0.0,0.0,0.0,0.0,0,0,0,0,1.5
Adam Webster,DEF,Brighton,153,32,4,2025-09-13T14:00:00Z,False,4,0,0,0,0,0,0,0,0,0,0,0,0,0,0,0,44,949,43,117,0.0,0.0,0.0,0.0,0.0,0.0,0,0,0,0,0.0
Reece James,DEF,Chelsea,225,33,4,2025-09-13T19:00:00Z,False,5,45,0,1,0,0,0,1,0,0,0,0,0,0,0,8,55,563716,21396,120190,0.04,0.02,0.87,6.6,3.3,2.0,2,0,2,2,1.5
Alex Paulsen,GK,Bournemouth,70,32,4,2025-09-13T14:00:00Z,True,6,0,0,0,0,0,0,0,0,0,0,0,0,0,0,0,40,12594,0,1986,0.0,0.0,0.0,0.0,0.0,0.0,0,0,0,0,0.0
Chris Wood,FWD,Nott'm Forest,525,31,4,2025-09-13T11:30:00Z,False,1,59,1,1,0,0,0,2,0,0,0,0,0,0,0,4,77,2578387,132233,657330,0.03,0.04,1.75,4.4,11.6,17.0,1,0,0,1,1.2
Rayan Cherki,MID,Man City,417,38,4,2025-09-14T15:30:00Z,True,14,0,0,0,0,0,0,0,0,0,0,0,0,0,0,0,64,439662,6075,431563,0.0,0.0,0.0,0.0,0.0,0.0,0,0,0,0,0.0
Emiliano Martínez Romero,GK,Aston Villa,32,36,4,2025-09-13T14:00:00Z,False,9,90,1,6,0,0,1,0,0,0,0,0,0,2,0,27,50,204568,20644,25356,0.0,0.0,2.08,20.2,0.0,0.0,2,0,3,0,2.7
Josh King,MID,Fulham,335,37,4,2025-09-13T14:00:00Z,True,11,59,1,1,0,0,0,0,0,0,0,0,0,0,0,4,45,386435,248171,58129,0.0,0.01,0.74,0.2,1.0,0.0,0,1,2,3,2.2
Lewis Dunk,DEF,Brighton,146,32,4,2025-09-13T14:00:00Z,False,4,90,1,2,0,0,0,2,0,0,0,1,0,0,0,4,45,143443,10053,9351,0.0,0.01,1.45,23.2,11.3,8.0,11,0,2,11,2.7
Willy Boly,DEF,Nott'm Forest,514,31,4,2025-09-13T11:30:00Z,False,1,0,0,0,0,0,0,0,0,0,0,0,0,0,0,0,40,48714,1008,4739,0.0,0.0,0.0,0.0,0.0,0.0,0,0,0,0,-0.5
William Osula,FWD,Newcastle,500,39,4,2025-09-13T14:00:00Z,True,20,25,0,1,0,0,0,0,0,0,0,0,0,0,0,3,55,54256,11069,16977,0.0,0.0,0.09,6.0,10.0,0.0,1,0,1,2,3.2
Luca Koleosho,MID,Burnley,208,34,4,2025-09-14T13:00:00Z,True,12,0,0,0,0,0,0,0,0,0,0,0,0,0,0,0,50,2005,0,423,0.0,0.0,0.0,0.0,0.0,0.0,0,0,0,0,0.0
Omar Richards,DEF,Nott'm Forest,512,31,4,2025-09-13T11:30:00Z,False,1,0,0,0,0,0,0,0,0,0,0,0,0,0,0,0,45,4136,31,1066,0.0,0.0,0.0,0.0,0.0,0.0,0,0,0,0,0.0
Anthony Gordon,MID,Newcastle,485,39,4,2025-09-13T14:00:00Z,True,20,0,0,0,0,0,0,0,0,0,0,0,0,0,0,0,74,118715,2475,52745,0.0,0.0,0.0,0.0,0.0,0.0,0,0,0,0,0.0
Antoni Milambo,MID,Brentford,122,33,4,2025-09-13T19:00:00Z,True,7,0,0,0,0,0,0,0,0,0,0,0,0,0,0,0,54,5682,277,895,0.0,0.0,0.0,0.0,0.0,0.0,0,0,0,0,-0.5
Martín Zubimendi Ibáñez,MID,Arsenal,26,31,4,2025-09-13T11:30:00Z,True,16,90,1,16,2,0,1,0,0,0,0,0,0,0,3,52,54,210114,16584,36368,0.16,0.03,0.2,68.6,14.5,25.0,1,0,1,2,7.2
Jaidon Anthony,MID,Burnley,200,34,4,2025-09-14T13:00:00Z,True,12,88,1,3,0,0,1,0,0,0,0,0,0,0,0,6,55,110509,63312,18936,0.11,0.0,1.51,9.4,0.5,1.0,3,2,6,11,5.8
Curtis Jones,MID,Liverpool,388,34,4,2025-09-14T13:00:00Z,False,3,0,0,0,0,0,0,0,0,0,0,0,0,0,0,0,54,10751,877,2357,0.0,0.0,0.0,0.0,0.0,0.0,0,0,0,0,0.0
Caoimhín Kelleher,GK,Brentford,101,33,4,2025-09-13T19:00:00Z,True,7,90,1,2,0,0,0,2,0,0,0,0,0,4,0,12,45,1078071,25078,122474,0.0,0.0,1.25,33.0,0.0,0.0,1,1,10,0,2.2
Bertrand Traoré,MID,Sunderland,735,35,4,2025-09-13T14:00:00Z,False,8,0,0,0,0,0,0,0,0,0,0,0,0,0,0,0,55,605,396,100,0.0,0.0,0.0,0.0,0.0,0.0,0,0,0,0,1.5
James McAtee,MID,Nott'm Forest,426,31,4,2025-09-13T11:30:00Z,False,1,17,0,1,0,0,0,1,0,0,0,0,0,0,0,2,54,16750,1352,4038,0.0,0.01,0.08,2.8,12.1,0.0,0,0,0,0,0.5
Guglielmo Vicario,GK,Spurs,565,40,4,2025-09-13T16:30:00Z,False,19,90,1,8,0,0,1,0,0,0,0,0,0,4,1,39,50,1112071,309347,90041,0.0,0.0,0.6,38.6,0.0,0.0,2,0,9,0,6.7
Jaydee Canvot,DEF,Crystal Palace,723,35,4,2025-09-13T14:00:00Z,True,17,0,0,0,0,0,0,0,0,0,0,0,0,0,0,0,45,295,142,27,0.0,0.0,0.0,0.0,0.0,0.0,0,0,0,0,2.5
Zach Marsh,FWD,Crystal Palace,286,35,4,2025-09-13T14:00:00Z,True,17,0,0,0,0,0,0,0,0,0,0,0,0,0,0,0,45,29857,4237,4056,0.0,0.0,0.0,0.0,0.0,0.0,0,0,0,0,0.5
Joe Anderson,DEF,Sunderland,534,35,4,2025-09-13T14:00:00Z,False,8,0,0,0,0,0,0,0,0,0,0,0,0,0,0,0,40,45062,1416,4920,0.0,0.0,0.0,0.0,0.0,0.0,0,0,0,0,-0.5
Noussair Mazraoui,DEF,Man Utd,438,38,4,2025-09-14T15:30:00Z,False,13,61,1,1,0,0,0,2,0,0,0,0,0,0,0,7,49,21977,2845,1629,0.0,0.03,1.46,8.6,2.5,4.0,2,3,5,5,0.2
Cristian Romero,DEF,Spurs,569,40,4,2025-09-13T16:30:00Z,False,19,90,1,12,0,1,1,0,0,0,0,0,0,0,3,44,50,626976,53721,54795,0.07,0.14,0.6,34.2,21.8,35.0,2,1,4,3,7.0
Václav Hladký,GK,Burnley,185,34,4,2025-09-14T13:00:00Z,True,12,0,0,0,0,0,0,0,0,0,0,0,0,0,0,0,40,21397,1105,1855,0.0,0.0,0.0,0.0,0.0,0.0,0,0,0,0,-1.5
Mads Roerslev Rasmussen,DEF,Brentford,112,33,4,2025-09-13T19:00:00Z,True,7,0,0,0,0,0,0,0,0,0,0,0,0,0,0,0,45,2836,0,623,0.0,0.0,0.0,0.0,0.0,0.0,0,0,0,0,0.0
Diogo Dalot Teixeira,DEF,Man Utd,440,38,4,2025-09-14T15:30:00Z,False,13,0,0,0,0,0,0,0,0,0,0,0,0,0,0,0,45,173129,3724,46533,0.0,0.0,0.0,0.0,0.0,0.0,0,0,0,0,0.0
Justin Kluivert,MID,Bournemouth,81,32,4,2025-09-13T14:00:00Z,True,6,23,0,1,0,0,0,0,0,0,0,0,0,0,0,6,70,86835,17549,10720,0.09,0.32,0.05,6.6,14.4,8.0,1,0,2,3,1.0
Keane Lewis-Potter,DEF,Brentford,107,33,4,2025-09-13T19:00:00Z,True,7,89,1,1,0,0,0,2,0,0,0,0,0,0,0,1,50,49172,2885,5250,0.0,0.05,1.16,4.2,15.5,4.0,1,1,3,2,3.8
Kristoffer Ajer,DEF,Brentford,108,33,4,2025-09-13T19:00:00Z,True,7,7,0,4,0,1,0,1,0,0,0,0,0,0,0,13,45,18281,379,2493,0.04,0.41,0.16,20.2,10.3,19.0,0,0,0,0,1.2
Georginio Rutter,MID,Brighton,158,32,4,2025-09-13T14:00:00Z,False,4,66,1,1,0,0,0,2,0,0,0,1,0,0,0,10,59,79438,4411,25385,0.0,0.01,1.2,6.8,12.2,6.0,2,1,2,5,0.7
Hwang Hee-chan,MID,Wolves,642,39,4,2025-09-13T14:00:00Z,False,15,76,1,2,0,0,0,1,0,0,0,0,0,0,0,6,59,17864,4140,2426,0.14,0.01,1.38,0.6,0.7,28.0,0,0,1,1,2.8
Ashley Phillips,DEF,Spurs,576,40,4,2025-09-13T16:30:00Z,False,19,0,0,0,0,0,0,0,0,0,0,0,0,0,0,0,40,2056,0,235,0.0,0.0,0.0,0.0,0.0,0.0,0,0,0,0,0.0
Quilindschy Hartman,DEF,Burnley,192,34,4,2025-09-14T13:00:00Z,True,12,90,1,4,0,0,0,1,0,0,0,0,0,0,0,14,40,58127,4442,9154,0.0,0.01,2.45,25.4,10.2,0.0,15,2,2,17,2.2
Bruno Guimarães Rodriguez Moura,MID,Newcastle,488,39,4,2025-09-13T14:00:00Z,True,20,90,1,2,0,0,1,0,0,0,0,1,0,0,0,9,65,303994,51564,28187,0.08,0.05,0.5,7.2,32.3,6.0,1,0,10,11,4.2
Eiran Cashin,DEF,Brighton,154,32,4,2025-09-13T14:00:00Z,False,4,0,0,0,0,0,0,0,0,0,0,0,0,0,0,0,40,870,0,84,0.0,0.0,0.0,0.0,0.0,0.0,0,0,0,0,0.0
Nathan Patterson,DEF,Everton,296,36,4,2025-09-13T14:00:00Z,True,2,0,0,0,0,0,0,0,0,0,0,0,0,0,0,0,44,1803,34,366,0.0,0.0,0.0,0.0,0.0,0.0,0,0,0,0,0.0
Tolu Arokodare,FWD,Wolves,720,39,4,2025-09-13T14:00:00Z,False,15,65,1,2,0,0,0,1,0,0,0,0,0,0,0,7,55,3069,2800,311,0.0,0.0,1.35,4.4,1.8,4.0,4,0,0,4,1.3
Andrew Moran,MID,Brighton,177,32,4,2025-09-13T14:00:00Z,False,4,0,0,0,0,0,0,0,0,0,0,0,0,0,0,0,45,3479,0,793,0.0,0.0,0.0,0.0,0.0,0.0,0,0,0,0,0.0
Adrien Truffert,DEF,Bournemouth,74,32,4,2025-09-13T14:00:00Z,True,6,90,1,2,0,0,0,1,0,0,0,0,0,0,0,2,45,141452,42602,17790,0.0,0.1,0.62,15.4,29.7,0.0,3,1,3,4,5.0
Enes Ünal,FWD,Bournemouth,98,32,4,2025-09-13T14:00:00Z,True,6,0,0,0,0,0,0,0,0,0,0,0,0,0,0,0,55,1255,82,178,0.0,0.0,0.0,0.0,0.0,0.0,0,0,0,0,0.0
Dário Luís Essugo,MID,Chelsea,247,33,4,2025-09-13T19:00:00Z,False,5,0,0,0,0,0,0,0,0,0,0,0,0,0,0,0,44,7107,1677,1456,0.0,0.0,0.0,0.0,0.0,0.0,0,0,0,0,0.0
Aaron Ramsdale,GK,Newcastle,674,39,4,2025-09-13T14:00:00Z,True,20,0,0,0,0,0,0,0,0,0,0,0,0,0,0,0,49,84892,2124,8739,0.0,0.0,0.0,0.0,0.0,0.0,0,0,0,0,0.5
Moisés Caicedo Corozo,MID,Chelsea,241,33,4,2025-09-13T19:00:00Z,False,5,90,1,12,1,0,0,2,0,0,0,0,0,0,3,40,55,804315,99033,76022,0.07,0.07,1.43,54.0,15.3,7.0,5,4,8,17,8.5
Taiwo Awoniyi,FWD,Nott'm Forest,527,31,4,2025-09-13T11:30:00Z,False,1,0,0,0,0,0,0,0,0,0,0,0,0,0,0,0,54,55208,2145,11051,0.0,0.0,0.0,0.0,0.0,0.0,0,0,0,0,-0.5
Niall Huggins,DEF,Sunderland,537,35,4,2025-09-13T14:00:00Z,False,8,0,0,0,0,0,0,0,0,0,0,0,0,0,0,0,40,16194,91,3274,0.0,0.0,0.0,0.0,0.0,0.0,0,0,0,0,0.0
Konstantinos Tsimikas,DEF,Liverpool,377,34,4,2025-09-14T13:00:00Z,False,3,0,0,0,0,0,0,0,0,0,0,0,0,0,0,0,49,11161,359,1664,0.0,0.0,0.0,0.0,0.0,0.0,0,0,0,0,1.5
Adam Smith,DEF,Bournemouth,73,32,4,2025-09-13T14:00:00Z,True,6,0,0,0,0,0,0,0,0,0,0,0,0,0,0,0,45,30413,241,10702,0.0,0.0,0.0,0.0,0.0,0.0,0,0,0,0,0.0
Tyrone Mings,DEF,Aston Villa,40,36,4,2025-09-13T14:00:00Z,False,9,90,1,9,0,0,1,0,0,0,0,0,0,0,1,30,45,148348,6698,14319,0.22,0.01,2.08,36.0,1.3,8.0,12,1,3,13,4.0
Luke Shaw,DEF,Man Utd,443,38,4,2025-09-14T15:30:00Z,False,13,90,1,1,0,0,0,3,0,0,0,0,0,0,0,1,45,35497,1623,5466,0.0,0.05,2.52,8.6,3.7,0.0,1,1,5,2,0.8
Aaron Hickey,DEF,Brentford,116,33,4,2025-09-13T19:00:00Z,True,7,7,0,1,0,0,0,1,0,0,0,0,0,0,0,-1,40,46557,1887,4946,0.0,0.0,0.16,0.2,0.3,0.0,0,0,0,0,0.2
Sékou Koné,MID,Man Utd,463,38,4,2025-09-14T15:30:00Z,False,13,0,0,0,0,0,0,0,0,0,0,0,0,0,0,0,45,8473,449,1041,0.0,0.0,0.0,0.0,0.0,0.0,0,0,0,0,-0.5
Jordan Pickford,GK,Everton,287,36,4,2025-09-13T14:00:00Z,True,2,90,1,6,0,0,1,0,0,0,0,0,0,1,0,24,55,1384508,74278,95521,0.0,0.0,0.54,8.6,0.0,0.0,1,0,9,0,7.3
Enzo Barrenechea,MID,Aston Villa,56,36,4,2025-09-13T14:00:00Z,False,9,0,0,0,0,0,0,0,0,0,0,0,0,0,0,0,50,57,0,5,0.0,0.0,0.0,0.0,0.0,0.0,0,0,0,0,0.0
Pau Torres,DEF,Aston Villa,41,36,4,2025-09-13T14:00:00Z,False,9,0,0,0,0,0,0,0,0,0,0,0,0,0,0,0,44,46686,1245,5690,0.0,0.0,0.0,0.0,0.0,0.0,0,0,0,0,1.0
Bart Verbruggen,GK,Brighton,139,32,4,2025-09-13T14:00:00Z,False,4,90,1,2,0,0,0,2,0,0,0,0,0,3,0,15,45,661515,15575,83310,0.0,0.01,1.45,26.2,0.0,0.0,1,0,13,0,1.7
Tariq Lamptey,DEF,Brighton,150,32,4,2025-09-13T14:00:00Z,False,4,0,0,0,0,0,0,0,0,0,0,0,0,0,0,0,44,25650,314,10529,0.0,0.0,0.0,0.0,0.0,0.0,0,0,0,0,0.0
Ashley Barnes,FWD,Burnley,218,34,4,2025-09-14T13:00:00Z,True,12,0,0,0,0,0,0,0,0,0,0,0,0,0,0,0,44,190903,15905,37628,0.0,0.0,0.0,0.0,0.0,0.0,0,0,0,0,-1.5
Travis Patterson,DEF,Aston Villa,710,36,4,2025-09-13T14:00:00Z,False,9,0,0,0,0,0,0,0,0,0,0,0,0,0,0,0,40,10948,5757,938,0.0,0.0,0.0,0.0,0.0,0.0,0,0,0,0,0.0
Sverre Nypan,MID,Man City,428,38,4,2025-09-14T15:30:00Z,True,14,0,0,0,0,0,0,0,0,0,0,0,0,0,0,0,50,1871,0,285,0.0,0.0,0.0,0.0,0.0,0.0,0,0,0,0,0.0
Josh Acheampong,DEF,Chelsea,233,33,4,2025-09-13T19:00:00Z,False,5,0,0,0,0,0,0,0,0,0,0,0,0,0,0,0,40,214611,9241,59652,0.0,0.0,0.0,0.0,0.0,0.0,0,0,0,0,0.5
Igor Jesus Maciel da Cruz,FWD,Nott'm Forest,526,31,4,2025-09-13T11:30:00Z,False,1,0,0,0,0,0,0,0,0,0,0,0,0,0,0,0,59,57237,2355,11601,0.0,0.0,0.0,0.0,0.0,0.0,0,0,0,0,0.2
Illia Zabarnyi,DEF,Bournemouth,71,32,4,2025-09-13T14:00:00Z,True,6,0,0,0,0,0,0,0,0,0,0,0,0,0,0,0,50,4021,0,658,0.0,0.0,0.0,0.0,0.0,0.0,0,0,0,0,0.0
Junior Kroupi,FWD,Bournemouth,100,32,4,2025-09-13T14:00:00Z,True,6,0,0,0,0,0,0,0,0,0,0,0,0,0,0,0,45,148264,38988,30468,0.0,0.0,0.0,0.0,0.0,0.0,0,0,0,0,0.7
Julián Araujo Zúñiga,DEF,Bournemouth,78,32,4,2025-09-13T14:00:00Z,True,6,0,0,0,0,0,0,0,0,0,0,0,0,0,0,0,40,110170,4080,14924,0.0,0.0,0.0,0.0,0.0,0.0,0,0,0,0,0.0
Milos Kerkez,DEF,Liverpool,371,34,4,2025-09-14T13:00:00Z,False,3,37,1,0,0,0,0,0,0,0,0,1,0,0,0,-1,60,708988,99834,61423,0.08,0.02,0.12,0.0,16.9,10.0,0,0,0,0,3.8
Lamare Bogarde,DEF,Aston Villa,44,36,4,2025-09-13T14:00:00Z,False,9,82,1,9,0,0,1,0,0,0,0,0,0,0,3,35,40,40681,4917,3629,0.0,0.02,1.6,13.0,2.0,0.0,4,3,3,7,3.3
Dermot Mee,GK,Man Utd,435,38,4,2025-09-14T15:30:00Z,False,13,0,0,0,0,0,0,0,0,0,0,0,0,0,0,0,40,12610,309,746,0.0,0.0,0.0,0.0,0.0,0.0,0,0,0,0,-0.5
Alisson Becker,GK,Liverpool,366,34,4,2025-09-14T13:00:00Z,False,3,90,1,6,0,0,1,0,0,0,0,0,0,0,0,19,55,1272326,122384,74480,0.0,0.0,0.13,4.0,0.1,0.0,0,0,5,0,6.5
Fabian Schär,DEF,Newcastle,474,39,4,2025-09-13T14:00:00Z,True,20,90,1,8,0,0,1,0,0,0,0,0,0,0,0,28,55,353352,44614,16278,0.0,0.03,0.5,28.6,11.3,2.0,11,0,2,11,5.5
Marc Cucurella Saseta,DEF,Chelsea,224,33,4,2025-09-13T19:00:00Z,False,5,45,0,1,0,0,0,1,0,0,0,0,0,0,0,6,61,3370876,332590,167053,0.06,0.02,0.87,15.4,23.5,19.0,3,2,2,5,4.5
Norberto Murara Neto,GK,Bournemouth,66,32,4,2025-09-13T14:00:00Z,True,6,0,0,0,0,0,0,0,0,0,0,0,0,0,0,0,45,12760,0,1749,0.0,0.0,0.0,0.0,0.0,0.0,0,0,0,0,0.0
Max Weiß,GK,Burnley,183,34,4,2025-09-14T13:00:00Z,True,12,0,0,0,0,0,0,0,0,0,0,0,0,0,0,0,45,16592,409,1866,0.0,0.0,0.0,0.0,0.0,0.0,0,0,0,0,-1.5
Amad Diallo,MID,Man Utd,452,38,4,2025-09-14T15:30:00Z,False,13,90,1,2,0,0,0,3,0,0,0,0,0,0,0,17,64,219661,10651,38652,0.07,0.57,2.52,10.4,27.0,9.0,1,2,3,6,2.2
Jorge Cuenca Barreno,DEF,Fulham,321,37,4,2025-09-13T14:00:00Z,True,11,0,0,0,0,0,0,0,0,0,0,0,0,0,0,0,45,4572,102,433,0.0,0.0,0.0,0.0,0.0,0.0,0,0,0,0,0.5
Oliver Sonne,DEF,Burnley,197,34,4,2025-09-14T13:00:00Z,True,12,0,0,0,0,0,0,0,0,0,0,0,0,0,0,0,40,16955,614,1520,0.0,0.0,0.0,0.0,0.0,0.0,0,0,0,0,-0.8
Edson Álvarez Velázquez,MID,West Ham,616,40,4,2025-09-13T16:30:00Z,True,18,0,0,0,0,0,0,0,0,0,0,0,0,0,0,0,49,9517,0,3385,0.0,0.0,0.0,0.0,0.0,0.0,0,0,0,0,0.0
Yankuba Minteh,MID,Brighton,160,32,4,2025-09-13T14:00:00Z,False,4,90,1,6,0,1,0,2,0,0,0,0,0,0,1,28,59,93692,17188,17882,0.14,0.15,1.45,29.0,16.9,37.0,0,2,4,6,4.0
Eberechi Eze,MID,Arsenal,266,31,4,2025-09-13T11:30:00Z,True,16,78,1,6,0,1,1,0,0,0,0,0,0,0,0,19,75,1389714,288422,159784,0.06,0.44,0.1,20.4,16.3,11.0,0,0,2,2,2.8
Lewis Orford,MID,West Ham,622,40,4,2025-09-13T16:30:00Z,True,18,0,0,0,0,0,0,0,0,0,0,0,0,0,0,0,44,12082,198,2424,0.0,0.0,0.0,0.0,0.0,0.0,0,0,0,0,0.0
Simon Adingra,MID,Sunderland,543,35,4,2025-09-13T14:00:00Z,False,8,68,1,3,0,0,1,0,0,0,0,0,0,0,0,11,55,139286,4017,44804,0.0,0.09,0.84,8.2,15.2,0.0,1,1,2,4,1.2
Alexander Isak,FWD,Liverpool,499,34,4,2025-09-14T13:00:00Z,False,3,0,0,0,0,0,0,0,0,0,0,0,0,0,0,0,104,1010624,723601,176888,0.0,0.0,0.0,0.0,0.0,0.0,0,0,0,0,1.5
Dominic Solanke-Mitchell,FWD,Spurs,596,40,4,2025-09-13T16:30:00Z,False,19,0,0,0,0,0,0,0,0,0,0,0,0,0,0,0,72,209558,6991,82349,0.0,0.0,0.0,0.0,0.0,0.0,0,0,0,0,0.0
Rodrigo Bentancur,MID,Spurs,585,40,4,2025-09-13T16:30:00Z,False,19,0,0,0,0,0,0,0,0,0,0,0,0,0,0,0,54,18277,1651,2320,0.0,0.0,0.0,0.0,0.0,0.0,0,0,0,0,1.7
Patrick Dorgu,DEF,Man Utd,441,38,4,2025-09-14T15:30:00Z,False,13,90,1,1,0,0,0,3,0,0,0,0,0,0,0,7,45,699635,10000,235239,0.2,0.1,2.52,20.4,48.9,28.0,2,4,3,6,0.5
Ayden Heaven,DEF,Man Utd,447,38,4,2025-09-14T15:30:00Z,False,13,0,0,0,0,0,0,0,0,0,0,0,0,0,0,0,40,133707,2997,17399,0.0,0.0,0.0,0.0,0.0,0.0,0,0,0,0,-0.2
James Tarkowski,DEF,Everton,291,36,4,2025-09-13T14:00:00Z,True,2,90,1,8,0,0,1,0,0,0,0,0,0,0,0,27,55,811513,49515,88302,0.0,0.04,0.54,29.2,10.8,6.0,7,4,3,11,6.3
Facundo Buonanotte,MID,Chelsea,168,33,4,2025-09-13T19:00:00Z,False,5,45,1,1,0,0,0,1,0,0,0,0,0,0,0,4,49,14047,750,3282,0.0,0.09,0.55,5.6,25.1,8.0,0,1,2,3,0.8
Jack Moorhouse,MID,Man Utd,464,38,4,2025-09-14T15:30:00Z,False,13,0,0,0,0,0,0,0,0,0,0,0,0,0,0,0,45,3236,125,340,0.0,0.0,0.0,0.0,0.0,0.0,0,0,0,0,-0.5
Carlos Henrique Casimiro,MID,Man Utd,457,38,4,2025-09-14T15:30:00Z,False,13,10,0,1,0,0,0,0,0,0,0,0,0,0,0,-1,55,27442,2794,2868,0.49,0.02,0.18,0.2,1.4,9.0,0,0,2,2,1.5
José Malheiro de Sá,GK,Wolves,628,39,4,2025-09-13T14:00:00Z,False,15,0,0,0,0,0,0,0,0,0,0,0,0,0,0,0,45,197790,4810,17781,0.0,0.0,0.0,0.0,0.0,0.0,0,0,0,0,0.8
Callan McKenna,GK,Bournemouth,69,32,4,2025-09-13T14:00:00Z,True,6,0,0,0,0,0,0,0,0,0,0,0,0,0,0,0,40,25784,1213,1264,0.0,0.0,0.0,0.0,0.0,0.0,0,0,0,0,0.0
Fábio Freitas Gouveia Carvalho,MID,Brentford,123,33,4,2025-09-13T19:00:00Z,True,7,1,0,7,1,0,0,0,0,0,0,0,0,0,1,23,49,23605,1345,6005,0.67,0.0,0.09,33.2,0.1,33.0,0,0,0,0,2.2
Sean Neave,FWD,Newcastle,501,39,4,2025-09-13T14:00:00Z,True,20,0,0,0,0,0,0,0,0,0,0,0,0,0,0,0,44,26003,1877,3308,0.0,0.0,0.0,0.0,0.0,0.0,0,0,0,0,0.5
Luis Díaz Marulanda,MID,Liverpool,383,34,4,2025-09-14T13:00:00Z,False,3,0,0,0,0,0,0,0,0,0,0,0,0,0,0,0,80,6407,0,565,0.0,0.0,0.0,0.0,0.0,0.0,0,0,0,0,0.0
Joe Hodge,MID,Wolves,653,39,4,2025-09-13T14:00:00Z,False,15,0,0,0,0,0,0,0,0,0,0,0,0,0,0,0,45,5506,0,671,0.0,0.0,0.0,0.0,0.0,0.0,0,0,0,0,0.0
Sander Berge,MID,Fulham,330,37,4,2025-09-13T14:00:00Z,True,11,83,1,4,0,0,1,0,0,0,0,1,0,0,0,18,50,7852,663,709,0.0,0.15,0.79,19.4,18.6,0.0,5,3,6,14,3.2
Tanaka Ao,MID,Leeds,358,37,4,2025-09-13T14:00:00Z,False,10,0,0,0,0,0,0,0,0,0,0,0,0,0,0,0,49,16920,194,4794,0.0,0.0,0.0,0.0,0.0,0.0,0,0,0,0,-0.2
Carlos Miguel dos Santos Pereira,GK,Nott'm Forest,503,31,4,2025-09-13T11:30:00Z,False,1,0,0,0,0,0,0,0,0,0,0,0,0,0,0,0,40,14963,0,2280,0.0,0.0,0.0,0.0,0.0,0.0,0,0,0,0,0.0
Matty Cash,DEF,Aston Villa,36,36,4,2025-09-13T14:00:00Z,False,9,90,1,5,0,0,1,0,0,0,0,1,0,0,0,13,45,563357,44341,81725,0.0,0.14,2.08,13.2,16.6,2.0,1,3,0,4,2.3
Bruno Borges Fernandes,MID,Man Utd,449,38,4,2025-09-14T15:30:00Z,False,13,90,1,2,0,0,0,3,0,0,0,0,0,0,0,21,90,2382979,202660,308861,0.02,0.32,2.52,16.0,35.7,1.0,0,2,3,5,4.2
Stefanos Tzimas,FWD,Brighton,180,32,4,2025-09-13T14:00:00Z,False,4,23,0,1,0,0,0,0,0,0,0,0,0,0,0,0,54,12859,1167,2086,0.0,0.0,0.25,0.0,0.1,0.0,0,0,2,2,0.3
Daniel Bentley,GK,Wolves,629,39,4,2025-09-13T14:00:00Z,False,15,0,0,0,0,0,0,0,0,0,0,0,0,0,0,0,40,82460,1696,4123,0.0,0.0,0.0,0.0,0.0,0.0,0,0,0,0,-0.5
Marcus Rashford,MID,Man Utd,451,38,4,2025-09-14T15:30:00Z,False,13,0,0,0,0,0,0,0,0,0,0,0,0,0,0,0,70,2422,0,208,0.0,0.0,0.0,0.0,0.0,0.0,0,0,0,0,0.0
Rico Henry,DEF,Brentford,109,33,4,2025-09-13T19:00:00Z,True,7,18,0,1,0,0,0,1,0,0,0,0,0,0,0,2,45,15660,284,2415,0.1,0.0,0.49,0.0,0.1,4.0,0,1,1,1,-0.2
Samuel Iling-Junior,MID,Aston Villa,51,36,4,2025-09-13T14:00:00Z,False,9,0,0,0,0,0,0,0,0,0,0,0,0,0,0,0,55,3720,444,553,0.0,0.0,0.0,0.0,0.0,0.0,0,0,0,0,0.0
Abdallah Sima,MID,Brighton,165,32,4,2025-09-13T14:00:00Z,False,4,0,0,0,0,0,0,0,0,0,0,0,0,0,0,0,54,2189,41,530,0.0,0.0,0.0,0.0,0.0,0.0,0,0,0,0,0.0
Tosin Adarabioyo,DEF,Chelsea,232,33,4,2025-09-13T19:00:00Z,False,5,90,1,1,0,0,0,2,0,0,0,0,0,0,0,7,45,140728,44901,28781,0.0,0.02,1.43,27.0,1.7,0.0,9,0,1,9,4.2
Sam Greenwood,MID,Leeds,355,37,4,2025-09-13T14:00:00Z,False,10,0,0,0,0,0,0,0,0,0,0,0,0,0,0,0,49,7415,135,2443,0.0,0.0,0.0,0.0,0.0,0.0,0,0,0,0,0.0
Jarrad Branthwaite,DEF,Everton,290,36,4,2025-09-13T14:00:00Z,True,2,0,0,0,0,0,0,0,0,0,0,0,0,0,0,0,53,29980,209,7622,0.0,0.0,0.0,0.0,0.0,0.0,0,0,0,0,0.0
Ethan Pinnock,DEF,Brentford,111,33,4,2025-09-13T19:00:00Z,True,7,82,1,1,0,0,0,1,0,0,0,1,0,0,0,5,44,16621,682,2161,0.0,0.04,1.1,18.0,0.7,8.0,7,1,1,8,-0.2
Alex Cairns,GK,Leeds,340,37,4,2025-09-13T14:00:00Z,False,10,0,0,0,0,0,0,0,0,0,0,0,0,0,0,0,40,21795,596,1342,0.0,0.0,0.0,0.0,0.0,0.0,0,0,0,0,-0.5
Mateo Joseph Fernández-Regatillo,FWD,Leeds,364,37,4,2025-09-13T14:00:00Z,False,10,0,0,0,0,0,0,0,0,0,0,0,0,0,0,0,50,1657,0,289,0.0,0.0,0.0,0.0,0.0,0.0,0,0,0,0,0.0
Kai Havertz,FWD,Arsenal,30,31,4,2025-09-13T11:30:00Z,True,16,0,0,0,0,0,0,0,0,0,0,0,0,0,0,0,74,51020,138,12460,0.0,0.0,0.0,0.0,0.0,0.0,0,0,0,0,0.0
Raúl Jiménez Rodríguez,FWD,Fulham,337,37,4,2025-09-13T14:00:00Z,True,11,6,0,1,0,0,0,0,0,0,0,0,0,0,0,4,64,150952,10746,32882,0.0,0.0,0.0,3.0,0.0,0.0,0,2,0,2,1.5
Brian Brobbey,FWD,Sunderland,730,35,4,2025-09-13T14:00:00Z,False,8,21,0,1,0,0,0,0,0,0,0,0,0,0,0,4,55,5031,4882,939,0.0,0.0,0.93,1.0,0.1,0.0,1,0,1,2,1.3
Evann Guessand,MID,Aston Villa,677,36,4,2025-09-13T14:00:00Z,False,9,45,0,1,0,0,0,0,0,0,0,0,0,0,0,2,64,5189,519,1217,0.0,0.0,0.91,6.2,0.8,0.0,0,4,1,5,1.0
Antony dos Santos,MID,Man Utd,454,38,4,2025-09-14T15:30:00Z,False,13,0,0,0,0,0,0,0,0,0,0,0,0,0,0,0,59,10144,223,2731,0.0,0.0,0.0,0.0,0.0,0.0,0,0,0,0,0.0
Tyler Onyango,MID,Everton,704,36,4,2025-09-13T14:00:00Z,True,2,0,0,0,0,0,0,0,0,0,0,0,0,0,0,0,45,11904,2293,3328,0.0,0.0,0.0,0.0,0.0,0.0,0,0,0,0,0.0
Reinildo Mandava,DEF,Sunderland,541,48,5,2025-09-21T13:00:00Z,True,2,32,1,-2,0,0,0,1,0,0,0,0,1,0,0,-12,40,963833,37392,30730,0.0,0.0,0.25,0.0,0.4,0.0,1,0,0,1,1.2
Lewis Dobbin,MID,Aston Villa,57,48,5,2025-09-21T13:00:00Z,False,17,0,0,0,0,0,0,0,0,0,0,0,0,0,0,0,50,4125,0,447,0.0,0.0,0.0,0.0,0.0,0.0,0,0,0,0,0.0
Ryan Christie,MID,Bournemouth,87,42,5,2025-09-21T13:00:00Z,True,15,27,0,1,0,0,0,0,0,0,0,0,0,0,0,4,50,7857,251,1260,0.01,0.02,0.0,3.2,5.5,4.0,2,0,3,5,0.2
Zeki Amdouni,FWD,Burnley,216,44,5,2025-09-20T14:00:00Z,True,16,0,0,0,0,0,0,0,0,0,0,0,0,0,0,0,49,3198,70,307,0.0,0.0,0.0,0.0,0.0,0.0,0,0,0,0,0.0
Lucas Tolentino Coelho de Lima,MID,West Ham,612,49,5,2025-09-20T14:00:00Z,True,8,90,1,1,0,0,0,2,0,0,0,1,0,0,0,6,59,475138,118911,48494,0.03,0.08,2.31,11.2,34.4,13.0,0,2,5,7,4.3
Jorrel Hato,DEF,Chelsea,672,47,5,2025-09-20T16:30:00Z,False,14,0,0,0,0,0,0,0,0,0,0,0,0,0,0,0,48,24260,831,2971,0.0,0.0,0.0,0.0,0.0,0.0,0,0,0,0,0.5
Myles Peart-Harris,MID,Brentford,133,45,5,2025-09-20T19:00:00Z,False,10,0,0,0,0,0,0,0,0,0,0,0,0,0,0,0,45,4485,265,358,0.0,0.0,0.0,0.0,0.0,0.0,0,0,0,0,0.0
Bashir Humphreys,DEF,Burnley,193,44,5,2025-09-20T14:00:00Z,True,16,0,0,0,0,0,0,0,0,0,0,0,0,0,0,0,40,6527,317,363,0.0,0.0,0.0,0.0,0.0,0.0,0,0,0,0,-0.5
Romain Faivre,MID,Bournemouth,92,42,5,2025-09-21T13:00:00Z,True,15,0,0,0,0,0,0,0,0,0,0,0,0,0,0,0,45,14166,0,2791,0.0,0.0,0.0,0.0,0.0,0.0,0,0,0,0,0.0
Enock Agyei,MID,Burnley,203,44,5,2025-09-20T14:00:00Z,True,16,0,0,0,0,0,0,0,0,0,0,0,0,0,0,0,49,5452,150,402,0.0,0.0,0.0,0.0,0.0,0.0,0,0,0,0,-0.5
Callum Bates,MID,Everton,306,46,5,2025-09-20T11:30:00Z,False,12,0,0,0,0,0,0,0,0,0,0,0,0,0,0,0,45,8684,744,839,0.0,0.0,0.0,0.0,0.0,0.0,0,0,0,0,-1.0
Harry Tyrer,GK,Everton,289,46,5,2025-09-20T11:30:00Z,False,12,0,0,0,0,0,0,0,0,0,0,0,0,0,0,0,40,14366,289,550,0.0,0.0,0.0,0.0,0.0,0.0,0,0,0,0,-1.0
Etienne Green,GK,Burnley,184,44,5,2025-09-20T14:00:00Z,True,16,0,0,0,0,0,0,0,0,0,0,0,0,0,0,0,40,38335,0,3754,0.0,0.0,0.0,0.0,0.0,0.0,0,0,0,0,0.0
Destiny Udogie,DEF,Spurs,574,43,5,2025-09-20T14:00:00Z,False,6,90,1,1,0,0,0,2,0,0,0,0,0,0,0,5,44,56357,3703,4758,0.0,0.08,1.32,14.0,15.7,16.0,2,1,10,3,1.0
Simon Moore,GK,Sunderland,529,48,5,2025-09-21T13:00:00Z,True,2,0,0,0,0,0,0,0,0,0,0,0,0,0,0,0,40,52031,928,2191,0.0,0.0,0.0,0.0,0.0,0.0,0,0,0,0,-0.5
Ben Winterburn,MID,Bournemouth,96,42,5,2025-09-21T13:00:00Z,True,15,0,0,0,0,0,0,0,0,0,0,0,0,0,0,0,45,7130,0,1316,0.0,0.0,0.0,0.0,0.0,0.0,0,0,0,0,0.0
Mikey Moore,MID,Spurs,592,43,5,2025-09-20T14:00:00Z,False,6,0,0,0,0,0,0,0,0,0,0,0,0,0,0,0,50,524,0,28,0.0,0.0,0.0,0.0,0.0,0.0,0,0,0,0,0.0
Pape Matar Sarr,MID,Spurs,593,43,5,2025-09-20T14:00:00Z,False,6,0,0,0,0,0,0,0,0,0,0,0,0,0,0,0,50,388099,110975,26223,0.0,0.0,0.0,0.0,0.0,0.0,0,0,0,0,3.3
Hákon Rafn Valdimarsson,GK,Brentford,105,45,5,2025-09-20T19:00:00Z,False,10,0,0,0,0,0,0,0,0,0,0,0,0,0,0,0,40,88150,642,4186,0.0,0.0,0.0,0.0,0.0,0.0,0,0,0,0,0.0
Toby Collyer,MID,Man Utd,460,47,5,2025-09-20T16:30:00Z,True,7,0,0,0,0,0,0,0,0,0,0,0,0,0,0,0,45,5455,0,647,0.0,0.0,0.0,0.0,0.0,0.0,0,0,0,0,0.0
Marcos Senesi Barón,DEF,Bournemouth,72,42,5,2025-09-21T13:00:00Z,True,15,90,1,9,0,0,1,0,0,0,0,0,0,0,1,27,47,1263145,346861,50117,0.0,0.03,0.14,25.8,11.9,2.0,11,0,3,11,8.2
Tyler Morton,MID,Liverpool,395,46,5,2025-09-20T11:30:00Z,True,9,0,0,0,0,0,0,0,0,0,0,0,0,0,0,0,45,343,0,15,0.0,0.0,0.0,0.0,0.0,0.0,0,0,0,0,0.0
Alexis Mac Allister,MID,Liverpool,386,46,5,2025-09-20T11:30:00Z,True,9,60,1,2,0,0,0,1,0,0,0,0,0,0,0,13,64,173297,7151,17010,0.1,0.05,0.66,4.6,3.8,5.0,1,1,5,7,3.0
André Trindade da Costa Neto,MID,Wolves,643,50,5,2025-09-20T14:00:00Z,True,11,18,0,1,0,0,0,0,0,0,0,0,0,0,0,9,54,9165,430,843,0.02,0.02,0.0,4.6,4.9,2.0,1,0,2,3,1.8
Harrison Ashby,DEF,Newcastle,482,42,5,2025-09-21T13:00:00Z,False,4,0,0,0,0,0,0,0,0,0,0,0,0,0,0,0,39,21751,4883,1308,0.0,0.0,0.0,0.0,0.0,0.0,0,0,0,0,0.5
Samuel Amissah,DEF,Fulham,323,45,5,2025-09-20T19:00:00Z,True,5,0,0,0,0,0,0,0,0,0,0,0,0,0,0,0,40,17059,280,1029,0.0,0.0,0.0,0.0,0.0,0.0,0,0,0,0,0.0
Luís Hemir Silva Semedo,FWD,Sunderland,563,48,5,2025-09-21T13:00:00Z,True,2,0,0,0,0,0,0,0,0,0,0,0,0,0,0,0,44,19873,1791,1474,0.0,0.0,0.0,0.0,0.0,0.0,0,0,0,0,-0.5
Adama Traoré Diarra,MID,Fulham,326,45,5,2025-09-20T19:00:00Z,True,5,0,0,0,0,0,0,0,0,0,0,0,0,0,0,0,53,22573,662,2645,0.0,0.0,0.0,0.0,0.0,0.0,0,0,0,0,0.7
Yasin Ayari,MID,Brighton,166,43,5,2025-09-20T14:00:00Z,True,18,90,1,8,1,0,0,2,0,0,0,0,0,0,1,28,49,18913,1648,2195,0.24,0.02,1.22,34.8,11.8,22.0,2,1,7,10,3.7
Mateo Kovačić,MID,Man City,422,41,5,2025-09-21T15:30:00Z,False,1,0,0,0,0,0,0,0,0,0,0,0,0,0,0,0,59,1055,43,104,0.0,0.0,0.0,0.0,0.0,0.0,0,0,0,0,0.0
Thierno Barry,FWD,Everton,310,46,5,2025-09-20T11:30:00Z,False,12,45,0,1,0,0,0,0,0,0,0,0,0,0,0,1,58,49234,2326,7702,0.0,0.0,0.21,0.4,1.0,0.0,0,0,1,1,0.0
Ollie Scarles,DEF,West Ham,608,49,5,2025-09-20T14:00:00Z,True,8,0,0,0,0,0,0,0,0,0,0,0,0,0,0,0,44,3927,121,236,0.0,0.0,0.0,0.0,0.0,0.0,0,0,0,0,0.0
Rico Lewis,DEF,Man City,410,41,5,2025-09-21T15:30:00Z,False,1,0,0,0,0,0,0,0,0,0,0,0,0,0,0,0,50,329523,3892,57567,0.0,0.0,0.0,0.0,0.0,0.0,0,0,0,0,0.3
Brenden Aaronson,MID,Leeds,350,50,5,2025-09-20T14:00:00Z,False,20,90,1,2,0,0,0,1,0,0,0,0,0,0,0,9,54,6338,798,526,0.05,0.19,1.77,3.4,5.7,1.0,2,1,7,10,2.2
Eliezer Mayenda Dossou,FWD,Sunderland,561,48,5,2025-09-21T13:00:00Z,True,2,10,0,1,0,0,0,0,0,0,0,0,0,0,0,3,55,160146,4596,34248,0.0,0.0,0.25,1.2,0.0,0.0,0,0,1,1,0.5
Steven Benda,GK,Fulham,315,45,5,2025-09-20T19:00:00Z,True,5,0,0,0,0,0,0,0,0,0,0,0,0,0,0,0,40,687,0,38,0.0,0.0,0.0,0.0,0.0,0.0,0,0,0,0,0.0
Myles Lewis-Skelly,DEF,Arsenal,10,41,5,2025-09-21T15:30:00Z,True,13,0,0,0,0,0,0,0,0,0,0,0,0,0,0,0,53,263244,3125,35634,0.0,0.0,0.0,0.0,0.0,0.0,0,0,0,0,0.3
Hugo Bueno López,DEF,Wolves,633,50,5,2025-09-20T14:00:00Z,True,11,45,0,1,0,0,0,0,0,0,0,0,0,0,0,12,44,8661,1332,402,0.0,0.27,0.07,20.0,52.5,0.0,0,1,3,1,2.5
Milan Aleksić,MID,Sunderland,546,48,5,2025-09-21T13:00:00Z,True,2,0,0,0,0,0,0,0,0,0,0,0,0,0,0,0,49,2822,0,458,0.0,0.0,0.0,0.0,0.0,0.0,0,0,0,0,0.0
Toti Gomes,DEF,Wolves,637,50,5,2025-09-20T14:00:00Z,True,11,71,1,1,0,0,0,3,0,0,0,0,0,0,0,5,44,16188,930,965,0.0,0.01,0.48,9.2,1.3,0.0,2,0,2,2,2.5
Ismaïla Sarr,MID,Crystal Palace,267,49,5,2025-09-20T14:00:00Z,False,19,0,0,0,0,0,0,0,0,0,0,0,0,0,0,0,65,341444,1388,185461,0.0,0.0,0.0,0.0,0.0,0.0,0,0,0,0,0.0
Abdukodir Khusanov,DEF,Man City,406,41,5,2025-09-21T15:30:00Z,False,1,45,1,1,0,0,0,0,0,0,0,0,0,0,0,4,54,51939,11774,2644,0.0,0.0,0.35,4.8,0.8,0.0,3,0,3,3,3.3
André Onana,GK,Man Utd,432,47,5,2025-09-20T16:30:00Z,True,7,0,0,0,0,0,0,0,0,0,0,0,0,0,0,0,49,25196,0,4630,0.0,0.0,0.0,0.0,0.0,0.0,0,0,0,0,0.0
Rio Cardines,MID,Crystal Palace,690,49,5,2025-09-20T14:00:00Z,False,19,0,0,0,0,0,0,0,0,0,0,0,0,0,0,0,45,22503,267,1481,0.0,0.0,0.0,0.0,0.0,0.0,0,0,0,0,0.0
Alejandro Garnacho Ferreyra,MID,Chelsea,453,47,5,2025-09-20T16:30:00Z,False,14,0,0,0,0,0,0,0,0,0,0,0,0,0,0,0,64,39791,9102,4829,0.0,0.0,0.0,0.0,0.0,0.0,0,0,0,0,0.8
Dan Neil,MID,Sunderland,549,48,5,2025-09-21T13:00:00Z,True,2,1,0,1,0,0,0,0,0,0,0,0,0,0,0,4,49,3675,110,259,0.0,0.0,0.1,1.0,0.0,0.0,1,0,0,1,-0.2
Kiernan Dewsbury-Hall,MID,Everton,242,46,5,2025-09-20T11:30:00Z,False,12,90,1,1,0,0,0,2,0,0,0,1,0,0,0,5,50,576186,56590,57781,0.19,0.07,0.9,8.4,29.5,13.0,1,2,2,5,4.0
Kieran Trippier,DEF,Newcastle,478,42,5,2025-09-21T13:00:00Z,False,4,0,0,0,0,0,0,0,0,0,0,0,0,0,0,0,50,321059,20007,29509,0.0,0.0,0.0,0.0,0.0,0.0,0,0,0,0,3.9
João Maria Lobo Alves Palhares Costa Palhinha Gonçalves,MID,Spurs,673,43,5,2025-09-20T14:00:00Z,False,6,90,1,4,0,0,0,2,0,0,0,0,0,0,0,19,55,99343,13302,12356,0.0,0.02,1.32,21.8,5.1,0.0,3,7,4,14,2.7
Tino Livramento,DEF,Newcastle,477,42,5,2025-09-21T13:00:00Z,False,4,90,1,6,0,0,1,0,0,0,0,0,0,0,0,26,51,1146547,99678,47730,0.0,0.02,0.56,12.6,4.8,2.0,3,2,3,5,6.5
Issa Diop,DEF,Fulham,320,45,5,2025-09-20T19:00:00Z,True,5,0,0,0,0,0,0,0,0,0,0,0,0,0,0,0,44,8435,266,643,0.0,0.0,0.0,0.0,0.0,0.0,0,0,0,0,0.0
Rasmus Højlund,FWD,Man Utd,465,47,5,2025-09-20T16:30:00Z,True,7,0,0,0,0,0,0,0,0,0,0,0,0,0,0,0,63,41165,0,5649,0.0,0.0,0.0,0.0,0.0,0.0,0,0,0,0,0.0
Dane Scarlett,FWD,Spurs,599,43,5,2025-09-20T14:00:00Z,False,6,0,0,0,0,0,0,0,0,0,0,0,0,0,0,0,44,82592,5555,6785,0.0,0.0,0.0,0.0,0.0,0.0,0,0,0,0,0.0
Ezri Konsa Ngoyo,DEF,Aston Villa,38,48,5,2025-09-21T13:00:00Z,False,17,90,1,2,0,0,0,1,0,0,0,0,0,0,0,10,45,1507276,46561,55919,0.0,0.02,1.05,26.2,3.0,0.0,5,1,4,6,3.5
Caleb Kporha,DEF,Crystal Palace,265,49,5,2025-09-20T14:00:00Z,False,19,0,0,0,0,0,0,0,0,0,0,0,0,0,0,0,40,1822,17,113,0.0,0.0,0.0,0.0,0.0,0.0,0,0,0,0,0.0
Archie Gray,MID,Spurs,591,43,5,2025-09-20T14:00:00Z,False,6,1,0,1,0,0,0,0,0,0,0,0,0,0,0,4,49,14197,569,1477,0.0,0.0,0.0,2.4,10.2,0.0,0,0,0,0,0.3
Noah Sadiki,MID,Sunderland,552,48,5,2025-09-21T13:00:00Z,True,2,90,1,1,0,0,0,1,0,0,0,1,0,0,0,7,50,5867,363,450,0.0,0.0,0.61,9.2,12.3,2.0,2,1,2,5,1.5
Sávio Moreira de Oliveira,MID,Man City,415,41,5,2025-09-21T15:30:00Z,False,1,3,0,1,0,0,0,1,0,0,0,0,0,0,0,1,69,48770,1949,2332,0.0,0.0,0.16,0.0,0.8,0.0,0,0,1,1,0.7
Nathan Collins,DEF,Brentford,106,45,5,2025-09-20T19:00:00Z,False,10,90,1,0,0,0,0,3,0,0,0,1,0,0,0,1,50,174817,5000,10872,0.09,0.01,1.01,22.2,0.3,33.0,7,1,1,8,2.0
Manuel Ugarte Ribeiro,MID,Man Utd,459,47,5,2025-09-20T16:30:00Z,True,7,45,0,1,0,0,0,1,0,0,0,0,0,0,0,8,49,16768,1591,1668,0.0,0.0,0.34,12.0,0.5,0.0,3,3,1,7,1.2
Lewis Hall,DEF,Newcastle,473,42,5,2025-09-21T13:00:00Z,False,4,90,1,7,0,0,1,0,0,0,0,0,0,0,1,27,54,156035,4396,25107,0.0,0.05,0.56,18.4,2.6,4.0,1,4,7,5,3.2
Wesley Fofana,DEF,Chelsea,230,47,5,2025-09-20T16:30:00Z,False,14,63,1,1,0,0,0,2,0,0,0,0,0,0,0,6,44,21990,1216,1832,0.0,0.0,1.45,17.6,1.1,0.0,7,2,1,9,1.2
Martial Godo,MID,Fulham,333,45,5,2025-09-20T19:00:00Z,True,5,0,0,0,0,0,0,0,0,0,0,0,0,0,0,0,45,5111,0,810,0.0,0.0,0.0,0.0,0.0,0.0,0,0,0,0,0.0
Leo Fuhr Hjelde,DEF,Sunderland,536,48,5,2025-09-21T13:00:00Z,True,2,0,0,0,0,0,0,0,0,0,0,0,0,0,0,0,40,562,33,39,0.0,0.0,0.0,0.0,0.0,0.0,0,0,0,0,0.0
Krisztián Hegyi,GK,West Ham,602,49,5,2025-09-20T14:00:00Z,True,8,0,0,0,0,0,0,0,0,0,0,0,0,0,0,0,40,29082,487,911,0.0,0.0,0.0,0.0,0.0,0.0,0,0,0,0,0.0
Will Hughes,MID,Crystal Palace,270,49,5,2025-09-20T14:00:00Z,False,19,64,1,2,0,0,0,1,0,0,0,0,0,0,0,8,49,14639,2702,1737,0.0,0.01,0.45,10.0,2.8,2.0,4,0,2,6,2.3
Jadon Sancho,MID,Aston Villa,456,48,5,2025-09-21T13:00:00Z,False,17,8,0,1,0,0,0,0,0,0,0,0,0,0,0,2,59,28000,6041,4185,0.02,0.04,0.0,0.8,2.8,7.0,0,0,0,0,0.8
Amine Adli,MID,Bournemouth,697,42,5,2025-09-21T13:00:00Z,True,15,15,0,1,0,0,0,0,0,0,0,0,0,0,0,4,55,3592,413,599,0.0,0.0,0.0,2.2,0.3,0.0,0,1,3,4,0.5
Micky van de Ven,DEF,Spurs,575,43,5,2025-09-20T14:00:00Z,False,6,90,1,1,0,0,0,2,0,0,0,0,0,0,0,4,47,3890468,510139,27261,0.0,0.01,1.32,12.6,2.3,2.0,1,2,3,3,5.3
Konstantinos Mavropanos,DEF,West Ham,606,49,5,2025-09-20T14:00:00Z,True,8,90,1,3,0,0,0,2,0,0,0,0,0,0,0,11,44,7699,1561,415,0.22,0.01,2.31,31.6,0.6,35.0,10,1,5,11,4.0
Emmanuel Agbadou,DEF,Wolves,631,50,5,2025-09-20T14:00:00Z,True,11,90,1,3,0,0,0,3,0,0,0,0,0,0,0,16,45,53252,6141,3080,0.13,0.11,0.48,35.0,21.9,30.0,4,7,9,11,3.2
Oscar Bobb,MID,Man City,424,41,5,2025-09-21T15:30:00Z,False,1,0,0,0,0,0,0,0,0,0,0,0,0,0,0,0,55,56380,2574,14651,0.0,0.0,0.0,0.0,0.0,0.0,0,0,0,0,1.0
Oluwaseun Adewumi,MID,Burnley,212,44,5,2025-09-20T14:00:00Z,True,16,0,0,0,0,0,0,0,0,0,0,0,0,0,0,0,45,1394,0,158,0.0,0.0,0.0,0.0,0.0,0.0,0,0,0,0,0.0
Jordan Henderson,MID,Brentford,124,45,5,2025-09-20T19:00:00Z,False,10,73,1,2,0,0,0,3,0,0,0,0,0,0,0,8,50,39563,10517,2983,0.0,0.01,1.01,2.8,2.1,0.0,1,0,2,3,3.7
Harry Wilson,MID,Fulham,329,45,5,2025-09-20T19:00:00Z,True,5,85,1,9,1,0,0,1,0,0,0,0,0,0,2,35,54,52477,1384,11031,0.26,0.09,0.55,47.6,40.5,28.0,1,3,3,7,3.7
Malick Thiaw,DEF,Newcastle,684,42,5,2025-09-21T13:00:00Z,False,4,83,1,7,0,0,1,0,0,0,0,1,0,0,0,22,49,16851,710,2132,0.0,0.02,0.43,24.4,1.3,0.0,12,2,2,14,2.8
Emerson Palmieri dos Santos,DEF,West Ham,604,49,5,2025-09-20T14:00:00Z,True,8,0,0,0,0,0,0,0,0,0,0,0,0,0,0,0,44,11576,0,2676,0.0,0.0,0.0,0.0,0.0,0.0,0,0,0,0,0.0
Trey Nyoni,MID,Liverpool,396,46,5,2025-09-20T11:30:00Z,True,9,0,0,0,0,0,0,0,0,0,0,0,0,0,0,0,44,25977,1374,2857,0.0,0.0,0.0,0.0,0.0,0.0,0,0,0,0,1.0
Ladislav Krejcí,DEF,Wolves,709,50,5,2025-09-20T14:00:00Z,True,11,90,1,7,1,0,0,3,0,0,0,0,0,0,0,8,45,1884,601,88,0.68,0.04,0.48,49.4,13.6,17.0,3,5,4,8,3.2
Malo Gusto,DEF,Chelsea,228,47,5,2025-09-20T16:30:00Z,False,14,26,0,1,0,0,0,0,0,0,0,0,0,0,0,4,49,165388,5084,21324,0.0,0.01,0.39,0.6,1.8,4.0,0,0,4,0,2.8
Jérémy Doku,MID,Man City,418,41,5,2025-09-21T15:30:00Z,False,1,86,1,3,0,0,1,0,0,0,0,0,0,0,0,12,64,228046,121641,15853,0.25,0.02,0.8,14.6,21.9,11.0,0,4,5,9,4.7
Triston Rowe,DEF,Aston Villa,701,48,5,2025-09-21T13:00:00Z,False,17,0,0,0,0,0,0,0,0,0,0,0,0,0,0,0,40,15534,652,1163,0.0,0.0,0.0,0.0,0.0,0.0,0,0,0,0,0.5
Luis Guilherme Lira dos Santos,MID,West Ham,619,49,5,2025-09-20T14:00:00Z,True,8,12,0,1,0,0,0,0,0,0,0,0,0,0,0,1,49,2219,87,139,0.07,0.0,0.14,0.0,0.0,4.0,0,0,0,0,0.7
Sebastiaan Bornauw,DEF,Leeds,345,50,5,2025-09-20T14:00:00Z,False,20,0,0,0,0,0,0,0,0,0,0,0,0,0,0,0,39,8582,1267,569,0.0,0.0,0.0,0.0,0.0,0.0,0,0,0,0,-0.5
Kendry Páez Andrade,MID,Chelsea,248,47,5,2025-09-20T16:30:00Z,False,14,0,0,0,0,0,0,0,0,0,0,0,0,0,0,0,45,720,0,53,0.0,0.0,0.0,0.0,0.0,0.0,0,0,0,0,0.0
Asher Agbinone,MID,Crystal Palace,274,49,5,2025-09-20T14:00:00Z,False,19,0,0,0,0,0,0,0,0,0,0,0,0,0,0,0,45,6125,356,549,0.0,0.0,0.0,0.0,0.0,0.0,0,0,0,0,0.0
Matz Sels,GK,Nott'm Forest,502,44,5,2025-09-20T14:00:00Z,False,3,90,1,3,0,0,0,1,0,0,0,0,0,4,0,14,50,1691992,37373,144090,0.0,0.0,0.85,29.4,0.0,0.0,2,0,3,0,2.5
Álex Jiménez Sánchez,DEF,Bournemouth,713,42,5,2025-09-21T13:00:00Z,True,15,45,1,0,0,0,0,0,0,0,0,1,0,0,0,2,45,1108,231,136,0.05,0.01,0.14,2.2,1.8,9.0,1,2,2,3,-0.5
Marko Stamenić,MID,Nott'm Forest,524,44,5,2025-09-20T14:00:00Z,False,3,0,0,0,0,0,0,0,0,0,0,0,0,0,0,0,45,3376,0,371,0.0,0.0,0.0,0.0,0.0,0.0,0,0,0,0,0.0
Nathan Fraser,FWD,Wolves,658,50,5,2025-09-20T14:00:00Z,True,11,0,0,0,0,0,0,0,0,0,0,0,0,0,0,0,44,275846,42378,20511,0.0,0.0,0.0,0.0,0.0,0.0,0,0,0,0,0.5
Evan Ferguson,FWD,Brighton,179,43,5,2025-09-20T14:00:00Z,True,18,0,0,0,0,0,0,0,0,0,0,0,0,0,0,0,55,1149,0,61,0.0,0.0,0.0,0.0,0.0,0.0,0,0,0,0,0.0
Idrissa Gana Gueye,MID,Everton,302,46,5,2025-09-20T11:30:00Z,False,12,90,1,10,1,0,0,2,0,0,0,0,0,0,1,35,54,9812,645,1201,0.26,0.02,0.9,50.4,6.4,40.0,3,2,7,12,4.0
Justin Devenny,MID,Crystal Palace,276,49,5,2025-09-20T14:00:00Z,False,19,45,0,1,0,0,0,1,0,0,0,0,0,0,0,5,45,170493,13394,15652,0.08,0.04,0.45,0.0,5.2,5.0,0,1,4,5,1.0
Karl Darlow,GK,Leeds,341,50,5,2025-09-20T14:00:00Z,False,20,90,1,3,0,0,0,1,0,0,0,0,0,5,0,23,40,287370,13684,11024,0.0,0.0,1.78,39.0,0.0,0.0,2,0,15,0,1.5
Junior Kroupi,FWD,Bournemouth,100,42,5,2025-09-21T13:00:00Z,True,15,0,0,0,0,0,0,0,0,0,0,0,0,0,0,0,45,175579,38996,17336,0.0,0.0,0.0,0.0,0.0,0.0,0,0,0,0,-0.2
Habib Diarra,MID,Sunderland,544,48,5,2025-09-21T13:00:00Z,True,2,0,0,0,0,0,0,0,0,0,0,0,0,0,0,0,55,12566,1070,1420,0.0,0.0,0.0,0.0,0.0,0.0,0,0,0,0,1.8
Luis Sinisterra Lucumí,MID,Bournemouth,91,42,5,2025-09-21T13:00:00Z,True,15,0,0,0,0,0,0,0,0,0,0,0,0,0,0,0,50,1868,0,268,0.0,0.0,0.0,0.0,0.0,0.0,0,0,0,0,0.0
Antonín Kinský,GK,Spurs,567,43,5,2025-09-20T14:00:00Z,False,6,0,0,0,0,0,0,0,0,0,0,0,0,0,0,0,40,177812,864,10322,0.0,0.0,0.0,0.0,0.0,0.0,0,0,0,0,0.0
Jakub Kiwior,DEF,Arsenal,9,41,5,2025-09-21T15:30:00Z,True,13,0,0,0,0,0,0,0,0,0,0,0,0,0,0,0,54,8209,0,1312,0.0,0.0,0.0,0.0,0.0,0.0,0,0,0,0,0.0
Fábio Soares Silva,FWD,Wolves,655,50,5,2025-09-20T14:00:00Z,True,11,0,0,0,0,0,0,0,0,0,0,0,0,0,0,0,49,34337,0,6518,0.0,0.0,0.0,0.0,0.0,0.0,0,0,0,0,0.0
Đorđe Petrović,GK,Bournemouth,67,42,5,2025-09-21T13:00:00Z,True,15,90,1,6,0,0,1,0,0,0,0,0,0,1,0,22,45,542705,47818,28639,0.0,0.0,0.14,9.8,0.0,0.0,1,0,5,0,3.8
Kim Ji-soo,DEF,Brentford,117,45,5,2025-09-20T19:00:00Z,False,10,0,0,0,0,0,0,0,0,0,0,0,0,0,0,0,39,17384,792,924,0.0,0.0,0.0,0.0,0.0,0.0,0,0,0,0,0.0
Alphonse Areola,GK,West Ham,600,49,5,2025-09-20T14:00:00Z,True,8,90,1,1,0,0,0,2,0,0,0,0,0,1,0,4,44,299601,2762,30286,0.0,0.0,2.31,13.2,0.0,0.0,2,0,7,0,0.3
Gabriel dos Santos Magalhães,DEF,Arsenal,5,41,5,2025-09-21T15:30:00Z,True,13,90,1,2,0,0,0,1,0,0,0,0,0,0,0,13,61,2599245,134864,89060,0.0,0.01,0.89,19.6,2.3,0.0,7,1,1,8,4.3
Jamaldeen Jimoh-Aloba,MID,Aston Villa,62,48,5,2025-09-21T13:00:00Z,False,17,0,0,0,0,0,0,0,0,0,0,0,0,0,0,0,45,6774,643,582,0.0,0.0,0.0,0.0,0.0,0.0,0,0,0,0,0.5
Armando Broja,FWD,Burnley,680,44,5,2025-09-20T14:00:00Z,True,16,0,0,0,0,0,0,0,0,0,0,0,0,0,0,0,54,17657,1438,1826,0.0,0.0,0.0,0.0,0.0,0.0,0,0,0,0,-0.2
Benoît Badiashile Mukinayi,DEF,Chelsea,229,47,5,2025-09-20T16:30:00Z,False,14,0,0,0,0,0,0,0,0,0,0,0,0,0,0,0,44,1105,11,74,0.0,0.0,0.0,0.0,0.0,0.0,0,0,0,0,0.2
Divine Mukasa,MID,Man City,739,41,5,2025-09-21T15:30:00Z,False,1,0,0,0,0,0,0,0,0,0,0,0,0,0,0,0,45,892,564,92,0.0,0.0,0.0,0.0,0.0,0.0,0,0,0,0,0.0
Aarón Anselmino,DEF,Chelsea,234,47,5,2025-09-20T16:30:00Z,False,14,0,0,0,0,0,0,0,0,0,0,0,0,0,0,0,40,9477,0,1266,0.0,0.0,0.0,0.0,0.0,0.0,0,0,0,0,0.0
Jean-Ricner Bellegarde,MID,Wolves,644,50,5,2025-09-20T14:00:00Z,True,11,45,1,1,0,0,0,3,0,0,0,0,0,0,0,3,54,7139,158,739,0.0,0.04,0.42,3.8,11.3,2.0,0,0,2,2,1.5
Luke Harris,MID,Fulham,334,45,5,2025-09-20T19:00:00Z,True,5,0,0,0,0,0,0,0,0,0,0,0,0,0,0,0,45,256,0,23,0.0,0.0,0.0,0.0,0.0,0.0,0,0,0,0,0.0
Ola Aina,DEF,Nott'm Forest,507,44,5,2025-09-20T14:00:00Z,False,3,0,0,0,0,0,0,0,0,0,0,0,0,0,0,0,49,753345,246,390354,0.0,0.0,0.0,0.0,0.0,0.0,0,0,0,0,0.0
Dominik Szoboszlai,MID,Liverpool,387,46,5,2025-09-20T11:30:00Z,True,9,90,1,1,0,0,0,1,0,0,0,1,0,0,0,10,65,470617,117074,37367,0.07,0.03,0.7,11.4,22.4,14.0,2,1,7,10,6.7
Arnaud Kalimuendo,FWD,Nott'm Forest,696,44,5,2025-09-20T14:00:00Z,False,3,14,0,1,0,0,0,0,0,0,0,0,0,0,0,0,60,9590,1616,1177,0.24,0.01,0.17,0.2,1.8,9.0,0,0,0,0,1.5
Marcus Bettinelli,GK,Man City,401,41,5,2025-09-21T15:30:00Z,False,1,0,0,0,0,0,0,0,0,0,0,0,0,0,0,0,40,15171,351,583,0.0,0.0,0.0,0.0,0.0,0.0,0,0,0,0,0.0
Tomáš Souček,MID,West Ham,613,49,5,2025-09-20T14:00:00Z,True,8,0,0,0,0,0,0,0,0,0,0,0,0,0,0,0,58,38491,139,17506,0.0,0.0,0.0,0.0,0.0,0.0,0,0,0,0,0.0
Jack Grealish,MID,Everton,419,46,5,2025-09-20T11:30:00Z,False,12,90,1,1,0,0,0,2,0,0,0,1,0,0,0,16,68,2593244,303089,219610,0.01,0.1,0.9,19.4,41.6,14.0,3,2,3,8,3.3
Ilia Gruev,MID,Leeds,356,50,5,2025-09-20T14:00:00Z,False,20,1,0,1,0,0,0,0,0,0,0,0,0,0,0,3,49,4891,160,416,0.0,0.0,0.02,0.2,0.1,0.0,0,0,0,0,0.8
Kadan Young,MID,Aston Villa,63,48,5,2025-09-21T13:00:00Z,False,17,0,0,0,0,0,0,0,0,0,0,0,0,0,0,0,45,68844,4774,6334,0.0,0.0,0.0,0.0,0.0,0.0,0,0,0,0,0.5
Endo Wataru,MID,Liverpool,392,46,5,2025-09-20T11:30:00Z,True,9,0,0,0,0,0,0,0,0,0,0,0,0,0,0,0,49,12806,503,1257,0.0,0.0,0.0,0.0,0.0,0.0,0,0,0,0,1.0
Samuel Chukwueze,MID,Fulham,727,45,5,2025-09-20T19:00:00Z,True,5,0,0,0,0,0,0,0,0,0,0,0,0,0,0,0,55,2878,820,707,0.0,0.0,0.0,0.0,0.0,0.0,0,0,0,0,0.0
Mats Wieffer,MID,Brighton,173,43,5,2025-09-20T14:00:00Z,True,18,5,0,1,0,0,0,0,0,0,0,0,0,0,0,2,49,6607,189,705,0.0,0.01,0.02,2.2,0.8,0.0,0,1,1,2,0.3
İlkay Gündoğan,MID,Man City,420,41,5,2025-09-21T15:30:00Z,False,1,0,0,0,0,0,0,0,0,0,0,0,0,0,0,0,63,10706,0,2585,0.0,0.0,0.0,0.0,0.0,0.0,0,0,0,0,0.0
Pedro Porro Sauceda,DEF,Spurs,568,43,5,2025-09-20T14:00:00Z,False,6,88,1,1,0,0,0,2,0,0,0,0,0,0,0,9,56,2988354,131110,126041,0.0,0.06,1.32,21.8,27.2,2.0,5,2,3,7,3.7
Daichi Kamada,MID,Crystal Palace,271,49,5,2025-09-20T14:00:00Z,False,19,90,1,2,0,0,0,1,0,0,0,0,0,0,0,19,50,16645,5831,3277,0.25,0.22,0.66,24.4,41.3,13.0,3,4,0,7,3.7
Tyrique George,MID,Chelsea,243,47,5,2025-09-20T16:30:00Z,False,14,26,0,0,0,0,0,0,0,0,0,1,0,0,0,-7,49,6506,395,559,0.0,0.01,0.39,0.0,0.8,0.0,0,0,0,0,1.5
Andy Irving,MID,West Ham,621,49,5,2025-09-20T14:00:00Z,True,8,0,0,0,0,0,0,0,0,0,0,0,0,0,0,0,44,30378,2964,1975,0.0,0.0,0.0,0.0,0.0,0.0,0,0,0,0,0.7
Nick Pope,GK,Newcastle,469,42,5,2025-09-21T13:00:00Z,False,4,90,1,6,0,0,1,0,0,0,0,0,0,2,0,26,50,710797,50708,32735,0.0,0.0,0.56,14.8,0.0,0.0,1,0,11,0,6.8
Karl Hein,GK,Arsenal,3,41,5,2025-09-21T15:30:00Z,True,13,0,0,0,0,0,0,0,0,0,0,0,0,0,0,0,40,47871,0,3824,0.0,0.0,0.0,0.0,0.0,0.0,0,0,0,0,0.0
Ki-Jana Hoever,DEF,Wolves,638,50,5,2025-09-20T14:00:00Z,True,11,0,0,0,0,0,0,0,0,0,0,0,0,0,0,0,40,153574,82,20526,0.0,0.0,0.0,0.0,0.0,0.0,0,0,0,0,0.1
Fer López González,MID,Wolves,645,50,5,2025-09-20T14:00:00Z,True,11,45,1,3,0,1,0,3,0,0,0,1,0,0,0,13,54,3978,87,296,0.0,0.4,0.42,20.0,28.8,2.0,0,1,2,3,2.2
Daniel James,MID,Leeds,353,50,5,2025-09-20T14:00:00Z,False,20,0,0,0,0,0,0,0,0,0,0,0,0,0,0,0,53,28227,108,10142,0.0,0.0,0.0,0.0,0.0,0.0,0,0,0,0,0.0
Christopher Nkunku,MID,Chelsea,240,47,5,2025-09-20T16:30:00Z,False,14,0,0,0,0,0,0,0,0,0,0,0,0,0,0,0,59,13091,0,1717,0.0,0.0,0.0,0.0,0.0,0.0,0,0,0,0,0.0
Abdoullah Ba,MID,Sunderland,554,48,5,2025-09-21T13:00:00Z,True,2,0,0,0,0,0,0,0,0,0,0,0,0,0,0,0,44,26185,2176,2403,0.0,0.0,0.0,0.0,0.0,0.0,0,0,0,0,-0.5
Mike Trésor Ndayishimiye,MID,Burnley,214,44,5,2025-09-20T14:00:00Z,True,16,0,0,0,0,0,0,0,0,0,0,0,0,0,0,0,44,7525,727,653,0.0,0.0,0.0,0.0,0.0,0.0,0,0,0,0,-0.5
Matthew Cox,GK,Brentford,103,45,5,2025-09-20T19:00:00Z,False,10,0,0,0,0,0,0,0,0,0,0,0,0,0,0,0,40,17513,542,641,0.0,0.0,0.0,0.0,0.0,0.0,0,0,0,0,0.0
Darko Gyabi,MID,Leeds,361,50,5,2025-09-20T14:00:00Z,False,20,0,0,0,0,0,0,0,0,0,0,0,0,0,0,0,45,5719,0,989,0.0,0.0,0.0,0.0,0.0,0.0,0,0,0,0,0.0
Michael Obafemi,FWD,Burnley,219,44,5,2025-09-20T14:00:00Z,True,16,0,0,0,0,0,0,0,0,0,0,0,0,0,0,0,44,27499,0,4295,0.0,0.0,0.0,0.0,0.0,0.0,0,0,0,0,0.0
Dwight McNeil,MID,Everton,300,46,5,2025-09-20T11:30:00Z,False,12,0,0,0,0,0,0,0,0,0,0,0,0,0,0,0,57,19644,733,3911,0.0,0.0,0.0,0.0,0.0,0.0,0,0,0,0,-1.0
Jacob Ramsey,MID,Newcastle,52,42,5,2025-09-21T13:00:00Z,False,4,0,0,0,0,0,0,0,0,0,0,0,0,0,0,0,54,33155,50,10355,0.0,0.0,0.0,0.0,0.0,0.0,0,0,0,0,0.0
Veljko Milosavljevic,DEF,Bournemouth,721,42,5,2025-09-21T13:00:00Z,True,15,0,0,0,0,0,0,0,0,0,0,0,0,0,0,0,45,3585,2777,326,0.0,0.0,0.0,0.0,0.0,0.0,0,0,0,0,1.5
Tom Edozie,MID,Wolves,651,50,5,2025-09-20T14:00:00Z,True,11,0,0,0,0,0,0,0,0,0,0,0,0,0,0,0,44,49826,7533,4518,0.0,0.0,0.0,0.0,0.0,0.0,0,0,0,0,0.5
Coby Ebere,MID,Everton,307,46,5,2025-09-20T11:30:00Z,False,12,0,0,0,0,0,0,0,0,0,0,0,0,0,0,0,45,4764,361,393,0.0,0.0,0.0,0.0,0.0,0.0,0,0,0,0,-1.0
Diego Coppola,DEF,Brighton,144,43,5,2025-09-20T14:00:00Z,True,18,15,0,1,0,0,0,1,0,0,0,0,0,0,0,0,44,6623,119,583,0.0,0.0,0.07,5.4,0.1,0.0,3,0,1,3,0.7
Lukasz Fabianski,GK,West Ham,738,49,5,2025-09-20T14:00:00Z,True,8,0,0,0,0,0,0,0,0,0,0,0,0,0,0,0,45,1670,619,144,0.0,0.0,0.0,0.0,0.0,0.0,0,0,0,0,0.0
Amadou Onana,MID,Aston Villa,59,48,5,2025-09-21T13:00:00Z,False,17,0,0,0,0,0,0,0,0,0,0,0,0,0,0,0,49,98726,132,30012,0.0,0.0,0.0,0.0,0.0,0.0,0,0,0,0,0.0
Giorgi Mamardashvili,GK,Liverpool,367,46,5,2025-09-20T11:30:00Z,True,9,0,0,0,0,0,0,0,0,0,0,0,0,0,0,0,44,41894,609,3347,0.0,0.0,0.0,0.0,0.0,0.0,0,0,0,0,1.0
Leon Bailey,MID,Aston Villa,49,48,5,2025-09-21T13:00:00Z,False,17,0,0,0,0,0,0,0,0,0,0,0,0,0,0,0,55,13627,0,2113,0.0,0.0,0.0,0.0,0.0,0.0,0,0,0,0,0.0
Federico Chiesa,MID,Liverpool,385,46,5,2025-09-20T11:30:00Z,True,9,0,0,0,0,0,0,0,0,0,0,0,0,0,0,0,65,35817,960,4015,0.0,0.0,0.0,0.0,0.0,0.0,0,0,0,0,1.7
Ryan Sessegnon,MID,Fulham,328,45,5,2025-09-20T19:00:00Z,True,5,90,1,5,0,1,0,1,0,0,0,0,0,0,0,25,54,4335,646,592,0.05,0.01,0.6,22.6,5.8,27.0,4,4,1,9,3.3
John Stones,DEF,Man City,409,41,5,2025-09-21T15:30:00Z,False,1,3,0,1,0,0,0,1,0,0,0,0,0,0,0,-1,55,96454,124,24190,0.0,0.0,0.16,0.0,0.0,2.0,0,0,0,0,0.3
Isaac Heath,MID,Everton,308,46,5,2025-09-20T11:30:00Z,False,12,0,0,0,0,0,0,0,0,0,0,0,0,0,0,0,45,3174,0,507,0.0,0.0,0.0,0.0,0.0,0.0,0,0,0,0,0.0
Chris Rigg,MID,Sunderland,551,48,5,2025-09-21T13:00:00Z,True,2,36,1,1,0,0,0,0,0,0,0,0,0,0,0,5,49,5119,110,457,0.06,0.03,0.25,1.4,12.1,4.0,0,1,0,1,0.2
Luke O'Nien,DEF,Sunderland,539,48,5,2025-09-21T13:00:00Z,True,2,0,0,0,0,0,0,0,0,0,0,0,0,0,0,0,40,2328,60,163,0.0,0.0,0.0,0.0,0.0,0.0,0,0,0,0,0.0
Axel Tuanzebe,DEF,Burnley,198,44,5,2025-09-20T14:00:00Z,True,16,0,0,0,0,0,0,0,0,0,0,0,0,0,0,0,39,231913,23191,17045,0.0,0.0,0.0,0.0,0.0,0.0,0,0,0,0,-0.5
Séamus Coleman,DEF,Everton,294,46,5,2025-09-20T11:30:00Z,False,12,0,0,0,0,0,0,0,0,0,0,0,0,0,0,0,44,16072,449,1434,0.0,0.0,0.0,0.0,0.0,0.0,0,0,0,0,-0.7
Carlos Alcaraz Durán,MID,Everton,301,46,5,2025-09-20T11:30:00Z,False,12,4,0,1,0,0,0,0,0,0,0,0,0,0,0,3,53,12435,416,1927,0.0,0.0,0.0,0.0,0.3,0.0,0,0,0,0,-0.3
Jeremy Sarmiento Morante,MID,Brighton,171,43,5,2025-09-20T14:00:00Z,True,18,0,0,0,0,0,0,0,0,0,0,0,0,0,0,0,49,2658,0,372,0.0,0.0,0.0,0.0,0.0,0.0,0,0,0,0,0.0
Matt Turner,GK,Nott'm Forest,504,44,5,2025-09-20T14:00:00Z,False,3,0,0,0,0,0,0,0,0,0,0,0,0,0,0,0,40,15790,0,971,0.0,0.0,0.0,0.0,0.0,0.0,0,0,0,0,0.0
Ethan Wheatley,FWD,Man Utd,468,47,5,2025-09-20T16:30:00Z,True,7,0,0,0,0,0,0,0,0,0,0,0,0,0,0,0,45,16300,1189,1143,0.0,0.0,0.0,0.0,0.0,0.0,0,0,0,0,-0.5
Roman Dixon,DEF,Everton,297,46,5,2025-09-20T11:30:00Z,False,12,0,0,0,0,0,0,0,0,0,0,0,0,0,0,0,40,23233,574,1532,0.0,0.0,0.0,0.0,0.0,0.0,0,0,0,0,-1.0
Merlin Röhl,MID,Everton,728,46,5,2025-09-20T11:30:00Z,False,12,0,0,0,0,0,0,0,0,0,0,0,0,0,0,0,50,628,145,68,0.0,0.0,0.0,0.0,0.0,0.0,0,0,0,0,-0.5
Charlie Tasker,DEF,Brighton,156,43,5,2025-09-20T14:00:00Z,True,18,0,0,0,0,0,0,0,0,0,0,0,0,0,0,0,40,16598,321,1030,0.0,0.0,0.0,0.0,0.0,0.0,0,0,0,0,0.0
Yoane Wissa,FWD,Newcastle,135,42,5,2025-09-21T13:00:00Z,False,4,0,0,0,0,0,0,0,0,0,0,0,0,0,0,0,75,95947,603,39782,0.0,0.0,0.0,0.0,0.0,0.0,0,0,0,0,0.0
Marc Guéhi,DEF,Crystal Palace,260,49,5,2025-09-20T14:00:00Z,False,19,90,1,7,0,1,0,1,0,0,0,0,0,0,0,25,47,2816236,503416,38246,0.2,0.01,0.66,22.0,1.4,8.0,5,5,2,10,9.3
Josh Cullen,MID,Burnley,205,44,5,2025-09-20T14:00:00Z,True,16,90,1,4,0,0,0,1,0,0,0,0,0,0,0,15,50,246787,44327,23468,0.0,0.04,1.1,19.0,6.0,0.0,7,0,7,14,2.5
Erling Haaland,FWD,Man City,430,41,5,2025-09-21T15:30:00Z,False,1,75,1,9,1,0,1,0,0,0,0,0,0,0,3,32,142,4419019,479550,74082,0.52,0.01,0.77,35.4,2.1,34.0,2,0,3,5,10.3
Djed Spence,DEF,Spurs,573,43,5,2025-09-20T14:00:00Z,False,6,1,0,1,0,0,0,0,0,0,0,0,0,0,0,5,45,298340,31526,16618,0.0,0.0,0.0,2.4,0.0,0.0,0,1,0,1,2.3
Julian Eyestone,GK,Brentford,104,45,5,2025-09-20T19:00:00Z,False,10,0,0,0,0,0,0,0,0,0,0,0,0,0,0,0,40,8602,183,368,0.0,0.0,0.0,0.0,0.0,0.0,0,0,0,0,0.0
Ármin Pécsi,GK,Liverpool,368,46,5,2025-09-20T11:30:00Z,True,9,0,0,0,0,0,0,0,0,0,0,0,0,0,0,0,40,8970,155,447,0.0,0.0,0.0,0.0,0.0,0.0,0,0,0,0,1.0
Anton Stach,MID,Leeds,660,50,5,2025-09-20T14:00:00Z,False,20,90,1,15,1,1,0,1,0,0,0,0,0,0,3,55,50,57733,5690,6005,0.08,0.06,1.78,66.4,14.1,13.0,5,3,7,15,5.8
Jefferson Lerma Solís,MID,Crystal Palace,272,49,5,2025-09-20T14:00:00Z,False,19,25,0,0,0,0,0,0,0,0,0,1,0,0,0,5,50,7487,480,611,0.08,0.0,0.22,7.0,10.3,20.0,3,0,3,6,1.3
Jordan Beyer,DEF,Burnley,194,44,5,2025-09-20T14:00:00Z,True,16,0,0,0,0,0,0,0,0,0,0,0,0,0,0,0,40,11675,41,1083,0.0,0.0,0.0,0.0,0.0,0.0,0,0,0,0,-0.1
Jayden Danns,FWD,Liverpool,398,46,5,2025-09-20T11:30:00Z,True,9,0,0,0,0,0,0,0,0,0,0,0,0,0,0,0,44,16544,1030,1297,0.0,0.0,0.0,0.0,0.0,0.0,0,0,0,0,1.0
Rio Ngumoha,MID,Liverpool,686,46,5,2025-09-20T11:30:00Z,True,9,0,0,0,0,0,0,0,0,0,0,0,0,0,0,0,45,71604,24350,9271,0.0,0.0,0.0,0.0,0.0,0.0,0,0,0,0,1.3
Brandon Austin,GK,Spurs,566,43,5,2025-09-20T14:00:00Z,False,6,0,0,0,0,0,0,0,0,0,0,0,0,0,0,0,40,30140,454,1352,0.0,0.0,0.0,0.0,0.0,0.0,0,0,0,0,0.0
Zain Silcott-Duberry,MID,Bournemouth,95,42,5,2025-09-21T13:00:00Z,True,15,0,0,0,0,0,0,0,0,0,0,0,0,0,0,0,44,20148,9224,2466,0.0,0.0,0.0,0.0,0.0,0.0,0,0,0,0,-0.5
Sepp van den Berg,DEF,Brentford,113,45,5,2025-09-20T19:00:00Z,False,10,90,1,1,0,0,0,3,0,0,0,0,0,0,0,3,45,84049,3509,6224,0.0,0.0,1.01,10.6,0.3,0.0,6,0,3,6,1.7
Dominic Calvert-Lewin,FWD,Leeds,691,50,5,2025-09-20T14:00:00Z,False,20,90,1,11,1,1,0,1,0,0,0,0,0,0,2,38,55,23915,9429,2710,0.12,0.02,1.77,35.4,19.4,21.0,1,1,2,4,4.2
Aaron Wan-Bissaka,DEF,West Ham,610,49,5,2025-09-20T14:00:00Z,True,8,0,0,0,0,0,0,0,0,0,0,0,0,0,0,0,43,1269810,4433,324402,0.0,0.0,0.0,0.0,0.0,0.0,0,0,0,0,0.0
Enzo Le Fée,MID,Sunderland,547,48,5,2025-09-21T13:00:00Z,True,2,80,1,2,0,0,0,1,0,0,0,0,0,0,0,6,49,49377,3921,12136,0.0,0.0,0.46,9.8,0.4,0.0,1,3,1,5,2.8
David Ozoh,MID,Crystal Palace,280,49,5,2025-09-20T14:00:00Z,False,19,0,0,0,0,0,0,0,0,0,0,0,0,0,0,0,45,196,0,12,0.0,0.0,0.0,0.0,0.0,0.0,0,0,0,0,0.0
Mark Gillespie,GK,Newcastle,471,42,5,2025-09-21T13:00:00Z,False,4,0,0,0,0,0,0,0,0,0,0,0,0,0,0,0,40,17431,415,655,0.0,0.0,0.0,0.0,0.0,0.0,0,0,0,0,0.5
Ethan Ampadu,MID,Leeds,354,50,5,2025-09-20T14:00:00Z,False,20,90,1,4,0,0,0,1,0,0,0,0,0,0,0,18,49,6070,894,326,0.02,0.01,1.78,17.2,6.1,1.0,5,4,6,15,2.2
Lino da Cruz Sousa,DEF,Aston Villa,45,48,5,2025-09-21T13:00:00Z,False,17,0,0,0,0,0,0,0,0,0,0,0,0,0,0,0,40,39283,1604,2445,0.0,0.0,0.0,0.0,0.0,0.0,0,0,0,0,0.5
Nicolò Savona,DEF,Nott'm Forest,716,44,5,2025-09-20T14:00:00Z,False,3,0,0,0,0,0,0,0,0,0,0,0,0,0,0,0,45,1169,505,176,0.0,0.0,0.0,0.0,0.0,0.0,0,0,0,0,0.5
Harrison Reed,MID,Fulham,336,45,5,2025-09-20T19:00:00Z,True,5,0,0,0,0,0,0,0,0,0,0,0,0,0,0,0,44,33197,4915,3392,0.0,0.0,0.0,0.0,0.0,0.0,0,0,0,0,0.0
Vitalii Mykolenko,DEF,Everton,292,46,5,2025-09-20T11:30:00Z,False,12,85,1,1,0,0,0,2,0,0,0,0,0,0,0,0,49,41952,200,7772,0.0,0.17,0.9,11.8,11.4,4.0,5,1,3,6,-0.2
Matt Targett,DEF,Newcastle,484,42,5,2025-09-21T13:00:00Z,False,4,0,0,0,0,0,0,0,0,0,0,0,0,0,0,0,40,35099,0,5966,0.0,0.0,0.0,0.0,0.0,0.0,0,0,0,0,0.0
Frank Onyeka,MID,Brentford,128,45,5,2025-09-20T19:00:00Z,False,10,0,0,0,0,0,0,0,0,0,0,0,0,0,0,0,50,7373,352,723,0.0,0.0,0.0,0.0,0.0,0.0,0,0,0,0,1.3
Tijjani Reijnders,MID,Man City,427,41,5,2025-09-21T15:30:00Z,False,1,90,1,9,0,1,0,1,0,0,0,0,0,0,2,26,57,3536462,121198,327637,0.06,0.04,0.96,31.2,21.8,17.0,5,0,7,12,4.7
Igor Julio dos Santos de Paulo,DEF,West Ham,149,49,5,2025-09-20T14:00:00Z,True,8,0,0,0,0,0,0,0,0,0,0,0,0,0,0,0,45,6640,447,472,0.0,0.0,0.0,0.0,0.0,0.0,0,0,0,0,0.0
Gabriel Słonina,GK,Chelsea,223,47,5,2025-09-20T16:30:00Z,False,14,0,0,0,0,0,0,0,0,0,0,0,0,0,0,0,40,12171,324,725,0.0,0.0,0.0,0.0,0.0,0.0,0,0,0,0,0.5
Manuel Akanji,DEF,Man City,404,41,5,2025-09-21T15:30:00Z,False,1,0,0,0,0,0,0,0,0,0,0,0,0,0,0,0,54,47583,0,10968,0.0,0.0,0.0,0.0,0.0,0.0,0,0,0,0,0.0
Bryan Mbeumo,MID,Man Utd,119,47,5,2025-09-20T16:30:00Z,True,7,69,1,3,0,0,1,0,0,0,0,0,0,0,0,7,81,1808773,102840,211214,0.09,0.08,0.13,2.8,11.1,22.0,1,0,1,2,4.5
Reece Welch,DEF,Everton,298,46,5,2025-09-20T11:30:00Z,False,12,0,0,0,0,0,0,0,0,0,0,0,0,0,0,0,39,16604,463,994,0.0,0.0,0.0,0.0,0.0,0.0,0,0,0,0,-1.0
Tyler Dibling,MID,Everton,707,46,5,2025-09-20T11:30:00Z,False,12,4,0,1,0,0,0,0,0,0,0,0,0,0,0,2,55,2587,400,613,0.0,0.0,0.0,0.0,0.5,0.0,0,0,0,0,-0.7
Lewis Cook,MID,Bournemouth,88,42,5,2025-09-21T13:00:00Z,True,15,0,0,0,0,0,0,0,0,0,0,0,0,0,0,0,49,1972,778,170,0.0,0.0,0.0,0.0,0.0,0.0,0,0,0,0,-0.2
Tyler Adams,MID,Bournemouth,85,42,5,2025-09-21T13:00:00Z,True,15,90,1,3,0,0,1,0,0,0,0,0,0,0,0,19,50,45651,4571,5326,0.04,0.01,0.14,16.2,4.0,17.0,4,3,4,11,2.2
Jamaal Lascelles,DEF,Newcastle,480,42,5,2025-09-21T13:00:00Z,False,4,6,0,1,0,0,0,0,0,0,0,0,0,0,0,4,44,7873,166,668,0.0,0.0,0.13,3.0,0.0,0.0,2,0,0,2,0.8
Andrés García,DEF,Aston Villa,42,48,5,2025-09-21T13:00:00Z,False,17,0,0,0,0,0,0,0,0,0,0,0,0,0,0,0,39,24563,1559,2237,0.0,0.0,0.0,0.0,0.0,0.0,0,0,0,0,0.0
Youri Tielemans,MID,Aston Villa,48,48,5,2025-09-21T13:00:00Z,False,17,0,0,0,0,0,0,0,0,0,0,0,0,0,0,0,59,141269,2193,59925,0.0,0.0,0.0,0.0,0.0,0.0,0,0,0,0,0.0
Will Lankshear,FWD,Spurs,598,43,5,2025-09-20T14:00:00Z,False,6,0,0,0,0,0,0,0,0,0,0,0,0,0,0,0,45,3813,0,264,0.0,0.0,0.0,0.0,0.0,0.0,0,0,0,0,0.0
Iwan Morgan,FWD,Brentford,137,45,5,2025-09-20T19:00:00Z,False,10,0,0,0,0,0,0,0,0,0,0,0,0,0,0,0,44,50379,7102,4177,0.0,0.0,0.0,0.0,0.0,0.0,0,0,0,0,0.0
Victor Lindelöf,DEF,Aston Villa,719,48,5,2025-09-21T13:00:00Z,False,17,0,0,0,0,0,0,0,0,0,0,0,0,0,0,0,45,2503,575,387,0.0,0.0,0.0,0.0,0.0,0.0,0,0,0,0,0.8
Pierre Ekwah Elimby,MID,Sunderland,556,48,5,2025-09-21T13:00:00Z,True,2,0,0,0,0,0,0,0,0,0,0,0,0,0,0,0,45,1078,0,95,0.0,0.0,0.0,0.0,0.0,0.0,0,0,0,0,0.0
Crysencio Summerville,MID,West Ham,615,49,5,2025-09-20T14:00:00Z,True,8,77,1,2,0,0,0,2,0,0,0,0,0,0,0,3,55,7588,2434,977,0.0,0.2,2.18,1.0,12.2,6.0,0,0,3,3,3.7
Philip Billing,MID,Bournemouth,89,42,5,2025-09-21T13:00:00Z,True,15,0,0,0,0,0,0,0,0,0,0,0,0,0,0,0,49,3939,0,538,0.0,0.0,0.0,0.0,0.0,0.0,0,0,0,0,0.0
Cristhian Mosquera,DEF,Arsenal,662,41,5,2025-09-21T15:30:00Z,True,13,1,0,1,0,0,0,0,0,0,0,0,0,0,0,3,54,26595,9049,2402,0.0,0.0,0.0,0.0,0.0,0.0,0,0,1,0,3.3
Ethan Nwaneri,MID,Arsenal,25,41,5,2025-09-21T15:30:00Z,True,13,6,0,1,0,0,0,0,0,0,0,0,0,0,0,3,53,22320,1243,2388,0.0,0.0,0.0,0.2,0.4,0.0,0,0,1,1,1.3
Bryan Gil Salvatierra,MID,Spurs,590,43,5,2025-09-20T14:00:00Z,False,6,0,0,0,0,0,0,0,0,0,0,0,0,0,0,0,49,5200,143,365,0.0,0.0,0.0,0.0,0.0,0.0,0,0,0,0,0.0
Callum Olusesi,MID,Spurs,595,43,5,2025-09-20T14:00:00Z,False,6,0,0,0,0,0,0,0,0,0,0,0,0,0,0,0,44,24915,2849,2167,0.0,0.0,0.0,0.0,0.0,0.0,0,0,0,0,0.0
Elyh Harrison,GK,Man Utd,433,47,5,2025-09-20T16:30:00Z,True,7,0,0,0,0,0,0,0,0,0,0,0,0,0,0,0,40,266,0,19,0.0,0.0,0.0,0.0,0.0,0.0,0,0,0,0,0.0
Ellery Balcombe,GK,Brentford,102,45,5,2025-09-20T19:00:00Z,False,10,0,0,0,0,0,0,0,0,0,0,0,0,0,0,0,40,37112,1262,1558,0.0,0.0,0.0,0.0,0.0,0.0,0,0,0,0,0.0
Gustavo Nunes Fernandes Gomes,MID,Brentford,127,45,5,2025-09-20T19:00:00Z,False,10,0,0,0,0,0,0,0,0,0,0,0,0,0,0,0,49,759,11,67,0.0,0.0,0.0,0.0,0.0,0.0,0,0,0,0,0.0
Boubacar Traoré,MID,Wolves,649,50,5,2025-09-20T14:00:00Z,True,11,0,0,0,0,0,0,0,0,0,0,0,0,0,0,0,50,139,0,5,0.0,0.0,0.0,0.0,0.0,0.0,0,0,0,0,0.0
Luka Vušković,DEF,Spurs,578,43,5,2025-09-20T14:00:00Z,False,6,0,0,0,0,0,0,0,0,0,0,0,0,0,0,0,39,71613,0,11471,0.0,0.0,0.0,0.0,0.0,0.0,0,0,0,0,0.0
Mateus Gonçalo Espanha Fernandes,MID,West Ham,708,49,5,2025-09-20T14:00:00Z,True,8,77,1,2,0,0,0,2,0,0,0,0,0,0,0,11,55,2854,634,390,0.0,0.01,2.18,8.6,4.8,0.0,3,0,2,5,2.3
Kenny Tete,DEF,Fulham,322,45,5,2025-09-20T19:00:00Z,True,5,90,1,2,0,0,0,1,0,0,0,0,0,0,0,11,45,26514,2794,1505,0.0,0.02,0.6,22.8,13.7,0.0,5,3,4,8,3.7
Dilane Bakwa,MID,Nott'm Forest,734,44,5,2025-09-20T14:00:00Z,False,3,58,1,1,0,0,0,1,0,0,0,0,0,0,0,7,60,1490,851,256,0.06,0.01,0.51,13.0,14.3,26.0,1,0,5,6,1.5
Matt O'Riley,MID,Brighton,164,43,5,2025-09-20T14:00:00Z,True,18,0,0,0,0,0,0,0,0,0,0,0,0,0,0,0,55,76599,0,32788,0.0,0.0,0.0,0.0,0.0,0.0,0,0,0,0,0.0
Senne Lammens,GK,Man Utd,733,47,5,2025-09-20T16:30:00Z,True,7,0,0,0,0,0,0,0,0,0,0,0,0,0,0,0,50,13619,2949,1323,0.0,0.0,0.0,0.0,0.0,0.0,0,0,0,0,-0.5
Carl Rushworth,GK,Brighton,141,43,5,2025-09-20T14:00:00Z,True,18,0,0,0,0,0,0,0,0,0,0,0,0,0,0,0,40,342,0,9,0.0,0.0,0.0,0.0,0.0,0.0,0,0,0,0,0.0
Walter Benítez,GK,Crystal Palace,254,49,5,2025-09-20T14:00:00Z,False,19,0,0,0,0,0,0,0,0,0,0,0,0,0,0,0,40,46311,916,2782,0.0,0.0,0.0,0.0,0.0,0.0,0,0,0,0,0.0
Ibrahim Sangaré,MID,Nott'm Forest,521,44,5,2025-09-20T14:00:00Z,False,3,14,0,1,0,0,0,0,0,0,0,0,0,0,0,2,50,8229,1059,720,0.0,0.01,0.17,7.0,1.7,0.0,1,0,1,2,2.8
Zak Johnson,DEF,Sunderland,538,48,5,2025-09-21T13:00:00Z,True,2,0,0,0,0,0,0,0,0,0,0,0,0,0,0,0,40,23215,472,1427,0.0,0.0,0.0,0.0,0.0,0.0,0,0,0,0,-0.5
Brennan Johnson,MID,Spurs,580,43,5,2025-09-20T14:00:00Z,False,6,18,0,1,0,0,0,0,0,0,0,0,0,0,0,2,71,920182,39487,288797,0.0,0.0,0.34,0.2,0.5,2.0,0,0,0,0,1.0
Dominic Sadi,MID,Bournemouth,94,42,5,2025-09-21T13:00:00Z,True,15,0,0,0,0,0,0,0,0,0,0,0,0,0,0,0,45,8060,1456,782,0.0,0.0,0.0,0.0,0.0,0.0,0,0,0,0,-0.5
Ian Poveda-Ocampo,MID,Sunderland,550,48,5,2025-09-21T13:00:00Z,True,2,0,0,0,0,0,0,0,0,0,0,0,0,0,0,0,49,2711,37,193,0.0,0.0,0.0,0.0,0.0,0.0,0,0,0,0,-0.5
Rayan Aït-Nouri,DEF,Man City,402,41,5,2025-09-21T15:30:00Z,False,1,0,0,0,0,0,0,0,0,0,0,0,0,0,0,0,59,1126954,508,464426,0.0,0.0,0.0,0.0,0.0,0.0,0,0,0,0,0.0
Carlos Baleba,MID,Brighton,167,43,5,2025-09-20T14:00:00Z,True,18,45,1,1,0,0,0,1,0,0,0,0,0,0,0,6,49,337151,6556,55267,0.0,0.0,0.91,6.0,0.7,0.0,2,2,3,7,0.7
James Wright,GK,Aston Villa,688,48,5,2025-09-21T13:00:00Z,False,17,0,0,0,0,0,0,0,0,0,0,0,0,0,0,0,40,62096,1493,2363,0.0,0.0,0.0,0.0,0.0,0.0,0,0,0,0,0.5
Jamie Bynoe-Gittens,MID,Chelsea,239,47,5,2025-09-20T16:30:00Z,False,14,0,0,0,0,0,0,0,0,0,0,0,0,0,0,0,63,16244,551,2879,0.0,0.0,0.0,0.0,0.0,0.0,0,0,0,0,1.2
Dejan Kulusevski,MID,Spurs,583,43,5,2025-09-20T14:00:00Z,False,6,0,0,0,0,0,0,0,0,0,0,0,0,0,0,0,64,1469,43,103,0.0,0.0,0.0,0.0,0.0,0.0,0,0,0,0,0.0
Wilfried Gnonto,MID,Leeds,351,50,5,2025-09-20T14:00:00Z,False,20,0,0,0,0,0,0,0,0,0,0,0,0,0,0,0,53,21584,405,6131,0.0,0.0,0.0,0.0,0.0,0.0,0,0,0,0,-0.1
Lisandro Martínez,DEF,Man Utd,437,47,5,2025-09-20T16:30:00Z,True,7,0,0,0,0,0,0,0,0,0,0,0,0,0,0,0,49,10143,81,728,0.0,0.0,0.0,0.0,0.0,0.0,0,0,0,0,0.0
El Hadji Malick Diouf,DEF,West Ham,603,49,5,2025-09-20T14:00:00Z,True,8,90,1,3,0,1,0,2,0,0,0,1,0,0,0,14,44,544877,17083,51577,0.0,0.41,2.31,32.2,38.6,6.0,5,1,7,6,4.7
Leon Chiwome,FWD,Wolves,657,50,5,2025-09-20T14:00:00Z,True,11,0,0,0,0,0,0,0,0,0,0,0,0,0,0,0,45,4059,119,377,0.0,0.0,0.0,0.0,0.0,0.0,0,0,0,0,0.0
João Victor Gomes da Silva,MID,Wolves,646,50,5,2025-09-20T14:00:00Z,True,11,90,1,4,0,0,0,3,0,0,0,0,0,0,0,18,54,12267,1178,948,0.23,0.11,0.48,19.6,12.9,12.0,4,4,6,14,3.5
Jaydon Banel,MID,Burnley,213,44,5,2025-09-20T14:00:00Z,True,16,0,0,0,0,0,0,0,0,0,0,0,0,0,0,0,45,4671,679,463,0.0,0.0,0.0,0.0,0.0,0.0,0,0,0,0,-0.5
Kjell Scherpen,GK,Brighton,142,43,5,2025-09-20T14:00:00Z,True,18,0,0,0,0,0,0,0,0,0,0,0,0,0,0,0,40,295,0,19,0.0,0.0,0.0,0.0,0.0,0.0,0,0,0,0,0.0
Levi Samuels Colwill,DEF,Chelsea,227,47,5,2025-09-20T16:30:00Z,False,14,0,0,0,0,0,0,0,0,0,0,0,0,0,0,0,48,16606,44,1392,0.0,0.0,0.0,0.0,0.0,0.0,0,0,0,0,0.0
Harvey Elliott,MID,Aston Villa,389,48,5,2025-09-21T13:00:00Z,False,17,32,0,1,0,0,0,1,0,0,0,0,0,0,0,3,54,72875,24351,6895,0.17,0.05,0.68,2.2,8.8,11.0,0,0,1,1,1.2
Olivier Boscagli,DEF,Brighton,143,43,5,2025-09-20T14:00:00Z,True,18,0,0,0,0,0,0,0,0,0,0,0,0,0,0,0,44,10535,164,858,0.0,0.0,0.0,0.0,0.0,0.0,0,0,0,0,0.0
Takai Kōta,DEF,Spurs,577,43,5,2025-09-20T14:00:00Z,False,6,0,0,0,0,0,0,0,0,0,0,0,0,0,0,0,40,8063,63,613,0.0,0.0,0.0,0.0,0.0,0.0,0,0,0,0,0.0
Jeremie Frimpong,DEF,Liverpool,370,46,5,2025-09-20T11:30:00Z,True,9,0,0,0,0,0,0,0,0,0,0,0,0,0,0,0,59,1063398,60393,52300,0.0,0.0,0.0,0.0,0.0,0.0,0,0,0,0,2.3
Joe Rodon,DEF,Leeds,348,50,5,2025-09-20T14:00:00Z,False,20,90,1,2,0,0,0,1,0,0,0,0,0,0,0,12,40,440708,108215,17041,0.0,0.01,1.78,20.0,0.6,0.0,8,1,2,9,3.8
Jenson Seelt,DEF,Sunderland,542,48,5,2025-09-21T13:00:00Z,True,2,0,0,0,0,0,0,0,0,0,0,0,0,0,0,0,40,20442,0,3122,0.0,0.0,0.0,0.0,0.0,0.0,0,0,0,0,0.0
Marshall Munetsi,MID,Wolves,648,50,5,2025-09-20T14:00:00Z,True,11,45,0,1,0,0,0,0,0,0,0,0,0,0,0,4,55,6220,697,914,0.38,0.0,0.07,4.0,1.9,33.0,0,1,1,2,2.5
Rhys Williams,DEF,Liverpool,379,46,5,2025-09-20T11:30:00Z,True,9,0,0,0,0,0,0,0,0,0,0,0,0,0,0,0,39,23970,1931,1949,0.0,0.0,0.0,0.0,0.0,0.0,0,0,0,0,1.0
Luis Eduardo Soares da Silva,DEF,Nott'm Forest,729,44,5,2025-09-20T14:00:00Z,False,3,0,0,0,0,0,0,0,0,0,0,0,0,0,0,0,45,62,0,14,0.0,0.0,0.0,0.0,0.0,0.0,0,0,0,0,0.0
Josh Laurent,MID,Burnley,209,44,5,2025-09-20T14:00:00Z,True,16,90,1,2,0,0,0,1,0,0,0,0,0,0,0,11,49,3466,192,221,0.0,0.01,1.1,13.4,5.9,2.0,3,0,2,5,0.8
Diego León Blanco,DEF,Man Utd,439,47,5,2025-09-20T16:30:00Z,True,7,0,0,0,0,0,0,0,0,0,0,0,0,0,0,0,44,6726,86,538,0.0,0.0,0.0,0.0,0.0,0.0,0,0,0,0,-0.5
Romaine Mundle,MID,Sunderland,548,48,5,2025-09-21T13:00:00Z,True,2,0,0,0,0,0,0,0,0,0,0,0,0,0,0,0,49,568,21,58,0.0,0.0,0.0,0.0,0.0,0.0,0,0,0,0,0.0
Will Dennis,GK,Bournemouth,68,42,5,2025-09-21T13:00:00Z,True,15,0,0,0,0,0,0,0,0,0,0,0,0,0,0,0,40,131992,5307,5374,0.0,0.0,0.0,0.0,0.0,0.0,0,0,0,0,-0.5
Callum Wilson,FWD,West Ham,671,49,5,2025-09-20T14:00:00Z,True,8,58,1,1,0,0,0,1,0,0,0,0,0,0,0,1,59,54069,7206,5921,0.0,0.0,1.76,4.2,1.5,4.0,1,0,1,2,3.0
Vitaly Janelt,MID,Brentford,125,45,5,2025-09-20T19:00:00Z,False,10,16,0,1,0,0,0,0,0,0,0,0,0,0,0,2,49,1217,114,71,0.0,0.0,0.0,0.0,0.1,0.0,0,0,0,0,0.3
Douglas Luiz Soares de Paulo,MID,Nott'm Forest,699,44,5,2025-09-20T14:00:00Z,False,3,75,1,5,0,1,0,1,0,0,0,0,0,0,0,23,50,8085,1401,1332,0.02,0.02,0.68,4.4,18.1,8.0,0,1,2,3,2.2
Marcus Tavernier,MID,Bournemouth,84,42,5,2025-09-21T13:00:00Z,True,15,74,1,3,0,0,1,0,0,0,0,0,0,0,0,4,55,199568,31901,29620,0.06,0.03,0.14,11.4,13.1,6.0,3,1,3,7,2.2
Virgil van Dijk,DEF,Liverpool,373,46,5,2025-09-20T11:30:00Z,True,9,90,1,4,0,0,0,1,0,0,0,0,0,0,0,14,61,3521578,246827,64981,0.0,0.01,0.7,22.6,1.2,2.0,10,0,3,10,7.7
Son Heung-min,MID,Spurs,579,43,5,2025-09-20T14:00:00Z,False,6,0,0,0,0,0,0,0,0,0,0,0,0,0,0,0,85,17301,0,631,0.0,0.0,0.0,0.0,0.0,0.0,0,0,0,0,0.0
Antoñito Cordero Campillo,MID,Newcastle,492,42,5,2025-09-21T13:00:00Z,False,4,0,0,0,0,0,0,0,0,0,0,0,0,0,0,0,49,4094,109,298,0.0,0.0,0.0,0.0,0.0,0.0,0,0,0,0,0.5
Callum Marshall,FWD,West Ham,626,49,5,2025-09-20T14:00:00Z,True,8,0,0,0,0,0,0,0,0,0,0,0,0,0,0,0,44,84652,8403,6245,0.0,0.0,0.0,0.0,0.0,0.0,0,0,0,0,0.0
Garang Kuol,MID,Newcastle,496,42,5,2025-09-21T13:00:00Z,False,4,0,0,0,0,0,0,0,0,0,0,0,0,0,0,0,44,7907,780,607,0.0,0.0,0.0,0.0,0.0,0.0,0,0,0,0,0.5
Fábio Ferreira Vieira,MID,Arsenal,23,41,5,2025-09-21T15:30:00Z,True,13,0,0,0,0,0,0,0,0,0,0,0,0,0,0,0,54,3289,0,554,0.0,0.0,0.0,0.0,0.0,0.0,0,0,0,0,0.0
Jean-Philippe Mateta,FWD,Crystal Palace,283,49,5,2025-09-20T14:00:00Z,False,19,90,1,6,1,0,0,1,0,0,0,0,0,0,0,28,76,1460006,138727,140959,0.84,0.0,0.66,37.2,3.3,40.0,3,0,4,7,4.3
Gabriel Fernando de Jesus,FWD,Arsenal,31,41,5,2025-09-21T15:30:00Z,True,13,0,0,0,0,0,0,0,0,0,0,0,0,0,0,0,65,4603,81,307,0.0,0.0,0.0,0.0,0.0,0.0,0,0,0,0,0.0
Maximilian Kilman,DEF,West Ham,605,49,5,2025-09-20T14:00:00Z,True,8,90,1,2,0,0,0,2,0,0,0,1,0,0,0,8,44,23862,1696,2022,0.0,0.0,2.31,30.2,1.1,0.0,9,2,6,11,3.0
Tawanda Chirewa,MID,Wolves,650,50,5,2025-09-20T14:00:00Z,True,11,0,0,0,0,0,0,0,0,0,0,0,0,0,0,0,44,37273,4944,3194,0.0,0.0,0.0,0.0,0.0,0.0,0,0,0,0,0.5
Elijah Campbell,DEF,Everton,705,46,5,2025-09-20T11:30:00Z,False,12,0,0,0,0,0,0,0,0,0,0,0,0,0,0,0,40,19463,955,1587,0.0,0.0,0.0,0.0,0.0,0.0,0,0,0,0,-1.0
Christantus Uche,FWD,Crystal Palace,732,49,5,2025-09-20T14:00:00Z,False,19,0,0,0,0,0,0,0,0,0,0,0,0,0,0,0,55,2996,1361,469,0.0,0.0,0.0,0.0,0.0,0.0,0,0,0,0,0.5
Harry Maguire,DEF,Man Utd,442,47,5,2025-09-20T16:30:00Z,True,7,69,1,11,0,1,1,0,0,0,0,0,0,0,2,34,44,72455,2541,6694,0.11,0.01,0.13,19.2,10.8,6.0,2,1,2,3,3.5
Hjalmar Ekdal,DEF,Burnley,190,44,5,2025-09-20T14:00:00Z,True,16,90,1,2,0,0,0,1,0,0,0,0,0,0,0,5,40,182152,42268,9046,0.14,0.0,1.1,17.8,0.4,39.0,8,0,3,8,2.5
Mason Mount,MID,Man Utd,455,47,5,2025-09-20T16:30:00Z,True,7,21,0,1,0,0,0,1,0,0,0,0,0,0,0,3,59,23392,438,5498,0.0,0.0,0.3,0.6,0.1,0.0,0,0,1,1,0.2
Paris Maghoma,MID,Brentford,132,45,5,2025-09-20T19:00:00Z,False,10,0,0,0,0,0,0,0,0,0,0,0,0,0,0,0,45,1742,31,152,0.0,0.0,0.0,0.0,0.0,0.0,0,0,0,0,0.0
Jair Paula da Cunha Filho,DEF,Nott'm Forest,510,44,5,2025-09-20T14:00:00Z,False,3,0,0,0,0,0,0,0,0,0,0,0,0,0,0,0,44,7587,121,615,0.0,0.0,0.0,0.0,0.0,0.0,0,0,0,0,0.5
Freddie Potts,MID,West Ham,623,49,5,2025-09-20T14:00:00Z,True,8,0,0,0,0,0,0,0,0,0,0,0,0,0,0,0,44,90099,19441,8524,0.0,0.0,0.0,0.0,0.0,0.0,0,0,0,0,0.0
Joško Gvardiol,DEF,Man City,403,41,5,2025-09-21T15:30:00Z,False,1,90,1,4,0,0,0,1,0,0,0,0,0,0,0,16,58,395692,42116,13365,0.0,0.0,0.96,30.0,0.3,0.0,12,2,6,14,3.3
Matthijs de Ligt,DEF,Man Utd,436,47,5,2025-09-20T16:30:00Z,True,7,90,1,2,0,0,0,1,0,0,0,0,0,0,0,20,50,320430,7378,35614,0.0,0.38,0.43,27.0,23.3,0.0,7,2,4,9,0.8
Matheus França de Oliveira,MID,Crystal Palace,279,49,5,2025-09-20T14:00:00Z,False,19,0,0,0,0,0,0,0,0,0,0,0,0,0,0,0,45,1203,0,105,0.0,0.0,0.0,0.0,0.0,0.0,0,0,0,0,0.0
Nick Woltemade,FWD,Newcastle,714,42,5,2025-09-21T13:00:00Z,False,4,83,1,2,0,0,1,0,0,0,0,0,0,0,0,1,70,427038,338584,35841,0.0,0.02,0.43,0.8,4.9,8.0,1,0,1,2,6.0
Lucas Bergvall,MID,Spurs,586,43,5,2025-09-20T14:00:00Z,False,6,88,1,4,0,0,0,2,0,0,0,0,0,0,0,9,54,57207,41453,5498,0.0,0.01,1.32,7.6,4.8,4.0,2,3,8,13,5.3
Mikel Merino Zazón,MID,Arsenal,22,41,5,2025-09-21T15:30:00Z,True,13,45,1,1,0,0,0,1,0,0,0,0,0,0,0,6,59,63562,14232,8523,0.0,0.03,0.55,8.8,17.3,0.0,2,1,4,7,2.3
Odsonne Édouard,FWD,Crystal Palace,285,49,5,2025-09-20T14:00:00Z,False,19,0,0,0,0,0,0,0,0,0,0,0,0,0,0,0,50,45905,0,9134,0.0,0.0,0.0,0.0,0.0,0.0,0,0,0,0,0.0
Joe Knight,MID,Brighton,175,43,5,2025-09-20T14:00:00Z,True,18,0,0,0,0,0,0,0,0,0,0,0,0,0,0,0,45,9800,842,820,0.0,0.0,0.0,0.0,0.0,0.0,0,0,0,0,0.0
Zépiqueno Redmond,FWD,Aston Villa,65,48,5,2025-09-21T13:00:00Z,False,17,0,0,0,0,0,0,0,0,0,0,0,0,0,0,0,45,63437,0,9098,0.0,0.0,0.0,0.0,0.0,0.0,0,0,0,0,0.0
Matheus Santos Carneiro da Cunha,MID,Man Utd,450,47,5,2025-09-20T16:30:00Z,True,7,26,0,1,0,0,0,1,0,0,0,0,0,0,0,7,80,523164,7101,210048,0.0,0.03,0.3,4.2,4.3,2.0,1,0,3,4,0.2
Chemsdine Talbi,MID,Sunderland,553,48,5,2025-09-21T13:00:00Z,True,2,79,1,2,0,0,0,1,0,0,0,0,0,0,0,8,50,33353,1635,4600,0.07,0.05,0.46,2.2,14.8,6.0,2,0,6,8,2.2
Zach Abbott,DEF,Nott'm Forest,513,44,5,2025-09-20T14:00:00Z,False,3,0,0,0,0,0,0,0,0,0,0,0,0,0,0,0,40,21110,321,1259,0.0,0.0,0.0,0.0,0.0,0.0,0,0,0,0,0.5
Mykhailo Mudryk,MID,Chelsea,245,47,5,2025-09-20T16:30:00Z,False,14,0,0,0,0,0,0,0,0,0,0,0,0,0,0,0,50,856,44,73,0.0,0.0,0.0,0.0,0.0,0.0,0,0,0,0,0.0
Emile Smith Rowe,MID,Fulham,325,45,5,2025-09-20T19:00:00Z,True,5,10,0,1,0,0,0,0,0,0,0,0,0,0,0,4,59,83313,4749,13619,0.0,0.0,0.08,2.2,0.3,0.0,0,1,1,2,1.0
Yves Bissouma,MID,Spurs,587,43,5,2025-09-20T14:00:00Z,False,6,0,0,0,0,0,0,0,0,0,0,0,0,0,0,0,53,6247,48,749,0.0,0.0,0.0,0.0,0.0,0.0,0,0,0,0,0.0
Zian Flemming,FWD,Burnley,215,44,5,2025-09-20T14:00:00Z,True,16,4,0,1,0,0,0,0,0,0,0,0,0,0,0,3,54,14061,914,1604,0.11,0.0,0.06,0.0,0.1,5.0,0,0,1,1,-0.2
Alfie Pond,DEF,Wolves,641,50,5,2025-09-20T14:00:00Z,True,11,0,0,0,0,0,0,0,0,0,0,0,0,0,0,0,40,136580,1452,7202,0.0,0.0,0.0,0.0,0.0,0.0,0,0,0,0,0.5
Daniel Ballard,DEF,Sunderland,531,48,5,2025-09-21T13:00:00Z,True,2,53,0,1,0,0,0,1,0,0,0,0,0,0,0,2,46,323304,1142,56655,0.01,0.0,0.46,12.6,10.1,1.0,5,1,0,6,-0.2
Tim Iroegbunam,MID,Everton,304,46,5,2025-09-20T11:30:00Z,False,12,0,0,0,0,0,0,0,0,0,0,0,0,0,0,0,49,3742,140,243,0.0,0.0,0.0,0.0,0.0,0.0,0,0,0,0,0.0
Lucas Digne,DEF,Aston Villa,37,48,5,2025-09-21T13:00:00Z,False,17,57,1,1,0,0,0,0,0,0,0,0,0,0,0,6,45,240016,10884,10898,0.0,0.04,0.37,1.2,3.8,2.0,0,0,2,0,2.8
Mads Hermansen,GK,West Ham,679,49,5,2025-09-20T14:00:00Z,True,8,0,0,0,0,0,0,0,0,0,0,0,0,0,0,0,45,38510,3546,2603,0.0,0.0,0.0,0.0,0.0,0.0,0,0,0,0,2.7
Viktor Gyökeres,FWD,Arsenal,666,41,5,2025-09-21T15:30:00Z,True,13,90,1,2,0,0,0,1,0,0,0,0,0,0,0,3,90,3016420,250497,201079,0.0,0.01,0.89,0.2,1.8,12.0,0,0,3,3,3.0
Emiliano Buendía Stati,MID,Aston Villa,50,48,5,2025-09-21T13:00:00Z,False,17,57,1,1,0,0,0,0,0,0,0,0,0,0,0,0,53,10569,1423,1390,0.06,0.06,0.37,2.6,3.5,12.0,2,2,3,7,1.8
Benjamin Lecomte,GK,Fulham,664,45,5,2025-09-20T19:00:00Z,True,5,0,0,0,0,0,0,0,0,0,0,0,0,0,0,0,40,86551,1110,2729,0.0,0.0,0.0,0.0,0.0,0.0,0,0,0,0,0.0
Ismeal Kabia,MID,Arsenal,28,41,5,2025-09-21T15:30:00Z,True,13,0,0,0,0,0,0,0,0,0,0,0,0,0,0,0,45,21723,0,3382,0.0,0.0,0.0,0.0,0.0,0.0,0,0,0,0,0.0
Isaac Hayden,MID,Newcastle,495,42,5,2025-09-21T13:00:00Z,False,4,0,0,0,0,0,0,0,0,0,0,0,0,0,0,0,45,1126,0,81,0.0,0.0,0.0,0.0,0.0,0.0,0,0,0,0,0.0
Adrian Mazilu,MID,Brighton,176,43,5,2025-09-20T14:00:00Z,True,18,0,0,0,0,0,0,0,0,0,0,0,0,0,0,0,45,4584,367,413,0.0,0.0,0.0,0.0,0.0,0.0,0,0,0,0,0.0
Jurriën Timber,DEF,Arsenal,8,41,5,2025-09-21T15:30:00Z,True,13,79,1,1,0,0,0,1,0,0,0,1,0,0,0,16,57,1494975,300378,61324,0.0,0.05,0.65,17.0,13.9,8.0,1,7,3,8,3.7
Kyle Walker,DEF,Burnley,187,44,5,2025-09-20T14:00:00Z,True,16,90,1,2,0,0,0,1,0,0,0,0,0,0,0,10,45,203703,11179,13255,0.0,0.02,1.1,20.2,3.4,2.0,7,2,7,9,0.8
Cole Palmer,MID,Chelsea,235,47,5,2025-09-20T16:30:00Z,False,14,20,1,1,0,0,0,1,0,0,0,0,0,0,0,3,104,2572478,444988,88916,0.0,0.0,1.01,0.0,0.0,0.0,0,0,0,0,3.2
Maxence Lacroix,DEF,Crystal Palace,257,49,5,2025-09-20T14:00:00Z,False,19,90,1,2,0,0,0,1,0,0,0,0,0,0,0,7,51,538583,155026,25671,0.2,0.0,0.66,11.2,0.2,7.0,4,2,3,6,6.3
Robert Lynch Sánchez,GK,Chelsea,220,47,5,2025-09-20T16:30:00Z,False,14,4,1,-3,0,0,0,2,0,0,0,0,1,1,0,-12,50,2611096,24236,208495,0.0,0.0,0.05,2.0,0.0,0.0,0,0,0,0,2.2
Benjamin Fredrick,DEF,Brentford,115,45,5,2025-09-20T19:00:00Z,False,10,0,0,0,0,0,0,0,0,0,0,0,0,0,0,0,40,17363,317,1017,0.0,0.0,0.0,0.0,0.0,0.0,0,0,0,0,0.0
Brajan Gruda,MID,Brighton,162,43,5,2025-09-20T14:00:00Z,True,18,62,1,2,0,0,0,1,0,0,0,0,0,0,0,5,54,10331,1092,2297,0.09,0.01,0.91,2.4,11.8,3.0,1,1,3,5,3.7
James Trafford,GK,Man City,182,41,5,2025-09-21T15:30:00Z,False,1,0,0,0,0,0,0,0,0,0,0,0,0,0,0,0,49,206071,1297,48108,0.0,0.0,0.0,0.0,0.0,0.0,0,0,0,0,0.7
Ben Gannon-Doak,MID,Bournemouth,391,42,5,2025-09-21T13:00:00Z,True,15,0,0,0,0,0,0,0,0,0,0,0,0,0,0,0,50,6017,191,700,0.0,0.0,0.0,0.0,0.0,0.0,0,0,0,0,-0.5
Saša Kalajdžić,FWD,Wolves,656,50,5,2025-09-20T14:00:00Z,True,11,0,0,0,0,0,0,0,0,0,0,0,0,0,0,0,49,8934,0,1425,0.0,0.0,0.0,0.0,0.0,0.0,0,0,0,0,0.0
Mitoma Kaoru,MID,Brighton,157,43,5,2025-09-20T14:00:00Z,True,18,90,1,2,0,0,0,2,0,0,0,0,0,0,0,9,64,577402,50600,36451,0.09,0.07,1.22,11.2,12.8,19.0,2,0,5,7,4.7
Michael Keane,DEF,Everton,295,46,5,2025-09-20T11:30:00Z,False,12,90,1,1,0,0,0,2,0,0,0,0,0,0,0,9,45,78524,15081,7692,0.0,0.01,0.9,15.4,0.7,2.0,6,1,7,7,2.3
Jean-Clair Todibo,DEF,West Ham,609,49,5,2025-09-20T14:00:00Z,True,8,0,0,0,0,0,0,0,0,0,0,0,0,0,0,0,44,12160,321,1081,0.0,0.0,0.0,0.0,0.0,0.0,0,0,0,0,0.0
Joelinton Cássio Apolinário de Lira,MID,Newcastle,490,42,5,2025-09-21T13:00:00Z,False,4,0,0,0,0,0,0,0,0,0,0,0,0,0,0,0,59,32945,3926,2121,0.0,0.0,0.0,0.0,0.0,0.0,0,0,0,0,1.5
Francisco Evanilson de Lima Barbosa,FWD,Bournemouth,97,42,5,2025-09-21T13:00:00Z,True,15,90,1,2,0,0,1,0,0,0,0,0,0,0,0,9,70,359509,93944,38783,0.1,0.02,0.14,4.6,11.6,9.0,0,1,4,5,4.5
Nordi Mukiele,DEF,Sunderland,694,48,5,2025-09-21T13:00:00Z,True,2,90,1,4,0,0,0,1,0,0,0,0,0,0,0,15,40,84263,32054,4589,0.07,0.18,0.71,36.0,30.6,12.0,13,3,3,16,5.5
Kevin Danso,DEF,Spurs,570,43,5,2025-09-20T14:00:00Z,False,6,0,0,0,0,0,0,0,0,0,0,0,0,0,0,0,43,17314,697,1863,0.0,0.0,0.0,0.0,0.0,0.0,0,0,0,0,0.3
Adam Aznou,DEF,Everton,667,46,5,2025-09-20T11:30:00Z,False,12,0,0,0,0,0,0,0,0,0,0,0,0,0,0,0,44,7645,183,697,0.0,0.0,0.0,0.0,0.0,0.0,0,0,0,0,-1.0
Ben Davies,DEF,Spurs,571,43,5,2025-09-20T14:00:00Z,False,6,0,0,0,0,0,0,0,0,0,0,0,0,0,0,0,44,10859,328,820,0.0,0.0,0.0,0.0,0.0,0.0,0,0,0,0,0.0
Trai Hume,DEF,Sunderland,532,48,5,2025-09-21T13:00:00Z,True,2,90,1,4,0,0,0,1,0,0,0,0,0,0,0,13,45,30748,2065,3139,0.0,0.04,0.71,19.4,14.3,2.0,7,3,2,10,3.5
Tom Cairney,MID,Fulham,331,45,5,2025-09-20T19:00:00Z,True,5,4,0,1,0,0,0,0,0,0,0,0,0,0,0,4,49,3655,121,242,0.0,0.0,0.05,0.4,0.3,0.0,0,0,1,1,0.7
Calvin Bassey,DEF,Fulham,318,45,5,2025-09-20T19:00:00Z,True,5,90,1,4,0,0,0,1,0,0,0,0,0,0,0,15,45,65232,7408,2504,0.01,0.0,0.6,29.0,0.8,2.0,9,1,4,10,4.7
Matai Akinmboni,DEF,Bournemouth,75,42,5,2025-09-21T13:00:00Z,True,15,0,0,0,0,0,0,0,0,0,0,0,0,0,0,0,40,33870,1066,2091,0.0,0.0,0.0,0.0,0.0,0.0,0,0,0,0,-0.5
Yehor Yarmoliuk,MID,Brentford,129,45,5,2025-09-20T19:00:00Z,False,10,90,1,2,0,0,0,3,0,0,0,0,0,0,0,13,50,8110,697,708,0.0,0.01,1.01,13.6,12.3,0.0,2,2,3,7,2.3
Norberto Bercique Gomes Betuncal,FWD,Everton,311,46,5,2025-09-20T11:30:00Z,False,12,45,1,1,0,0,0,2,0,0,0,0,0,0,0,1,54,604996,51583,80806,0.2,0.0,0.69,0.0,0.3,8.0,0,0,1,1,2.3
Christian Nørgaard,MID,Arsenal,24,41,5,2025-09-21T15:30:00Z,True,13,0,0,0,0,0,0,0,0,0,0,0,0,0,0,0,54,21646,499,2652,0.0,0.0,0.0,0.0,0.0,0.0,0,0,0,0,0.0
Dan Ndoye,MID,Nott'm Forest,669,44,5,2025-09-20T14:00:00Z,False,3,75,1,2,0,0,0,1,0,0,0,0,0,0,0,10,61,409024,73912,48309,0.0,0.18,0.68,9.4,21.6,12.0,2,1,3,6,2.2
Soungoutou Magassa,MID,West Ham,718,49,5,2025-09-20T14:00:00Z,True,8,12,0,1,0,0,0,0,0,0,0,0,0,0,0,2,50,512,80,65,0.0,0.0,0.14,0.0,0.4,0.0,0,0,1,1,1.0
Bradley Burrowes,MID,Aston Villa,702,48,5,2025-09-21T13:00:00Z,False,17,0,0,0,0,0,0,0,0,0,0,0,0,0,0,0,45,9005,693,806,0.0,0.0,0.0,0.0,0.0,0.0,0,0,0,0,0.8
Martin Sherif,FWD,Everton,313,46,5,2025-09-20T11:30:00Z,False,12,0,0,0,0,0,0,0,0,0,0,0,0,0,0,0,44,25837,2432,1922,0.0,0.0,0.0,0.0,0.0,0.0,0,0,0,0,-1.0
Martin Ødegaard,MID,Arsenal,17,41,5,2025-09-21T15:30:00Z,True,13,0,0,0,0,0,0,0,0,0,0,0,0,0,0,0,79,245860,2332,72138,0.0,0.0,0.0,0.0,0.0,0.0,0,0,0,0,0.3
Malick Yalcouyé,MID,Brighton,174,43,5,2025-09-20T14:00:00Z,True,18,0,0,0,0,0,0,0,0,0,0,0,0,0,0,0,50,788,0,50,0.0,0.0,0.0,0.0,0.0,0.0,0,0,0,0,0.0
Charalampos Kostoulas,FWD,Brighton,181,43,5,2025-09-20T14:00:00Z,True,18,0,0,0,0,0,0,0,0,0,0,0,0,0,0,0,49,38113,3109,4185,0.0,0.0,0.0,0.0,0.0,0.0,0,0,0,0,0.0
Romain Esse,MID,Crystal Palace,269,49,5,2025-09-20T14:00:00Z,False,19,0,0,0,0,0,0,0,0,0,0,0,0,0,0,0,49,19648,647,2550,0.0,0.0,0.0,0.0,0.0,0.0,0,0,0,0,0.0
Mark Travers,GK,Everton,288,46,5,2025-09-20T11:30:00Z,False,12,0,0,0,0,0,0,0,0,0,0,0,0,0,0,0,45,15578,315,916,0.0,0.0,0.0,0.0,0.0,0.0,0,0,0,0,-1.0
Altay Bayındır,GK,Man Utd,431,47,5,2025-09-20T16:30:00Z,True,7,90,1,2,0,0,0,1,0,0,0,0,0,0,0,4,50,48362,854,4462,0.0,0.0,0.43,3.8,0.0,0.0,3,0,2,0,1.2
Largie Ramazani,MID,Leeds,357,50,5,2025-09-20T14:00:00Z,False,20,0,0,0,0,0,0,0,0,0,0,0,0,0,0,0,49,2694,0,486,0.0,0.0,0.0,0.0,0.0,0.0,0,0,0,0,0.0
Pedro Lomba Neto,MID,Chelsea,236,47,5,2025-09-20T16:30:00Z,False,14,6,1,1,0,0,0,0,0,0,0,0,0,0,0,3,70,581820,23297,95622,0.0,0.0,0.05,0.0,0.0,0.0,0,0,1,1,2.5
Rodrigo Martins Gomes,DEF,Wolves,635,50,5,2025-09-20T14:00:00Z,True,11,45,1,0,0,0,0,3,0,0,0,0,0,0,0,-4,45,14978,4620,850,0.03,0.13,0.42,7.2,16.3,6.0,1,2,0,3,3.5
Yerson Mosquera Valdelamar,DEF,Wolves,634,50,5,2025-09-20T14:00:00Z,True,11,71,1,1,0,0,0,3,0,0,0,0,0,0,0,5,44,6361,410,336,0.05,0.0,0.48,7.4,0.3,21.0,1,2,7,3,1.5
Iliman Ndiaye,MID,Everton,299,46,5,2025-09-20T11:30:00Z,False,12,85,1,6,0,1,0,2,0,0,0,1,0,0,0,25,65,968214,54482,89781,0.0,0.16,0.9,31.4,26.1,2.0,1,2,9,12,5.0
Florentino Ibrain Morris Luís,MID,Burnley,722,44,5,2025-09-20T14:00:00Z,True,16,90,1,3,0,0,0,1,0,0,0,1,0,0,0,19,50,627,183,88,0.0,0.01,1.1,25.6,23.5,0.0,7,4,7,18,1.5
Nicolas Jackson,FWD,Chelsea,251,47,5,2025-09-20T16:30:00Z,False,14,0,0,0,0,0,0,0,0,0,0,0,0,0,0,0,65,11529,0,1452,0.0,0.0,0.0,0.0,0.0,0.0,0,0,0,0,0.0
Morgan Rogers,MID,Aston Villa,47,48,5,2025-09-21T13:00:00Z,False,17,81,1,2,0,0,0,1,0,0,0,0,0,0,0,5,70,933921,88944,108827,0.0,0.27,1.05,5.2,23.8,10.0,1,0,1,2,2.8
Reiss Nelson,MID,Brentford,27,45,5,2025-09-20T19:00:00Z,False,10,0,0,0,0,0,0,0,0,0,0,0,0,0,0,0,49,14922,962,1170,0.0,0.0,0.0,0.0,0.0,0.0,0,0,0,0,0.0
Dan Burn,DEF,Newcastle,476,42,5,2025-09-21T13:00:00Z,False,4,90,1,9,0,0,1,0,0,0,0,0,0,0,1,27,50,671930,37099,28186,0.0,0.03,0.56,33.0,1.2,2.0,13,2,5,15,7.5
Andreas Hoelgebaum Pereira,MID,Fulham,327,45,5,2025-09-20T19:00:00Z,True,5,0,0,0,0,0,0,0,0,0,0,0,0,0,0,0,53,13382,0,4187,0.0,0.0,0.0,0.0,0.0,0.0,0,0,0,0,0.0
Lewis Miley,MID,Newcastle,497,42,5,2025-09-21T13:00:00Z,False,4,90,1,3,0,0,1,0,0,0,0,0,0,0,0,14,44,220782,9398,20867,0.0,0.02,0.56,12.2,13.4,2.0,2,2,5,9,1.8
Ahmed Abdullahi,FWD,Sunderland,562,48,5,2025-09-21T13:00:00Z,True,2,0,0,0,0,0,0,0,0,0,0,0,0,0,0,0,44,50254,3697,4199,0.0,0.0,0.0,0.0,0.0,0.0,0,0,0,0,-0.5
James McConnell,MID,Liverpool,394,46,5,2025-09-20T11:30:00Z,True,9,0,0,0,0,0,0,0,0,0,0,0,0,0,0,0,44,4381,401,408,0.0,0.0,0.0,0.0,0.0,0.0,0,0,0,0,1.0
Tom McGill,GK,Brighton,140,43,5,2025-09-20T14:00:00Z,True,18,0,0,0,0,0,0,0,0,0,0,0,0,0,0,0,40,44001,1227,1876,0.0,0.0,0.0,0.0,0.0,0.0,0,0,0,0,0.0
Brayden Clarke,DEF,Arsenal,13,41,5,2025-09-21T15:30:00Z,True,13,0,0,0,0,0,0,0,0,0,0,0,0,0,0,0,40,60908,2185,4597,0.0,0.0,0.0,0.0,0.0,0.0,0,0,0,0,0.0
Joe Worrall,DEF,Burnley,199,44,5,2025-09-20T14:00:00Z,True,16,0,0,0,0,0,0,0,0,0,0,0,0,0,0,0,40,15301,439,750,0.0,0.0,0.0,0.0,0.0,0.0,0,0,0,0,0.2
Owen Dodgson,DEF,Burnley,189,44,5,2025-09-20T14:00:00Z,True,16,0,0,0,0,0,0,0,0,0,0,0,0,0,0,0,40,2179,0,137,0.0,0.0,0.0,0.0,0.0,0.0,0,0,0,0,0.0
Enzo Fernández,MID,Chelsea,237,47,5,2025-09-20T16:30:00Z,False,14,90,1,1,0,0,0,2,0,0,0,1,0,0,0,8,67,1614773,265441,121620,0.0,0.04,1.84,10.2,10.6,4.0,1,1,2,4,6.2
Julio Enciso Espínola,MID,Brighton,161,43,5,2025-09-20T14:00:00Z,True,18,0,0,0,0,0,0,0,0,0,0,0,0,0,0,0,54,1495,0,175,0.0,0.0,0.0,0.0,0.0,0.0,0,0,0,0,0.0
Emil Krafth,DEF,Newcastle,479,42,5,2025-09-21T13:00:00Z,False,4,0,0,0,0,0,0,0,0,0,0,0,0,0,0,0,44,5509,124,361,0.0,0.0,0.0,0.0,0.0,0.0,0,0,0,0,0.5
Boubacar Kamara,MID,Aston Villa,58,48,5,2025-09-21T13:00:00Z,False,17,81,1,6,0,1,0,1,0,0,0,0,0,0,1,28,49,13175,498,1702,0.0,0.08,1.05,38.2,29.0,0.0,4,2,2,8,2.5
Hugo Ekitiké,FWD,Liverpool,661,46,5,2025-09-20T11:30:00Z,True,9,66,1,8,1,0,0,1,0,0,0,0,0,0,2,39,88,3283912,132690,467144,0.32,0.06,0.66,52.4,2.0,23.0,5,2,4,11,5.0
Amara Nallo,DEF,Liverpool,378,46,5,2025-09-20T11:30:00Z,True,9,0,0,0,0,0,0,0,0,0,0,0,0,0,0,0,39,18933,1239,1710,0.0,0.0,0.0,0.0,0.0,0.0,0,0,0,0,1.0
Andrew Robertson,DEF,Liverpool,372,46,5,2025-09-20T11:30:00Z,True,9,0,0,0,0,0,0,0,0,0,0,0,0,0,0,0,59,128187,3798,7915,0.0,0.0,0.0,0.0,0.0,0.0,0,0,0,0,1.3
Seung-Soo Park,MID,Newcastle,689,42,5,2025-09-21T13:00:00Z,False,4,0,0,0,0,0,0,0,0,0,0,0,0,0,0,0,45,19270,393,1288,0.0,0.0,0.0,0.0,0.0,0.0,0,0,0,0,0.5
Randal Kolo Muani,FWD,Spurs,726,43,5,2025-09-20T14:00:00Z,False,6,0,0,0,0,0,0,0,0,0,0,0,0,0,0,0,70,32322,11460,7014,0.0,0.0,0.0,0.0,0.0,0.0,0,0,0,0,0.0
Jason Steele,GK,Brighton,138,43,5,2025-09-20T14:00:00Z,True,18,0,0,0,0,0,0,0,0,0,0,0,0,0,0,0,44,41271,579,2962,0.0,0.0,0.0,0.0,0.0,0.0,0,0,0,0,0.0
Joe Gauci,GK,Aston Villa,34,48,5,2025-09-21T13:00:00Z,False,17,0,0,0,0,0,0,0,0,0,0,0,0,0,0,0,40,19127,0,1161,0.0,0.0,0.0,0.0,0.0,0.0,0,0,0,0,0.0
Callum Hudson-Odoi,MID,Nott'm Forest,516,44,5,2025-09-20T14:00:00Z,False,3,31,0,1,0,0,0,0,0,0,0,0,0,0,0,2,60,192082,32649,21937,0.01,0.03,0.34,3.8,23.5,2.0,0,0,0,0,1.8
Trevoh Chalobah,DEF,Chelsea,226,47,5,2025-09-20T16:30:00Z,False,14,90,1,8,1,0,0,2,0,0,0,1,0,0,0,23,51,1039703,150126,71110,0.2,0.01,1.84,57.4,2.3,17.0,8,2,2,10,8.5
Guido Rodríguez,MID,West Ham,618,49,5,2025-09-20T14:00:00Z,True,8,0,0,0,0,0,0,0,0,0,0,0,0,0,0,0,49,5738,166,476,0.0,0.0,0.0,0.0,0.0,0.0,0,0,0,0,0.0
Kepa Arrizabalaga Revuelta,GK,Arsenal,2,41,5,2025-09-21T15:30:00Z,True,13,0,0,0,0,0,0,0,0,0,0,0,0,0,0,0,44,71572,689,6259,0.0,0.0,0.0,0.0,0.0,0.0,0,0,0,0,0.0
James Justin,DEF,Leeds,706,50,5,2025-09-20T14:00:00Z,False,20,7,0,1,0,0,0,0,0,0,0,0,0,0,0,4,40,27533,1985,2307,0.0,0.0,0.28,4.0,0.0,0.0,2,0,0,2,0.2
Daniel Adu-Adjei,FWD,Bournemouth,99,42,5,2025-09-21T13:00:00Z,True,15,0,0,0,0,0,0,0,0,0,0,0,0,0,0,0,44,39297,8639,3790,0.0,0.0,0.0,0.0,0.0,0.0,0,0,0,0,-0.5
Youssef Ramalho Chermiti,FWD,Everton,312,46,5,2025-09-20T11:30:00Z,False,12,0,0,0,0,0,0,0,0,0,0,0,0,0,0,0,49,11559,0,1691,0.0,0.0,0.0,0.0,0.0,0.0,0,0,0,0,0.0
Yang Min-hyeok,MID,Spurs,594,43,5,2025-09-20T14:00:00Z,False,6,0,0,0,0,0,0,0,0,0,0,0,0,0,0,0,45,1980,0,151,0.0,0.0,0.0,0.0,0.0,0.0,0,0,0,0,0.0
Ibrahima Konaté,DEF,Liverpool,374,46,5,2025-09-20T11:30:00Z,True,9,90,1,4,0,0,0,1,0,0,0,0,0,0,0,9,55,401221,54784,18160,0.04,0.0,0.7,27.4,0.7,5.0,9,2,2,11,7.3
Lyle Foster,FWD,Burnley,217,44,5,2025-09-20T14:00:00Z,True,16,85,1,6,0,1,0,1,0,0,0,0,0,0,1,27,50,178091,80230,17593,0.02,0.03,1.04,26.6,22.7,9.0,2,0,3,5,4.2
Rob Holding,DEF,Crystal Palace,264,49,5,2025-09-20T14:00:00Z,False,19,0,0,0,0,0,0,0,0,0,0,0,0,0,0,0,40,3096,0,223,0.0,0.0,0.0,0.0,0.0,0.0,0,0,0,0,0.0
Manor Solomon,MID,Spurs,589,43,5,2025-09-20T14:00:00Z,False,6,0,0,0,0,0,0,0,0,0,0,0,0,0,0,0,54,1097,0,132,0.0,0.0,0.0,0.0,0.0,0.0,0,0,0,0,0.0
Tommy Setford,GK,Arsenal,4,41,5,2025-09-21T15:30:00Z,True,13,0,0,0,0,0,0,0,0,0,0,0,0,0,0,0,40,27540,3043,1638,0.0,0.0,0.0,0.0,0.0,0.0,0,0,0,0,0.0
Marcus Edwards,MID,Burnley,206,44,5,2025-09-20T14:00:00Z,True,16,0,0,0,0,0,0,0,0,0,0,0,0,0,0,0,48,7692,1071,989,0.0,0.0,0.0,0.0,0.0,0.0,0,0,0,0,-0.5
Manuel Benson Hedilazio,MID,Burnley,201,44,5,2025-09-20T14:00:00Z,True,16,0,0,0,0,0,0,0,0,0,0,0,0,0,0,0,54,3116,256,331,0.0,0.0,0.0,0.0,0.0,0.0,0,0,0,0,-0.5
Kalvin Phillips,MID,Man City,429,41,5,2025-09-21T15:30:00Z,False,1,0,0,0,0,0,0,0,0,0,0,0,0,0,0,0,49,7558,347,610,0.0,0.0,0.0,0.0,0.0,0.0,0,0,0,0,0.0
Remy Rees-Dottin,MID,Bournemouth,687,42,5,2025-09-21T13:00:00Z,True,15,0,0,0,0,0,0,0,0,0,0,0,0,0,0,0,45,14138,242,882,0.0,0.0,0.0,0.0,0.0,0.0,0,0,0,0,-0.5
John Victor Maciel Furtado,GK,Nott'm Forest,715,44,5,2025-09-20T14:00:00Z,False,3,0,0,0,0,0,0,0,0,0,0,0,0,0,0,0,40,39291,13414,2430,0.0,0.0,0.0,0.0,0.0,0.0,0,0,0,0,0.5
Tyrick Mitchell,DEF,Crystal Palace,258,49,5,2025-09-20T14:00:00Z,False,19,90,1,8,1,0,0,1,0,0,0,1,0,0,1,29,50,226126,12341,9659,0.28,0.1,0.66,50.2,40.5,25.0,2,3,6,5,6.7
Matheus Nunes,DEF,Man City,407,41,5,2025-09-21T15:30:00Z,False,1,45,0,1,0,0,0,1,0,0,0,0,0,0,0,5,53,34052,875,4842,0.0,0.0,0.61,11.6,0.8,0.0,6,1,2,7,1.0
Sam Proctor,GK,Aston Villa,703,48,5,2025-09-21T13:00:00Z,False,17,0,0,0,0,0,0,0,0,0,0,0,0,0,0,0,40,30993,1916,1584,0.0,0.0,0.0,0.0,0.0,0.0,0,0,0,0,0.5
Harrison Jones,MID,Sunderland,557,48,5,2025-09-21T13:00:00Z,True,2,0,0,0,0,0,0,0,0,0,0,0,0,0,0,0,44,6901,646,547,0.0,0.0,0.0,0.0,0.0,0.0,0,0,0,0,-0.5
Alex Iwobi,MID,Fulham,324,45,5,2025-09-20T19:00:00Z,True,5,79,1,13,1,1,0,1,0,0,0,0,0,0,3,47,65,165302,13198,19294,0.18,0.2,0.52,59.8,38.3,19.0,0,0,5,5,5.7
Timothy Castagne,DEF,Fulham,319,45,5,2025-09-20T19:00:00Z,True,5,0,0,0,0,0,0,0,0,0,0,0,0,0,0,0,45,14042,421,1556,0.0,0.0,0.0,0.0,0.0,0.0,0,0,0,0,0.0
Bernd Leno,GK,Fulham,314,45,5,2025-09-20T19:00:00Z,True,5,90,1,1,0,0,0,1,0,0,0,1,0,2,0,9,50,193062,9326,7917,0.0,0.0,0.6,19.2,0.0,0.0,1,0,6,0,3.7
Claudio Echeverri,MID,Man City,425,41,5,2025-09-21T15:30:00Z,False,1,0,0,0,0,0,0,0,0,0,0,0,0,0,0,0,54,1550,0,145,0.0,0.0,0.0,0.0,0.0,0.0,0,0,0,0,0.0
Giovanni Leoni,DEF,Liverpool,692,46,5,2025-09-20T11:30:00Z,True,9,0,0,0,0,0,0,0,0,0,0,0,0,0,0,0,50,2165,117,252,0.0,0.0,0.0,0.0,0.0,0.0,0,0,0,0,1.0
Owen Bevan,DEF,Bournemouth,76,42,5,2025-09-21T13:00:00Z,True,15,0,0,0,0,0,0,0,0,0,0,0,0,0,0,0,40,18216,422,1088,0.0,0.0,0.0,0.0,0.0,0.0,0,0,0,0,-0.5
Angus Gunn,GK,Nott'm Forest,675,44,5,2025-09-20T14:00:00Z,False,3,0,0,0,0,0,0,0,0,0,0,0,0,0,0,0,40,199508,3180,5633,0.0,0.0,0.0,0.0,0.0,0.0,0,0,0,0,0.5
Cody Gakpo,MID,Liverpool,384,46,5,2025-09-20T11:30:00Z,True,9,60,1,2,0,0,0,1,0,0,0,0,0,0,0,10,77,2182346,173699,201321,0.08,0.1,0.66,9.2,25.8,10.0,4,1,2,7,3.7
George Earthy,MID,West Ham,620,49,5,2025-09-20T14:00:00Z,True,8,0,0,0,0,0,0,0,0,0,0,0,0,0,0,0,45,7316,428,533,0.0,0.0,0.0,0.0,0.0,0.0,0,0,0,0,0.0
Benjamin Arthur,DEF,Brentford,114,45,5,2025-09-20T19:00:00Z,False,10,0,0,0,0,0,0,0,0,0,0,0,0,0,0,0,40,31220,812,1861,0.0,0.0,0.0,0.0,0.0,0.0,0,0,0,0,0.0
Adam Wharton,MID,Crystal Palace,273,49,5,2025-09-20T14:00:00Z,False,19,74,1,7,0,1,0,1,0,0,0,0,0,0,2,30,50,46799,1524,8384,0.04,0.51,0.52,11.2,43.0,2.0,2,1,2,5,2.7
Tyler Fredricson,DEF,Man Utd,446,47,5,2025-09-20T16:30:00Z,True,7,0,0,0,0,0,0,0,0,0,0,0,0,0,0,0,39,16496,3473,1160,0.0,0.0,0.0,0.0,0.0,0.0,0,0,0,0,-0.5
Ross Barkley,MID,Aston Villa,55,48,5,2025-09-21T13:00:00Z,False,17,0,0,0,0,0,0,0,0,0,0,0,0,0,0,0,49,4720,19,638,0.0,0.0,0.0,0.0,0.0,0.0,0,0,0,0,0.0
Darko Churlinov,MID,Burnley,204,44,5,2025-09-20T14:00:00Z,True,16,0,0,0,0,0,0,0,0,0,0,0,0,0,0,0,49,2063,0,248,0.0,0.0,0.0,0.0,0.0,0.0,0,0,0,0,0.0
Sam Byram,DEF,Leeds,346,50,5,2025-09-20T14:00:00Z,False,20,0,0,0,0,0,0,0,0,0,0,0,0,0,0,0,39,24602,1774,1690,0.0,0.0,0.0,0.0,0.0,0.0,0,0,0,0,-0.5
Chris Richards,DEF,Crystal Palace,261,49,5,2025-09-20T14:00:00Z,False,19,90,1,4,0,0,0,1,0,0,0,0,0,0,0,20,45,266731,44747,13120,0.0,0.0,0.66,32.6,4.0,0.0,13,4,1,17,6.0
Jacob Murphy,MID,Newcastle,489,42,5,2025-09-21T13:00:00Z,False,4,61,1,3,0,0,1,0,0,0,0,0,0,0,0,8,63,140324,12760,11680,0.08,0.05,0.43,6.4,6.8,24.0,1,0,1,2,4.5
Filip Jörgensen,GK,Chelsea,221,47,5,2025-09-20T16:30:00Z,False,14,84,0,1,0,0,0,2,0,0,0,0,0,1,0,4,44,20685,367,1408,0.0,0.0,1.79,9.4,0.0,0.0,2,0,5,0,0.8
Rodrigo 'Rodri' Hernandez Cascante,MID,Man City,421,41,5,2025-09-21T15:30:00Z,False,1,90,1,4,0,0,0,1,0,0,0,0,0,0,0,19,64,80592,7623,6877,0.06,0.01,0.96,22.6,5.2,1.0,11,2,3,16,3.0
Ryan Gravenberch,MID,Liverpool,390,46,5,2025-09-20T11:30:00Z,True,9,90,1,15,1,1,0,1,0,0,0,0,0,0,3,48,55,97715,29948,10327,0.13,0.19,0.7,67.4,18.5,17.0,2,5,7,14,7.7
Naouirou Ahamada,MID,Crystal Palace,275,49,5,2025-09-20T14:00:00Z,False,19,0,0,0,0,0,0,0,0,0,0,0,0,0,0,0,45,4502,304,398,0.0,0.0,0.0,0.0,0.0,0.0,0,0,0,0,0.0
Andrey Nascimento dos Santos,MID,Chelsea,246,47,5,2025-09-20T16:30:00Z,False,14,69,0,2,0,0,0,1,0,0,0,0,0,0,0,17,45,36390,2869,4344,0.1,0.02,0.82,8.4,9.6,7.0,1,1,7,9,1.2
Jake O'Brien,DEF,Everton,293,46,5,2025-09-20T11:30:00Z,False,12,90,1,1,0,0,0,2,0,0,0,0,0,0,0,0,50,60316,2835,5226,0.0,0.02,0.9,5.2,5.5,0.0,1,0,1,1,1.7
Gabriel Martinelli Silva,MID,Arsenal,19,41,5,2025-09-21T15:30:00Z,True,13,10,0,7,1,0,0,0,0,0,0,0,0,0,1,22,69,116281,3506,13385,0.16,0.0,0.25,33.0,0.3,17.0,0,0,0,0,3.7
Omar Marmoush,MID,Man City,413,41,5,2025-09-21T15:30:00Z,False,1,0,0,0,0,0,0,0,0,0,0,0,0,0,0,0,83,424844,343,199655,0.0,0.0,0.0,0.0,0.0,0.0,0,0,0,0,0.6
Patrick Bamford,FWD,Leeds,363,50,5,2025-09-20T14:00:00Z,False,20,0,0,0,0,0,0,0,0,0,0,0,0,0,0,0,49,84999,0,21083,0.0,0.0,0.0,0.0,0.0,0.0,0,0,0,0,0.0
Ederson Santana de Moraes,GK,Man City,399,41,5,2025-09-21T15:30:00Z,False,1,0,0,0,0,0,0,0,0,0,0,0,0,0,0,0,53,155274,0,31063,0.0,0.0,0.0,0.0,0.0,0.0,0,0,0,0,0.0
Jay Matete,MID,Sunderland,558,48,5,2025-09-21T13:00:00Z,True,2,0,0,0,0,0,0,0,0,0,0,0,0,0,0,0,44,28451,3742,2566,0.0,0.0,0.0,0.0,0.0,0.0,0,0,0,0,-0.5
James Milner,MID,Brighton,170,43,5,2025-09-20T14:00:00Z,True,18,27,0,1,0,0,0,1,0,0,0,0,0,0,0,5,50,17627,2436,1983,0.0,0.03,0.31,5.2,11.3,0.0,1,0,3,4,2.7
João Pedro Ferreira da Silva,MID,Nott'm Forest,518,44,5,2025-09-20T14:00:00Z,False,3,0,0,0,0,0,0,0,0,0,0,0,0,0,0,0,54,7328,0,2053,0.0,0.0,0.0,0.0,0.0,0.0,0,0,0,0,0.0
Darwin Núñez Ribeiro,FWD,Liverpool,397,46,5,2025-09-20T11:30:00Z,True,9,0,0,0,0,0,0,0,0,0,0,0,0,0,0,0,65,9114,0,378,0.0,0.0,0.0,0.0,0.0,0.0,0,0,0,0,0.0
Nazarii Rusyn,FWD,Sunderland,564,48,5,2025-09-21T13:00:00Z,True,2,0,0,0,0,0,0,0,0,0,0,0,0,0,0,0,44,17136,0,2105,0.0,0.0,0.0,0.0,0.0,0.0,0,0,0,0,0.0
Blondy Nna Noukeu,GK,Sunderland,530,48,5,2025-09-21T13:00:00Z,True,2,0,0,0,0,0,0,0,0,0,0,0,0,0,0,0,40,16242,228,691,0.0,0.0,0.0,0.0,0.0,0.0,0,0,0,0,-0.5
Andre Harriman-Annous,MID,Arsenal,711,41,5,2025-09-21T15:30:00Z,True,13,0,0,0,0,0,0,0,0,0,0,0,0,0,0,0,45,981,183,134,0.0,0.0,0.0,0.0,0.0,0.0,0,0,0,0,0.0
Stefan Bajčetić Maquieira,MID,Liverpool,393,46,5,2025-09-20T11:30:00Z,True,9,0,0,0,0,0,0,0,0,0,0,0,0,0,0,0,44,6490,64,1098,0.0,0.0,0.0,0.0,0.0,0.0,0,0,0,0,0.0
Eddie Nketiah,FWD,Crystal Palace,284,49,5,2025-09-20T14:00:00Z,False,19,15,0,1,0,0,0,0,0,0,0,0,0,0,0,3,54,18909,1608,1507,0.04,0.0,0.15,3.4,10.4,7.0,1,0,1,2,0.3
Sean Longstaff,MID,Leeds,493,50,5,2025-09-20T14:00:00Z,False,20,82,1,2,0,0,0,1,0,0,0,0,0,0,0,16,49,21731,4006,2161,0.07,0.0,1.51,21.2,3.8,7.0,2,6,3,11,2.5
Jenson Metcalfe,MID,Everton,309,46,5,2025-09-20T11:30:00Z,False,12,0,0,0,0,0,0,0,0,0,0,0,0,0,0,0,45,113,0,2,0.0,0.0,0.0,0.0,0.0,0.0,0,0,0,0,0.0
Nathaniel Clyne,DEF,Crystal Palace,263,49,5,2025-09-20T14:00:00Z,False,19,0,0,0,0,0,0,0,0,0,0,0,0,0,0,0,40,61218,1306,4342,0.0,0.0,0.0,0.0,0.0,0.0,0,0,0,0,0.3
Pascal Struijk,DEF,Leeds,343,50,5,2025-09-20T14:00:00Z,False,20,90,1,4,0,0,0,1,0,0,0,0,0,0,0,14,45,43535,1866,3197,0.0,0.0,1.78,32.8,0.8,0.0,13,1,2,14,3.5
Morgan Gibbs-White,MID,Nott'm Forest,515,44,5,2025-09-20T14:00:00Z,False,3,90,1,2,0,0,0,1,0,0,0,0,0,0,0,16,75,628944,67237,70866,0.08,0.05,0.85,15.0,28.7,25.0,3,0,3,6,2.5
Joe Gelhardt,MID,Leeds,360,50,5,2025-09-20T14:00:00Z,False,20,0,0,0,0,0,0,0,0,0,0,0,0,0,0,0,45,1635,0,185,0.0,0.0,0.0,0.0,0.0,0.0,0,0,0,0,0.0
Mohamed Salah,MID,Liverpool,381,46,5,2025-09-20T11:30:00Z,True,9,90,1,5,0,1,0,1,0,0,0,0,0,0,0,14,145,6387261,151658,185305,0.12,0.19,0.7,21.6,16.7,27.0,2,0,2,4,6.7
Calvin Ramsay,DEF,Liverpool,380,46,5,2025-09-20T11:30:00Z,True,9,0,0,0,0,0,0,0,0,0,0,0,0,0,0,0,39,27156,2670,2237,0.0,0.0,0.0,0.0,0.0,0.0,0,0,0,0,1.0
Benjamin Sesko,FWD,Man Utd,681,47,5,2025-09-20T16:30:00Z,True,7,45,1,1,0,0,0,0,0,0,0,0,0,0,0,2,73,565503,16621,97803,0.0,0.01,0.08,0.2,1.3,2.0,1,0,0,1,0.8
João Pedro Junqueira de Jesus,FWD,Chelsea,249,47,5,2025-09-20T16:30:00Z,False,14,90,1,2,0,0,0,2,0,0,0,0,0,0,0,7,78,7993772,348383,120755,0.0,0.03,1.84,8.0,15.0,8.0,1,1,1,3,6.5
Isaac Schmidt,DEF,Leeds,349,50,5,2025-09-20T14:00:00Z,False,20,0,0,0,0,0,0,0,0,0,0,0,0,0,0,0,40,13660,0,2034,0.0,0.0,0.0,0.0,0.0,0.0,0,0,0,0,0.0
Franco Umeh-Chibueze,MID,Crystal Palace,282,49,5,2025-09-20T14:00:00Z,False,19,0,0,0,0,0,0,0,0,0,0,0,0,0,0,0,45,3430,198,248,0.0,0.0,0.0,0.0,0.0,0.0,0,0,0,0,0.0
Lutsharel Geertruida,DEF,Sunderland,724,48,5,2025-09-21T13:00:00Z,True,2,9,0,1,0,0,0,0,0,0,0,0,0,0,0,4,45,1279,336,207,0.0,0.0,0.25,6.0,0.0,0.0,2,0,0,2,0.5
James Hill,DEF,Bournemouth,77,42,5,2025-09-21T13:00:00Z,True,15,45,0,1,0,0,0,0,0,0,0,0,0,0,0,4,40,108769,11743,6738,0.0,0.0,0.0,5.0,0.7,4.0,4,0,0,4,2.2
Bukayo Saka,MID,Arsenal,16,41,5,2025-09-21T15:30:00Z,True,13,45,0,1,0,0,0,0,0,0,0,0,0,0,0,7,98,415767,1687,97481,0.04,0.21,0.34,5.6,32.3,7.0,0,0,3,3,0.1
Santiago Ignacio Bueno,DEF,Wolves,636,50,5,2025-09-20T14:00:00Z,True,11,0,0,0,0,0,0,0,0,0,0,0,0,0,0,0,44,5597,188,360,0.0,0.0,0.0,0.0,0.0,0.0,0,0,0,0,1.5
Nicolás Domínguez,MID,Nott'm Forest,519,44,5,2025-09-20T14:00:00Z,False,3,0,0,0,0,0,0,0,0,0,0,0,0,0,0,0,50,225,21,34,0.0,0.0,0.0,0.0,0.0,0.0,0,0,0,0,0.0
Remi Matthews,GK,Crystal Palace,255,49,5,2025-09-20T14:00:00Z,False,19,0,0,0,0,0,0,0,0,0,0,0,0,0,0,0,40,12642,336,499,0.0,0.0,0.0,0.0,0.0,0.0,0,0,0,0,0.0
Illan Meslier,GK,Leeds,339,50,5,2025-09-20T14:00:00Z,False,20,0,0,0,0,0,0,0,0,0,0,0,0,0,0,0,44,61267,852,5037,0.0,0.0,0.0,0.0,0.0,0.0,0,0,0,0,-0.5
Martin Dúbravka,GK,Burnley,470,44,5,2025-09-20T14:00:00Z,True,16,90,1,4,0,0,0,1,0,0,0,0,0,7,0,24,40,4064577,107525,48187,0.0,0.0,1.1,49.6,0.0,0.0,1,0,11,0,2.5
Yasin Özcan,DEF,Aston Villa,46,48,5,2025-09-21T13:00:00Z,False,17,0,0,0,0,0,0,0,0,0,0,0,0,0,0,0,40,25453,810,1612,0.0,0.0,0.0,0.0,0.0,0.0,0,0,0,0,0.5
Connor Roberts,DEF,Burnley,186,44,5,2025-09-20T14:00:00Z,True,16,0,0,0,0,0,0,0,0,0,0,0,0,0,0,0,44,5377,44,633,0.0,0.0,0.0,0.0,0.0,0.0,0,0,0,0,-0.1
Murillo Costa dos Santos,DEF,Nott'm Forest,506,44,5,2025-09-20T14:00:00Z,False,3,0,0,0,0,0,0,0,0,0,0,0,0,0,0,0,55,492285,2554,106679,0.0,0.0,0.0,0.0,0.0,0.0,0,0,0,0,1.4
Ferdi Kadıoğlu,DEF,Brighton,148,43,5,2025-09-20T14:00:00Z,True,18,84,1,1,0,0,0,2,0,0,0,0,0,0,0,9,44,16491,932,1022,0.07,0.01,1.21,10.6,11.3,4.0,1,4,5,5,1.7
Aji Alese,DEF,Sunderland,533,48,5,2025-09-21T13:00:00Z,True,2,0,0,0,0,0,0,0,0,0,0,0,0,0,0,0,40,495,14,49,0.0,0.0,0.0,0.0,0.0,0.0,0,0,0,0,-0.2
Harry Gray,FWD,Leeds,741,50,5,2025-09-20T14:00:00Z,False,20,0,0,0,0,0,0,0,0,0,0,0,0,0,0,0,45,0,0,0,0.0,0.0,0.0,0.0,0.0,0.0,0,0,0,0,0.6
Kaden Rodney,MID,Crystal Palace,281,49,5,2025-09-20T14:00:00Z,False,19,0,0,0,0,0,0,0,0,0,0,0,0,0,0,0,45,5042,322,377,0.0,0.0,0.0,0.0,0.0,0.0,0,0,0,0,0.0
Odysseas Vlachodimos,GK,Newcastle,472,42,5,2025-09-21T13:00:00Z,False,4,0,0,0,0,0,0,0,0,0,0,0,0,0,0,0,40,2611,0,137,0.0,0.0,0.0,0.0,0.0,0.0,0,0,0,0,0.0
Yunus Emre Konak,MID,Brentford,131,45,5,2025-09-20T19:00:00Z,False,10,0,0,0,0,0,0,0,0,0,0,0,0,0,0,0,44,25321,4845,2464,0.0,0.0,0.0,0.0,0.0,0.0,0,0,0,0,0.0
Kyle Walker-Peters,DEF,West Ham,659,49,5,2025-09-20T14:00:00Z,True,8,90,1,1,0,0,0,2,0,0,0,0,0,0,0,13,44,42110,3089,2710,0.1,0.02,2.31,17.4,6.4,26.0,2,1,4,3,2.7
Gabriel Gudmundsson,DEF,Leeds,347,50,5,2025-09-20T14:00:00Z,False,20,90,1,4,0,0,0,1,0,0,0,0,0,0,0,11,40,603869,40832,24739,0.0,0.12,1.78,20.0,6.3,6.0,10,0,5,10,3.8
Jacob Slater,DEF,Brighton,155,43,5,2025-09-20T14:00:00Z,True,18,0,0,0,0,0,0,0,0,0,0,0,0,0,0,0,40,20276,498,1165,0.0,0.0,0.0,0.0,0.0,0.0,0,0,0,0,0.0
Joe White,MID,Newcastle,498,42,5,2025-09-21T13:00:00Z,False,4,0,0,0,0,0,0,0,0,0,0,0,0,0,0,0,45,857,0,59,0.0,0.0,0.0,0.0,0.0,0.0,0,0,0,0,0.0
Tyrell Malacia,DEF,Man Utd,448,47,5,2025-09-20T16:30:00Z,True,7,0,0,0,0,0,0,0,0,0,0,0,0,0,0,0,39,47720,14170,3983,0.0,0.0,0.0,0.0,0.0,0.0,0,0,0,0,-0.5
Ian Maatsen,DEF,Aston Villa,39,48,5,2025-09-21T13:00:00Z,False,17,32,0,0,0,0,0,1,0,0,0,1,0,0,0,-2,44,68341,2051,7616,0.0,0.02,0.68,5.0,3.5,6.0,2,0,3,2,0.8
Nathan Aké,DEF,Man City,405,41,5,2025-09-21T15:30:00Z,False,1,22,0,1,0,0,0,1,0,0,0,0,0,0,0,1,54,79889,2348,6501,0.0,0.03,0.23,3.0,0.5,0.0,2,0,0,2,0.7
Enso González Medina,MID,Wolves,652,50,5,2025-09-20T14:00:00Z,True,11,0,0,0,0,0,0,0,0,0,0,0,0,0,0,0,44,195894,33581,16008,0.0,0.0,0.0,0.0,0.0,0.0,0,0,0,0,0.5
Jayden Bogle,DEF,Leeds,342,50,5,2025-09-20T14:00:00Z,False,20,82,1,4,0,1,0,1,0,0,0,1,0,0,0,6,45,23588,1233,1201,0.0,0.0,1.51,10.0,1.3,0.0,5,3,5,8,3.5
James Maddison,MID,Spurs,581,43,5,2025-09-20T14:00:00Z,False,6,0,0,0,0,0,0,0,0,0,0,0,0,0,0,0,69,16996,64,894,0.0,0.0,0.0,0.0,0.0,0.0,0,0,0,0,0.0
Pervis Estupiñán Tenorio,DEF,Brighton,147,43,5,2025-09-20T14:00:00Z,True,18,0,0,0,0,0,0,0,0,0,0,0,0,0,0,0,45,1435,0,75,0.0,0.0,0.0,0.0,0.0,0.0,0,0,0,0,0.0
Solly March,MID,Brighton,159,43,5,2025-09-20T14:00:00Z,True,18,0,0,0,0,0,0,0,0,0,0,0,0,0,0,0,58,987,21,118,0.0,0.0,0.0,0.0,0.0,0.0,0,0,0,0,0.0
Wes Foderingham,GK,West Ham,601,49,5,2025-09-20T14:00:00Z,True,8,0,0,0,0,0,0,0,0,0,0,0,0,0,0,0,40,52115,0,6139,0.0,0.0,0.0,0.0,0.0,0.0,0,0,0,0,0.0
Kobbie Mainoo,MID,Man Utd,458,47,5,2025-09-20T16:30:00Z,True,7,3,0,1,0,0,0,0,0,0,0,0,0,0,0,3,49,60185,3220,6236,0.0,0.0,0.1,1.0,0.3,0.0,1,0,0,1,0.5
Ryan Yates,MID,Nott'm Forest,522,44,5,2025-09-20T14:00:00Z,False,3,0,0,0,0,0,0,0,0,0,0,0,0,0,0,0,49,10534,362,1019,0.0,0.0,0.0,0.0,0.0,0.0,0,0,0,0,0.8
Kevin Schade,MID,Brentford,120,45,5,2025-09-20T19:00:00Z,False,10,90,1,2,0,0,0,3,0,0,0,0,0,0,0,7,70,52230,20261,4501,0.06,0.2,1.01,6.0,11.3,13.0,0,2,3,5,3.0
David Møller Wolfe,DEF,Wolves,682,50,5,2025-09-20T14:00:00Z,True,11,0,0,0,0,0,0,0,0,0,0,0,0,0,0,0,45,9248,238,722,0.0,0.0,0.0,0.0,0.0,0.0,0,0,0,0,1.8
Arthur Masuaku,DEF,Sunderland,678,48,5,2025-09-21T13:00:00Z,True,2,10,0,1,0,0,0,0,0,0,0,0,0,0,0,3,40,73384,775,3851,0.0,0.0,0.25,2.0,0.1,0.0,2,0,0,2,-0.2
Filip Marschall,GK,Aston Villa,35,48,5,2025-09-21T13:00:00Z,False,17,0,0,0,0,0,0,0,0,0,0,0,0,0,0,0,40,1582,0,70,0.0,0.0,0.0,0.0,0.0,0.0,0,0,0,0,0.0
Joe Gomez,DEF,Liverpool,376,46,5,2025-09-20T11:30:00Z,True,9,0,0,0,0,0,0,0,0,0,0,0,0,0,0,0,50,16208,589,1396,0.0,0.0,0.0,0.0,0.0,0.0,0,0,0,0,1.3
Felipe Rodrigues da Silva,DEF,Nott'm Forest,511,44,5,2025-09-20T14:00:00Z,False,3,90,1,1,0,0,0,1,0,0,0,1,0,0,0,6,44,10316,1600,694,0.0,0.01,0.85,16.0,1.9,0.0,4,3,5,7,1.2
Mohammed Kudus,MID,Spurs,582,43,5,2025-09-20T14:00:00Z,False,6,90,1,7,0,2,0,2,0,0,0,1,0,0,0,21,66,3672210,155585,304763,0.11,0.16,1.32,25.0,33.8,20.0,0,2,5,7,4.0
Richarlison de Andrade,FWD,Spurs,597,43,5,2025-09-20T14:00:00Z,False,6,90,1,9,1,0,0,2,0,0,0,0,0,0,3,35,67,1551167,129318,264086,0.76,0.05,1.32,36.6,14.9,75.0,0,1,2,3,4.0
Michael Kayode,DEF,Brentford,110,45,5,2025-09-20T19:00:00Z,False,10,90,1,1,0,0,0,3,0,0,0,0,0,0,0,5,45,45478,2360,3624,0.0,0.07,1.01,13.2,22.9,2.0,2,2,5,4,1.3
Granit Xhaka,MID,Sunderland,668,48,5,2025-09-21T13:00:00Z,True,2,90,1,4,0,1,0,1,0,0,0,1,0,0,0,20,50,335389,36352,21615,0.07,0.09,0.71,24.8,21.6,9.0,1,4,3,8,3.8
Mikkel Damsgaard,MID,Brentford,121,45,5,2025-09-20T19:00:00Z,False,10,86,1,8,1,0,0,3,0,0,0,0,0,0,1,32,59,80177,1949,12127,0.19,0.04,1.01,42.6,8.0,24.0,0,3,1,4,3.3
Albert Sambi Lokonga,MID,Arsenal,29,41,5,2025-09-21T15:30:00Z,True,13,0,0,0,0,0,0,0,0,0,0,0,0,0,0,0,45,10333,0,1683,0.0,0.0,0.0,0.0,0.0,0.0,0,0,0,0,0.0
Declan Rice,MID,Arsenal,21,41,5,2025-09-21T15:30:00Z,True,13,90,1,3,0,0,0,1,0,0,0,0,0,0,1,22,65,1005474,33687,120228,0.0,0.16,0.89,18.8,37.0,0.0,1,2,6,9,2.7
Mathias Jensen,MID,Brentford,126,45,5,2025-09-20T19:00:00Z,False,10,0,0,0,0,0,0,0,0,0,0,0,0,0,0,0,49,8120,367,642,0.0,0.0,0.0,0.0,0.0,0.0,0,0,0,0,0.7
Joël Veltman,DEF,Brighton,152,43,5,2025-09-20T14:00:00Z,True,18,90,1,3,0,0,0,2,0,0,0,0,0,0,0,11,44,21743,1486,1318,0.0,0.0,1.22,27.0,5.2,0.0,8,7,4,15,2.3
Joachim Andersen,DEF,Fulham,317,45,5,2025-09-20T19:00:00Z,True,5,90,1,4,0,0,0,1,0,0,0,0,0,0,0,15,45,432593,75860,15829,0.22,0.01,0.6,32.4,0.8,11.0,13,2,3,15,5.7
James Garner,MID,Everton,303,46,5,2025-09-20T11:30:00Z,False,12,90,1,4,0,0,0,2,0,0,0,0,0,0,0,17,50,58683,24001,7903,0.04,0.02,0.9,16.2,3.2,3.0,6,5,7,18,3.3
Stephen Mfuni,DEF,Man City,740,41,5,2025-09-21T15:30:00Z,False,1,0,0,0,0,0,0,0,0,0,0,0,0,0,0,0,40,952,423,54,0.0,0.0,0.0,0.0,0.0,0.0,0,0,0,0,0.0
Joshua Zirkzee,FWD,Man Utd,466,47,5,2025-09-20T16:30:00Z,True,7,0,0,0,0,0,0,0,0,0,0,0,0,0,0,0,59,47065,3752,4700,0.0,0.0,0.0,0.0,0.0,0.0,0,0,0,0,0.2
Jayden Meghoma,DEF,Brentford,118,45,5,2025-09-20T19:00:00Z,False,10,0,0,0,0,0,0,0,0,0,0,0,0,0,0,0,40,8108,0,734,0.0,0.0,0.0,0.0,0.0,0.0,0,0,0,0,0.0
Conor Bradley,DEF,Liverpool,375,46,5,2025-09-20T11:30:00Z,True,9,90,1,2,0,0,0,1,0,0,0,0,0,0,0,6,50,14473,1107,1848,0.04,0.04,0.7,5.4,3.7,5.0,4,1,1,5,1.7
Igor Thiago Nascimento Rodrigues,FWD,Brentford,136,45,5,2025-09-20T19:00:00Z,False,10,64,1,2,0,0,0,3,0,0,0,0,0,0,0,5,60,213662,43938,24882,0.1,0.01,1.01,3.4,1.6,17.0,1,1,2,4,3.0
Florian Wirtz,MID,Liverpool,382,46,5,2025-09-20T11:30:00Z,True,9,29,0,0,0,0,0,0,0,0,0,1,0,0,0,-2,83,1948846,40563,390946,0.0,0.03,0.04,1.4,11.3,4.0,0,0,0,0,3.0
Leandro Trossard,MID,Arsenal,20,41,5,2025-09-21T15:30:00Z,True,13,83,1,2,0,0,0,1,0,0,0,0,0,0,0,13,69,31485,1557,1964,0.14,0.07,0.89,7.6,4.3,17.0,2,1,1,4,2.0
William Saliba,DEF,Arsenal,6,41,5,2025-09-21T15:30:00Z,True,13,90,1,2,0,0,0,1,0,0,0,0,0,0,0,15,60,1469699,9735,208139,0.13,0.02,0.89,22.0,3.0,4.0,5,4,8,9,1.0
Harry Amass,DEF,Man Utd,445,47,5,2025-09-20T16:30:00Z,True,7,0,0,0,0,0,0,0,0,0,0,0,0,0,0,0,40,13659,0,1773,0.0,0.0,0.0,0.0,0.0,0.0,0,0,0,0,0.0
Cheick Doucouré,MID,Crystal Palace,268,49,5,2025-09-20T14:00:00Z,False,19,0,0,0,0,0,0,0,0,0,0,0,0,0,0,0,49,352,22,30,0.0,0.0,0.0,0.0,0.0,0.0,0,0,0,0,0.0
Anthony Elanga,MID,Newcastle,486,42,5,2025-09-21T13:00:00Z,False,4,28,0,1,0,0,0,0,0,0,0,0,0,0,0,5,70,790000,23369,214066,0.0,0.0,0.13,3.4,0.7,2.0,2,0,1,3,1.5
Noni Madueke,MID,Arsenal,18,41,5,2025-09-21T15:30:00Z,True,13,45,1,1,0,0,0,1,0,0,0,0,0,0,0,-2,70,206030,50089,24246,0.15,0.01,0.55,0.4,1.7,29.0,0,0,2,2,2.0
Saša Lukić,MID,Fulham,332,45,5,2025-09-20T19:00:00Z,True,5,85,1,1,0,0,0,1,0,0,0,1,0,0,0,6,50,10324,2011,794,0.09,0.25,0.55,1.4,29.3,9.0,2,1,2,5,2.7
Max Dowman,MID,Arsenal,700,41,5,2025-09-21T15:30:00Z,True,13,0,0,0,0,0,0,0,0,0,0,0,0,0,0,0,45,50056,9112,6831,0.0,0.0,0.0,0.0,0.0,0.0,0,0,0,0,0.3
Stefan Ortega Moreno,GK,Man City,400,41,5,2025-09-21T15:30:00Z,False,1,0,0,0,0,0,0,0,0,0,0,0,0,0,0,0,49,23634,180,1471,0.0,0.0,0.0,0.0,0.0,0.0,0,0,0,0,0.0
Rúben dos Santos Gato Alves Dias,DEF,Man City,408,41,5,2025-09-21T15:30:00Z,False,1,90,1,2,0,0,0,1,0,0,0,0,0,0,0,5,55,466592,20330,26695,0.0,0.0,0.96,9.0,0.7,0.0,6,0,1,6,3.0
Chris Mepham,DEF,Bournemouth,79,42,5,2025-09-21T13:00:00Z,True,15,0,0,0,0,0,0,0,0,0,0,0,0,0,0,0,40,14878,0,2275,0.0,0.0,0.0,0.0,0.0,0.0,0,0,0,0,0.0
Joe Willock,MID,Newcastle,494,42,5,2025-09-21T13:00:00Z,False,4,61,1,3,0,0,1,0,0,0,0,0,0,0,0,15,50,6164,877,552,0.0,0.01,0.43,10.6,1.9,2.0,1,4,4,9,1.8
Elliot Anderson,MID,Nott'm Forest,517,44,5,2025-09-20T14:00:00Z,False,3,90,1,4,0,0,0,1,0,0,0,0,0,0,0,24,55,621325,38475,43065,0.04,0.25,0.85,28.0,36.5,9.0,5,1,9,15,3.8
Jack Hinshelwood,MID,Brighton,163,43,5,2025-09-20T14:00:00Z,True,18,0,0,0,0,0,0,0,0,0,0,0,0,0,0,0,53,6266,69,1785,0.0,0.0,0.0,0.0,0.0,0.0,0,0,0,0,0.0
David Brooks,MID,Bournemouth,86,42,5,2025-09-21T13:00:00Z,True,15,62,1,3,0,0,1,0,0,0,0,0,0,0,0,8,50,46212,5246,6557,0.0,0.04,0.14,3.8,14.8,4.0,2,0,4,6,2.2
Kevin Santos Lopes de Macedo,MID,Fulham,731,45,5,2025-09-20T19:00:00Z,True,5,23,0,0,0,0,0,0,0,0,0,1,0,0,0,2,60,16863,13870,1318,0.0,0.0,0.17,2.2,1.2,0.0,1,0,2,3,0.5
Nikola Milenković,DEF,Nott'm Forest,505,44,5,2025-09-20T14:00:00Z,False,3,90,1,2,0,0,0,1,0,0,0,0,0,0,0,16,55,886578,48283,82246,0.0,0.11,0.85,18.4,13.3,0.0,8,0,2,8,1.8
Julio Soler Barreto,DEF,Bournemouth,80,42,5,2025-09-21T13:00:00Z,True,15,0,0,0,0,0,0,0,0,0,0,0,0,0,0,0,40,29931,1278,1626,0.0,0.0,0.0,0.0,0.0,0.0,0,0,0,0,-0.2
Mamadou Sarr,DEF,Chelsea,231,47,5,2025-09-20T16:30:00Z,False,14,0,0,0,0,0,0,0,0,0,0,0,0,0,0,0,45,1128,0,89,0.0,0.0,0.0,0.0,0.0,0.0,0,0,0,0,0.0
Lukas Nmecha,FWD,Leeds,365,50,5,2025-09-20T14:00:00Z,False,20,1,0,1,0,0,0,0,0,0,0,0,0,0,0,3,50,93056,16040,10874,0.0,0.0,0.02,1.0,0.0,0.0,1,0,0,1,0.8
Loum Tchaouna,MID,Burnley,210,44,5,2025-09-20T14:00:00Z,True,16,80,1,2,0,0,0,1,0,0,0,0,0,0,0,6,49,4064,920,325,0.08,0.1,0.76,1.6,8.8,8.0,2,1,0,3,2.2
Ollie Watkins,FWD,Aston Villa,64,48,5,2025-09-21T13:00:00Z,False,17,90,1,2,0,0,0,1,0,0,0,0,0,0,0,4,88,1713570,76563,245320,0.0,0.0,1.05,1.2,0.8,6.0,0,1,1,2,2.5
James Ward-Prowse,MID,West Ham,614,49,5,2025-09-20T14:00:00Z,True,8,90,1,2,0,0,0,2,0,0,0,0,0,0,0,15,59,30883,1726,3343,0.02,0.23,2.31,10.2,26.6,2.0,2,1,1,4,2.3
Jarrod Bowen,FWD,West Ham,624,49,5,2025-09-20T14:00:00Z,True,8,90,1,9,1,0,0,2,0,0,0,0,0,0,3,31,77,766609,33901,99557,0.24,0.23,2.31,40.8,20.4,23.0,1,1,1,3,6.7
Nico González Iglesias,MID,Man City,423,41,5,2025-09-21T15:30:00Z,False,1,14,0,1,0,0,0,1,0,0,0,0,0,0,0,2,60,10508,858,1397,0.0,0.0,0.18,1.8,0.5,0.0,1,0,1,2,0.7
Gonçalo Manuel Ganchinho Guedes,MID,Wolves,647,50,5,2025-09-20T14:00:00Z,True,11,0,0,0,0,0,0,0,0,0,0,0,0,0,0,0,55,492,0,36,0.0,0.0,0.0,0.0,0.0,0.0,0,0,0,0,0.0
Alan Browne,MID,Sunderland,555,48,5,2025-09-21T13:00:00Z,True,2,0,0,0,0,0,0,0,0,0,0,0,0,0,0,0,45,6950,0,1154,0.0,0.0,0.0,0.0,0.0,0.0,0,0,0,0,0.0
Jaka Bijol,DEF,Leeds,344,50,5,2025-09-20T14:00:00Z,False,20,0,0,0,0,0,0,0,0,0,0,0,0,0,0,0,40,17092,373,1691,0.0,0.0,0.0,0.0,0.0,0.0,0,0,0,0,-0.5
Alex Scott,MID,Bournemouth,90,42,5,2025-09-21T13:00:00Z,True,15,62,1,3,0,0,1,0,0,0,0,0,0,0,0,12,50,28775,16843,3122,0.06,0.02,0.14,7.6,8.5,1.0,3,2,5,10,4.5
Lewis O'Brien,MID,Nott'm Forest,520,44,5,2025-09-20T14:00:00Z,False,3,0,0,0,0,0,0,0,0,0,0,0,0,0,0,0,50,120,0,5,0.0,0.0,0.0,0.0,0.0,0.0,0,0,0,0,0.0
Patrick Roberts,MID,Sunderland,545,48,5,2025-09-21T13:00:00Z,True,2,0,0,0,0,0,0,0,0,0,0,0,0,0,0,0,54,2326,0,482,0.0,0.0,0.0,0.0,0.0,0.0,0,0,0,0,0.0
Álex Moreno Lopera,DEF,Aston Villa,43,48,5,2025-09-21T13:00:00Z,False,17,0,0,0,0,0,0,0,0,0,0,0,0,0,0,0,40,487442,0,87004,0.0,0.0,0.0,0.0,0.0,0.0,0,0,0,0,0.0
Eric da Silva Moreira,MID,Nott'm Forest,523,44,5,2025-09-20T14:00:00Z,False,3,0,0,0,0,0,0,0,0,0,0,0,0,0,0,0,45,11296,0,2244,0.0,0.0,0.0,0.0,0.0,0.0,0,0,0,0,0.0
Leny Yoro,DEF,Man Utd,444,47,5,2025-09-20T16:30:00Z,True,7,20,0,1,0,0,0,1,0,0,0,0,0,0,0,-2,45,268351,7578,28031,0.0,0.0,0.3,0.0,0.0,0.0,0,0,2,0,0.5
Shurandy Sambo,DEF,Burnley,196,44,5,2025-09-20T14:00:00Z,True,16,0,0,0,0,0,0,0,0,0,0,0,0,0,0,0,40,7560,0,623,0.0,0.0,0.0,0.0,0.0,0.0,0,0,0,0,0.0
Diego Gómez Amarilla,MID,Brighton,169,43,5,2025-09-20T14:00:00Z,True,18,45,0,0,0,0,0,1,0,0,0,1,0,0,0,5,50,7433,506,652,0.02,0.06,0.31,7.0,14.6,4.0,0,3,2,5,0.7
Piero Hincapié,DEF,Arsenal,725,41,5,2025-09-21T15:30:00Z,True,13,0,0,0,0,0,0,0,0,0,0,0,0,0,0,0,55,3869,897,810,0.0,0.0,0.0,0.0,0.0,0.0,0,0,0,0,0.0
Neco Williams,DEF,Nott'm Forest,508,44,5,2025-09-20T14:00:00Z,False,3,90,1,10,1,0,0,1,0,0,0,0,0,0,2,28,50,820461,27438,79590,0.15,0.01,0.85,49.4,8.3,37.0,5,2,4,7,4.2
David Mota Veiga Teixeira do Carmo,DEF,Nott'm Forest,509,44,5,2025-09-20T14:00:00Z,False,3,0,0,0,0,0,0,0,0,0,0,0,0,0,0,0,45,3812,0,622,0.0,0.0,0.0,0.0,0.0,0.0,0,0,0,0,0.0
Harrison Armstrong,MID,Everton,305,46,5,2025-09-20T11:30:00Z,False,12,0,0,0,0,0,0,0,0,0,0,0,0,0,0,0,45,10046,0,2001,0.0,0.0,0.0,0.0,0.0,0.0,0,0,0,0,0.0
Jackson Tchatchoua,DEF,Wolves,695,50,5,2025-09-20T14:00:00Z,True,11,90,1,1,0,0,0,3,0,0,0,0,0,0,0,8,45,1934,169,179,0.0,0.01,0.48,22.0,30.8,6.0,2,4,5,6,1.5
Lucas Pires Silva,DEF,Burnley,195,44,5,2025-09-20T14:00:00Z,True,16,0,0,0,0,0,0,0,0,0,0,0,0,0,0,0,39,22023,5008,1598,0.0,0.0,0.0,0.0,0.0,0.0,0,0,0,0,-0.5
Anthony Patterson,GK,Sunderland,528,48,5,2025-09-21T13:00:00Z,True,2,0,0,0,0,0,0,0,0,0,0,0,0,0,0,0,44,27768,404,2490,0.0,0.0,0.0,0.0,0.0,0.0,0,0,0,0,-0.5
Wilson Isidor,FWD,Sunderland,560,48,5,2025-09-21T13:00:00Z,True,2,79,1,9,1,0,0,1,0,0,0,0,0,0,3,35,55,143868,71124,16534,0.62,0.0,0.46,34.0,1.0,45.0,0,1,2,3,5.8
Jack Harrison,MID,Leeds,352,50,5,2025-09-20T14:00:00Z,False,20,20,0,1,0,0,0,0,0,0,0,0,0,0,0,4,53,8782,484,1231,0.0,0.0,0.5,0.6,1.5,0.0,0,0,3,3,0.5
Dango Ouattara,MID,Brentford,83,45,5,2025-09-20T19:00:00Z,False,10,25,0,1,0,0,0,0,0,0,0,0,0,0,0,-2,60,102067,11860,21200,0.12,0.0,0.0,0.0,0.3,11.0,0,0,0,0,1.3
Mathys Tel,MID,Spurs,584,43,5,2025-09-20T14:00:00Z,False,6,0,0,0,0,0,0,0,0,0,0,0,0,0,0,0,63,12719,1626,1380,0.0,0.0,0.0,0.0,0.0,0.0,0,0,0,0,1.3
Charlie Crew,MID,Leeds,359,50,5,2025-09-20T14:00:00Z,False,20,0,0,0,0,0,0,0,0,0,0,0,0,0,0,0,45,650,0,50,0.0,0.0,0.0,0.0,0.0,0.0,0,0,0,0,0.0
Ryan Trevitt,MID,Brentford,134,45,5,2025-09-20T19:00:00Z,False,10,0,0,0,0,0,0,0,0,0,0,0,0,0,0,0,45,729,0,64,0.0,0.0,0.0,0.0,0.0,0.0,0,0,0,0,0.0
Sandro Tonali,MID,Newcastle,491,42,5,2025-09-21T13:00:00Z,False,4,90,1,3,0,0,1,0,0,0,0,0,0,0,0,19,54,155886,12511,13600,0.06,0.17,0.56,17.2,32.6,5.0,0,3,5,8,3.5
Ben Broggio,MID,Aston Villa,60,48,5,2025-09-21T13:00:00Z,False,17,0,0,0,0,0,0,0,0,0,0,0,0,0,0,0,45,38879,4031,3358,0.0,0.0,0.0,0.0,0.0,0.0,0,0,0,0,0.5
Matt Doherty,DEF,Wolves,632,50,5,2025-09-20T14:00:00Z,True,11,0,0,0,0,0,0,0,0,0,0,0,0,0,0,0,44,17597,504,1596,0.0,0.0,0.0,0.0,0.0,0.0,0,0,0,0,0.5
Niclas Füllkrug,FWD,West Ham,625,49,5,2025-09-20T14:00:00Z,True,8,31,0,1,0,0,0,1,0,0,0,0,0,0,0,1,58,141995,4962,24889,0.0,0.03,0.55,0.0,10.6,2.0,0,0,0,0,1.0
Maldini Kacurri,DEF,Arsenal,14,41,5,2025-09-21T15:30:00Z,True,13,0,0,0,0,0,0,0,0,0,0,0,0,0,0,0,39,24750,4159,1771,0.0,0.0,0.0,0.0,0.0,0.0,0,0,0,0,0.0
Donyell Malen,MID,Aston Villa,53,48,5,2025-09-21T13:00:00Z,False,17,17,0,1,0,0,0,1,0,0,0,0,0,0,0,4,52,84327,4444,18596,0.1,0.05,0.27,2.2,12.8,14.0,0,1,0,1,1.8
Bafodé Diakité,DEF,Bournemouth,685,42,5,2025-09-21T13:00:00Z,True,15,90,1,5,0,0,1,0,0,0,0,1,0,0,0,25,45,48635,1122,15475,0.0,0.03,0.14,20.0,11.8,4.0,5,2,3,7,2.4
Leander Dendoncker,MID,Aston Villa,61,48,5,2025-09-21T13:00:00Z,False,17,0,0,0,0,0,0,0,0,0,0,0,0,0,0,0,45,17123,0,2260,0.0,0.0,0.0,0.0,0.0,0.0,0,0,0,0,0.0
Robin Roefs,GK,Sunderland,670,48,5,2025-09-21T13:00:00Z,True,2,90,1,2,0,0,0,1,0,0,0,0,0,1,0,3,45,256830,87608,16405,0.0,0.0,0.71,6.2,0.0,0.0,1,0,5,0,6.2
Lesley Ugochukwu,MID,Burnley,676,44,5,2025-09-20T14:00:00Z,True,16,0,0,0,0,0,0,0,0,0,0,0,0,0,0,0,50,4287,115,793,0.0,0.0,0.0,0.0,0.0,0.0,0,0,0,0,0.0
Borna Sosa,DEF,Crystal Palace,259,49,5,2025-09-20T14:00:00Z,False,19,0,0,0,0,0,0,0,0,0,0,0,0,0,0,0,49,14866,612,1401,0.0,0.0,0.0,0.0,0.0,0.0,0,0,0,0,0.0
Kaelan Casey,DEF,West Ham,611,49,5,2025-09-20T14:00:00Z,True,8,0,0,0,0,0,0,0,0,0,0,0,0,0,0,0,40,12764,0,856,0.0,0.0,0.0,0.0,0.0,0.0,0,0,0,0,0.0
Hamed Traorè,MID,Bournemouth,93,42,5,2025-09-21T13:00:00Z,True,15,0,0,0,0,0,0,0,0,0,0,0,0,0,0,0,45,85462,0,23060,0.0,0.0,0.0,0.0,0.0,0.0,0,0,0,0,0.0
Jack Fletcher,MID,Man Utd,462,47,5,2025-09-20T16:30:00Z,True,7,0,0,0,0,0,0,0,0,0,0,0,0,0,0,0,44,6512,595,532,0.0,0.0,0.0,0.0,0.0,0.0,0,0,0,0,-0.5
Riccardo Calafiori,DEF,Arsenal,7,41,5,2025-09-21T15:30:00Z,True,13,90,1,2,0,0,0,1,0,0,0,0,0,0,0,7,57,1636657,156708,80907,0.14,0.05,0.89,3.6,6.2,19.0,2,3,6,5,3.0
David Raya Martín,GK,Arsenal,1,41,5,2025-09-21T15:30:00Z,True,13,90,1,2,0,0,0,1,0,0,0,0,0,2,0,13,55,2762632,98100,107886,0.0,0.01,0.89,21.4,0.0,0.0,1,0,6,0,3.3
Jesurun Rak-Sakyi,MID,Crystal Palace,278,49,5,2025-09-20T14:00:00Z,False,19,0,0,0,0,0,0,0,0,0,0,0,0,0,0,0,44,8822,2323,944,0.0,0.0,0.0,0.0,0.0,0.0,0,0,0,0,0.0
Nectarios Triantis,MID,Sunderland,559,48,5,2025-09-21T13:00:00Z,True,2,0,0,0,0,0,0,0,0,0,0,0,0,0,0,0,44,8331,1045,758,0.0,0.0,0.0,0.0,0.0,0.0,0,0,0,0,-0.5
Romelle Donovan,MID,Brentford,130,45,5,2025-09-20T19:00:00Z,False,10,0,0,0,0,0,0,0,0,0,0,0,0,0,0,0,45,11982,907,990,0.0,0.0,0.0,0.0,0.0,0.0,0,0,0,0,0.0
Maxim De Cuyper,DEF,Brighton,145,43,5,2025-09-20T14:00:00Z,True,18,0,0,0,0,0,0,0,0,0,0,0,0,0,0,0,45,380324,533,89630,0.0,0.0,0.0,0.0,0.0,0.0,0,0,0,0,0.8
Joël Piroe,FWD,Leeds,362,50,5,2025-09-20T14:00:00Z,False,20,0,0,0,0,0,0,0,0,0,0,0,0,0,0,0,53,83788,1292,19861,0.0,0.0,0.0,0.0,0.0,0.0,0,0,0,0,-0.5
Marco Bizot,GK,Aston Villa,33,48,5,2025-09-21T13:00:00Z,False,17,0,0,0,0,0,0,0,0,0,0,0,0,0,0,0,45,80334,1794,11515,0.0,0.0,0.0,0.0,0.0,0.0,0,0,0,0,0.5
Xavi Simons,MID,Spurs,717,43,5,2025-09-20T14:00:00Z,False,6,29,0,1,0,0,0,0,0,0,0,0,0,0,0,4,70,448496,311225,31017,0.25,0.06,0.42,3.2,12.3,24.0,0,0,1,1,3.5
Maxwel Cornet,MID,West Ham,617,49,5,2025-09-20T14:00:00Z,True,8,0,0,0,0,0,0,0,0,0,0,0,0,0,0,0,49,2723,0,391,0.0,0.0,0.0,0.0,0.0,0.0,0,0,0,0,0.0
Vitor de Oliveira Nunes dos Reis,DEF,Man City,412,41,5,2025-09-21T15:30:00Z,False,1,0,0,0,0,0,0,0,0,0,0,0,0,0,0,0,50,675,0,40,0.0,0.0,0.0,0.0,0.0,0.0,0,0,0,0,0.0
Sam Johnstone,GK,Wolves,627,50,5,2025-09-20T14:00:00Z,True,11,0,0,0,0,0,0,0,0,0,0,0,0,0,0,0,45,16579,1315,683,0.0,0.0,0.0,0.0,0.0,0.0,0,0,0,0,1.5
Antonee Robinson,DEF,Fulham,316,45,5,2025-09-20T19:00:00Z,True,5,0,0,0,0,0,0,0,0,0,0,0,0,0,0,0,50,98401,9244,10884,0.0,0.0,0.0,0.0,0.0,0.0,0,0,0,0,0.3
Jørgen Strand Larsen,FWD,Wolves,654,50,5,2025-09-20T14:00:00Z,True,11,45,0,1,0,0,0,0,0,0,0,0,0,0,0,2,64,192584,3441,64476,0.04,0.12,0.07,0.0,1.6,10.0,0,0,1,1,0.6
Estêvão Almeida de Oliveira Gonçalves,MID,Chelsea,238,47,5,2025-09-20T16:30:00Z,False,14,5,1,1,0,0,0,0,0,0,0,0,0,0,0,1,65,240157,8715,69995,0.0,0.0,0.05,0.0,0.0,0.0,0,0,2,2,1.8
Tom Watson,MID,Brighton,172,43,5,2025-09-20T14:00:00Z,True,18,0,0,0,0,0,0,0,0,0,0,0,0,0,0,0,49,3362,126,245,0.0,0.0,0.0,0.0,0.0,0.0,0,0,0,0,0.0
Lucas Estella Perri,GK,Leeds,665,50,5,2025-09-20T14:00:00Z,False,20,0,0,0,0,0,0,0,0,0,0,0,0,0,0,0,45,38159,130,5971,0.0,0.0,0.0,0.0,0.0,0.0,0,0,0,0,0.0
Timothée Pembélé,DEF,Sunderland,540,48,5,2025-09-21T13:00:00Z,True,2,0,0,0,0,0,0,0,0,0,0,0,0,0,0,0,39,24003,2959,1160,0.0,0.0,0.0,0.0,0.0,0.0,0,0,0,0,-0.5
Roméo Lavia,MID,Chelsea,244,47,5,2025-09-20T16:30:00Z,False,14,0,0,0,0,0,0,0,0,0,0,0,0,0,0,0,49,1467,32,109,0.0,0.0,0.0,0.0,0.0,0.0,0,0,0,0,0.2
Jan Paul van Hecke,DEF,Brighton,151,43,5,2025-09-20T14:00:00Z,True,18,90,1,1,0,0,0,2,1,0,0,0,0,0,0,5,45,105290,3250,7750,0.0,0.0,1.22,15.2,0.3,0.0,11,1,1,12,1.7
Mike Penders,GK,Chelsea,222,47,5,2025-09-20T16:30:00Z,False,14,0,0,0,0,0,0,0,0,0,0,0,0,0,0,0,40,454,0,21,0.0,0.0,0.0,0.0,0.0,0.0,0,0,0,0,0.0
Oleksandr Zinchenko,DEF,Nott'm Forest,12,44,5,2025-09-20T14:00:00Z,False,3,90,1,2,0,0,0,1,0,0,0,0,0,0,0,19,49,39722,4930,3096,0.04,0.07,0.85,29.6,18.0,15.0,6,3,6,9,1.2
Harvey Barnes,MID,Newcastle,487,42,5,2025-09-21T13:00:00Z,False,4,28,0,1,0,0,0,0,0,0,0,0,0,0,0,1,65,103663,4451,26766,0.0,0.0,0.13,0.0,0.8,4.0,0,0,2,2,2.2
Josh Nichols,DEF,Arsenal,15,41,5,2025-09-21T15:30:00Z,True,13,0,0,0,0,0,0,0,0,0,0,0,0,0,0,0,39,20662,1031,1347,0.0,0.0,0.0,0.0,0.0,0.0,0,0,0,0,0.0
Jhon Arias,MID,Wolves,663,50,5,2025-09-20T14:00:00Z,True,11,18,0,1,0,0,0,0,0,0,0,0,0,0,0,5,53,36417,1081,6605,0.0,0.06,0.0,6.8,29.1,10.0,0,0,0,0,1.8
Chido Obi,FWD,Man Utd,467,47,5,2025-09-20T16:30:00Z,True,7,0,0,0,0,0,0,0,0,0,0,0,0,0,0,0,44,175745,8154,13882,0.0,0.0,0.0,0.0,0.0,0.0,0,0,0,0,-0.5
Marc Guiu Paz,FWD,Chelsea,252,47,5,2025-09-20T16:30:00Z,False,14,0,0,0,0,0,0,0,0,0,0,0,0,0,0,0,44,1140642,31325,196987,0.0,0.0,0.0,0.0,0.0,0.0,0,0,0,0,0.8
Aaron Ramsey,MID,Burnley,211,44,5,2025-09-20T14:00:00Z,True,16,0,0,0,0,0,0,0,0,0,0,0,0,0,0,0,44,502935,0,116781,0.0,0.0,0.0,0.0,0.0,0.0,0,0,0,0,0.0
John McGinn,MID,Aston Villa,54,48,5,2025-09-21T13:00:00Z,False,17,90,1,2,0,0,0,1,0,0,0,0,0,0,0,15,55,73161,7561,7015,0.06,0.08,1.05,11.8,19.4,3.0,1,1,3,5,2.8
Chadi Riad Dnanou,DEF,Crystal Palace,262,49,5,2025-09-20T14:00:00Z,False,19,0,0,0,0,0,0,0,0,0,0,0,0,0,0,0,40,826,42,60,0.0,0.0,0.0,0.0,0.0,0.0,0,0,0,0,0.0
Pedro Cardoso de Lima,DEF,Wolves,640,50,5,2025-09-20T14:00:00Z,True,11,0,0,0,0,0,0,0,0,0,0,0,0,0,0,0,40,82473,0,10763,0.0,0.0,0.0,0.0,0.0,0.0,0,0,0,0,0.0
Hannes Delcroix,DEF,Burnley,188,44,5,2025-09-20T14:00:00Z,True,16,0,0,0,0,0,0,0,0,0,0,0,0,0,0,0,40,29157,756,1941,0.0,0.0,0.0,0.0,0.0,0.0,0,0,0,0,-0.5
Phil Foden,MID,Man City,414,41,5,2025-09-21T15:30:00Z,False,1,67,1,3,0,0,1,0,0,0,0,0,0,0,0,10,80,311161,126238,17504,0.0,0.01,0.72,6.0,1.8,0.0,4,2,2,8,5.0
Jonah Kusi-Asare,FWD,Fulham,737,45,5,2025-09-20T19:00:00Z,True,5,0,0,0,0,0,0,0,0,0,0,0,0,0,0,0,45,3504,1968,452,0.0,0.0,0.0,0.0,0.0,0.0,0,0,0,0,0.0
Tom Heaton,GK,Man Utd,434,47,5,2025-09-20T16:30:00Z,True,7,0,0,0,0,0,0,0,0,0,0,0,0,0,0,0,40,34428,626,1205,0.0,0.0,0.0,0.0,0.0,0.0,0,0,0,0,-0.5
Yéremy Pino Santos,MID,Crystal Palace,712,49,5,2025-09-20T14:00:00Z,False,19,45,1,1,0,0,0,0,0,0,0,0,0,0,0,6,60,28165,13687,3561,0.1,0.27,0.22,5.2,14.2,11.0,1,1,0,2,1.7
Wilson Odobert,MID,Spurs,588,43,5,2025-09-20T14:00:00Z,False,6,71,1,2,0,0,0,2,0,0,0,0,0,0,0,5,54,3589,104,393,0.11,0.1,0.98,0.0,7.8,12.0,0,0,4,4,1.3
Omari Hutchinson,MID,Nott'm Forest,693,44,5,2025-09-20T14:00:00Z,False,3,0,0,0,0,0,0,0,0,0,0,0,0,0,0,0,55,3172,547,454,0.0,0.0,0.0,0.0,0.0,0.0,0,0,0,0,0.8
Alex Murphy,DEF,Newcastle,481,42,5,2025-09-21T13:00:00Z,False,4,0,0,0,0,0,0,0,0,0,0,0,0,0,0,0,40,79152,2380,6168,0.0,0.0,0.0,0.0,0.0,0.0,0,0,0,0,0.5
Bernardo Mota Veiga de Carvalho e Silva,MID,Man City,416,41,5,2025-09-21T15:30:00Z,False,1,90,1,1,0,0,0,1,0,0,0,1,0,0,0,10,64,75531,5595,6795,0.0,0.02,0.96,13.8,12.3,2.0,4,1,6,11,3.0
Hannibal Mejbri,MID,Burnley,207,44,5,2025-09-20T14:00:00Z,True,16,9,0,1,0,0,0,0,0,0,0,0,0,0,0,5,50,18542,1343,1849,0.0,0.08,0.34,2.0,14.1,0.0,0,0,1,1,0.8
Jacob Bruun Larsen,MID,Burnley,202,44,5,2025-09-20T14:00:00Z,True,16,0,0,0,0,0,0,0,0,0,0,0,0,0,0,0,54,4110,125,834,0.0,0.0,0.0,0.0,0.0,0.0,0,0,0,0,0.9
Dennis Cirkin,DEF,Sunderland,535,48,5,2025-09-21T13:00:00Z,True,2,0,0,0,0,0,0,0,0,0,0,0,0,0,0,0,40,1954,21,214,0.0,0.0,0.0,0.0,0.0,0.0,0,0,0,0,0.0
Daniel Muñoz Mejía,DEF,Crystal Palace,256,49,5,2025-09-20T14:00:00Z,False,19,90,1,2,0,0,0,1,0,0,0,0,0,0,0,7,56,1695220,138944,61969,0.19,0.12,0.66,7.2,17.0,19.0,2,1,4,3,5.3
Bastien Meupiyou Menadjou,DEF,Wolves,639,50,5,2025-09-20T14:00:00Z,True,11,0,0,0,0,0,0,0,0,0,0,0,0,0,0,0,40,1108,0,51,0.0,0.0,0.0,0.0,0.0,0.0,0,0,0,0,0.0
Radu Drăgușin,DEF,Spurs,572,43,5,2025-09-20T14:00:00Z,False,6,0,0,0,0,0,0,0,0,0,0,0,0,0,0,0,45,601,47,47,0.0,0.0,0.0,0.0,0.0,0.0,0,0,0,0,0.0
Noah Okafor,MID,Leeds,698,50,5,2025-09-20T14:00:00Z,False,20,69,1,8,1,0,0,1,0,0,0,0,0,0,1,25,55,3420,1358,458,0.15,0.02,1.28,38.6,7.8,23.0,1,0,4,5,2.8
Dean Henderson,GK,Crystal Palace,253,49,5,2025-09-20T14:00:00Z,False,19,90,1,1,0,0,0,1,0,0,0,1,0,2,0,11,50,974530,48907,32670,0.0,0.03,0.66,20.0,0.0,0.0,3,0,7,0,4.7
Jayce Fitzgerald,MID,Man Utd,461,47,5,2025-09-20T16:30:00Z,True,7,0,0,0,0,0,0,0,0,0,0,0,0,0,0,0,44,4221,227,287,0.0,0.0,0.0,0.0,0.0,0.0,0,0,0,0,-0.5
Nayef Aguerd,DEF,West Ham,607,49,5,2025-09-20T14:00:00Z,True,8,0,0,0,0,0,0,0,0,0,0,0,0,0,0,0,44,8048,0,1905,0.0,0.0,0.0,0.0,0.0,0.0,0,0,0,0,0.0
Danny Welbeck,FWD,Brighton,178,43,5,2025-09-20T14:00:00Z,True,18,15,0,1,0,0,0,1,0,0,0,0,0,0,0,3,63,239550,15988,34996,0.04,0.06,0.07,1.2,1.0,9.0,0,0,0,0,1.7
Tom King,GK,Everton,630,46,5,2025-09-20T11:30:00Z,False,12,0,0,0,0,0,0,0,0,0,0,0,0,0,0,0,40,154162,1872,5578,0.0,0.0,0.0,0.0,0.0,0.0,0,0,0,0,-1.0
Maxime Estève,DEF,Burnley,191,44,5,2025-09-20T14:00:00Z,True,16,90,1,4,0,0,0,1,0,0,0,0,0,0,0,14,40,1940005,46599,75283,0.12,0.0,1.1,19.6,10.4,8.0,10,1,5,11,2.5
Antoine Semenyo,MID,Bournemouth,82,42,5,2025-09-21T13:00:00Z,True,15,90,1,5,0,0,1,0,0,0,0,0,0,0,0,9,76,5302856,1129346,54200,0.11,0.05,0.14,8.8,13.9,4.0,1,3,10,14,6.2
Rodrigo Muniz Carvalho,FWD,Fulham,338,45,5,2025-09-20T19:00:00Z,True,5,79,1,5,0,1,0,1,0,0,0,0,0,0,0,13,55,293093,40073,34063,0.12,0.0,0.52,23.4,20.8,21.0,4,1,1,6,2.7
Gianluigi Donnarumma,GK,Man City,736,41,5,2025-09-21T15:30:00Z,False,1,90,1,1,0,0,0,1,0,0,0,1,0,2,0,7,55,366710,199460,17498,0.0,0.0,0.96,15.6,0.0,0.0,4,0,4,0,3.5
Sven Botman,DEF,Newcastle,475,42,5,2025-09-21T13:00:00Z,False,4,90,1,8,0,0,1,0,0,0,0,0,0,0,2,28,49,52819,2711,4851,0.0,0.0,0.56,24.8,0.3,0.0,9,0,7,9,6.2
Omar Alderete,DEF,Sunderland,683,48,5,2025-09-21T13:00:00Z,True,2,90,1,4,0,0,0,1,0,0,0,0,0,0,0,9,40,200118,42593,7878,0.16,0.0,0.71,28.6,0.2,23.0,10,3,5,13,5.2
Nico O'Reilly,DEF,Man City,411,41,5,2025-09-21T15:30:00Z,False,1,86,1,6,0,0,1,0,0,0,0,0,0,0,0,19,49,19554,5181,1408,0.0,0.0,0.8,15.4,0.7,0.0,7,2,2,9,4.3
Liam Delap,FWD,Chelsea,250,47,5,2025-09-20T16:30:00Z,False,14,0,0,0,0,0,0,0,0,0,0,0,0,0,0,0,63,150063,211,39725,0.0,0.0,0.0,0.0,0.0,0.0,0,0,0,0,0.0
Malcolm Ebiowei,MID,Crystal Palace,277,49,5,2025-09-20T14:00:00Z,False,19,0,0,0,0,0,0,0,0,0,0,0,0,0,0,0,45,495,0,43,0.0,0.0,0.0,0.0,0.0,0.0,0,0,0,0,0.0
Benjamin White,DEF,Arsenal,11,41,5,2025-09-21T15:30:00Z,True,13,0,0,0,0,0,0,0,0,0,0,0,0,0,0,0,54,56808,1137,8234,0.0,0.0,0.0,0.0,0.0,0.0,0,0,0,0,0.0
Miodrag Pivaš,DEF,Newcastle,483,42,5,2025-09-21T13:00:00Z,False,4,0,0,0,0,0,0,0,0,0,0,0,0,0,0,0,39,33677,14382,2451,0.0,0.0,0.0,0.0,0.0,0.0,0,0,0,0,0.5
Freddie Woodman,GK,Liverpool,369,46,5,2025-09-20T11:30:00Z,True,9,0,0,0,0,0,0,0,0,0,0,0,0,0,0,0,40,10234,219,539,0.0,0.0,0.0,0.0,0.0,0.0,0,0,0,0,1.0
Adam Webster,DEF,Brighton,153,43,5,2025-09-20T14:00:00Z,True,18,0,0,0,0,0,0,0,0,0,0,0,0,0,0,0,44,913,43,84,0.0,0.0,0.0,0.0,0.0,0.0,0,0,0,0,0.0
Reece James,DEF,Chelsea,225,47,5,2025-09-20T16:30:00Z,False,14,90,1,4,0,1,0,2,0,0,0,0,0,0,0,16,54,519731,12466,69379,0.0,0.16,1.84,27.4,32.8,4.0,6,3,5,9,2.5
Alex Paulsen,GK,Bournemouth,70,42,5,2025-09-21T13:00:00Z,True,15,0,0,0,0,0,0,0,0,0,0,0,0,0,0,0,40,11747,0,927,0.0,0.0,0.0,0.0,0.0,0.0,0,0,0,0,0.0
Chris Wood,FWD,Nott'm Forest,525,44,5,2025-09-20T14:00:00Z,False,3,74,1,2,0,0,0,1,0,0,0,0,0,0,0,7,76,2592022,207065,300353,0.41,0.0,0.68,5.0,17.5,24.0,2,0,2,4,2.2
Rayan Cherki,MID,Man City,417,41,5,2025-09-21T15:30:00Z,False,1,0,0,0,0,0,0,0,0,0,0,0,0,0,0,0,64,325881,133,129625,0.0,0.0,0.0,0.0,0.0,0.0,0,0,0,0,0.0
Emiliano Martínez Romero,GK,Aston Villa,32,48,5,2025-09-21T13:00:00Z,False,17,90,1,3,0,0,0,1,0,0,0,0,0,3,0,12,50,263473,49073,13507,0.0,0.0,1.05,18.8,0.0,0.0,1,0,7,0,3.5
Josh King,MID,Fulham,335,45,5,2025-09-20T19:00:00Z,True,5,66,1,1,0,0,0,1,0,0,0,1,0,0,0,3,45,423764,100097,33917,0.09,0.02,0.43,0.0,3.3,8.0,0,1,5,6,1.3
Lewis Dunk,DEF,Brighton,146,43,5,2025-09-20T14:00:00Z,True,18,90,1,3,0,0,0,2,0,0,0,0,0,0,0,10,45,141334,6367,10134,0.03,0.0,1.22,26.4,0.4,2.0,10,2,4,12,3.3
Willy Boly,DEF,Nott'm Forest,514,44,5,2025-09-20T14:00:00Z,False,3,0,0,0,0,0,0,0,0,0,0,0,0,0,0,0,39,49048,2133,3180,0.0,0.0,0.0,0.0,0.0,0.0,0,0,0,0,0.5
William Osula,FWD,Newcastle,500,42,5,2025-09-21T13:00:00Z,False,4,6,0,1,0,0,0,0,0,0,0,0,0,0,0,3,55,49084,4756,11411,0.0,0.0,0.13,0.0,0.0,0.0,0,0,0,0,1.8
Luca Koleosho,MID,Burnley,208,44,5,2025-09-20T14:00:00Z,True,16,0,0,0,0,0,0,0,0,0,0,0,0,0,0,0,50,1827,0,198,0.0,0.0,0.0,0.0,0.0,0.0,0,0,0,0,0.0
Omar Richards,DEF,Nott'm Forest,512,44,5,2025-09-20T14:00:00Z,False,3,0,0,0,0,0,0,0,0,0,0,0,0,0,0,0,45,3583,0,586,0.0,0.0,0.0,0.0,0.0,0.0,0,0,0,0,0.0
Anthony Gordon,MID,Newcastle,485,42,5,2025-09-21T13:00:00Z,False,4,0,0,0,0,0,0,0,0,0,0,0,0,0,0,0,74,105128,1892,17996,0.0,0.0,0.0,0.0,0.0,0.0,0,0,0,0,0.0
Antoni Milambo,MID,Brentford,122,45,5,2025-09-20T19:00:00Z,False,10,0,0,0,0,0,0,0,0,0,0,0,0,0,0,0,54,5545,237,551,0.0,0.0,0.0,0.0,0.0,0.0,0,0,0,0,0.0
Martín Zubimendi Ibáñez,MID,Arsenal,26,41,5,2025-09-21T15:30:00Z,True,13,90,1,2,0,0,0,1,0,0,0,0,0,0,0,13,54,445650,236749,29506,0.05,0.04,0.89,8.6,19.0,12.0,2,0,3,5,6.3
Jaidon Anthony,MID,Burnley,200,44,5,2025-09-20T14:00:00Z,True,16,90,1,10,1,0,0,1,0,0,0,0,0,0,3,37,55,185340,77980,15178,0.36,0.14,1.1,52.4,19.7,55.0,2,1,3,6,5.8
Curtis Jones,MID,Liverpool,388,46,5,2025-09-20T11:30:00Z,True,9,29,0,1,0,0,0,0,0,0,0,0,0,0,0,9,54,8747,99,2182,0.0,0.04,0.04,9.2,4.7,0.0,2,2,3,7,2.7
Caoimhín Kelleher,GK,Brentford,101,45,5,2025-09-20T19:00:00Z,False,10,90,1,1,0,0,0,3,0,0,0,0,0,2,0,1,45,1061881,23472,56092,0.0,0.0,1.01,17.6,0.0,0.0,1,0,7,0,1.3
Bertrand Traoré,MID,Sunderland,735,48,5,2025-09-21T13:00:00Z,True,2,0,0,0,0,0,0,0,0,0,0,0,0,0,0,0,55,1050,275,139,0.0,0.0,0.0,0.0,0.0,0.0,0,0,0,0,-0.5
James McAtee,MID,Nott'm Forest,426,44,5,2025-09-20T14:00:00Z,False,3,0,0,0,0,0,0,0,0,0,0,0,0,0,0,0,54,15694,795,2444,0.0,0.0,0.0,0.0,0.0,0.0,0,0,0,0,1.2
Guglielmo Vicario,GK,Spurs,565,43,5,2025-09-20T14:00:00Z,False,6,90,1,1,0,0,0,2,0,0,0,0,0,2,0,9,51,1365409,253580,40137,0.0,0.0,1.32,13.0,0.0,0.0,1,0,15,0,4.0
Jaydee Canvot,DEF,Crystal Palace,723,49,5,2025-09-20T14:00:00Z,False,19,0,0,0,0,0,0,0,0,0,0,0,0,0,0,0,45,527,133,74,0.0,0.0,0.0,0.0,0.0,0.0,0,0,0,0,0.0
Zach Marsh,FWD,Crystal Palace,286,49,5,2025-09-20T14:00:00Z,False,19,0,0,0,0,0,0,0,0,0,0,0,0,0,0,0,45,33657,5327,3276,0.0,0.0,0.0,0.0,0.0,0.0,0,0,0,0,0.0
Joe Anderson,DEF,Sunderland,534,48,5,2025-09-21T13:00:00Z,True,2,0,0,0,0,0,0,0,0,0,0,0,0,0,0,0,39,45843,2423,3171,0.0,0.0,0.0,0.0,0.0,0.0,0,0,0,0,-0.5
Noussair Mazraoui,DEF,Man Utd,438,47,5,2025-09-20T16:30:00Z,True,7,64,1,7,0,0,1,0,0,0,0,0,0,0,1,28,49,24742,2624,1795,0.0,0.1,0.13,18.0,11.2,0.0,1,4,6,5,2.5
Cristian Romero,DEF,Spurs,569,43,5,2025-09-20T14:00:00Z,False,6,90,1,2,0,0,0,2,0,0,0,1,0,0,0,11,51,804007,167416,24790,0.0,0.02,1.32,31.8,2.2,0.0,12,6,4,18,5.3
Václav Hladký,GK,Burnley,185,44,5,2025-09-20T14:00:00Z,True,16,0,0,0,0,0,0,0,0,0,0,0,0,0,0,0,40,22275,1168,1016,0.0,0.0,0.0,0.0,0.0,0.0,0,0,0,0,-0.5
Mads Roerslev Rasmussen,DEF,Brentford,112,45,5,2025-09-20T19:00:00Z,False,10,0,0,0,0,0,0,0,0,0,0,0,0,0,0,0,45,2572,0,274,0.0,0.0,0.0,0.0,0.0,0.0,0,0,0,0,0.0
Diogo Dalot Teixeira,DEF,Man Utd,440,47,5,2025-09-20T16:30:00Z,True,7,0,0,0,0,0,0,0,0,0,0,0,0,0,0,0,44,131739,109,43211,0.0,0.0,0.0,0.0,0.0,0.0,0,0,0,0,0.0
Justin Kluivert,MID,Bournemouth,81,42,5,2025-09-21T13:00:00Z,True,15,27,0,1,0,0,0,0,0,0,0,0,0,0,0,4,70,86986,9241,11600,0.11,0.0,0.0,5.4,3.8,7.0,1,0,1,2,0.5
Keane Lewis-Potter,DEF,Brentford,107,45,5,2025-09-20T19:00:00Z,False,10,65,1,1,0,0,0,3,0,0,0,0,0,0,0,-4,50,49105,2090,3263,0.0,0.01,1.01,0.8,4.3,2.0,0,0,2,0,2.7
Kristoffer Ajer,DEF,Brentford,108,45,5,2025-09-20T19:00:00Z,False,10,16,0,1,0,0,0,0,0,0,0,0,0,0,0,4,44,19216,1407,1042,0.05,0.0,0.0,3.2,0.3,4.0,1,1,1,2,1.7
Georginio Rutter,MID,Brighton,158,43,5,2025-09-20T14:00:00Z,True,18,74,1,5,0,1,0,1,0,0,0,0,0,0,0,16,58,69051,1841,14784,0.0,0.02,1.16,31.8,21.8,6.0,5,1,1,7,2.3
Hwang Hee-chan,MID,Wolves,642,50,5,2025-09-20T14:00:00Z,True,11,0,0,0,0,0,0,0,0,0,0,0,0,0,0,0,59,32977,14507,2758,0.0,0.0,0.0,0.0,0.0,0.0,0,0,0,0,3.5
Ashley Phillips,DEF,Spurs,576,43,5,2025-09-20T14:00:00Z,False,6,0,0,0,0,0,0,0,0,0,0,0,0,0,0,0,40,1948,0,119,0.0,0.0,0.0,0.0,0.0,0.0,0,0,0,0,0.0
Quilindschy Hartman,DEF,Burnley,192,44,5,2025-09-20T14:00:00Z,True,16,90,1,2,0,0,0,1,0,0,0,0,0,0,0,10,40,63131,5822,3143,0.02,0.31,1.1,26.4,47.3,9.0,3,2,0,5,1.8
Bruno Guimarães Rodriguez Moura,MID,Newcastle,488,42,5,2025-09-21T13:00:00Z,False,4,0,0,0,0,0,0,0,0,0,0,0,0,0,0,0,65,285656,16506,35663,0.0,0.0,0.0,0.0,0.0,0.0,0,0,0,0,2.2
Eiran Cashin,DEF,Brighton,154,43,5,2025-09-20T14:00:00Z,True,18,0,0,0,0,0,0,0,0,0,0,0,0,0,0,0,40,816,0,55,0.0,0.0,0.0,0.0,0.0,0.0,0,0,0,0,0.0
Nathan Patterson,DEF,Everton,296,46,5,2025-09-20T11:30:00Z,False,12,0,0,0,0,0,0,0,0,0,0,0,0,0,0,0,44,2015,135,110,0.0,0.0,0.0,0.0,0.0,0.0,0,0,0,0,-1.0
Tolu Arokodare,FWD,Wolves,720,50,5,2025-09-20T14:00:00Z,True,11,90,1,2,0,0,0,3,0,0,0,0,0,0,0,8,55,8993,5982,966,0.22,0.03,0.48,5.0,13.0,47.0,1,1,2,4,2.5
Andrew Moran,MID,Brighton,177,43,5,2025-09-20T14:00:00Z,True,18,0,0,0,0,0,0,0,0,0,0,0,0,0,0,0,45,3175,0,327,0.0,0.0,0.0,0.0,0.0,0.0,0,0,0,0,0.0
Adrien Truffert,DEF,Bournemouth,74,42,5,2025-09-21T13:00:00Z,True,15,90,1,9,0,0,1,0,0,0,0,0,0,0,3,29,45,147880,16333,10301,0.0,0.01,0.14,11.4,4.9,2.0,5,0,10,5,5.5
Enes Ünal,FWD,Bournemouth,98,42,5,2025-09-21T13:00:00Z,True,15,0,0,0,0,0,0,0,0,0,0,0,0,0,0,0,55,1258,54,94,0.0,0.0,0.0,0.0,0.0,0.0,0,0,0,0,0.0
Dário Luís Essugo,MID,Chelsea,247,47,5,2025-09-20T16:30:00Z,False,14,0,0,0,0,0,0,0,0,0,0,0,0,0,0,0,44,5732,146,1065,0.0,0.0,0.0,0.0,0.0,0.0,0,0,0,0,0.0
Aaron Ramsdale,GK,Newcastle,674,42,5,2025-09-21T13:00:00Z,False,4,0,0,0,0,0,0,0,0,0,0,0,0,0,0,0,49,82183,1661,6217,0.0,0.0,0.0,0.0,0.0,0.0,0,0,0,0,0.5
Moisés Caicedo Corozo,MID,Chelsea,241,47,5,2025-09-20T16:30:00Z,False,14,90,1,4,0,0,0,2,0,0,0,0,0,0,0,24,56,1171715,358101,43486,0.03,0.04,1.84,19.2,20.2,2.0,3,5,7,15,7.2
Taiwo Awoniyi,FWD,Nott'm Forest,527,44,5,2025-09-20T14:00:00Z,False,3,0,0,0,0,0,0,0,0,0,0,0,0,0,0,0,53,53828,3487,6322,0.0,0.0,0.0,0.0,0.0,0.0,0,0,0,0,0.5
Niall Huggins,DEF,Sunderland,537,48,5,2025-09-21T13:00:00Z,True,2,0,0,0,0,0,0,0,0,0,0,0,0,0,0,0,40,14443,0,1835,0.0,0.0,0.0,0.0,0.0,0.0,0,0,0,0,0.0
Konstantinos Tsimikas,DEF,Liverpool,377,46,5,2025-09-20T11:30:00Z,True,9,0,0,0,0,0,0,0,0,0,0,0,0,0,0,0,48,10741,264,1055,0.0,0.0,0.0,0.0,0.0,0.0,0,0,0,0,1.0
Adam Smith,DEF,Bournemouth,73,42,5,2025-09-21T13:00:00Z,True,15,0,0,0,0,0,0,0,0,0,0,0,0,0,0,0,45,25351,40,5632,0.0,0.0,0.0,0.0,0.0,0.0,0,0,0,0,0.0
Tyrone Mings,DEF,Aston Villa,40,48,5,2025-09-21T13:00:00Z,False,17,90,1,4,0,0,0,1,0,0,0,0,0,0,0,16,45,186379,37792,8032,0.0,0.03,1.05,34.4,24.4,2.0,12,0,2,12,5.2
Luke Shaw,DEF,Man Utd,443,47,5,2025-09-20T16:30:00Z,True,7,90,1,2,0,0,0,1,0,0,0,0,0,0,0,12,45,34467,1369,3548,0.08,0.01,0.43,14.2,2.2,5.0,5,3,6,8,0.8
Aaron Hickey,DEF,Brentford,116,45,5,2025-09-20T19:00:00Z,False,10,0,0,0,0,0,0,0,0,0,0,0,0,0,0,0,40,46468,1814,2621,0.0,0.0,0.0,0.0,0.0,0.0,0,0,0,0,0.3
Sékou Koné,MID,Man Utd,463,47,5,2025-09-20T16:30:00Z,True,7,0,0,0,0,0,0,0,0,0,0,0,0,0,0,0,44,9835,1185,720,0.0,0.0,0.0,0.0,0.0,0.0,0,0,0,0,-0.5
Jordan Pickford,GK,Everton,287,46,5,2025-09-20T11:30:00Z,False,12,90,1,1,0,0,0,2,0,0,0,0,0,1,0,3,55,1342585,24953,78907,0.0,0.03,0.9,13.0,0.0,0.0,1,0,6,0,1.7
Enzo Barrenechea,MID,Aston Villa,56,48,5,2025-09-21T13:00:00Z,False,17,0,0,0,0,0,0,0,0,0,0,0,0,0,0,0,50,54,0,3,0.0,0.0,0.0,0.0,0.0,0.0,0,0,0,0,0.0
Pau Torres,DEF,Aston Villa,41,48,5,2025-09-21T13:00:00Z,False,17,0,0,0,0,0,0,0,0,0,0,0,0,0,0,0,44,44116,1404,4773,0.0,0.0,0.0,0.0,0.0,0.0,0,0,0,0,0.8
Bart Verbruggen,GK,Brighton,139,43,5,2025-09-20T14:00:00Z,True,18,90,1,1,0,0,0,2,0,0,0,0,0,2,0,6,45,625730,6999,50627,0.0,0.0,1.22,19.2,0.0,0.0,1,0,7,0,1.7
Tariq Lamptey,DEF,Brighton,150,43,5,2025-09-20T14:00:00Z,True,18,0,0,0,0,0,0,0,0,0,0,0,0,0,0,0,44,20590,0,5373,0.0,0.0,0.0,0.0,0.0,0.0,0,0,0,0,0.0
Ashley Barnes,FWD,Burnley,218,44,5,2025-09-20T14:00:00Z,True,16,0,0,0,0,0,0,0,0,0,0,0,0,0,0,0,44,195727,17388,16474,0.0,0.0,0.0,0.0,0.0,0.0,0,0,0,0,-0.5
Travis Patterson,DEF,Aston Villa,710,48,5,2025-09-21T13:00:00Z,False,17,0,0,0,0,0,0,0,0,0,0,0,0,0,0,0,40,9472,712,1009,0.0,0.0,0.0,0.0,0.0,0.0,0,0,0,0,0.5
Sverre Nypan,MID,Man City,428,41,5,2025-09-21T15:30:00Z,False,1,0,0,0,0,0,0,0,0,0,0,0,0,0,0,0,50,1779,0,105,0.0,0.0,0.0,0.0,0.0,0.0,0,0,0,0,0.0
Josh Acheampong,DEF,Chelsea,233,47,5,2025-09-20T16:30:00Z,False,14,0,0,0,0,0,0,0,0,0,0,0,0,0,0,0,40,186246,2167,33156,0.0,0.0,0.0,0.0,0.0,0.0,0,0,0,0,0.5
Igor Jesus Maciel da Cruz,FWD,Nott'm Forest,526,44,5,2025-09-20T14:00:00Z,False,3,15,0,1,0,0,0,0,0,0,0,0,0,0,0,6,58,58793,6719,7347,0.04,0.03,0.17,5.2,10.6,17.0,0,0,0,0,1.2
Illia Zabarnyi,DEF,Bournemouth,71,42,5,2025-09-21T13:00:00Z,True,15,0,0,0,0,0,0,0,0,0,0,0,0,0,0,0,50,3733,0,306,0.0,0.0,0.0,0.0,0.0,0.0,0,0,0,0,0.0
Junior Kroupi,FWD,Bournemouth,100,42,5,2025-09-21T13:00:00Z,True,15,0,0,0,0,0,0,0,0,0,0,0,0,0,0,0,45,175579,38996,17336,0.0,0.0,0.0,0.0,0.0,0.0,0,0,0,0,-0.2
Julián Araujo Zúñiga,DEF,Bournemouth,78,42,5,2025-09-21T13:00:00Z,True,15,0,0,0,0,0,0,0,0,0,0,0,0,0,0,0,40,105124,1978,8007,0.0,0.0,0.0,0.0,0.0,0.0,0,0,0,0,-0.5
Milos Kerkez,DEF,Liverpool,371,46,5,2025-09-20T11:30:00Z,True,9,90,1,4,0,0,0,1,0,0,0,0,0,0,0,15,59,623612,17659,104029,0.0,0.04,0.7,24.2,17.4,2.0,8,2,1,10,4.3
Lamare Bogarde,DEF,Aston Villa,44,48,5,2025-09-21T13:00:00Z,False,17,8,0,1,0,0,0,0,0,0,0,0,0,0,0,2,40,63562,23078,3556,0.0,0.0,0.0,0.0,1.3,4.0,0,0,2,0,4.2
Dermot Mee,GK,Man Utd,435,47,5,2025-09-20T16:30:00Z,True,7,0,0,0,0,0,0,0,0,0,0,0,0,0,0,0,40,12625,211,484,0.0,0.0,0.0,0.0,0.0,0.0,0,0,0,0,-0.5
Alisson Becker,GK,Liverpool,366,46,5,2025-09-20T11:30:00Z,True,9,90,1,2,0,0,0,1,0,0,0,0,0,1,0,11,55,1303545,57757,46589,0.0,0.0,0.7,11.8,0.0,0.0,3,0,10,0,6.3
Fabian Schär,DEF,Newcastle,474,42,5,2025-09-21T13:00:00Z,False,4,0,0,0,0,0,0,0,0,0,0,0,0,0,0,0,55,327175,21195,42494,0.0,0.0,0.0,0.0,0.0,0.0,0,0,0,0,1.3
Marc Cucurella Saseta,DEF,Chelsea,224,47,5,2025-09-20T16:30:00Z,False,14,63,1,0,0,0,0,2,0,0,0,1,0,0,0,-6,62,3210282,73366,247961,0.05,0.0,1.45,1.8,1.0,4.0,3,1,2,4,2.8
Norberto Murara Neto,GK,Bournemouth,66,42,5,2025-09-21T13:00:00Z,True,15,0,0,0,0,0,0,0,0,0,0,0,0,0,0,0,45,11785,0,1045,0.0,0.0,0.0,0.0,0.0,0.0,0,0,0,0,0.0
Max Weiß,GK,Burnley,183,44,5,2025-09-20T14:00:00Z,True,16,0,0,0,0,0,0,0,0,0,0,0,0,0,0,0,44,16498,593,1149,0.0,0.0,0.0,0.0,0.0,0.0,0,0,0,0,-0.5
Amad Diallo,MID,Man Utd,452,47,5,2025-09-20T16:30:00Z,True,7,90,1,2,0,0,0,1,0,0,0,0,0,0,0,8,63,199618,6505,29889,0.38,0.05,0.43,9.2,7.9,12.0,3,2,6,11,2.5
Jorge Cuenca Barreno,DEF,Fulham,321,45,5,2025-09-20T19:00:00Z,True,5,4,0,1,0,0,0,0,0,0,0,0,0,0,0,6,44,4477,81,333,0.0,0.0,0.05,5.0,0.0,0.0,3,1,0,4,0.3
Oliver Sonne,DEF,Burnley,197,44,5,2025-09-20T14:00:00Z,True,16,0,0,0,0,0,0,0,0,0,0,0,0,0,0,0,40,16905,396,994,0.0,0.0,0.0,0.0,0.0,0.0,0,0,0,0,-0.2
Edson Álvarez Velázquez,MID,West Ham,616,49,5,2025-09-20T14:00:00Z,True,8,0,0,0,0,0,0,0,0,0,0,0,0,0,0,0,49,8413,0,1206,0.0,0.0,0.0,0.0,0.0,0.0,0,0,0,0,0.0
Yankuba Minteh,MID,Brighton,160,43,5,2025-09-20T14:00:00Z,True,18,75,1,9,1,0,0,1,0,0,0,0,0,0,2,32,59,104984,19527,11091,0.74,0.0,1.16,39.0,12.7,39.0,0,2,5,7,6.3
Eberechi Eze,MID,Arsenal,266,41,5,2025-09-21T15:30:00Z,True,13,45,0,4,0,1,0,0,0,0,0,0,0,0,0,16,75,1431073,141011,102477,0.14,0.23,0.34,24.6,16.6,21.0,1,1,2,4,3.7
Lewis Orford,MID,West Ham,622,49,5,2025-09-20T14:00:00Z,True,8,0,0,0,0,0,0,0,0,0,0,0,0,0,0,0,44,10800,0,1352,0.0,0.0,0.0,0.0,0.0,0.0,0,0,0,0,0.0
Simon Adingra,MID,Sunderland,543,48,5,2025-09-21T13:00:00Z,True,2,0,0,0,0,0,0,0,0,0,0,0,0,0,0,0,54,123656,2672,21713,0.0,0.0,0.0,0.0,0.0,0.0,0,0,0,0,0.8
Alexander Isak,FWD,Liverpool,499,46,5,2025-09-20T11:30:00Z,True,9,23,0,1,0,0,0,0,0,0,0,0,0,0,0,5,105,1217515,298852,104055,0.0,0.01,0.04,2.4,0.3,4.0,0,1,2,3,1.3
Dominic Solanke-Mitchell,FWD,Spurs,596,43,5,2025-09-20T14:00:00Z,False,6,0,0,0,0,0,0,0,0,0,0,0,0,0,0,0,72,160838,224,50933,0.0,0.0,0.0,0.0,0.0,0.0,0,0,0,0,0.0
Rodrigo Bentancur,MID,Spurs,585,43,5,2025-09-20T14:00:00Z,False,6,60,1,2,0,0,0,2,0,0,0,0,0,0,0,15,54,17038,687,2453,0.0,0.31,0.9,10.0,27.3,8.0,1,1,5,7,1.3
Patrick Dorgu,DEF,Man Utd,441,47,5,2025-09-20T16:30:00Z,True,7,90,1,5,0,1,0,1,0,0,0,0,0,0,0,22,45,641535,7155,90153,0.0,0.39,0.43,36.0,26.8,10.0,3,4,4,7,1.5
Ayden Heaven,DEF,Man Utd,447,47,5,2025-09-20T16:30:00Z,True,7,0,0,0,0,0,0,0,0,0,0,0,0,0,0,0,39,138084,10184,10039,0.0,0.0,0.0,0.0,0.0,0.0,0,0,0,0,-0.5
James Tarkowski,DEF,Everton,291,46,5,2025-09-20T11:30:00Z,False,12,90,1,3,0,0,0,2,0,0,0,0,0,0,0,12,55,811924,38277,50175,0.0,0.02,0.9,34.6,7.8,0.0,11,3,2,14,3.7
Facundo Buonanotte,MID,Chelsea,168,47,5,2025-09-20T16:30:00Z,False,14,0,0,0,0,0,0,0,0,0,0,0,0,0,0,0,48,14872,2459,2250,0.0,0.0,0.0,0.0,0.0,0.0,0,0,0,0,0.8
Jack Moorhouse,MID,Man Utd,464,47,5,2025-09-20T16:30:00Z,True,7,0,0,0,0,0,0,0,0,0,0,0,0,0,0,0,45,3370,175,217,0.0,0.0,0.0,0.0,0.0,0.0,0,0,0,0,-0.5
Carlos Henrique Casimiro,MID,Man Utd,457,47,5,2025-09-20T16:30:00Z,True,7,49,1,3,1,0,0,1,0,0,0,0,1,0,0,16,55,27617,1747,3214,0.35,0.01,0.03,29.8,12.3,35.0,0,0,3,3,2.5
José Malheiro de Sá,GK,Wolves,628,50,5,2025-09-20T14:00:00Z,True,11,90,1,1,0,0,0,3,0,0,0,0,0,1,0,0,45,191580,3994,13595,0.0,0.0,0.48,7.8,0.0,0.0,0,0,7,0,1.2
Callan McKenna,GK,Bournemouth,69,42,5,2025-09-21T13:00:00Z,True,15,0,0,0,0,0,0,0,0,0,0,0,0,0,0,0,40,25827,726,979,0.0,0.0,0.0,0.0,0.0,0.0,0,0,0,0,-0.5
Fábio Freitas Gouveia Carvalho,MID,Brentford,123,45,5,2025-09-20T19:00:00Z,False,10,3,0,1,0,0,0,0,0,0,0,0,0,0,0,3,49,34819,12517,3404,0.0,0.0,0.0,0.2,1.0,0.0,0,0,1,1,3.0
Sean Neave,FWD,Newcastle,501,42,5,2025-09-21T13:00:00Z,False,4,0,0,0,0,0,0,0,0,0,0,0,0,0,0,0,44,27567,2266,2002,0.0,0.0,0.0,0.0,0.0,0.0,0,0,0,0,0.5
Luis Díaz Marulanda,MID,Liverpool,383,46,5,2025-09-20T11:30:00Z,True,9,0,0,0,0,0,0,0,0,0,0,0,0,0,0,0,80,6213,0,217,0.0,0.0,0.0,0.0,0.0,0.0,0,0,0,0,0.0
Joe Hodge,MID,Wolves,653,50,5,2025-09-20T14:00:00Z,True,11,0,0,0,0,0,0,0,0,0,0,0,0,0,0,0,45,5193,0,340,0.0,0.0,0.0,0.0,0.0,0.0,0,0,0,0,0.0
Sander Berge,MID,Fulham,330,45,5,2025-09-20T19:00:00Z,True,5,90,1,2,0,0,0,1,0,0,0,0,0,0,0,15,50,8062,494,517,0.0,0.01,0.6,12.6,12.5,2.0,4,1,5,10,2.7
Tanaka Ao,MID,Leeds,358,50,5,2025-09-20T14:00:00Z,False,20,7,0,1,0,0,0,0,0,0,0,0,0,0,0,4,49,16753,546,1220,0.0,0.0,0.28,2.0,0.0,0.0,2,0,0,2,-0.2
Carlos Miguel dos Santos Pereira,GK,Nott'm Forest,503,44,5,2025-09-20T14:00:00Z,False,3,0,0,0,0,0,0,0,0,0,0,0,0,0,0,0,40,13838,0,1186,0.0,0.0,0.0,0.0,0.0,0.0,0,0,0,0,0.0
Matty Cash,DEF,Aston Villa,36,48,5,2025-09-21T13:00:00Z,False,17,90,1,10,1,0,0,1,0,0,0,0,0,0,2,29,45,590688,41918,28160,0.05,0.05,1.05,44.4,7.2,11.0,3,2,3,5,5.5
Bruno Borges Fernandes,MID,Man Utd,449,47,5,2025-09-20T16:30:00Z,True,7,86,1,10,1,0,0,1,0,0,0,0,0,0,3,36,90,2159834,47059,319358,0.82,0.08,0.32,42.8,17.8,46.0,0,2,6,8,6.8
Stefanos Tzimas,FWD,Brighton,180,43,5,2025-09-20T14:00:00Z,True,18,0,0,0,0,0,0,0,0,0,0,0,0,0,0,0,54,12818,921,1264,0.0,0.0,0.0,0.0,0.0,0.0,0,0,0,0,0.3
Daniel Bentley,GK,Wolves,629,50,5,2025-09-20T14:00:00Z,True,11,0,0,0,0,0,0,0,0,0,0,0,0,0,0,0,40,82193,1492,2786,0.0,0.0,0.0,0.0,0.0,0.0,0,0,0,0,0.5
Marcus Rashford,MID,Man Utd,451,47,5,2025-09-20T16:30:00Z,True,7,0,0,0,0,0,0,0,0,0,0,0,0,0,0,0,70,2338,0,93,0.0,0.0,0.0,0.0,0.0,0.0,0,0,0,0,0.0
Rico Henry,DEF,Brentford,109,45,5,2025-09-20T19:00:00Z,False,10,24,0,1,0,0,0,0,0,0,0,0,0,0,0,0,45,15527,525,1137,0.0,0.0,0.0,0.4,0.2,0.0,1,0,4,1,0.3
Samuel Iling-Junior,MID,Aston Villa,51,48,5,2025-09-21T13:00:00Z,False,17,0,0,0,0,0,0,0,0,0,0,0,0,0,0,0,55,3896,330,385,0.0,0.0,0.0,0.0,0.0,0.0,0,0,0,0,0.5
Abdallah Sima,MID,Brighton,165,43,5,2025-09-20T14:00:00Z,True,18,0,0,0,0,0,0,0,0,0,0,0,0,0,0,0,54,1954,0,252,0.0,0.0,0.0,0.0,0.0,0.0,0,0,0,0,0.0
Tosin Adarabioyo,DEF,Chelsea,232,47,5,2025-09-20T16:30:00Z,False,14,83,0,0,0,0,0,2,0,0,0,1,0,0,0,3,45,137364,7938,12809,0.05,0.01,1.79,19.6,2.1,9.0,8,0,6,8,3.5
Sam Greenwood,MID,Leeds,355,50,5,2025-09-20T14:00:00Z,False,20,0,0,0,0,0,0,0,0,0,0,0,0,0,0,0,49,6268,0,1231,0.0,0.0,0.0,0.0,0.0,0.0,0,0,0,0,0.0
Jarrad Branthwaite,DEF,Everton,290,46,5,2025-09-20T11:30:00Z,False,12,0,0,0,0,0,0,0,0,0,0,0,0,0,0,0,53,27098,111,3297,0.0,0.0,0.0,0.0,0.0,0.0,0,0,0,0,-0.5
Ethan Pinnock,DEF,Brentford,111,45,5,2025-09-20T19:00:00Z,False,10,73,1,-1,0,0,0,3,1,0,0,0,0,0,0,-4,44,17110,1146,1122,0.0,0.0,1.01,13.8,0.1,2.0,6,1,3,7,0.0
Alex Cairns,GK,Leeds,340,50,5,2025-09-20T14:00:00Z,False,20,0,0,0,0,0,0,0,0,0,0,0,0,0,0,0,40,21630,420,849,0.0,0.0,0.0,0.0,0.0,0.0,0,0,0,0,-0.5
Mateo Joseph Fernández-Regatillo,FWD,Leeds,364,50,5,2025-09-20T14:00:00Z,False,20,0,0,0,0,0,0,0,0,0,0,0,0,0,0,0,50,1572,0,91,0.0,0.0,0.0,0.0,0.0,0.0,0,0,0,0,0.0
Kai Havertz,FWD,Arsenal,30,41,5,2025-09-21T15:30:00Z,True,13,0,0,0,0,0,0,0,0,0,0,0,0,0,0,0,73,47388,111,4216,0.0,0.0,0.0,0.0,0.0,0.0,0,0,0,0,0.0
Raúl Jiménez Rodríguez,FWD,Fulham,337,45,5,2025-09-20T19:00:00Z,True,5,10,0,1,0,0,0,0,0,0,0,0,0,0,0,2,63,139007,7583,22560,0.0,0.0,0.08,1.2,1.3,0.0,1,0,0,1,1.0
Brian Brobbey,FWD,Sunderland,730,48,5,2025-09-21T13:00:00Z,True,2,0,0,0,0,0,0,0,0,0,0,0,0,0,0,0,55,7407,2936,1017,0.0,0.0,0.0,0.0,0.0,0.0,0,0,0,0,0.0
Evann Guessand,MID,Aston Villa,677,48,5,2025-09-21T13:00:00Z,False,17,72,1,3,0,0,1,0,0,0,0,0,0,0,0,4,64,5063,505,853,0.25,0.11,0.78,13.2,3.3,21.0,3,1,4,8,2.2
Antony dos Santos,MID,Man Utd,454,47,5,2025-09-20T16:30:00Z,True,7,0,0,0,0,0,0,0,0,0,0,0,0,0,0,0,59,9107,0,1113,0.0,0.0,0.0,0.0,0.0,0.0,0,0,0,0,0.0
Tyler Onyango,MID,Everton,704,46,5,2025-09-20T11:30:00Z,False,12,0,0,0,0,0,0,0,0,0,0,0,0,0,0,0,45,10023,0,1703,0.0,0.0,0.0,0.0,0.0,0.0,0,0,0,0,0.0
